y: [[-3.01948577e-01 -1.56999201e-01 -8.37100446e-02 ... -4.71909642e-02
   2.47504022e-02  4.47161568e-07]
 [ 2.74821997e-01 -1.02294907e-01 -5.63746214e-01 ... -4.59444225e-02
  -5.64354733e-02  4.47161568e-07]
 [ 5.95149398e-02  2.33263269e-01 -3.06408316e-01 ...  2.25831587e-02
  -1.20181506e-02  4.47161568e-07]
 ...
 [ 4.42554802e-01  3.15719873e-01  2.77699292e-01 ... -3.95034067e-02
  -1.14195935e-01  4.47161568e-07]
 [ 4.53366876e-01  1.46775022e-01  2.77601451e-01 ...  6.94388151e-03
  -6.98646232e-02  4.47161568e-07]
 [ 4.41307187e-01 -6.00950122e-01 -7.07667843e-02 ... -9.30655524e-02
   9.98187251e-03  4.47161568e-07]]
Dataset loaded: N=100000 (original 100000), C=3, H=28, W=28, y_dim=26
using device: cpu
Epoch 1/2500 - train 0.504097 - val 0.388373
Epoch 2/2500 - train 0.384906 - val 0.339978
Epoch 3/2500 - train 0.351921 - val 0.326320
Epoch 4/2500 - train 0.336976 - val 0.317465
Epoch 5/2500 - train 0.326854 - val 0.306073
Epoch 6/2500 - train 0.318237 - val 0.299670
Epoch 7/2500 - train 0.311720 - val 0.296284
Epoch 8/2500 - train 0.306002 - val 0.297985
Epoch 9/2500 - train 0.301201 - val 0.289988
Epoch 10/2500 - train 0.295806 - val 0.284080
Epoch 11/2500 - train 0.292728 - val 0.283803
Epoch 12/2500 - train 0.289495 - val 0.287816
Epoch 13/2500 - train 0.287225 - val 0.279164
Epoch 14/2500 - train 0.284745 - val 0.279382
Epoch 15/2500 - train 0.280480 - val 0.274152
Epoch 16/2500 - train 0.277931 - val 0.279968
Epoch 17/2500 - train 0.278087 - val 0.267009
Epoch 18/2500 - train 0.273505 - val 0.260739
Epoch 19/2500 - train 0.269983 - val 0.262782
Epoch 20/2500 - train 0.267739 - val 0.263005
Epoch 21/2500 - train 0.264417 - val 0.276884
Epoch 22/2500 - train 0.265500 - val 0.259467
Epoch 23/2500 - train 0.263070 - val 0.269815
Epoch 24/2500 - train 0.260210 - val 0.249238
Epoch 25/2500 - train 0.257351 - val 0.254014
Epoch 26/2500 - train 0.257680 - val 0.251846
Epoch 27/2500 - train 0.255909 - val 0.245811
Epoch 28/2500 - train 0.253168 - val 0.243176
Epoch 29/2500 - train 0.250749 - val 0.246167
Epoch 30/2500 - train 0.251471 - val 0.240303
Epoch 31/2500 - train 0.251099 - val 0.241726
Epoch 32/2500 - train 0.248429 - val 0.246352
Epoch 33/2500 - train 0.250858 - val 0.244228
Epoch 34/2500 - train 0.245327 - val 0.246068
Epoch 35/2500 - train 0.245063 - val 0.237015
Epoch 36/2500 - train 0.242735 - val 0.243061
Epoch 37/2500 - train 0.245335 - val 0.246871
Epoch 38/2500 - train 0.243888 - val 0.233521
Epoch 39/2500 - train 0.240405 - val 0.236567
Epoch 40/2500 - train 0.243595 - val 0.242387
Epoch 41/2500 - train 0.240890 - val 0.229928
Epoch 42/2500 - train 0.241699 - val 0.237105
Epoch 43/2500 - train 0.239902 - val 0.239199
Epoch 44/2500 - train 0.239922 - val 0.232710
Epoch 45/2500 - train 0.237702 - val 0.233840
Epoch 46/2500 - train 0.239791 - val 0.233086
Epoch 47/2500 - train 0.236741 - val 0.230915
Epoch 48/2500 - train 0.236783 - val 0.233710
Epoch 49/2500 - train 0.236930 - val 0.237539
Epoch 50/2500 - train 0.237349 - val 0.227282
Epoch 51/2500 - train 0.233783 - val 0.225428
Epoch 52/2500 - train 0.235256 - val 0.258367
Epoch 53/2500 - train 0.240984 - val 0.230787
Epoch 54/2500 - train 0.233382 - val 0.229306
Epoch 55/2500 - train 0.232148 - val 0.225885
Epoch 56/2500 - train 0.231719 - val 0.255800
Epoch 57/2500 - train 0.238533 - val 0.230241
Epoch 58/2500 - train 0.232113 - val 0.230621
Epoch 59/2500 - train 0.233342 - val 0.237835
Epoch 60/2500 - train 0.235556 - val 0.223499
Epoch 61/2500 - train 0.229022 - val 0.245198
Epoch 62/2500 - train 0.234935 - val 0.224317
Epoch 63/2500 - train 0.229967 - val 0.219569
Epoch 64/2500 - train 0.230793 - val 0.231918
Epoch 65/2500 - train 0.232270 - val 0.229904
Epoch 66/2500 - train 0.230923 - val 0.233566
Epoch 67/2500 - train 0.233597 - val 0.228697
Epoch 68/2500 - train 0.231727 - val 0.239104
Epoch 69/2500 - train 0.232065 - val 0.224947
Epoch 70/2500 - train 0.228239 - val 0.222458
Epoch 71/2500 - train 0.227526 - val 0.225828
Epoch 72/2500 - train 0.228751 - val 0.228327
Epoch 73/2500 - train 0.232010 - val 0.231966
Epoch 74/2500 - train 0.229636 - val 0.223655
Epoch 75/2500 - train 0.227673 - val 0.236936
Epoch 76/2500 - train 0.231189 - val 0.229498
Epoch 77/2500 - train 0.227691 - val 0.227017
Epoch 78/2500 - train 0.229480 - val 0.231055
Epoch 79/2500 - train 0.229331 - val 0.224167
Epoch 80/2500 - train 0.226863 - val 0.232876
Epoch 81/2500 - train 0.229665 - val 0.229258
Epoch 82/2500 - train 0.228402 - val 0.235723
Epoch 83/2500 - train 0.230521 - val 0.224420
Epoch 84/2500 - train 0.228179 - val 0.226145
Epoch 85/2500 - train 0.229952 - val 0.233457
Epoch 86/2500 - train 0.229347 - val 0.233362
Epoch 87/2500 - train 0.226918 - val 0.233346
Epoch 88/2500 - train 0.226101 - val 0.226070
Epoch 89/2500 - train 0.227110 - val 0.240027
Epoch 90/2500 - train 0.229241 - val 0.220709
Epoch 91/2500 - train 0.227378 - val 0.224977
Epoch 92/2500 - train 0.227413 - val 0.233381
Epoch 93/2500 - train 0.228426 - val 0.228348
Epoch 94/2500 - train 0.227466 - val 0.230542
Epoch 95/2500 - train 0.227932 - val 0.225402
Epoch 96/2500 - train 0.228646 - val 0.220477
Epoch 97/2500 - train 0.226050 - val 0.225143
Epoch 98/2500 - train 0.227605 - val 0.229620
Epoch 99/2500 - train 0.227563 - val 0.228599
Epoch 100/2500 - train 0.228449 - val 0.225251
Epoch 101/2500 - train 0.224435 - val 0.233622
Epoch 102/2500 - train 0.228841 - val 0.224560
Epoch 103/2500 - train 0.226445 - val 0.237519
Epoch 104/2500 - train 0.230282 - val 0.238688
Epoch 105/2500 - train 0.229940 - val 0.223029
Epoch 106/2500 - train 0.227715 - val 0.231489
Epoch 107/2500 - train 0.228661 - val 0.228051
Epoch 108/2500 - train 0.227780 - val 0.222812
Epoch 109/2500 - train 0.223739 - val 0.222574
Epoch 110/2500 - train 0.227160 - val 0.229793
Epoch 111/2500 - train 0.226672 - val 0.232367
Epoch 112/2500 - train 0.228334 - val 0.232030
Epoch 113/2500 - train 0.227187 - val 0.230579
Epoch 114/2500 - train 0.227134 - val 0.231157
Epoch 115/2500 - train 0.228162 - val 0.227440
Epoch 116/2500 - train 0.225965 - val 0.228630
Epoch 117/2500 - train 0.226713 - val 0.224975
Epoch 118/2500 - train 0.222924 - val 0.237149
Epoch 119/2500 - train 0.228840 - val 0.227377
Epoch 120/2500 - train 0.225384 - val 0.228805
Epoch 121/2500 - train 0.228982 - val 0.222845
Epoch 122/2500 - train 0.225046 - val 0.230630
Epoch 123/2500 - train 0.225599 - val 0.245235
Epoch 124/2500 - train 0.236313 - val 0.224642
Epoch 125/2500 - train 0.225812 - val 0.228759
Epoch 126/2500 - train 0.227117 - val 0.227854
Epoch 127/2500 - train 0.226728 - val 0.234961
Epoch 128/2500 - train 0.228503 - val 0.216533
Epoch 129/2500 - train 0.224113 - val 0.230447
Epoch 130/2500 - train 0.227503 - val 0.226249
Epoch 131/2500 - train 0.227395 - val 0.227482
Epoch 132/2500 - train 0.224870 - val 0.229528
Epoch 133/2500 - train 0.228160 - val 0.227920
Epoch 134/2500 - train 0.224880 - val 0.233812
Epoch 135/2500 - train 0.227314 - val 0.225270
Epoch 136/2500 - train 0.225954 - val 0.222900
Epoch 137/2500 - train 0.229833 - val 0.233852
Epoch 138/2500 - train 0.230182 - val 0.236525
Epoch 139/2500 - train 0.230303 - val 0.224022
Epoch 140/2500 - train 0.226435 - val 0.227424
Epoch 141/2500 - train 0.227155 - val 0.246844
Epoch 142/2500 - train 0.229642 - val 0.224159
Epoch 143/2500 - train 0.227249 - val 0.229783
Epoch 144/2500 - train 0.228850 - val 0.232568
Epoch 145/2500 - train 0.226164 - val 0.231009
Epoch 146/2500 - train 0.225026 - val 0.228104
Epoch 147/2500 - train 0.225177 - val 0.233273
Epoch 148/2500 - train 0.225002 - val 0.221741
Epoch 149/2500 - train 0.226012 - val 0.225718
Epoch 150/2500 - train 0.223385 - val 0.233595
Epoch 151/2500 - train 0.230820 - val 0.217696
Epoch 152/2500 - train 0.227090 - val 0.230428
Epoch 153/2500 - train 0.226608 - val 0.237763
Epoch 154/2500 - train 0.230332 - val 0.234874
Epoch 155/2500 - train 0.226109 - val 0.223556
Epoch 156/2500 - train 0.226902 - val 0.228018
Epoch 157/2500 - train 0.227756 - val 0.240888
Epoch 158/2500 - train 0.235770 - val 0.228865
Epoch 159/2500 - train 0.227938 - val 0.228015
Epoch 160/2500 - train 0.227002 - val 0.222803
Epoch 161/2500 - train 0.226621 - val 0.218557
Epoch 162/2500 - train 0.224099 - val 0.223745
Epoch 163/2500 - train 0.226484 - val 0.221228
Epoch 164/2500 - train 0.227902 - val 0.225880
Epoch 165/2500 - train 0.229698 - val 0.231665
Epoch 166/2500 - train 0.228135 - val 0.234755
Epoch 167/2500 - train 0.228759 - val 0.236318
Epoch 168/2500 - train 0.228729 - val 0.224853
Epoch 169/2500 - train 0.226883 - val 0.228859
Epoch 170/2500 - train 0.226583 - val 0.235016
Epoch 171/2500 - train 0.229048 - val 0.235617
Epoch 172/2500 - train 0.228177 - val 0.226081
Epoch 173/2500 - train 0.227547 - val 0.229961
Epoch 174/2500 - train 0.226188 - val 0.227382
Epoch 175/2500 - train 0.227083 - val 0.230311
Epoch 176/2500 - train 0.225589 - val 0.240443
Epoch 177/2500 - train 0.227828 - val 0.223759
Epoch 178/2500 - train 0.225191 - val 0.227729
Epoch 179/2500 - train 0.230218 - val 0.227198
Epoch 180/2500 - train 0.227348 - val 0.232486
Epoch 181/2500 - train 0.228479 - val 0.225820
Epoch 182/2500 - train 0.227054 - val 0.226420
Epoch 183/2500 - train 0.227049 - val 0.227246
Epoch 184/2500 - train 0.228465 - val 0.224437
Epoch 185/2500 - train 0.226511 - val 0.226129
Epoch 186/2500 - train 0.225618 - val 0.223867
Epoch 187/2500 - train 0.227461 - val 0.226087
Epoch 188/2500 - train 0.227883 - val 0.224694
Epoch 189/2500 - train 0.229018 - val 0.224775
Epoch 190/2500 - train 0.226787 - val 0.227246
Epoch 191/2500 - train 0.227260 - val 0.227842
Epoch 192/2500 - train 0.230168 - val 0.222441
Epoch 193/2500 - train 0.226248 - val 0.229980
Epoch 194/2500 - train 0.230314 - val 0.223363
Epoch 195/2500 - train 0.226565 - val 0.225344
Epoch 196/2500 - train 0.227721 - val 0.223893
Epoch 197/2500 - train 0.226184 - val 0.241335
Epoch 198/2500 - train 0.228407 - val 0.235762
Epoch 199/2500 - train 0.230189 - val 0.222543
Epoch 200/2500 - train 0.230531 - val 0.222497
Epoch 201/2500 - train 0.225644 - val 0.231306
Epoch 202/2500 - train 0.225523 - val 0.221741
Epoch 203/2500 - train 0.227954 - val 0.225916
Epoch 204/2500 - train 0.226904 - val 0.231839
Epoch 205/2500 - train 0.226949 - val 0.220686
Epoch 206/2500 - train 0.225052 - val 0.223662
Epoch 207/2500 - train 0.225275 - val 0.227850
Epoch 208/2500 - train 0.230954 - val 0.226342
Epoch 209/2500 - train 0.229460 - val 0.228879
Epoch 210/2500 - train 0.226547 - val 0.223628
Epoch 211/2500 - train 0.226240 - val 0.223941
Epoch 212/2500 - train 0.227389 - val 0.222160
Epoch 213/2500 - train 0.227450 - val 0.224174
Epoch 214/2500 - train 0.226145 - val 0.236554
Epoch 215/2500 - train 0.228478 - val 0.224104
Epoch 216/2500 - train 0.227498 - val 0.226727
Epoch 217/2500 - train 0.227191 - val 0.223956
Epoch 218/2500 - train 0.226625 - val 0.228465
Epoch 219/2500 - train 0.227365 - val 0.219746
Epoch 220/2500 - train 0.226197 - val 0.224633
Epoch 221/2500 - train 0.225016 - val 0.240515
Epoch 222/2500 - train 0.231275 - val 0.222921
Epoch 223/2500 - train 0.229329 - val 0.224295
Epoch 224/2500 - train 0.225977 - val 0.223660
Epoch 225/2500 - train 0.225290 - val 0.242811
Epoch 226/2500 - train 0.229892 - val 0.235764
Epoch 227/2500 - train 0.233025 - val 0.223402
Epoch 228/2500 - train 0.230813 - val 0.226449
Epoch 229/2500 - train 0.225985 - val 0.220281
Epoch 230/2500 - train 0.225399 - val 0.227107
Epoch 231/2500 - train 0.230659 - val 0.233971
Epoch 232/2500 - train 0.228793 - val 0.230631
Epoch 233/2500 - train 0.228309 - val 0.228381
Epoch 234/2500 - train 0.227395 - val 0.225142
Epoch 235/2500 - train 0.227492 - val 0.229404
Epoch 236/2500 - train 0.227221 - val 0.232210
Epoch 237/2500 - train 0.227537 - val 0.226784
Epoch 238/2500 - train 0.226445 - val 0.220121
Epoch 239/2500 - train 0.225500 - val 0.225627
Epoch 240/2500 - train 0.227511 - val 0.228496
Epoch 241/2500 - train 0.226109 - val 0.222704
Epoch 242/2500 - train 0.227945 - val 0.235332
Epoch 243/2500 - train 0.230364 - val 0.223801
Epoch 244/2500 - train 0.225748 - val 0.225620
Epoch 245/2500 - train 0.226806 - val 0.224028
Epoch 246/2500 - train 0.225385 - val 0.226762
Epoch 247/2500 - train 0.227808 - val 0.221875
Epoch 248/2500 - train 0.226237 - val 0.225867
Epoch 249/2500 - train 0.229698 - val 0.223017
Epoch 250/2500 - train 0.227547 - val 0.218991
Epoch 251/2500 - train 0.225762 - val 0.223550
Epoch 252/2500 - train 0.227409 - val 0.224325
Epoch 253/2500 - train 0.228342 - val 0.225094
Epoch 254/2500 - train 0.228207 - val 0.234019
Epoch 255/2500 - train 0.228042 - val 0.230949
Epoch 256/2500 - train 0.229289 - val 0.222640
Epoch 257/2500 - train 0.228211 - val 0.237427
Epoch 258/2500 - train 0.230597 - val 0.236740
Epoch 259/2500 - train 0.229859 - val 0.226114
Epoch 260/2500 - train 0.225793 - val 0.221694
Epoch 261/2500 - train 0.228540 - val 0.226115
Epoch 262/2500 - train 0.227184 - val 0.225309
Epoch 263/2500 - train 0.226211 - val 0.225368
Epoch 264/2500 - train 0.230336 - val 0.226293
Epoch 265/2500 - train 0.226969 - val 0.228716
Epoch 266/2500 - train 0.226077 - val 0.222861
Epoch 267/2500 - train 0.225881 - val 0.226114
Epoch 268/2500 - train 0.227450 - val 0.238507
Epoch 269/2500 - train 0.233830 - val 0.229167
Epoch 270/2500 - train 0.228725 - val 0.224607
Epoch 271/2500 - train 0.226908 - val 0.228478
Epoch 272/2500 - train 0.227403 - val 0.223902
Epoch 273/2500 - train 0.229444 - val 0.228315
Epoch 274/2500 - train 0.226881 - val 0.236773
Epoch 275/2500 - train 0.231538 - val 0.230994
Epoch 276/2500 - train 0.229330 - val 0.238841
Epoch 277/2500 - train 0.228361 - val 0.229746
Epoch 278/2500 - train 0.227119 - val 0.227711
Epoch 279/2500 - train 0.230499 - val 0.224916
Epoch 280/2500 - train 0.227539 - val 0.226814
Epoch 281/2500 - train 0.225285 - val 0.233544
Epoch 282/2500 - train 0.234217 - val 0.226337
Epoch 283/2500 - train 0.229600 - val 0.239136
Epoch 284/2500 - train 0.228497 - val 0.219834
Epoch 285/2500 - train 0.225764 - val 0.227941
Epoch 286/2500 - train 0.228482 - val 0.229167
Epoch 287/2500 - train 0.227823 - val 0.236861
Epoch 288/2500 - train 0.229353 - val 0.231365
Epoch 289/2500 - train 0.229229 - val 0.230955
Epoch 290/2500 - train 0.232254 - val 0.226141
Epoch 291/2500 - train 0.228511 - val 0.223607
Epoch 292/2500 - train 0.226657 - val 0.223093
Epoch 293/2500 - train 0.227604 - val 0.230035
Epoch 294/2500 - train 0.230227 - val 0.226232
Epoch 295/2500 - train 0.225672 - val 0.224130
Epoch 296/2500 - train 0.226473 - val 0.227339
Epoch 297/2500 - train 0.226681 - val 0.227445
Epoch 298/2500 - train 0.229773 - val 0.230432
Epoch 299/2500 - train 0.229241 - val 0.227023
Epoch 300/2500 - train 0.227875 - val 0.228019
Epoch 301/2500 - train 0.228868 - val 0.228182
Epoch 302/2500 - train 0.229913 - val 0.221649
Epoch 303/2500 - train 0.227137 - val 0.222203
Epoch 304/2500 - train 0.227595 - val 0.227663
Epoch 305/2500 - train 0.231658 - val 0.231416
Epoch 306/2500 - train 0.228054 - val 0.216139
Epoch 307/2500 - train 0.224604 - val 0.223711
Epoch 308/2500 - train 0.224635 - val 0.229137
Epoch 309/2500 - train 0.226764 - val 0.227654
Epoch 310/2500 - train 0.225585 - val 0.224575
Epoch 311/2500 - train 0.227683 - val 0.219262
Epoch 312/2500 - train 0.226946 - val 0.231230
Epoch 313/2500 - train 0.229965 - val 0.226959
Epoch 314/2500 - train 0.228163 - val 0.227264
Epoch 315/2500 - train 0.229120 - val 0.227210
Epoch 316/2500 - train 0.228072 - val 0.232035
Epoch 317/2500 - train 0.228641 - val 0.223218
Epoch 318/2500 - train 0.226536 - val 0.223123
Epoch 319/2500 - train 0.227515 - val 0.227306
Epoch 320/2500 - train 0.227088 - val 0.234636
Epoch 321/2500 - train 0.233062 - val 0.229506
Epoch 322/2500 - train 0.227933 - val 0.222259
Epoch 323/2500 - train 0.229944 - val 0.221447
Epoch 324/2500 - train 0.225654 - val 0.234243
Epoch 325/2500 - train 0.232222 - val 0.234721
Epoch 326/2500 - train 0.229246 - val 0.223749
Epoch 327/2500 - train 0.227480 - val 0.245140
Epoch 328/2500 - train 0.234558 - val 0.233384
Epoch 329/2500 - train 0.229224 - val 0.217832
Epoch 330/2500 - train 0.225179 - val 0.225397
Epoch 331/2500 - train 0.227558 - val 0.229698
Epoch 332/2500 - train 0.224864 - val 0.221302
Epoch 333/2500 - train 0.227125 - val 0.228711
Epoch 334/2500 - train 0.225550 - val 0.232220
Epoch 335/2500 - train 0.228516 - val 0.225596
Epoch 336/2500 - train 0.226072 - val 0.220374
Epoch 337/2500 - train 0.227651 - val 0.219753
Epoch 338/2500 - train 0.226812 - val 0.228031
Epoch 339/2500 - train 0.228760 - val 0.237102
Epoch 340/2500 - train 0.230042 - val 0.223695
Epoch 341/2500 - train 0.225532 - val 0.228541
Epoch 342/2500 - train 0.227359 - val 0.226696
Epoch 343/2500 - train 0.228055 - val 0.230422
Epoch 344/2500 - train 0.229345 - val 0.233671
Epoch 345/2500 - train 0.231397 - val 0.229677
Epoch 346/2500 - train 0.228171 - val 0.237669
Epoch 347/2500 - train 0.229290 - val 0.226577
Epoch 348/2500 - train 0.227007 - val 0.221947
Epoch 349/2500 - train 0.227201 - val 0.223117
Epoch 350/2500 - train 0.225445 - val 0.220643
Epoch 351/2500 - train 0.224287 - val 0.227437
Epoch 352/2500 - train 0.233912 - val 0.232889
Epoch 353/2500 - train 0.230319 - val 0.242970
Epoch 354/2500 - train 0.232730 - val 0.227126
Epoch 355/2500 - train 0.228624 - val 0.233262
Epoch 356/2500 - train 0.228100 - val 0.230578
Epoch 357/2500 - train 0.230500 - val 0.223618
Epoch 358/2500 - train 0.225219 - val 0.228605
Epoch 359/2500 - train 0.230078 - val 0.224925
Epoch 360/2500 - train 0.228011 - val 0.225962
Epoch 361/2500 - train 0.225517 - val 0.232500
Epoch 362/2500 - train 0.230600 - val 0.225608
Epoch 363/2500 - train 0.229124 - val 0.230314
Epoch 364/2500 - train 0.234644 - val 0.227868
Epoch 365/2500 - train 0.227386 - val 0.220323
Epoch 366/2500 - train 0.227650 - val 0.221687
Epoch 367/2500 - train 0.227096 - val 0.223622
Epoch 368/2500 - train 0.225356 - val 0.236149
Epoch 369/2500 - train 0.228866 - val 0.223806
Epoch 370/2500 - train 0.226969 - val 0.227672
Epoch 371/2500 - train 0.226494 - val 0.224010
Epoch 372/2500 - train 0.229253 - val 0.232285
Epoch 373/2500 - train 0.229672 - val 0.225102
Epoch 374/2500 - train 0.228224 - val 0.220732
Epoch 375/2500 - train 0.225479 - val 0.229352
Epoch 376/2500 - train 0.231222 - val 0.224583
Epoch 377/2500 - train 0.227378 - val 0.232238
Epoch 378/2500 - train 0.228894 - val 0.223020
Epoch 379/2500 - train 0.225046 - val 0.233473
Epoch 380/2500 - train 0.231282 - val 0.230110
Epoch 381/2500 - train 0.227246 - val 0.224259
Epoch 382/2500 - train 0.227684 - val 0.218672
Epoch 383/2500 - train 0.225368 - val 0.238368
Epoch 384/2500 - train 0.228934 - val 0.222994
Epoch 385/2500 - train 0.225511 - val 0.229340
Epoch 386/2500 - train 0.234778 - val 0.226673
Epoch 387/2500 - train 0.228718 - val 0.220782
Epoch 388/2500 - train 0.227038 - val 0.222214
Epoch 389/2500 - train 0.224807 - val 0.228147
Epoch 390/2500 - train 0.227750 - val 0.225029
Epoch 391/2500 - train 0.228776 - val 0.222391
Epoch 392/2500 - train 0.227503 - val 0.234422
Epoch 393/2500 - train 0.232196 - val 0.224406
Epoch 394/2500 - train 0.227180 - val 0.224540
Epoch 395/2500 - train 0.226458 - val 0.225794
Epoch 396/2500 - train 0.226903 - val 0.227362
Epoch 397/2500 - train 0.225719 - val 0.230843
Epoch 398/2500 - train 0.228056 - val 0.228181
Epoch 399/2500 - train 0.228903 - val 0.242948
Epoch 400/2500 - train 0.232162 - val 0.232204
Epoch 401/2500 - train 0.228339 - val 0.233817
Epoch 402/2500 - train 0.235082 - val 0.226522
Epoch 403/2500 - train 0.231993 - val 0.243067
Epoch 404/2500 - train 0.232090 - val 0.225663
Epoch 405/2500 - train 0.228373 - val 0.226096
Epoch 406/2500 - train 0.228463 - val 0.220951
Epoch 407/2500 - train 0.224479 - val 0.222360
Epoch 408/2500 - train 0.225957 - val 0.225370
Epoch 409/2500 - train 0.228148 - val 0.225399
Epoch 410/2500 - train 0.230649 - val 0.223542
Epoch 411/2500 - train 0.227052 - val 0.237100
Epoch 412/2500 - train 0.231863 - val 0.221932
Epoch 413/2500 - train 0.224985 - val 0.223798
Epoch 414/2500 - train 0.229171 - val 0.228330
Epoch 415/2500 - train 0.229309 - val 0.225774
Epoch 416/2500 - train 0.228308 - val 0.228298
Epoch 417/2500 - train 0.231789 - val 0.226610
Epoch 418/2500 - train 0.228126 - val 0.225758
Epoch 419/2500 - train 0.230765 - val 0.223892
Epoch 420/2500 - train 0.228830 - val 0.253582
Epoch 421/2500 - train 0.234125 - val 0.225263
Epoch 422/2500 - train 0.225520 - val 0.221893
Epoch 423/2500 - train 0.227926 - val 0.224525
Epoch 424/2500 - train 0.227586 - val 0.239057
Epoch 425/2500 - train 0.233307 - val 0.231107
Epoch 426/2500 - train 0.227593 - val 0.223598
Epoch 427/2500 - train 0.227181 - val 0.233368
Epoch 428/2500 - train 0.228145 - val 0.223102
Epoch 429/2500 - train 0.227085 - val 0.219116
Epoch 430/2500 - train 0.226073 - val 0.219934
Epoch 431/2500 - train 0.226877 - val 0.231012
Epoch 432/2500 - train 0.228705 - val 0.221947
Epoch 433/2500 - train 0.227947 - val 0.232319
Epoch 434/2500 - train 0.230774 - val 0.226900
Epoch 435/2500 - train 0.226425 - val 0.228748
Epoch 436/2500 - train 0.230641 - val 0.220165
Epoch 437/2500 - train 0.227471 - val 0.231640
Epoch 438/2500 - train 0.227974 - val 0.228426
Epoch 439/2500 - train 0.230350 - val 0.222312
Epoch 440/2500 - train 0.226041 - val 0.226950
Epoch 441/2500 - train 0.228703 - val 0.228303
Epoch 442/2500 - train 0.226431 - val 0.218265
Epoch 443/2500 - train 0.225553 - val 0.230427
Epoch 444/2500 - train 0.228923 - val 0.230848
Epoch 445/2500 - train 0.229079 - val 0.232667
Epoch 446/2500 - train 0.229595 - val 0.236841
Epoch 447/2500 - train 0.228759 - val 0.223142
Epoch 448/2500 - train 0.226388 - val 0.219214
Epoch 449/2500 - train 0.223822 - val 0.229386
Epoch 450/2500 - train 0.226801 - val 0.219174
Epoch 451/2500 - train 0.226343 - val 0.227993
Epoch 452/2500 - train 0.226970 - val 0.227272
Epoch 453/2500 - train 0.226740 - val 0.244463
Epoch 454/2500 - train 0.230251 - val 0.251029
Epoch 455/2500 - train 0.236507 - val 0.227354
Epoch 456/2500 - train 0.228203 - val 0.227962
Epoch 457/2500 - train 0.228341 - val 0.227230
Epoch 458/2500 - train 0.227582 - val 0.229514
Epoch 459/2500 - train 0.227445 - val 0.227186
Epoch 460/2500 - train 0.227010 - val 0.224037
Epoch 461/2500 - train 0.226118 - val 0.229980
Epoch 462/2500 - train 0.227449 - val 0.229778
Epoch 463/2500 - train 0.227587 - val 0.227965
Epoch 464/2500 - train 0.229539 - val 0.233283
Epoch 465/2500 - train 0.227090 - val 0.223805
Epoch 466/2500 - train 0.227100 - val 0.229706
Epoch 467/2500 - train 0.229900 - val 0.228823
Epoch 468/2500 - train 0.227562 - val 0.228308
Epoch 469/2500 - train 0.228281 - val 0.220950
Epoch 470/2500 - train 0.228123 - val 0.226140
Epoch 471/2500 - train 0.229735 - val 0.234719
Epoch 472/2500 - train 0.226727 - val 0.228505
Epoch 473/2500 - train 0.226956 - val 0.231885
Epoch 474/2500 - train 0.227180 - val 0.228240
Epoch 475/2500 - train 0.230097 - val 0.241642
Epoch 476/2500 - train 0.227817 - val 0.224920
Epoch 477/2500 - train 0.227639 - val 0.229894
Epoch 478/2500 - train 0.228839 - val 0.216796
Epoch 479/2500 - train 0.226111 - val 0.227373
Epoch 480/2500 - train 0.226201 - val 0.222409
Epoch 481/2500 - train 0.225712 - val 0.227355
Epoch 482/2500 - train 0.229669 - val 0.227791
Epoch 483/2500 - train 0.231831 - val 0.230402
Epoch 484/2500 - train 0.227060 - val 0.230112
Epoch 485/2500 - train 0.227260 - val 0.217183
Epoch 486/2500 - train 0.225483 - val 0.226543
Epoch 487/2500 - train 0.228899 - val 0.224472
Epoch 488/2500 - train 0.226483 - val 0.221595
Epoch 489/2500 - train 0.225685 - val 0.228531
Epoch 490/2500 - train 0.229089 - val 0.227115
Epoch 491/2500 - train 0.226990 - val 0.231723
Epoch 492/2500 - train 0.229629 - val 0.222726
Epoch 493/2500 - train 0.229628 - val 0.224913
Epoch 494/2500 - train 0.228942 - val 0.229775
Epoch 495/2500 - train 0.227357 - val 0.219936
Epoch 496/2500 - train 0.228033 - val 0.223314
Epoch 497/2500 - train 0.229044 - val 0.221996
Epoch 498/2500 - train 0.224083 - val 0.227778
Epoch 499/2500 - train 0.233420 - val 0.221334
Epoch 500/2500 - train 0.227705 - val 0.224341
Epoch 501/2500 - train 0.229155 - val 0.223624
Epoch 502/2500 - train 0.228879 - val 0.231868
Epoch 503/2500 - train 0.229552 - val 0.228261
Epoch 504/2500 - train 0.234965 - val 0.228293
Epoch 505/2500 - train 0.228560 - val 0.220087
Epoch 506/2500 - train 0.227411 - val 0.224281
Epoch 507/2500 - train 0.226233 - val 0.237320
Epoch 508/2500 - train 0.233201 - val 0.223561
Epoch 509/2500 - train 0.229649 - val 0.225004
Epoch 510/2500 - train 0.228044 - val 0.228783
Epoch 511/2500 - train 0.228344 - val 0.227485
Epoch 512/2500 - train 0.229636 - val 0.221220
Epoch 513/2500 - train 0.227685 - val 0.229244
Epoch 514/2500 - train 0.228634 - val 0.231661
Epoch 515/2500 - train 0.228120 - val 0.221406
Epoch 516/2500 - train 0.226021 - val 0.223509
Epoch 517/2500 - train 0.224944 - val 0.223693
Epoch 518/2500 - train 0.227319 - val 0.230520
Epoch 519/2500 - train 0.226387 - val 0.222950
Epoch 520/2500 - train 0.227066 - val 0.225588
Epoch 521/2500 - train 0.227004 - val 0.238291
Epoch 522/2500 - train 0.231691 - val 0.223756
Epoch 523/2500 - train 0.226033 - val 0.230105
Epoch 524/2500 - train 0.226629 - val 0.228590
Epoch 525/2500 - train 0.228918 - val 0.223516
Epoch 526/2500 - train 0.228000 - val 0.222023
Epoch 527/2500 - train 0.226491 - val 0.221272
Epoch 528/2500 - train 0.227251 - val 0.222828
Epoch 529/2500 - train 0.227262 - val 0.224466
Epoch 530/2500 - train 0.225843 - val 0.235919
Epoch 531/2500 - train 0.230442 - val 0.224995
Epoch 532/2500 - train 0.228336 - val 0.226080
Epoch 533/2500 - train 0.225225 - val 0.220772
Epoch 534/2500 - train 0.227822 - val 0.222067
Epoch 535/2500 - train 0.225054 - val 0.235174
Epoch 536/2500 - train 0.229432 - val 0.222465
Epoch 537/2500 - train 0.225934 - val 0.232250
Epoch 538/2500 - train 0.227060 - val 0.225286
Epoch 539/2500 - train 0.227949 - val 0.231516
Epoch 540/2500 - train 0.229116 - val 0.227229
Epoch 541/2500 - train 0.228170 - val 0.225453
Epoch 542/2500 - train 0.223822 - val 0.226603
Epoch 543/2500 - train 0.226971 - val 0.220786
Epoch 544/2500 - train 0.227184 - val 0.226121
Epoch 545/2500 - train 0.226606 - val 0.235612
Epoch 546/2500 - train 0.228668 - val 0.234059
Epoch 547/2500 - train 0.230407 - val 0.238899
Epoch 548/2500 - train 0.231048 - val 0.221816
Epoch 549/2500 - train 0.229587 - val 0.222312
Epoch 550/2500 - train 0.226938 - val 0.226741
Epoch 551/2500 - train 0.227384 - val 0.226452
Epoch 552/2500 - train 0.231592 - val 0.231435
Epoch 553/2500 - train 0.227436 - val 0.228560
Epoch 554/2500 - train 0.229383 - val 0.224042
Epoch 555/2500 - train 0.228228 - val 0.225868
Epoch 556/2500 - train 0.227826 - val 0.227557
Epoch 557/2500 - train 0.227869 - val 0.225634
Epoch 558/2500 - train 0.226057 - val 0.221132
Epoch 559/2500 - train 0.225201 - val 0.225502
Epoch 560/2500 - train 0.228133 - val 0.231481
Epoch 561/2500 - train 0.227614 - val 0.222651
Epoch 562/2500 - train 0.227599 - val 0.227108
Epoch 563/2500 - train 0.230341 - val 0.225099
Epoch 564/2500 - train 0.230121 - val 0.228304
Epoch 565/2500 - train 0.229842 - val 0.224072
Epoch 566/2500 - train 0.227518 - val 0.231711
Epoch 567/2500 - train 0.227992 - val 0.223839
Epoch 568/2500 - train 0.228331 - val 0.229262
Epoch 569/2500 - train 0.227345 - val 0.226636
Epoch 570/2500 - train 0.230690 - val 0.220853
Epoch 571/2500 - train 0.227538 - val 0.227387
Epoch 572/2500 - train 0.227513 - val 0.221387
Epoch 573/2500 - train 0.225216 - val 0.233288
Epoch 574/2500 - train 0.228721 - val 0.235155
Epoch 575/2500 - train 0.229141 - val 0.224981
Epoch 576/2500 - train 0.225844 - val 0.235485
Epoch 577/2500 - train 0.228391 - val 0.230515
Epoch 578/2500 - train 0.228702 - val 0.219767
Epoch 579/2500 - train 0.224731 - val 0.227917
Epoch 580/2500 - train 0.229737 - val 0.217717
Epoch 581/2500 - train 0.225702 - val 0.235797
Epoch 582/2500 - train 0.230016 - val 0.224002
Epoch 583/2500 - train 0.226065 - val 0.227211
Epoch 584/2500 - train 0.228737 - val 0.220205
Epoch 585/2500 - train 0.228539 - val 0.219199
Epoch 586/2500 - train 0.225700 - val 0.231526
Epoch 587/2500 - train 0.230023 - val 0.224986
Epoch 588/2500 - train 0.226619 - val 0.224958
Epoch 589/2500 - train 0.227161 - val 0.225580
Epoch 590/2500 - train 0.226081 - val 0.222565
Epoch 591/2500 - train 0.225012 - val 0.225972
Epoch 592/2500 - train 0.229100 - val 0.228585
Epoch 593/2500 - train 0.227345 - val 0.226411
Epoch 594/2500 - train 0.226411 - val 0.218896
Epoch 595/2500 - train 0.226222 - val 0.234087
Epoch 596/2500 - train 0.229742 - val 0.232734
Epoch 597/2500 - train 0.230218 - val 0.233428
Epoch 598/2500 - train 0.230318 - val 0.227666
Epoch 599/2500 - train 0.228934 - val 0.230970
Epoch 600/2500 - train 0.232630 - val 0.224003
Epoch 601/2500 - train 0.226429 - val 0.226551
Epoch 602/2500 - train 0.227976 - val 0.224195
Epoch 603/2500 - train 0.231899 - val 0.223950
Epoch 604/2500 - train 0.230841 - val 0.221875
Epoch 605/2500 - train 0.229764 - val 0.226963
Epoch 606/2500 - train 0.227694 - val 0.226286
Epoch 607/2500 - train 0.228628 - val 0.230907
Epoch 608/2500 - train 0.229632 - val 0.228563
Epoch 609/2500 - train 0.228303 - val 0.228885
Epoch 610/2500 - train 0.233360 - val 0.221746
Epoch 611/2500 - train 0.227620 - val 0.226865
Epoch 612/2500 - train 0.227128 - val 0.226678
Epoch 613/2500 - train 0.228496 - val 0.224724
Epoch 614/2500 - train 0.225265 - val 0.223941
Epoch 615/2500 - train 0.228691 - val 0.221375
Epoch 616/2500 - train 0.226895 - val 0.229575
Epoch 617/2500 - train 0.233236 - val 0.222140
Epoch 618/2500 - train 0.228553 - val 0.233865
Epoch 619/2500 - train 0.233219 - val 0.228929
Epoch 620/2500 - train 0.228267 - val 0.226470
Epoch 621/2500 - train 0.227098 - val 0.233717
Epoch 622/2500 - train 0.231692 - val 0.225226
Epoch 623/2500 - train 0.231855 - val 0.226167
Epoch 624/2500 - train 0.229002 - val 0.225635
Epoch 625/2500 - train 0.229407 - val 0.224347
Epoch 626/2500 - train 0.229023 - val 0.233362
Epoch 627/2500 - train 0.230407 - val 0.227818
Epoch 628/2500 - train 0.229051 - val 0.231287
Epoch 629/2500 - train 0.229334 - val 0.233195
Epoch 630/2500 - train 0.228148 - val 0.229170
Epoch 631/2500 - train 0.227330 - val 0.226068
Epoch 632/2500 - train 0.230031 - val 0.221565
Epoch 633/2500 - train 0.227149 - val 0.226944
Epoch 634/2500 - train 0.230796 - val 0.222796
Epoch 635/2500 - train 0.229076 - val 0.224480
Epoch 636/2500 - train 0.226946 - val 0.222889
Epoch 637/2500 - train 0.224788 - val 0.232183
Epoch 638/2500 - train 0.227790 - val 0.219946
Epoch 639/2500 - train 0.229296 - val 0.225659
Epoch 640/2500 - train 0.232719 - val 0.230235
Epoch 641/2500 - train 0.235833 - val 0.229171
Epoch 642/2500 - train 0.228073 - val 0.226362
Epoch 643/2500 - train 0.227861 - val 0.222172
Epoch 644/2500 - train 0.225881 - val 0.235255
Epoch 645/2500 - train 0.230016 - val 0.220830
Epoch 646/2500 - train 0.226061 - val 0.220977
Epoch 647/2500 - train 0.226656 - val 0.225269
Epoch 648/2500 - train 0.226644 - val 0.237135
Epoch 649/2500 - train 0.232482 - val 0.228023
Epoch 650/2500 - train 0.227936 - val 0.220309
Epoch 651/2500 - train 0.225293 - val 0.233564
Epoch 652/2500 - train 0.232683 - val 0.230497
Epoch 653/2500 - train 0.228755 - val 0.219509
Epoch 654/2500 - train 0.225617 - val 0.235489
Epoch 655/2500 - train 0.231283 - val 0.238385
Epoch 656/2500 - train 0.233438 - val 0.223158
Epoch 657/2500 - train 0.229053 - val 0.234752
Epoch 658/2500 - train 0.230543 - val 0.224173
Epoch 659/2500 - train 0.230431 - val 0.234777
Epoch 660/2500 - train 0.234235 - val 0.225439
Epoch 661/2500 - train 0.229109 - val 0.223046
Epoch 662/2500 - train 0.229304 - val 0.224560
Epoch 663/2500 - train 0.226580 - val 0.224841
Epoch 664/2500 - train 0.227292 - val 0.225524
Epoch 665/2500 - train 0.226635 - val 0.226492
Epoch 666/2500 - train 0.230917 - val 0.234150
Epoch 667/2500 - train 0.229557 - val 0.230344
Epoch 668/2500 - train 0.228351 - val 0.234596
Epoch 669/2500 - train 0.228127 - val 0.223148
Epoch 670/2500 - train 0.229710 - val 0.230536
Epoch 671/2500 - train 0.228616 - val 0.236245
Epoch 672/2500 - train 0.233173 - val 0.229877
Epoch 673/2500 - train 0.227073 - val 0.229749
Epoch 674/2500 - train 0.228717 - val 0.230245
Epoch 675/2500 - train 0.230371 - val 0.242228
Epoch 676/2500 - train 0.232332 - val 0.223152
Epoch 677/2500 - train 0.225643 - val 0.227843
Epoch 678/2500 - train 0.227357 - val 0.229581
Epoch 679/2500 - train 0.228030 - val 0.229726
Epoch 680/2500 - train 0.228187 - val 0.225230
Epoch 681/2500 - train 0.231016 - val 0.232114
Epoch 682/2500 - train 0.232192 - val 0.225620
Epoch 683/2500 - train 0.228349 - val 0.227296
Epoch 684/2500 - train 0.229776 - val 0.229568
Epoch 685/2500 - train 0.228547 - val 0.234315
Epoch 686/2500 - train 0.234360 - val 0.223580
Epoch 687/2500 - train 0.229601 - val 0.220558
Epoch 688/2500 - train 0.227799 - val 0.235190
Epoch 689/2500 - train 0.228984 - val 0.228207
Epoch 690/2500 - train 0.230487 - val 0.225051
Epoch 691/2500 - train 0.228472 - val 0.227874
Epoch 692/2500 - train 0.227559 - val 0.223921
Epoch 693/2500 - train 0.229266 - val 0.230476
Epoch 694/2500 - train 0.231738 - val 0.236716
Epoch 695/2500 - train 0.235968 - val 0.229349
Epoch 696/2500 - train 0.229511 - val 0.244163
Epoch 697/2500 - train 0.233307 - val 0.228442
Epoch 698/2500 - train 0.232585 - val 0.226392
Epoch 699/2500 - train 0.230317 - val 0.228541
Epoch 700/2500 - train 0.229113 - val 0.232516
Epoch 701/2500 - train 0.231948 - val 0.221496
Epoch 702/2500 - train 0.226637 - val 0.224197
Epoch 703/2500 - train 0.228380 - val 0.231508
Epoch 704/2500 - train 0.230733 - val 0.225952
Epoch 705/2500 - train 0.227666 - val 0.218559
Epoch 706/2500 - train 0.224973 - val 0.230621
Epoch 707/2500 - train 0.229911 - val 0.224438
Epoch 708/2500 - train 0.228138 - val 0.226486
Epoch 709/2500 - train 0.228156 - val 0.226934
Epoch 710/2500 - train 0.226268 - val 0.226533
Epoch 711/2500 - train 0.229331 - val 0.226043
Epoch 712/2500 - train 0.230823 - val 0.229274
Epoch 713/2500 - train 0.227825 - val 0.227932
Epoch 714/2500 - train 0.228473 - val 0.238718
Epoch 715/2500 - train 0.232006 - val 0.225042
Epoch 716/2500 - train 0.227334 - val 0.229486
Epoch 717/2500 - train 0.229000 - val 0.229477
Epoch 718/2500 - train 0.229712 - val 0.226539
Epoch 719/2500 - train 0.231469 - val 0.224670
Epoch 720/2500 - train 0.229468 - val 0.216218
Epoch 721/2500 - train 0.227242 - val 0.233413
Epoch 722/2500 - train 0.229606 - val 0.230352
Epoch 723/2500 - train 0.228363 - val 0.224889
Epoch 724/2500 - train 0.231128 - val 0.225208
Epoch 725/2500 - train 0.229089 - val 0.243401
Epoch 726/2500 - train 0.232840 - val 0.237153
Epoch 727/2500 - train 0.229553 - val 0.228640
Epoch 728/2500 - train 0.232416 - val 0.222866
Epoch 729/2500 - train 0.229188 - val 0.236647
Epoch 730/2500 - train 0.233142 - val 0.225720
Epoch 731/2500 - train 0.227403 - val 0.223361
Epoch 732/2500 - train 0.226634 - val 0.243839
Epoch 733/2500 - train 0.239471 - val 0.226015
Epoch 734/2500 - train 0.229826 - val 0.221931
Epoch 735/2500 - train 0.228148 - val 0.220748
Epoch 736/2500 - train 0.227245 - val 0.231992
Epoch 737/2500 - train 0.227530 - val 0.227794
Epoch 738/2500 - train 0.229495 - val 0.222968
Epoch 739/2500 - train 0.228296 - val 0.224393
Epoch 740/2500 - train 0.229244 - val 0.234588
Epoch 741/2500 - train 0.230432 - val 0.228676
Epoch 742/2500 - train 0.230350 - val 0.227201
Epoch 743/2500 - train 0.233129 - val 0.223510
Epoch 744/2500 - train 0.228464 - val 0.225679
Epoch 745/2500 - train 0.230118 - val 0.230274
Epoch 746/2500 - train 0.232469 - val 0.231066
Epoch 747/2500 - train 0.227845 - val 0.226773
Epoch 748/2500 - train 0.228065 - val 0.233737
Epoch 749/2500 - train 0.230158 - val 0.228025
Epoch 750/2500 - train 0.227562 - val 0.226145
Epoch 751/2500 - train 0.229940 - val 0.220464
Epoch 752/2500 - train 0.226261 - val 0.230816
Epoch 753/2500 - train 0.227599 - val 0.228479
Epoch 754/2500 - train 0.228275 - val 0.224538
Epoch 755/2500 - train 0.228808 - val 0.217835
Epoch 756/2500 - train 0.227274 - val 0.230613
Epoch 757/2500 - train 0.230529 - val 0.224130
Epoch 758/2500 - train 0.227855 - val 0.224166
Epoch 759/2500 - train 0.227861 - val 0.225582
Epoch 760/2500 - train 0.230409 - val 0.227066
Epoch 761/2500 - train 0.227670 - val 0.225986
Epoch 762/2500 - train 0.228929 - val 0.218609
Epoch 763/2500 - train 0.224752 - val 0.219117
Epoch 764/2500 - train 0.227883 - val 0.229921
Epoch 765/2500 - train 0.230608 - val 0.228232
Epoch 766/2500 - train 0.229721 - val 0.219451
Epoch 767/2500 - train 0.228224 - val 0.229901
Epoch 768/2500 - train 0.227996 - val 0.228208
Epoch 769/2500 - train 0.234297 - val 0.228629
Epoch 770/2500 - train 0.231411 - val 0.234183
Epoch 771/2500 - train 0.233534 - val 0.236114
Epoch 772/2500 - train 0.230405 - val 0.239951
Epoch 773/2500 - train 0.229810 - val 0.219245
Epoch 774/2500 - train 0.226577 - val 0.234736
Epoch 775/2500 - train 0.237937 - val 0.226242
Epoch 776/2500 - train 0.228536 - val 0.225053
Epoch 777/2500 - train 0.230934 - val 0.232125
Epoch 778/2500 - train 0.230905 - val 0.223831
Epoch 779/2500 - train 0.227200 - val 0.233536
Epoch 780/2500 - train 0.229658 - val 0.236778
Epoch 781/2500 - train 0.231158 - val 0.233134
Epoch 782/2500 - train 0.233828 - val 0.229970
Epoch 783/2500 - train 0.230125 - val 0.222243
Epoch 784/2500 - train 0.226893 - val 0.229282
Epoch 785/2500 - train 0.226348 - val 0.228030
Epoch 786/2500 - train 0.228509 - val 0.231610
Epoch 787/2500 - train 0.229158 - val 0.225604
Epoch 788/2500 - train 0.226393 - val 0.223662
Epoch 789/2500 - train 0.229317 - val 0.222793
Epoch 790/2500 - train 0.228042 - val 0.222622
Epoch 791/2500 - train 0.226158 - val 0.227709
Epoch 792/2500 - train 0.227387 - val 0.224701
Epoch 793/2500 - train 0.226203 - val 0.229067
Epoch 794/2500 - train 0.236123 - val 0.225202
Epoch 795/2500 - train 0.228783 - val 0.234388
Epoch 796/2500 - train 0.228250 - val 0.220038
Epoch 797/2500 - train 0.227033 - val 0.229440
Epoch 798/2500 - train 0.229714 - val 0.228626
Epoch 799/2500 - train 0.229863 - val 0.227523
Epoch 800/2500 - train 0.228208 - val 0.218797
Epoch 801/2500 - train 0.226487 - val 0.224254
Epoch 802/2500 - train 0.227757 - val 0.231413
Epoch 803/2500 - train 0.230934 - val 0.228488
Epoch 804/2500 - train 0.229040 - val 0.225009
Epoch 805/2500 - train 0.227451 - val 0.231620
Epoch 806/2500 - train 0.230326 - val 0.230365
Epoch 807/2500 - train 0.229362 - val 0.225620
Epoch 808/2500 - train 0.229804 - val 0.226923
Epoch 809/2500 - train 0.227918 - val 0.233530
Epoch 810/2500 - train 0.231852 - val 0.228533
Epoch 811/2500 - train 0.230380 - val 0.226778
Epoch 812/2500 - train 0.228580 - val 0.219038
Epoch 813/2500 - train 0.226868 - val 0.222222
Epoch 814/2500 - train 0.228857 - val 0.226323
Epoch 815/2500 - train 0.226266 - val 0.223612
Epoch 816/2500 - train 0.227661 - val 0.230110
Epoch 817/2500 - train 0.229519 - val 0.233900
Epoch 818/2500 - train 0.226613 - val 0.220860
Epoch 819/2500 - train 0.226668 - val 0.220363
Epoch 820/2500 - train 0.226971 - val 0.232640
Epoch 821/2500 - train 0.229045 - val 0.228111
Epoch 822/2500 - train 0.229425 - val 0.219320
Epoch 823/2500 - train 0.226145 - val 0.242783
Epoch 824/2500 - train 0.229772 - val 0.230404
Epoch 825/2500 - train 0.228550 - val 0.232867
Epoch 826/2500 - train 0.227932 - val 0.226361
Epoch 827/2500 - train 0.226246 - val 0.222199
Epoch 828/2500 - train 0.227117 - val 0.223255
Epoch 829/2500 - train 0.226101 - val 0.228116
Epoch 830/2500 - train 0.227802 - val 0.224640
Epoch 831/2500 - train 0.226236 - val 0.229225
Epoch 832/2500 - train 0.228204 - val 0.222279
Epoch 833/2500 - train 0.225392 - val 0.221647
Epoch 834/2500 - train 0.227118 - val 0.226415
Epoch 835/2500 - train 0.233031 - val 0.226396
Epoch 836/2500 - train 0.230185 - val 0.227968
Epoch 837/2500 - train 0.228575 - val 0.222424
Epoch 838/2500 - train 0.230564 - val 0.222416
Epoch 839/2500 - train 0.225997 - val 0.236397
Epoch 840/2500 - train 0.231987 - val 0.233036
Epoch 841/2500 - train 0.229190 - val 0.226626
Epoch 842/2500 - train 0.230228 - val 0.227867
Epoch 843/2500 - train 0.229350 - val 0.225376
Epoch 844/2500 - train 0.230727 - val 0.233745
Epoch 845/2500 - train 0.228578 - val 0.223958
Epoch 846/2500 - train 0.227252 - val 0.223273
Epoch 847/2500 - train 0.229852 - val 0.225717
Epoch 848/2500 - train 0.225966 - val 0.224375
Epoch 849/2500 - train 0.226722 - val 0.224725
Epoch 850/2500 - train 0.225861 - val 0.244196
Epoch 851/2500 - train 0.233894 - val 0.226001
Epoch 852/2500 - train 0.228403 - val 0.224398
Epoch 853/2500 - train 0.229095 - val 0.227430
Epoch 854/2500 - train 0.228341 - val 0.219097
Epoch 855/2500 - train 0.226637 - val 0.223409
Epoch 856/2500 - train 0.227582 - val 0.224532
Epoch 857/2500 - train 0.225898 - val 0.222152
Epoch 858/2500 - train 0.226493 - val 0.230746
Epoch 859/2500 - train 0.230011 - val 0.224904
Epoch 860/2500 - train 0.229164 - val 0.227028
Epoch 861/2500 - train 0.227186 - val 0.223807
Epoch 862/2500 - train 0.228831 - val 0.230868
Epoch 863/2500 - train 0.232601 - val 0.225100
Epoch 864/2500 - train 0.227032 - val 0.226602
Epoch 865/2500 - train 0.231841 - val 0.225711
Epoch 866/2500 - train 0.226511 - val 0.221647
Epoch 867/2500 - train 0.226801 - val 0.226942
Epoch 868/2500 - train 0.227154 - val 0.227757
Epoch 869/2500 - train 0.227826 - val 0.223497
Epoch 870/2500 - train 0.229119 - val 0.224142
Epoch 871/2500 - train 0.226993 - val 0.227986
Epoch 872/2500 - train 0.231651 - val 0.227619
Epoch 873/2500 - train 0.230200 - val 0.225175
Epoch 874/2500 - train 0.232006 - val 0.222968
Epoch 875/2500 - train 0.227789 - val 0.224996
Epoch 876/2500 - train 0.228848 - val 0.218212
Epoch 877/2500 - train 0.228775 - val 0.230926
Epoch 878/2500 - train 0.233535 - val 0.230413
Epoch 879/2500 - train 0.229373 - val 0.226180
Epoch 880/2500 - train 0.227695 - val 0.228215
Epoch 881/2500 - train 0.230190 - val 0.232801
Epoch 882/2500 - train 0.227302 - val 0.228281
Epoch 883/2500 - train 0.230010 - val 0.227945
Epoch 884/2500 - train 0.231185 - val 0.232429
Epoch 885/2500 - train 0.228161 - val 0.222134
Epoch 886/2500 - train 0.225385 - val 0.224053
Epoch 887/2500 - train 0.227425 - val 0.220958
Epoch 888/2500 - train 0.227991 - val 0.224836
Epoch 889/2500 - train 0.229116 - val 0.229028
Epoch 890/2500 - train 0.231886 - val 0.223731
Epoch 891/2500 - train 0.229440 - val 0.228083
Epoch 892/2500 - train 0.227074 - val 0.225248
Epoch 893/2500 - train 0.228704 - val 0.220390
Epoch 894/2500 - train 0.226175 - val 0.218034
Epoch 895/2500 - train 0.226601 - val 0.231732
Epoch 896/2500 - train 0.228529 - val 0.231920
Epoch 897/2500 - train 0.230562 - val 0.234008
Epoch 898/2500 - train 0.229399 - val 0.228175
Epoch 899/2500 - train 0.234045 - val 0.227335
Epoch 900/2500 - train 0.228694 - val 0.222638
Epoch 901/2500 - train 0.229954 - val 0.228498
Epoch 902/2500 - train 0.228111 - val 0.223226
Epoch 903/2500 - train 0.225748 - val 0.234936
Epoch 904/2500 - train 0.229429 - val 0.228241
Epoch 905/2500 - train 0.232408 - val 0.226927
Epoch 906/2500 - train 0.228370 - val 0.228997
Epoch 907/2500 - train 0.227894 - val 0.227494
Epoch 908/2500 - train 0.228962 - val 0.226490
Epoch 909/2500 - train 0.227290 - val 0.224890
Epoch 910/2500 - train 0.228868 - val 0.234591
Epoch 911/2500 - train 0.227712 - val 0.228457
Epoch 912/2500 - train 0.230049 - val 0.220475
Epoch 913/2500 - train 0.227544 - val 0.227540
Epoch 914/2500 - train 0.228400 - val 0.229764
Epoch 915/2500 - train 0.232094 - val 0.229839
Epoch 916/2500 - train 0.228162 - val 0.242365
Epoch 917/2500 - train 0.230840 - val 0.231375
Epoch 918/2500 - train 0.229955 - val 0.229081
Epoch 919/2500 - train 0.230479 - val 0.226351
Epoch 920/2500 - train 0.228972 - val 0.222217
Epoch 921/2500 - train 0.225596 - val 0.223367
Epoch 922/2500 - train 0.227314 - val 0.223167
Epoch 923/2500 - train 0.227579 - val 0.219708
Epoch 924/2500 - train 0.228260 - val 0.226974
Epoch 925/2500 - train 0.225920 - val 0.230206
Epoch 926/2500 - train 0.229156 - val 0.223564
Epoch 927/2500 - train 0.225893 - val 0.221977
Epoch 928/2500 - train 0.229553 - val 0.228233
Epoch 929/2500 - train 0.229954 - val 0.219765
Epoch 930/2500 - train 0.224564 - val 0.218965
Epoch 931/2500 - train 0.227255 - val 0.228510
Epoch 932/2500 - train 0.226168 - val 0.231225
Epoch 933/2500 - train 0.227800 - val 0.229582
Epoch 934/2500 - train 0.227853 - val 0.226062
Epoch 935/2500 - train 0.231340 - val 0.229814
Epoch 936/2500 - train 0.231050 - val 0.235967
Epoch 937/2500 - train 0.229040 - val 0.222199
Epoch 938/2500 - train 0.228174 - val 0.228898
Epoch 939/2500 - train 0.229990 - val 0.232263
Epoch 940/2500 - train 0.229941 - val 0.232449
Epoch 941/2500 - train 0.227102 - val 0.228815
Epoch 942/2500 - train 0.228649 - val 0.224400
Epoch 943/2500 - train 0.227063 - val 0.219814
Epoch 944/2500 - train 0.225074 - val 0.225930
Epoch 945/2500 - train 0.226168 - val 0.232961
Epoch 946/2500 - train 0.229233 - val 0.227497
Epoch 947/2500 - train 0.227355 - val 0.224177
Epoch 948/2500 - train 0.226689 - val 0.225620
Epoch 949/2500 - train 0.229830 - val 0.225247
Epoch 950/2500 - train 0.227604 - val 0.234881
Epoch 951/2500 - train 0.232222 - val 0.237174
Epoch 952/2500 - train 0.230745 - val 0.224604
Epoch 953/2500 - train 0.226723 - val 0.226302
Epoch 954/2500 - train 0.225336 - val 0.231357
Epoch 955/2500 - train 0.229673 - val 0.224250
Epoch 956/2500 - train 0.226340 - val 0.223030
Epoch 957/2500 - train 0.226061 - val 0.224052
Epoch 958/2500 - train 0.227882 - val 0.222426
Epoch 959/2500 - train 0.228973 - val 0.223701
Epoch 960/2500 - train 0.227962 - val 0.221261
Epoch 961/2500 - train 0.227631 - val 0.221494
Epoch 962/2500 - train 0.227695 - val 0.232032
Epoch 963/2500 - train 0.239400 - val 0.237884
Epoch 964/2500 - train 0.231188 - val 0.230518
Epoch 965/2500 - train 0.232207 - val 0.232405
Epoch 966/2500 - train 0.229039 - val 0.224181
Epoch 967/2500 - train 0.229599 - val 0.223648
Epoch 968/2500 - train 0.227245 - val 0.229718
Epoch 969/2500 - train 0.229322 - val 0.225611
Epoch 970/2500 - train 0.229260 - val 0.225548
Epoch 971/2500 - train 0.228837 - val 0.224926
Epoch 972/2500 - train 0.227454 - val 0.228184
Epoch 973/2500 - train 0.230009 - val 0.227669
Epoch 974/2500 - train 0.231100 - val 0.224922
Epoch 975/2500 - train 0.227423 - val 0.236912
Epoch 976/2500 - train 0.234385 - val 0.239913
Epoch 977/2500 - train 0.231699 - val 0.225298
Epoch 978/2500 - train 0.227819 - val 0.230474
Epoch 979/2500 - train 0.230373 - val 0.228922
Epoch 980/2500 - train 0.227540 - val 0.232363
Epoch 981/2500 - train 0.226569 - val 0.221293
Epoch 982/2500 - train 0.226840 - val 0.232426
Epoch 983/2500 - train 0.229037 - val 0.228817
Epoch 984/2500 - train 0.227680 - val 0.228210
Epoch 985/2500 - train 0.229016 - val 0.233524
Epoch 986/2500 - train 0.231888 - val 0.225772
Epoch 987/2500 - train 0.229067 - val 0.227502
Epoch 988/2500 - train 0.229935 - val 0.226919
Epoch 989/2500 - train 0.226442 - val 0.222088
Epoch 990/2500 - train 0.227277 - val 0.236328
Epoch 991/2500 - train 0.231463 - val 0.223481
Epoch 992/2500 - train 0.225758 - val 0.233873
Epoch 993/2500 - train 0.230477 - val 0.233129
Epoch 994/2500 - train 0.225653 - val 0.227116
Epoch 995/2500 - train 0.225632 - val 0.229785
Epoch 996/2500 - train 0.230889 - val 0.223166
Epoch 997/2500 - train 0.225970 - val 0.228402
Epoch 998/2500 - train 0.227241 - val 0.227808
Epoch 999/2500 - train 0.233915 - val 0.229547
Epoch 1000/2500 - train 0.230771 - val 0.230785
Epoch 1001/2500 - train 0.229774 - val 0.230789
Epoch 1002/2500 - train 0.230660 - val 0.233222
Epoch 1003/2500 - train 0.227469 - val 0.229311
Epoch 1004/2500 - train 0.227894 - val 0.229508
Epoch 1005/2500 - train 0.230524 - val 0.230117
Epoch 1006/2500 - train 0.230313 - val 0.223415
Epoch 1007/2500 - train 0.228420 - val 0.216502
Epoch 1008/2500 - train 0.225861 - val 0.231602
Epoch 1009/2500 - train 0.228180 - val 0.222827
Epoch 1010/2500 - train 0.228334 - val 0.230314
Epoch 1011/2500 - train 0.229422 - val 0.228630
Epoch 1012/2500 - train 0.227712 - val 0.227879
Epoch 1013/2500 - train 0.229985 - val 0.226809
Epoch 1014/2500 - train 0.226350 - val 0.222795
Epoch 1015/2500 - train 0.227617 - val 0.228339
Epoch 1016/2500 - train 0.229416 - val 0.226193
Epoch 1017/2500 - train 0.226972 - val 0.245228
Epoch 1018/2500 - train 0.232921 - val 0.227189
Epoch 1019/2500 - train 0.227472 - val 0.222904
Epoch 1020/2500 - train 0.227634 - val 0.225757
Epoch 1021/2500 - train 0.225582 - val 0.229135
Epoch 1022/2500 - train 0.227868 - val 0.221334
Epoch 1023/2500 - train 0.225817 - val 0.231684
Epoch 1024/2500 - train 0.230223 - val 0.225343
Epoch 1025/2500 - train 0.227270 - val 0.237431
Epoch 1026/2500 - train 0.235724 - val 0.228432
Epoch 1027/2500 - train 0.229364 - val 0.229066
Epoch 1028/2500 - train 0.229607 - val 0.229071
Epoch 1029/2500 - train 0.228898 - val 0.226890
Epoch 1030/2500 - train 0.227225 - val 0.230021
Epoch 1031/2500 - train 0.226857 - val 0.236347
Epoch 1032/2500 - train 0.231448 - val 0.230005
Epoch 1033/2500 - train 0.226688 - val 0.228078
Epoch 1034/2500 - train 0.225668 - val 0.235858
Epoch 1035/2500 - train 0.230291 - val 0.226260
Epoch 1036/2500 - train 0.225033 - val 0.220046
Epoch 1037/2500 - train 0.229245 - val 0.230306
Epoch 1038/2500 - train 0.235594 - val 0.228069
Epoch 1039/2500 - train 0.227850 - val 0.221978
Epoch 1040/2500 - train 0.229199 - val 0.230519
Epoch 1041/2500 - train 0.229285 - val 0.228311
Epoch 1042/2500 - train 0.229249 - val 0.224117
Epoch 1043/2500 - train 0.229685 - val 0.225732
Epoch 1044/2500 - train 0.225120 - val 0.222500
Epoch 1045/2500 - train 0.226535 - val 0.224962
Epoch 1046/2500 - train 0.227009 - val 0.225730
Epoch 1047/2500 - train 0.226665 - val 0.223402
Epoch 1048/2500 - train 0.227572 - val 0.222798
Epoch 1049/2500 - train 0.227534 - val 0.228452
Epoch 1050/2500 - train 0.228387 - val 0.230581
Epoch 1051/2500 - train 0.229486 - val 0.222473
Epoch 1052/2500 - train 0.227000 - val 0.228583
Epoch 1053/2500 - train 0.226599 - val 0.227121
Epoch 1054/2500 - train 0.228303 - val 0.223624
Epoch 1055/2500 - train 0.226118 - val 0.231337
Epoch 1056/2500 - train 0.227243 - val 0.222374
Epoch 1057/2500 - train 0.228789 - val 0.229755
Epoch 1058/2500 - train 0.230411 - val 0.227421
Epoch 1059/2500 - train 0.226634 - val 0.221079
Epoch 1060/2500 - train 0.225598 - val 0.232972
Epoch 1061/2500 - train 0.228571 - val 0.223724
Epoch 1062/2500 - train 0.227921 - val 0.232652
Epoch 1063/2500 - train 0.231619 - val 0.230376
Epoch 1064/2500 - train 0.227663 - val 0.225834
Epoch 1065/2500 - train 0.229289 - val 0.228252
Epoch 1066/2500 - train 0.228172 - val 0.224692
Epoch 1067/2500 - train 0.226255 - val 0.230237
Epoch 1068/2500 - train 0.228326 - val 0.231646
Epoch 1069/2500 - train 0.229567 - val 0.224618
Epoch 1070/2500 - train 0.229930 - val 0.231814
Epoch 1071/2500 - train 0.230581 - val 0.229702
Epoch 1072/2500 - train 0.228476 - val 0.229709
Epoch 1073/2500 - train 0.229559 - val 0.221053
Epoch 1074/2500 - train 0.227205 - val 0.223663
Epoch 1075/2500 - train 0.227858 - val 0.251331
Epoch 1076/2500 - train 0.230155 - val 0.224776
Epoch 1077/2500 - train 0.229175 - val 0.227777
Epoch 1078/2500 - train 0.224992 - val 0.226986
Epoch 1079/2500 - train 0.228118 - val 0.232159
Epoch 1080/2500 - train 0.230582 - val 0.226356
Epoch 1081/2500 - train 0.226818 - val 0.236626
Epoch 1082/2500 - train 0.231256 - val 0.221909
Epoch 1083/2500 - train 0.227715 - val 0.245363
Epoch 1084/2500 - train 0.230409 - val 0.224381
Epoch 1085/2500 - train 0.226624 - val 0.232495
Epoch 1086/2500 - train 0.230396 - val 0.231748
Epoch 1087/2500 - train 0.230979 - val 0.223091
Epoch 1088/2500 - train 0.228506 - val 0.220668
Epoch 1089/2500 - train 0.226132 - val 0.228223
Epoch 1090/2500 - train 0.226304 - val 0.220184
Epoch 1091/2500 - train 0.227517 - val 0.232631
Epoch 1092/2500 - train 0.229918 - val 0.229408
Epoch 1093/2500 - train 0.235053 - val 0.221125
Epoch 1094/2500 - train 0.228011 - val 0.223873
Epoch 1095/2500 - train 0.228354 - val 0.233185
Epoch 1096/2500 - train 0.230258 - val 0.226364
Epoch 1097/2500 - train 0.228983 - val 0.231532
Epoch 1098/2500 - train 0.229786 - val 0.232947
Epoch 1099/2500 - train 0.229024 - val 0.223656
Epoch 1100/2500 - train 0.227767 - val 0.226578
Epoch 1101/2500 - train 0.228256 - val 0.229795
Epoch 1102/2500 - train 0.228872 - val 0.223071
Epoch 1103/2500 - train 0.227086 - val 0.224502
Epoch 1104/2500 - train 0.229929 - val 0.229087
Epoch 1105/2500 - train 0.228111 - val 0.226387
Epoch 1106/2500 - train 0.225926 - val 0.226079
Epoch 1107/2500 - train 0.227260 - val 0.228281
Epoch 1108/2500 - train 0.226929 - val 0.236875
Epoch 1109/2500 - train 0.233893 - val 0.221513
Epoch 1110/2500 - train 0.228534 - val 0.223117
Epoch 1111/2500 - train 0.223813 - val 0.231871
Epoch 1112/2500 - train 0.231634 - val 0.224076
Epoch 1113/2500 - train 0.227699 - val 0.223256
Epoch 1114/2500 - train 0.226746 - val 0.224150
Epoch 1115/2500 - train 0.226743 - val 0.227015
Epoch 1116/2500 - train 0.231298 - val 0.230816
Epoch 1117/2500 - train 0.229065 - val 0.230263
Epoch 1118/2500 - train 0.226802 - val 0.227556
Epoch 1119/2500 - train 0.228948 - val 0.226821
Epoch 1120/2500 - train 0.230594 - val 0.223749
Epoch 1121/2500 - train 0.229723 - val 0.234345
Epoch 1122/2500 - train 0.229876 - val 0.222094
Epoch 1123/2500 - train 0.225164 - val 0.227523
Epoch 1124/2500 - train 0.229656 - val 0.227877
Epoch 1125/2500 - train 0.230212 - val 0.227575
Epoch 1126/2500 - train 0.228566 - val 0.223026
Epoch 1127/2500 - train 0.226883 - val 0.233127
Epoch 1128/2500 - train 0.232096 - val 0.222872
Epoch 1129/2500 - train 0.230364 - val 0.232871
Epoch 1130/2500 - train 0.230857 - val 0.223046
Epoch 1131/2500 - train 0.226596 - val 0.232827
Epoch 1132/2500 - train 0.230081 - val 0.219598
Epoch 1133/2500 - train 0.225614 - val 0.227688
Epoch 1134/2500 - train 0.232234 - val 0.221671
Epoch 1135/2500 - train 0.229398 - val 0.233469
Epoch 1136/2500 - train 0.229719 - val 0.235776
Epoch 1137/2500 - train 0.230600 - val 0.222439
Epoch 1138/2500 - train 0.228179 - val 0.228273
Epoch 1139/2500 - train 0.230565 - val 0.224081
Epoch 1140/2500 - train 0.227987 - val 0.223028
Epoch 1141/2500 - train 0.228605 - val 0.222901
Epoch 1142/2500 - train 0.230594 - val 0.233714
Epoch 1143/2500 - train 0.231395 - val 0.225546
Epoch 1144/2500 - train 0.228296 - val 0.227877
Epoch 1145/2500 - train 0.228082 - val 0.223904
Epoch 1146/2500 - train 0.226865 - val 0.227663
Epoch 1147/2500 - train 0.227657 - val 0.228685
Epoch 1148/2500 - train 0.228460 - val 0.237250
Epoch 1149/2500 - train 0.232962 - val 0.235632
Epoch 1150/2500 - train 0.230234 - val 0.231015
Epoch 1151/2500 - train 0.230847 - val 0.230745
Epoch 1152/2500 - train 0.230306 - val 0.227640
Epoch 1153/2500 - train 0.227281 - val 0.223094
Epoch 1154/2500 - train 0.226804 - val 0.229213
Epoch 1155/2500 - train 0.230970 - val 0.228480
Epoch 1156/2500 - train 0.226797 - val 0.234595
Epoch 1157/2500 - train 0.229923 - val 0.229552
Epoch 1158/2500 - train 0.227463 - val 0.229492
Epoch 1159/2500 - train 0.225786 - val 0.229968
Epoch 1160/2500 - train 0.231538 - val 0.227447
Epoch 1161/2500 - train 0.229449 - val 0.224144
Epoch 1162/2500 - train 0.228575 - val 0.232571
Epoch 1163/2500 - train 0.228535 - val 0.233290
Epoch 1164/2500 - train 0.232654 - val 0.225349
Epoch 1165/2500 - train 0.227699 - val 0.227913
Epoch 1166/2500 - train 0.228021 - val 0.232955
Epoch 1167/2500 - train 0.233181 - val 0.231744
Epoch 1168/2500 - train 0.230488 - val 0.221893
Epoch 1169/2500 - train 0.229972 - val 0.239655
Epoch 1170/2500 - train 0.233809 - val 0.219936
Epoch 1171/2500 - train 0.228111 - val 0.237244
Epoch 1172/2500 - train 0.228037 - val 0.226295
Epoch 1173/2500 - train 0.228533 - val 0.228953
Epoch 1174/2500 - train 0.229696 - val 0.220728
Epoch 1175/2500 - train 0.226166 - val 0.234916
Epoch 1176/2500 - train 0.228294 - val 0.229556
Epoch 1177/2500 - train 0.232788 - val 0.228300
Epoch 1178/2500 - train 0.229361 - val 0.223114
Epoch 1179/2500 - train 0.229847 - val 0.225597
Epoch 1180/2500 - train 0.225691 - val 0.222888
Epoch 1181/2500 - train 0.227329 - val 0.234236
Epoch 1182/2500 - train 0.229488 - val 0.235201
Epoch 1183/2500 - train 0.231669 - val 0.226563
Epoch 1184/2500 - train 0.230500 - val 0.220953
Epoch 1185/2500 - train 0.228515 - val 0.231355
Epoch 1186/2500 - train 0.226938 - val 0.236013
Epoch 1187/2500 - train 0.231721 - val 0.226995
Epoch 1188/2500 - train 0.225395 - val 0.228696
Epoch 1189/2500 - train 0.227737 - val 0.224901
Epoch 1190/2500 - train 0.228329 - val 0.227175
Epoch 1191/2500 - train 0.227076 - val 0.224644
Epoch 1192/2500 - train 0.228332 - val 0.232415
Epoch 1193/2500 - train 0.227782 - val 0.226638
Epoch 1194/2500 - train 0.226290 - val 0.224553
Epoch 1195/2500 - train 0.228359 - val 0.221469
Epoch 1196/2500 - train 0.227393 - val 0.232391
Epoch 1197/2500 - train 0.229533 - val 0.222620
Epoch 1198/2500 - train 0.229990 - val 0.223369
Epoch 1199/2500 - train 0.228108 - val 0.226021
Epoch 1200/2500 - train 0.227380 - val 0.224578
Epoch 1201/2500 - train 0.227957 - val 0.236998
Epoch 1202/2500 - train 0.230631 - val 0.231449
Epoch 1203/2500 - train 0.231549 - val 0.224061
Epoch 1204/2500 - train 0.226309 - val 0.237888
Epoch 1205/2500 - train 0.237247 - val 0.231972
Epoch 1206/2500 - train 0.229125 - val 0.230735
Epoch 1207/2500 - train 0.229104 - val 0.228369
Epoch 1208/2500 - train 0.225797 - val 0.226334
Epoch 1209/2500 - train 0.226960 - val 0.227719
Epoch 1210/2500 - train 0.228178 - val 0.223250
Epoch 1211/2500 - train 0.226473 - val 0.225218
Epoch 1212/2500 - train 0.229244 - val 0.241940
Epoch 1213/2500 - train 0.231141 - val 0.227808
Epoch 1214/2500 - train 0.227776 - val 0.232095
Epoch 1215/2500 - train 0.225136 - val 0.229218
Epoch 1216/2500 - train 0.229140 - val 0.227420
Epoch 1217/2500 - train 0.227125 - val 0.230096
Epoch 1218/2500 - train 0.228691 - val 0.227409
Epoch 1219/2500 - train 0.230951 - val 0.232800
Epoch 1220/2500 - train 0.229988 - val 0.227383
Epoch 1221/2500 - train 0.230316 - val 0.224720
Epoch 1222/2500 - train 0.229029 - val 0.227076
Epoch 1223/2500 - train 0.230672 - val 0.225591
Epoch 1224/2500 - train 0.232018 - val 0.236332
Epoch 1225/2500 - train 0.233126 - val 0.229103
Epoch 1226/2500 - train 0.232576 - val 0.227578
Epoch 1227/2500 - train 0.228238 - val 0.223823
Epoch 1228/2500 - train 0.227756 - val 0.219393
Epoch 1229/2500 - train 0.225800 - val 0.230381
Epoch 1230/2500 - train 0.230282 - val 0.222776
Epoch 1231/2500 - train 0.225523 - val 0.235229
Epoch 1232/2500 - train 0.234214 - val 0.231456
Epoch 1233/2500 - train 0.229458 - val 0.234195
Epoch 1234/2500 - train 0.231819 - val 0.233816
Epoch 1235/2500 - train 0.231943 - val 0.225503
Epoch 1236/2500 - train 0.227509 - val 0.224640
Epoch 1237/2500 - train 0.226632 - val 0.230635
Epoch 1238/2500 - train 0.227067 - val 0.229962
Epoch 1239/2500 - train 0.230086 - val 0.224478
Epoch 1240/2500 - train 0.229993 - val 0.230298
Epoch 1241/2500 - train 0.228640 - val 0.228175
Epoch 1242/2500 - train 0.228366 - val 0.221098
Epoch 1243/2500 - train 0.224833 - val 0.226034
Epoch 1244/2500 - train 0.234506 - val 0.225203
Epoch 1245/2500 - train 0.229321 - val 0.229083
Epoch 1246/2500 - train 0.230064 - val 0.230405
Epoch 1247/2500 - train 0.231613 - val 0.226726
Epoch 1248/2500 - train 0.229641 - val 0.230583
Epoch 1249/2500 - train 0.226795 - val 0.220018
Epoch 1250/2500 - train 0.226732 - val 0.234036
Epoch 1251/2500 - train 0.228108 - val 0.227464
Epoch 1252/2500 - train 0.228778 - val 0.230098
Epoch 1253/2500 - train 0.228248 - val 0.232943
Epoch 1254/2500 - train 0.226810 - val 0.226111
Epoch 1255/2500 - train 0.228665 - val 0.228048
Epoch 1256/2500 - train 0.227834 - val 0.233466
Epoch 1257/2500 - train 0.229970 - val 0.234657
Epoch 1258/2500 - train 0.229828 - val 0.234725
Epoch 1259/2500 - train 0.231649 - val 0.247800
Epoch 1260/2500 - train 0.229897 - val 0.221386
Epoch 1261/2500 - train 0.226588 - val 0.234499
Epoch 1262/2500 - train 0.231403 - val 0.230751
Epoch 1263/2500 - train 0.231815 - val 0.226826
Epoch 1264/2500 - train 0.228807 - val 0.218199
Epoch 1265/2500 - train 0.225734 - val 0.222662
Epoch 1266/2500 - train 0.225696 - val 0.225980
Epoch 1267/2500 - train 0.232895 - val 0.231545
Epoch 1268/2500 - train 0.229327 - val 0.224905
Epoch 1269/2500 - train 0.229470 - val 0.237150
Epoch 1270/2500 - train 0.230135 - val 0.226885
Epoch 1271/2500 - train 0.225513 - val 0.240126
Epoch 1272/2500 - train 0.228251 - val 0.226671
Epoch 1273/2500 - train 0.225794 - val 0.235406
Epoch 1274/2500 - train 0.228495 - val 0.236271
Epoch 1275/2500 - train 0.228314 - val 0.219361
Epoch 1276/2500 - train 0.226400 - val 0.238712
Epoch 1277/2500 - train 0.229966 - val 0.226814
Epoch 1278/2500 - train 0.226766 - val 0.233214
Epoch 1279/2500 - train 0.227574 - val 0.236679
Epoch 1280/2500 - train 0.230433 - val 0.224917
Epoch 1281/2500 - train 0.227667 - val 0.221599
Epoch 1282/2500 - train 0.228267 - val 0.229390
Epoch 1283/2500 - train 0.231242 - val 0.227571
Epoch 1284/2500 - train 0.228637 - val 0.233270
Epoch 1285/2500 - train 0.229182 - val 0.230295
Epoch 1286/2500 - train 0.230507 - val 0.221924
Epoch 1287/2500 - train 0.224275 - val 0.220218
Epoch 1288/2500 - train 0.226477 - val 0.224297
Epoch 1289/2500 - train 0.226051 - val 0.232519
Epoch 1290/2500 - train 0.228199 - val 0.229820
Epoch 1291/2500 - train 0.229070 - val 0.223882
Epoch 1292/2500 - train 0.225582 - val 0.223493
Epoch 1293/2500 - train 0.229274 - val 0.228855
Epoch 1294/2500 - train 0.227039 - val 0.237911
Epoch 1295/2500 - train 0.233002 - val 0.225268
Epoch 1296/2500 - train 0.227760 - val 0.228439
Epoch 1297/2500 - train 0.229134 - val 0.229772
Epoch 1298/2500 - train 0.228925 - val 0.227062
Epoch 1299/2500 - train 0.228810 - val 0.241310
Epoch 1300/2500 - train 0.234117 - val 0.239649
Epoch 1301/2500 - train 0.231116 - val 0.223558
Epoch 1302/2500 - train 0.229400 - val 0.225985
Epoch 1303/2500 - train 0.233228 - val 0.225400
Epoch 1304/2500 - train 0.231364 - val 0.225834
Epoch 1305/2500 - train 0.226774 - val 0.220695
Epoch 1306/2500 - train 0.228301 - val 0.225276
Epoch 1307/2500 - train 0.229982 - val 0.224390
Epoch 1308/2500 - train 0.227023 - val 0.238100
Epoch 1309/2500 - train 0.234231 - val 0.222251
Epoch 1310/2500 - train 0.226822 - val 0.229022
Epoch 1311/2500 - train 0.225972 - val 0.228810
Epoch 1312/2500 - train 0.230826 - val 0.225374
Epoch 1313/2500 - train 0.227174 - val 0.226261
Epoch 1314/2500 - train 0.228804 - val 0.225124
Epoch 1315/2500 - train 0.226463 - val 0.228381
Epoch 1316/2500 - train 0.227725 - val 0.221232
Epoch 1317/2500 - train 0.227658 - val 0.230556
Epoch 1318/2500 - train 0.232927 - val 0.227564
Epoch 1319/2500 - train 0.230016 - val 0.221089
Epoch 1320/2500 - train 0.226241 - val 0.223892
Epoch 1321/2500 - train 0.227380 - val 0.231217
Epoch 1322/2500 - train 0.227147 - val 0.220905
Epoch 1323/2500 - train 0.228234 - val 0.228589
Epoch 1324/2500 - train 0.231809 - val 0.229779
Epoch 1325/2500 - train 0.230169 - val 0.236070
Epoch 1326/2500 - train 0.233736 - val 0.235206
Epoch 1327/2500 - train 0.229308 - val 0.233089
Epoch 1328/2500 - train 0.228468 - val 0.231194
Epoch 1329/2500 - train 0.226417 - val 0.229566
Epoch 1330/2500 - train 0.227404 - val 0.223755
Epoch 1331/2500 - train 0.227871 - val 0.222128
Epoch 1332/2500 - train 0.226938 - val 0.226884
Epoch 1333/2500 - train 0.231906 - val 0.221620
Epoch 1334/2500 - train 0.229245 - val 0.223209
Epoch 1335/2500 - train 0.225824 - val 0.229716
Epoch 1336/2500 - train 0.225873 - val 0.234050
Epoch 1337/2500 - train 0.230702 - val 0.226090
Epoch 1338/2500 - train 0.227351 - val 0.226299
Epoch 1339/2500 - train 0.230486 - val 0.228715
Epoch 1340/2500 - train 0.227645 - val 0.241036
Epoch 1341/2500 - train 0.233293 - val 0.226258
Epoch 1342/2500 - train 0.227364 - val 0.223587
Epoch 1343/2500 - train 0.228222 - val 0.227267
Epoch 1344/2500 - train 0.230083 - val 0.220539
Epoch 1345/2500 - train 0.229971 - val 0.237043
Epoch 1346/2500 - train 0.230388 - val 0.232374
Epoch 1347/2500 - train 0.231327 - val 0.224172
Epoch 1348/2500 - train 0.227939 - val 0.220959
Epoch 1349/2500 - train 0.231834 - val 0.223502
Epoch 1350/2500 - train 0.226377 - val 0.235261
Epoch 1351/2500 - train 0.231731 - val 0.233007
Epoch 1352/2500 - train 0.230373 - val 0.234942
Epoch 1353/2500 - train 0.231215 - val 0.233769
Epoch 1354/2500 - train 0.228997 - val 0.222702
Epoch 1355/2500 - train 0.225824 - val 0.230280
Epoch 1356/2500 - train 0.227013 - val 0.235259
Epoch 1357/2500 - train 0.231419 - val 0.226621
Epoch 1358/2500 - train 0.227947 - val 0.227844
Epoch 1359/2500 - train 0.228958 - val 0.232787
Epoch 1360/2500 - train 0.228468 - val 0.223905
Epoch 1361/2500 - train 0.227282 - val 0.227750
Epoch 1362/2500 - train 0.230413 - val 0.224198
Epoch 1363/2500 - train 0.225864 - val 0.225340
Epoch 1364/2500 - train 0.226683 - val 0.224852
Epoch 1365/2500 - train 0.226284 - val 0.219002
Epoch 1366/2500 - train 0.227832 - val 0.240751
Epoch 1367/2500 - train 0.231073 - val 0.232078
Epoch 1368/2500 - train 0.228062 - val 0.224932
Epoch 1369/2500 - train 0.224771 - val 0.230522
Epoch 1370/2500 - train 0.228991 - val 0.223423
Epoch 1371/2500 - train 0.229257 - val 0.223021
Epoch 1372/2500 - train 0.227107 - val 0.232998
Epoch 1373/2500 - train 0.235863 - val 0.220465
Epoch 1374/2500 - train 0.228934 - val 0.235245
Epoch 1375/2500 - train 0.229865 - val 0.229339
Epoch 1376/2500 - train 0.226581 - val 0.223809
Epoch 1377/2500 - train 0.227673 - val 0.221332
Epoch 1378/2500 - train 0.225552 - val 0.238678
Epoch 1379/2500 - train 0.231028 - val 0.228893
Epoch 1380/2500 - train 0.226651 - val 0.227166
Epoch 1381/2500 - train 0.232223 - val 0.226701
Epoch 1382/2500 - train 0.231150 - val 0.234009
Epoch 1383/2500 - train 0.230053 - val 0.223809
Epoch 1384/2500 - train 0.228043 - val 0.235279
Epoch 1385/2500 - train 0.230064 - val 0.230261
Epoch 1386/2500 - train 0.231403 - val 0.231842
Epoch 1387/2500 - train 0.229095 - val 0.234349
Epoch 1388/2500 - train 0.233010 - val 0.225151
Epoch 1389/2500 - train 0.227817 - val 0.222483
Epoch 1390/2500 - train 0.226271 - val 0.224173
Epoch 1391/2500 - train 0.226383 - val 0.228900
Epoch 1392/2500 - train 0.230179 - val 0.236027
Epoch 1393/2500 - train 0.228443 - val 0.228947
Epoch 1394/2500 - train 0.230116 - val 0.234157
Epoch 1395/2500 - train 0.229725 - val 0.226940
Epoch 1396/2500 - train 0.227177 - val 0.226641
Epoch 1397/2500 - train 0.229530 - val 0.227455
Epoch 1398/2500 - train 0.224876 - val 0.223476
Epoch 1399/2500 - train 0.228509 - val 0.227318
Epoch 1400/2500 - train 0.229440 - val 0.225463
Epoch 1401/2500 - train 0.228968 - val 0.225146
Epoch 1402/2500 - train 0.229933 - val 0.225013
Epoch 1403/2500 - train 0.228986 - val 0.230936
Epoch 1404/2500 - train 0.228818 - val 0.225819
Epoch 1405/2500 - train 0.230306 - val 0.236894
Epoch 1406/2500 - train 0.229201 - val 0.221656
Epoch 1407/2500 - train 0.229754 - val 0.222370
Epoch 1408/2500 - train 0.227653 - val 0.238229
Epoch 1409/2500 - train 0.229147 - val 0.222998
Epoch 1410/2500 - train 0.227231 - val 0.229126
Epoch 1411/2500 - train 0.228792 - val 0.229767
Epoch 1412/2500 - train 0.230514 - val 0.230555
Epoch 1413/2500 - train 0.227171 - val 0.222702
Epoch 1414/2500 - train 0.225720 - val 0.229752
Epoch 1415/2500 - train 0.229158 - val 0.235255
Epoch 1416/2500 - train 0.229212 - val 0.231585
Epoch 1417/2500 - train 0.228610 - val 0.222160
Epoch 1418/2500 - train 0.227197 - val 0.219124
Epoch 1419/2500 - train 0.226831 - val 0.230704
Epoch 1420/2500 - train 0.226800 - val 0.229409
Epoch 1421/2500 - train 0.230536 - val 0.230303
Epoch 1422/2500 - train 0.229168 - val 0.227425
Epoch 1423/2500 - train 0.227587 - val 0.223672
Epoch 1424/2500 - train 0.226460 - val 0.227799
Epoch 1425/2500 - train 0.227917 - val 0.221087
Epoch 1426/2500 - train 0.228436 - val 0.231470
Epoch 1427/2500 - train 0.230329 - val 0.232014
Epoch 1428/2500 - train 0.231377 - val 0.221749
Epoch 1429/2500 - train 0.226354 - val 0.224013
Epoch 1430/2500 - train 0.227348 - val 0.233518
Epoch 1431/2500 - train 0.230663 - val 0.227373
Epoch 1432/2500 - train 0.229539 - val 0.227779
Epoch 1433/2500 - train 0.229953 - val 0.226189
Epoch 1434/2500 - train 0.230524 - val 0.232037
Epoch 1435/2500 - train 0.231618 - val 0.238529
Epoch 1436/2500 - train 0.232183 - val 0.236431
Epoch 1437/2500 - train 0.230700 - val 0.227145
Epoch 1438/2500 - train 0.228164 - val 0.225739
Epoch 1439/2500 - train 0.228955 - val 0.222184
Epoch 1440/2500 - train 0.229689 - val 0.233443
Epoch 1441/2500 - train 0.229142 - val 0.238853
Epoch 1442/2500 - train 0.230721 - val 0.221588
Epoch 1443/2500 - train 0.226052 - val 0.221180
Epoch 1444/2500 - train 0.228120 - val 0.236342
Epoch 1445/2500 - train 0.230279 - val 0.226112
Epoch 1446/2500 - train 0.226477 - val 0.226472
Epoch 1447/2500 - train 0.229028 - val 0.227368
Epoch 1448/2500 - train 0.229142 - val 0.228266
Epoch 1449/2500 - train 0.226791 - val 0.229277
Epoch 1450/2500 - train 0.228124 - val 0.229500
Epoch 1451/2500 - train 0.228469 - val 0.225244
Epoch 1452/2500 - train 0.230498 - val 0.224594
Epoch 1453/2500 - train 0.227154 - val 0.219587
Epoch 1454/2500 - train 0.225680 - val 0.223456
Epoch 1455/2500 - train 0.226437 - val 0.231193
Epoch 1456/2500 - train 0.227953 - val 0.233349
Epoch 1457/2500 - train 0.228825 - val 0.232269
Epoch 1458/2500 - train 0.229392 - val 0.228587
Epoch 1459/2500 - train 0.228986 - val 0.232188
Epoch 1460/2500 - train 0.230985 - val 0.226484
Epoch 1461/2500 - train 0.229339 - val 0.228754
Epoch 1462/2500 - train 0.228329 - val 0.224711
Epoch 1463/2500 - train 0.227914 - val 0.226329
Epoch 1464/2500 - train 0.228438 - val 0.226383
Epoch 1465/2500 - train 0.228083 - val 0.228438
Epoch 1466/2500 - train 0.230437 - val 0.232572
Epoch 1467/2500 - train 0.228936 - val 0.230156
Epoch 1468/2500 - train 0.227904 - val 0.231353
Epoch 1469/2500 - train 0.230829 - val 0.232379
Epoch 1470/2500 - train 0.229446 - val 0.234374
Epoch 1471/2500 - train 0.228780 - val 0.230008
Epoch 1472/2500 - train 0.233898 - val 0.221848
Epoch 1473/2500 - train 0.227230 - val 0.227822
Epoch 1474/2500 - train 0.229100 - val 0.230836
Epoch 1475/2500 - train 0.227056 - val 0.234387
Epoch 1476/2500 - train 0.230253 - val 0.223199
Epoch 1477/2500 - train 0.228384 - val 0.224822
Epoch 1478/2500 - train 0.226875 - val 0.232093
Epoch 1479/2500 - train 0.231614 - val 0.228502
Epoch 1480/2500 - train 0.232804 - val 0.226099
Epoch 1481/2500 - train 0.226843 - val 0.223149
Epoch 1482/2500 - train 0.226173 - val 0.225885
Epoch 1483/2500 - train 0.230270 - val 0.237109
Epoch 1484/2500 - train 0.230288 - val 0.225135
Epoch 1485/2500 - train 0.227787 - val 0.231260
Epoch 1486/2500 - train 0.230070 - val 0.236532
Epoch 1487/2500 - train 0.235958 - val 0.221556
Epoch 1488/2500 - train 0.229424 - val 0.219726
Epoch 1489/2500 - train 0.227541 - val 0.224607
Epoch 1490/2500 - train 0.229442 - val 0.234781
Epoch 1491/2500 - train 0.232172 - val 0.230650
Epoch 1492/2500 - train 0.231655 - val 0.231170
Epoch 1493/2500 - train 0.231367 - val 0.235841
Epoch 1494/2500 - train 0.228383 - val 0.231548
Epoch 1495/2500 - train 0.229769 - val 0.226991
Epoch 1496/2500 - train 0.227680 - val 0.226408
Epoch 1497/2500 - train 0.228437 - val 0.229365
Epoch 1498/2500 - train 0.227461 - val 0.228245
Epoch 1499/2500 - train 0.228694 - val 0.226952
Epoch 1500/2500 - train 0.226736 - val 0.232879
Epoch 1501/2500 - train 0.229310 - val 0.227718
Epoch 1502/2500 - train 0.229838 - val 0.225908
Epoch 1503/2500 - train 0.229892 - val 0.223548
Epoch 1504/2500 - train 0.227435 - val 0.240152
Epoch 1505/2500 - train 0.231533 - val 0.229712
Epoch 1506/2500 - train 0.228312 - val 0.223427
Epoch 1507/2500 - train 0.226799 - val 0.225056
Epoch 1508/2500 - train 0.226791 - val 0.224060
Epoch 1509/2500 - train 0.228450 - val 0.225094
Epoch 1510/2500 - train 0.228993 - val 0.230909
Epoch 1511/2500 - train 0.231246 - val 0.227194
Epoch 1512/2500 - train 0.228805 - val 0.233420
Epoch 1513/2500 - train 0.229518 - val 0.230821
Epoch 1514/2500 - train 0.230791 - val 0.230175
Epoch 1515/2500 - train 0.231161 - val 0.226061
Epoch 1516/2500 - train 0.231683 - val 0.225862
Epoch 1517/2500 - train 0.229507 - val 0.225215
Epoch 1518/2500 - train 0.227285 - val 0.231195
Epoch 1519/2500 - train 0.229676 - val 0.220740
Epoch 1520/2500 - train 0.225559 - val 0.229814
Epoch 1521/2500 - train 0.228958 - val 0.226657
Epoch 1522/2500 - train 0.229189 - val 0.232928
Epoch 1523/2500 - train 0.235489 - val 0.223380
Epoch 1524/2500 - train 0.227844 - val 0.227117
Epoch 1525/2500 - train 0.227907 - val 0.231258
Epoch 1526/2500 - train 0.230523 - val 0.225397
Epoch 1527/2500 - train 0.226864 - val 0.231754
Epoch 1528/2500 - train 0.232198 - val 0.239064
Epoch 1529/2500 - train 0.229415 - val 0.228413
Epoch 1530/2500 - train 0.229605 - val 0.236351
Epoch 1531/2500 - train 0.231425 - val 0.221186
Epoch 1532/2500 - train 0.227506 - val 0.230728
Epoch 1533/2500 - train 0.230743 - val 0.223401
Epoch 1534/2500 - train 0.228619 - val 0.222737
Epoch 1535/2500 - train 0.227027 - val 0.229782
Epoch 1536/2500 - train 0.229778 - val 0.229319
Epoch 1537/2500 - train 0.228917 - val 0.224175
Epoch 1538/2500 - train 0.227606 - val 0.234549
Epoch 1539/2500 - train 0.230157 - val 0.232856
Epoch 1540/2500 - train 0.227486 - val 0.229342
Epoch 1541/2500 - train 0.228742 - val 0.225723
Epoch 1542/2500 - train 0.228195 - val 0.233100
Epoch 1543/2500 - train 0.228885 - val 0.231720
Epoch 1544/2500 - train 0.227587 - val 0.240821
Epoch 1545/2500 - train 0.230604 - val 0.226258
Epoch 1546/2500 - train 0.228787 - val 0.235743
Epoch 1547/2500 - train 0.228961 - val 0.229074
Epoch 1548/2500 - train 0.227403 - val 0.222377
Epoch 1549/2500 - train 0.225515 - val 0.230472
Epoch 1550/2500 - train 0.235575 - val 0.223055
Epoch 1551/2500 - train 0.227297 - val 0.238900
Epoch 1552/2500 - train 0.232666 - val 0.236854
Epoch 1553/2500 - train 0.231379 - val 0.222155
Epoch 1554/2500 - train 0.227481 - val 0.227122
Epoch 1555/2500 - train 0.230971 - val 0.222173
Epoch 1556/2500 - train 0.225785 - val 0.227372
Epoch 1557/2500 - train 0.227505 - val 0.225727
Epoch 1558/2500 - train 0.227753 - val 0.244734
Epoch 1559/2500 - train 0.231738 - val 0.235100
Epoch 1560/2500 - train 0.229899 - val 0.231934
Epoch 1561/2500 - train 0.229142 - val 0.222073
Epoch 1562/2500 - train 0.228180 - val 0.224262
Epoch 1563/2500 - train 0.228655 - val 0.223150
Epoch 1564/2500 - train 0.227416 - val 0.225203
Epoch 1565/2500 - train 0.228238 - val 0.239938
Epoch 1566/2500 - train 0.230098 - val 0.230507
Epoch 1567/2500 - train 0.227267 - val 0.234491
Epoch 1568/2500 - train 0.228388 - val 0.221326
Epoch 1569/2500 - train 0.225017 - val 0.228231
Epoch 1570/2500 - train 0.229149 - val 0.228526
Epoch 1571/2500 - train 0.228274 - val 0.224301
Epoch 1572/2500 - train 0.226344 - val 0.230205
Epoch 1573/2500 - train 0.229114 - val 0.223777
Epoch 1574/2500 - train 0.228293 - val 0.227943
Epoch 1575/2500 - train 0.228553 - val 0.220428
Epoch 1576/2500 - train 0.226784 - val 0.232713
Epoch 1577/2500 - train 0.229754 - val 0.227095
Epoch 1578/2500 - train 0.226808 - val 0.231406
Epoch 1579/2500 - train 0.228600 - val 0.221283
Epoch 1580/2500 - train 0.229927 - val 0.225436
Epoch 1581/2500 - train 0.227362 - val 0.231141
Epoch 1582/2500 - train 0.228046 - val 0.223786
Epoch 1583/2500 - train 0.226860 - val 0.225243
Epoch 1584/2500 - train 0.227492 - val 0.224605
Epoch 1585/2500 - train 0.225306 - val 0.226580
Epoch 1586/2500 - train 0.226868 - val 0.231831
Epoch 1587/2500 - train 0.227990 - val 0.222924
Epoch 1588/2500 - train 0.227945 - val 0.227400
Epoch 1589/2500 - train 0.231998 - val 0.239328
Epoch 1590/2500 - train 0.229008 - val 0.227519
Epoch 1591/2500 - train 0.227809 - val 0.243560
Epoch 1592/2500 - train 0.231076 - val 0.224778
Epoch 1593/2500 - train 0.227601 - val 0.227882
Epoch 1594/2500 - train 0.227923 - val 0.233198
Epoch 1595/2500 - train 0.231918 - val 0.230357
Epoch 1596/2500 - train 0.230112 - val 0.225437
Epoch 1597/2500 - train 0.228381 - val 0.225858
Epoch 1598/2500 - train 0.228407 - val 0.226472
Epoch 1599/2500 - train 0.228311 - val 0.222824
Epoch 1600/2500 - train 0.227552 - val 0.224474
Epoch 1601/2500 - train 0.228372 - val 0.227342
Epoch 1602/2500 - train 0.229305 - val 0.225101
Epoch 1603/2500 - train 0.230582 - val 0.238862
Epoch 1604/2500 - train 0.228726 - val 0.231247
Epoch 1605/2500 - train 0.227796 - val 0.224577
Epoch 1606/2500 - train 0.225582 - val 0.245816
Epoch 1607/2500 - train 0.239159 - val 0.229110
Epoch 1608/2500 - train 0.227412 - val 0.230459
Epoch 1609/2500 - train 0.229611 - val 0.230320
Epoch 1610/2500 - train 0.225506 - val 0.226566
Epoch 1611/2500 - train 0.227141 - val 0.232886
Epoch 1612/2500 - train 0.229208 - val 0.228601
Epoch 1613/2500 - train 0.231258 - val 0.237026
Epoch 1614/2500 - train 0.228854 - val 0.227182
Epoch 1615/2500 - train 0.227319 - val 0.224092
Epoch 1616/2500 - train 0.225232 - val 0.245104
Epoch 1617/2500 - train 0.233129 - val 0.225691
Epoch 1618/2500 - train 0.231529 - val 0.234005
Epoch 1619/2500 - train 0.228681 - val 0.233404
Epoch 1620/2500 - train 0.226714 - val 0.225845
Epoch 1621/2500 - train 0.225098 - val 0.223838
Epoch 1622/2500 - train 0.227960 - val 0.227791
Epoch 1623/2500 - train 0.228153 - val 0.226476
Epoch 1624/2500 - train 0.228516 - val 0.228624
Epoch 1625/2500 - train 0.229232 - val 0.224837
Epoch 1626/2500 - train 0.228678 - val 0.228192
Epoch 1627/2500 - train 0.227913 - val 0.233085
Epoch 1628/2500 - train 0.229766 - val 0.235484
Epoch 1629/2500 - train 0.230822 - val 0.226973
Epoch 1630/2500 - train 0.228387 - val 0.230214
Epoch 1631/2500 - train 0.228848 - val 0.232812
Epoch 1632/2500 - train 0.226621 - val 0.235773
Epoch 1633/2500 - train 0.229798 - val 0.224780
Epoch 1634/2500 - train 0.226920 - val 0.223670
Epoch 1635/2500 - train 0.227721 - val 0.228807
Epoch 1636/2500 - train 0.230696 - val 0.223926
Epoch 1637/2500 - train 0.229274 - val 0.227969
Epoch 1638/2500 - train 0.229049 - val 0.220521
Epoch 1639/2500 - train 0.228569 - val 0.226681
Epoch 1640/2500 - train 0.227456 - val 0.231738
Epoch 1641/2500 - train 0.227505 - val 0.241588
Epoch 1642/2500 - train 0.234601 - val 0.225499
Epoch 1643/2500 - train 0.230639 - val 0.231445
Epoch 1644/2500 - train 0.227586 - val 0.223952
Epoch 1645/2500 - train 0.227711 - val 0.234563
Epoch 1646/2500 - train 0.232530 - val 0.225940
Epoch 1647/2500 - train 0.227407 - val 0.227251
Epoch 1648/2500 - train 0.226981 - val 0.222177
Epoch 1649/2500 - train 0.225346 - val 0.228121
Epoch 1650/2500 - train 0.228685 - val 0.229056
Epoch 1651/2500 - train 0.226899 - val 0.220293
Epoch 1652/2500 - train 0.226653 - val 0.228302
Epoch 1653/2500 - train 0.226974 - val 0.226375
Epoch 1654/2500 - train 0.225810 - val 0.232160
Epoch 1655/2500 - train 0.232372 - val 0.242075
Epoch 1656/2500 - train 0.231046 - val 0.235805
Epoch 1657/2500 - train 0.228986 - val 0.226214
Epoch 1658/2500 - train 0.229270 - val 0.233380
Epoch 1659/2500 - train 0.227291 - val 0.222992
Epoch 1660/2500 - train 0.229438 - val 0.228520
Epoch 1661/2500 - train 0.229676 - val 0.228151
Epoch 1662/2500 - train 0.228440 - val 0.229257
Epoch 1663/2500 - train 0.227327 - val 0.226586
Epoch 1664/2500 - train 0.228686 - val 0.228043
Epoch 1665/2500 - train 0.226972 - val 0.229774
Epoch 1666/2500 - train 0.228325 - val 0.225016
Epoch 1667/2500 - train 0.226429 - val 0.229429
Epoch 1668/2500 - train 0.229690 - val 0.232868
Epoch 1669/2500 - train 0.235826 - val 0.232115
Epoch 1670/2500 - train 0.231974 - val 0.221358
Epoch 1671/2500 - train 0.226416 - val 0.224012
Epoch 1672/2500 - train 0.225684 - val 0.232080
Epoch 1673/2500 - train 0.230502 - val 0.228124
Epoch 1674/2500 - train 0.230876 - val 0.226310
Epoch 1675/2500 - train 0.227161 - val 0.229944
Epoch 1676/2500 - train 0.227928 - val 0.227774
Epoch 1677/2500 - train 0.229032 - val 0.226104
Epoch 1678/2500 - train 0.226942 - val 0.233223
Epoch 1679/2500 - train 0.228325 - val 0.226763
Epoch 1680/2500 - train 0.226652 - val 0.223625
Epoch 1681/2500 - train 0.229137 - val 0.230202
Epoch 1682/2500 - train 0.227866 - val 0.225301
Epoch 1683/2500 - train 0.229125 - val 0.234357
Epoch 1684/2500 - train 0.227730 - val 0.231722
Epoch 1685/2500 - train 0.231808 - val 0.231958
Epoch 1686/2500 - train 0.230374 - val 0.226443
Epoch 1687/2500 - train 0.230214 - val 0.235700
Epoch 1688/2500 - train 0.233656 - val 0.234775
Epoch 1689/2500 - train 0.229199 - val 0.228889
Epoch 1690/2500 - train 0.228283 - val 0.230147
Epoch 1691/2500 - train 0.228007 - val 0.225876
Epoch 1692/2500 - train 0.228228 - val 0.224418
Epoch 1693/2500 - train 0.227493 - val 0.235024
Epoch 1694/2500 - train 0.229477 - val 0.242586
Epoch 1695/2500 - train 0.233555 - val 0.227503
Epoch 1696/2500 - train 0.226059 - val 0.224213
Epoch 1697/2500 - train 0.225004 - val 0.236392
Epoch 1698/2500 - train 0.232019 - val 0.232539
Epoch 1699/2500 - train 0.227750 - val 0.236773
Epoch 1700/2500 - train 0.228044 - val 0.233504
Epoch 1701/2500 - train 0.231711 - val 0.224454
Epoch 1702/2500 - train 0.228333 - val 0.228178
Epoch 1703/2500 - train 0.226519 - val 0.236266
Epoch 1704/2500 - train 0.229042 - val 0.231062
Epoch 1705/2500 - train 0.227676 - val 0.228667
Epoch 1706/2500 - train 0.231358 - val 0.227687
Epoch 1707/2500 - train 0.228170 - val 0.229568
Epoch 1708/2500 - train 0.230795 - val 0.225799
Epoch 1709/2500 - train 0.226451 - val 0.228559
Epoch 1710/2500 - train 0.228563 - val 0.227899
Epoch 1711/2500 - train 0.226815 - val 0.239433
Epoch 1712/2500 - train 0.227869 - val 0.222946
Epoch 1713/2500 - train 0.225956 - val 0.227301
Epoch 1714/2500 - train 0.226619 - val 0.232440
Epoch 1715/2500 - train 0.227879 - val 0.222669
Epoch 1716/2500 - train 0.225993 - val 0.226967
Epoch 1717/2500 - train 0.227055 - val 0.232261
Epoch 1718/2500 - train 0.229486 - val 0.231432
Epoch 1719/2500 - train 0.229405 - val 0.232424
Epoch 1720/2500 - train 0.226732 - val 0.224725
Epoch 1721/2500 - train 0.229412 - val 0.238421
Epoch 1722/2500 - train 0.233677 - val 0.230039
Epoch 1723/2500 - train 0.227426 - val 0.223569
Epoch 1724/2500 - train 0.226409 - val 0.230116
Epoch 1725/2500 - train 0.227974 - val 0.220728
Epoch 1726/2500 - train 0.228267 - val 0.220863
Epoch 1727/2500 - train 0.228703 - val 0.222413
Epoch 1728/2500 - train 0.225355 - val 0.235855
Epoch 1729/2500 - train 0.231316 - val 0.228634
Epoch 1730/2500 - train 0.228818 - val 0.231734
Epoch 1731/2500 - train 0.230982 - val 0.230094
Epoch 1732/2500 - train 0.227650 - val 0.226285
Epoch 1733/2500 - train 0.226581 - val 0.234969
Epoch 1734/2500 - train 0.231195 - val 0.226133
Epoch 1735/2500 - train 0.226623 - val 0.233531
Epoch 1736/2500 - train 0.234046 - val 0.226307
Epoch 1737/2500 - train 0.228493 - val 0.228204
Epoch 1738/2500 - train 0.229737 - val 0.222970
Epoch 1739/2500 - train 0.226810 - val 0.228594
Epoch 1740/2500 - train 0.228939 - val 0.225985
Epoch 1741/2500 - train 0.228370 - val 0.229115
Epoch 1742/2500 - train 0.230043 - val 0.229624
Epoch 1743/2500 - train 0.231309 - val 0.226370
Epoch 1744/2500 - train 0.226374 - val 0.223772
Epoch 1745/2500 - train 0.227885 - val 0.235674
Epoch 1746/2500 - train 0.228799 - val 0.228732
Epoch 1747/2500 - train 0.230789 - val 0.223679
Epoch 1748/2500 - train 0.227765 - val 0.237468
Epoch 1749/2500 - train 0.231010 - val 0.226317
Epoch 1750/2500 - train 0.225329 - val 0.233169
Epoch 1751/2500 - train 0.229347 - val 0.226784
Epoch 1752/2500 - train 0.229500 - val 0.231117
Epoch 1753/2500 - train 0.233542 - val 0.228651
Epoch 1754/2500 - train 0.231601 - val 0.231190
Epoch 1755/2500 - train 0.231428 - val 0.223899
Epoch 1756/2500 - train 0.227420 - val 0.239784
Epoch 1757/2500 - train 0.229621 - val 0.223818
Epoch 1758/2500 - train 0.229020 - val 0.228338
Epoch 1759/2500 - train 0.228454 - val 0.227934
Epoch 1760/2500 - train 0.228086 - val 0.240523
Epoch 1761/2500 - train 0.233107 - val 0.230149
Epoch 1762/2500 - train 0.228128 - val 0.232973
Epoch 1763/2500 - train 0.228245 - val 0.228366
Epoch 1764/2500 - train 0.232345 - val 0.233419
Epoch 1765/2500 - train 0.229089 - val 0.228820
Epoch 1766/2500 - train 0.228530 - val 0.220824
Epoch 1767/2500 - train 0.225977 - val 0.238765
Epoch 1768/2500 - train 0.232504 - val 0.219342
Epoch 1769/2500 - train 0.226091 - val 0.231185
Epoch 1770/2500 - train 0.226286 - val 0.228267
Epoch 1771/2500 - train 0.229375 - val 0.222427
Epoch 1772/2500 - train 0.227896 - val 0.225269
Epoch 1773/2500 - train 0.228440 - val 0.227816
Epoch 1774/2500 - train 0.228405 - val 0.230737
Epoch 1775/2500 - train 0.230239 - val 0.222845
Epoch 1776/2500 - train 0.230171 - val 0.227226
Epoch 1777/2500 - train 0.228773 - val 0.220330
Epoch 1778/2500 - train 0.226171 - val 0.228486
Epoch 1779/2500 - train 0.228333 - val 0.235220
Epoch 1780/2500 - train 0.232010 - val 0.222893
Epoch 1781/2500 - train 0.228357 - val 0.231561
Epoch 1782/2500 - train 0.228870 - val 0.227281
Epoch 1783/2500 - train 0.227895 - val 0.230734
Epoch 1784/2500 - train 0.236615 - val 0.225549
Epoch 1785/2500 - train 0.230605 - val 0.225965
Epoch 1786/2500 - train 0.228127 - val 0.238507
Epoch 1787/2500 - train 0.232527 - val 0.227608
Epoch 1788/2500 - train 0.226364 - val 0.230330
Epoch 1789/2500 - train 0.230831 - val 0.221433
Epoch 1790/2500 - train 0.227778 - val 0.231598
Epoch 1791/2500 - train 0.229506 - val 0.238984
Epoch 1792/2500 - train 0.234734 - val 0.236700
Epoch 1793/2500 - train 0.227367 - val 0.236600
Epoch 1794/2500 - train 0.228998 - val 0.223591
Epoch 1795/2500 - train 0.229304 - val 0.237438
Epoch 1796/2500 - train 0.226846 - val 0.233724
Epoch 1797/2500 - train 0.230375 - val 0.229921
Epoch 1798/2500 - train 0.229904 - val 0.225832
Epoch 1799/2500 - train 0.228130 - val 0.226543
Epoch 1800/2500 - train 0.226951 - val 0.221611
Epoch 1801/2500 - train 0.226446 - val 0.231332
Epoch 1802/2500 - train 0.228647 - val 0.226190
Epoch 1803/2500 - train 0.227553 - val 0.224945
Epoch 1804/2500 - train 0.227321 - val 0.221141
Epoch 1805/2500 - train 0.227177 - val 0.233740
Epoch 1806/2500 - train 0.232611 - val 0.225759
Epoch 1807/2500 - train 0.228811 - val 0.227743
Epoch 1808/2500 - train 0.227174 - val 0.224672
Epoch 1809/2500 - train 0.226738 - val 0.236226
Epoch 1810/2500 - train 0.232815 - val 0.224431
Epoch 1811/2500 - train 0.229077 - val 0.225856
Epoch 1812/2500 - train 0.229787 - val 0.226980
Epoch 1813/2500 - train 0.240897 - val 0.230220
Epoch 1814/2500 - train 0.230707 - val 0.225281
Epoch 1815/2500 - train 0.233005 - val 0.221712
Epoch 1816/2500 - train 0.227944 - val 0.221247
Epoch 1817/2500 - train 0.227681 - val 0.227137
Epoch 1818/2500 - train 0.229037 - val 0.231186
Epoch 1819/2500 - train 0.230297 - val 0.224997
Epoch 1820/2500 - train 0.230016 - val 0.242673
Epoch 1821/2500 - train 0.234055 - val 0.243598
Epoch 1822/2500 - train 0.233971 - val 0.221951
Epoch 1823/2500 - train 0.227906 - val 0.226955
Epoch 1824/2500 - train 0.227156 - val 0.220698
Epoch 1825/2500 - train 0.225202 - val 0.227446
Epoch 1826/2500 - train 0.226827 - val 0.228367
Epoch 1827/2500 - train 0.230841 - val 0.228153
Epoch 1828/2500 - train 0.230311 - val 0.230532
Epoch 1829/2500 - train 0.228010 - val 0.233654
Epoch 1830/2500 - train 0.231344 - val 0.236008
Epoch 1831/2500 - train 0.227881 - val 0.227970
Epoch 1832/2500 - train 0.233213 - val 0.232882
Epoch 1833/2500 - train 0.229908 - val 0.226993
Epoch 1834/2500 - train 0.228483 - val 0.234967
Epoch 1835/2500 - train 0.228913 - val 0.226244
Epoch 1836/2500 - train 0.227424 - val 0.225579
Epoch 1837/2500 - train 0.228628 - val 0.227029
Epoch 1838/2500 - train 0.228497 - val 0.219716
Epoch 1839/2500 - train 0.225235 - val 0.230629
Epoch 1840/2500 - train 0.228799 - val 0.235817
Epoch 1841/2500 - train 0.226808 - val 0.235238
Epoch 1842/2500 - train 0.231427 - val 0.226291
Epoch 1843/2500 - train 0.228162 - val 0.228718
Epoch 1844/2500 - train 0.227585 - val 0.229429
Epoch 1845/2500 - train 0.228545 - val 0.238056
Epoch 1846/2500 - train 0.231304 - val 0.236899
Epoch 1847/2500 - train 0.237904 - val 0.223930
Epoch 1848/2500 - train 0.227157 - val 0.222029
Epoch 1849/2500 - train 0.228226 - val 0.227490
Epoch 1850/2500 - train 0.227280 - val 0.239527
Epoch 1851/2500 - train 0.232477 - val 0.223018
Epoch 1852/2500 - train 0.226993 - val 0.224773
Epoch 1853/2500 - train 0.227248 - val 0.234178
Epoch 1854/2500 - train 0.233987 - val 0.233947
Epoch 1855/2500 - train 0.231143 - val 0.227051
Epoch 1856/2500 - train 0.227090 - val 0.241874
Epoch 1857/2500 - train 0.232875 - val 0.228511
Epoch 1858/2500 - train 0.228338 - val 0.248789
Epoch 1859/2500 - train 0.230979 - val 0.222572
Epoch 1860/2500 - train 0.227673 - val 0.221140
Epoch 1861/2500 - train 0.226437 - val 0.234709
Epoch 1862/2500 - train 0.226861 - val 0.230253
Epoch 1863/2500 - train 0.227076 - val 0.227711
Epoch 1864/2500 - train 0.229650 - val 0.223422
Epoch 1865/2500 - train 0.225820 - val 0.230119
Epoch 1866/2500 - train 0.230028 - val 0.230350
Epoch 1867/2500 - train 0.230942 - val 0.223889
Epoch 1868/2500 - train 0.228164 - val 0.222420
Epoch 1869/2500 - train 0.228646 - val 0.224932
Epoch 1870/2500 - train 0.226561 - val 0.228439
Epoch 1871/2500 - train 0.228246 - val 0.229683
Epoch 1872/2500 - train 0.228030 - val 0.226519
Epoch 1873/2500 - train 0.229956 - val 0.231761
Epoch 1874/2500 - train 0.227332 - val 0.228393
Epoch 1875/2500 - train 0.228648 - val 0.231747
Epoch 1876/2500 - train 0.228047 - val 0.237100
Epoch 1877/2500 - train 0.229415 - val 0.222874
Epoch 1878/2500 - train 0.227218 - val 0.238656
Epoch 1879/2500 - train 0.228179 - val 0.226540
Epoch 1880/2500 - train 0.229733 - val 0.224176
Epoch 1881/2500 - train 0.226438 - val 0.240524
Epoch 1882/2500 - train 0.235065 - val 0.224948
Epoch 1883/2500 - train 0.228766 - val 0.230415
Epoch 1884/2500 - train 0.230456 - val 0.240548
Epoch 1885/2500 - train 0.235275 - val 0.228510
Epoch 1886/2500 - train 0.229663 - val 0.230081
Epoch 1887/2500 - train 0.228252 - val 0.230635
Epoch 1888/2500 - train 0.229805 - val 0.234490
Epoch 1889/2500 - train 0.231813 - val 0.222153
Epoch 1890/2500 - train 0.224517 - val 0.239885
Epoch 1891/2500 - train 0.228580 - val 0.233979
Epoch 1892/2500 - train 0.233656 - val 0.228668
Epoch 1893/2500 - train 0.230321 - val 0.222459
Epoch 1894/2500 - train 0.229891 - val 0.224847
Epoch 1895/2500 - train 0.229310 - val 0.219651
Epoch 1896/2500 - train 0.226168 - val 0.236751
Epoch 1897/2500 - train 0.228610 - val 0.231754
Epoch 1898/2500 - train 0.230537 - val 0.223721
Epoch 1899/2500 - train 0.227178 - val 0.225041
Epoch 1900/2500 - train 0.229271 - val 0.228079
Epoch 1901/2500 - train 0.229385 - val 0.231082
Epoch 1902/2500 - train 0.229455 - val 0.229014
Epoch 1903/2500 - train 0.228310 - val 0.231284
Epoch 1904/2500 - train 0.226038 - val 0.230405
Epoch 1905/2500 - train 0.229489 - val 0.231990
Epoch 1906/2500 - train 0.232971 - val 0.232870
Epoch 1907/2500 - train 0.231876 - val 0.218447
Epoch 1908/2500 - train 0.225847 - val 0.224040
Epoch 1909/2500 - train 0.228187 - val 0.222116
Epoch 1910/2500 - train 0.226917 - val 0.232494
Epoch 1911/2500 - train 0.228616 - val 0.220550
Epoch 1912/2500 - train 0.227528 - val 0.219893
Epoch 1913/2500 - train 0.228195 - val 0.236739
Epoch 1914/2500 - train 0.229062 - val 0.231335
Epoch 1915/2500 - train 0.226344 - val 0.228770
Epoch 1916/2500 - train 0.234866 - val 0.224406
Epoch 1917/2500 - train 0.230422 - val 0.239513
Epoch 1918/2500 - train 0.230835 - val 0.228416
Epoch 1919/2500 - train 0.231809 - val 0.229667
Epoch 1920/2500 - train 0.231061 - val 0.230015
Epoch 1921/2500 - train 0.229947 - val 0.228093
Epoch 1922/2500 - train 0.229255 - val 0.229174
Epoch 1923/2500 - train 0.229268 - val 0.227888
Epoch 1924/2500 - train 0.230782 - val 0.234584
Epoch 1925/2500 - train 0.231800 - val 0.224856
Epoch 1926/2500 - train 0.228896 - val 0.227639
Epoch 1927/2500 - train 0.232399 - val 0.223652
Epoch 1928/2500 - train 0.229604 - val 0.222212
Epoch 1929/2500 - train 0.229406 - val 0.228433
Epoch 1930/2500 - train 0.228967 - val 0.235340
Epoch 1931/2500 - train 0.230727 - val 0.223815
Epoch 1932/2500 - train 0.229961 - val 0.224866
Epoch 1933/2500 - train 0.230286 - val 0.227471
Epoch 1934/2500 - train 0.228501 - val 0.224382
Epoch 1935/2500 - train 0.227336 - val 0.224240
Epoch 1936/2500 - train 0.227338 - val 0.224299
Epoch 1937/2500 - train 0.226850 - val 0.223348
Epoch 1938/2500 - train 0.227673 - val 0.235320
Epoch 1939/2500 - train 0.230702 - val 0.236280
Epoch 1940/2500 - train 0.229095 - val 0.225559
Epoch 1941/2500 - train 0.226810 - val 0.223117
Epoch 1942/2500 - train 0.229516 - val 0.223623
Epoch 1943/2500 - train 0.228856 - val 0.226765
Epoch 1944/2500 - train 0.228486 - val 0.222376
Epoch 1945/2500 - train 0.227139 - val 0.229918
Epoch 1946/2500 - train 0.235940 - val 0.223993
Epoch 1947/2500 - train 0.228760 - val 0.224989
Epoch 1948/2500 - train 0.227161 - val 0.237300
Epoch 1949/2500 - train 0.228959 - val 0.223703
Epoch 1950/2500 - train 0.224831 - val 0.222631
Epoch 1951/2500 - train 0.229968 - val 0.230131
Epoch 1952/2500 - train 0.230668 - val 0.233137
Epoch 1953/2500 - train 0.227553 - val 0.246023
Epoch 1954/2500 - train 0.229677 - val 0.236678
Epoch 1955/2500 - train 0.228961 - val 0.223544
Epoch 1956/2500 - train 0.225417 - val 0.227430
Epoch 1957/2500 - train 0.225829 - val 0.224250
Epoch 1958/2500 - train 0.227657 - val 0.238843
Epoch 1959/2500 - train 0.229637 - val 0.241752
Epoch 1960/2500 - train 0.231904 - val 0.231187
Epoch 1961/2500 - train 0.230258 - val 0.231527
Epoch 1962/2500 - train 0.229267 - val 0.227466
Epoch 1963/2500 - train 0.228277 - val 0.227934
Epoch 1964/2500 - train 0.228495 - val 0.224107
Epoch 1965/2500 - train 0.226408 - val 0.229904
Epoch 1966/2500 - train 0.230622 - val 0.230006
Epoch 1967/2500 - train 0.230500 - val 0.225174
Epoch 1968/2500 - train 0.227581 - val 0.223434
Epoch 1969/2500 - train 0.228516 - val 0.227391
Epoch 1970/2500 - train 0.227557 - val 0.237367
Epoch 1971/2500 - train 0.230028 - val 0.229169
Epoch 1972/2500 - train 0.229142 - val 0.226810
Epoch 1973/2500 - train 0.228862 - val 0.226706
Epoch 1974/2500 - train 0.226505 - val 0.224537
Epoch 1975/2500 - train 0.226847 - val 0.222820
Epoch 1976/2500 - train 0.227640 - val 0.230336
Epoch 1977/2500 - train 0.229212 - val 0.228291
Epoch 1978/2500 - train 0.225252 - val 0.242911
Epoch 1979/2500 - train 0.235510 - val 0.229227
Epoch 1980/2500 - train 0.230254 - val 0.221597
Epoch 1981/2500 - train 0.228486 - val 0.221663
Epoch 1982/2500 - train 0.226323 - val 0.230753
Epoch 1983/2500 - train 0.227285 - val 0.227196
Epoch 1984/2500 - train 0.228753 - val 0.233362
Epoch 1985/2500 - train 0.226966 - val 0.235138
Epoch 1986/2500 - train 0.229149 - val 0.218862
Epoch 1987/2500 - train 0.228816 - val 0.226819
Epoch 1988/2500 - train 0.229076 - val 0.230601
Epoch 1989/2500 - train 0.230522 - val 0.223538
Epoch 1990/2500 - train 0.227678 - val 0.232361
Epoch 1991/2500 - train 0.228949 - val 0.245499
Epoch 1992/2500 - train 0.231469 - val 0.224983
Epoch 1993/2500 - train 0.226930 - val 0.225724
Epoch 1994/2500 - train 0.225097 - val 0.227809
Epoch 1995/2500 - train 0.226511 - val 0.236300
Epoch 1996/2500 - train 0.228266 - val 0.223281
Epoch 1997/2500 - train 0.228915 - val 0.235691
Epoch 1998/2500 - train 0.235277 - val 0.224139
Epoch 1999/2500 - train 0.228708 - val 0.228726
Epoch 2000/2500 - train 0.228594 - val 0.227465
Epoch 2001/2500 - train 0.226571 - val 0.227478
Epoch 2002/2500 - train 0.228223 - val 0.236572
Epoch 2003/2500 - train 0.232236 - val 0.224881
Epoch 2004/2500 - train 0.224655 - val 0.232309
Epoch 2005/2500 - train 0.227307 - val 0.231166
Epoch 2006/2500 - train 0.228395 - val 0.224452
Epoch 2007/2500 - train 0.227423 - val 0.226270
Epoch 2008/2500 - train 0.228636 - val 0.227574
Epoch 2009/2500 - train 0.230758 - val 0.228603
Epoch 2010/2500 - train 0.231408 - val 0.222933
Epoch 2011/2500 - train 0.225451 - val 0.227489
Epoch 2012/2500 - train 0.226973 - val 0.224573
Epoch 2013/2500 - train 0.228183 - val 0.228437
Epoch 2014/2500 - train 0.229201 - val 0.229102
Epoch 2015/2500 - train 0.232705 - val 0.238323
Epoch 2016/2500 - train 0.231314 - val 0.235386
Epoch 2017/2500 - train 0.231785 - val 0.227812
Epoch 2018/2500 - train 0.228239 - val 0.227603
Epoch 2019/2500 - train 0.229784 - val 0.220153
Epoch 2020/2500 - train 0.228677 - val 0.233122
Epoch 2021/2500 - train 0.231501 - val 0.234598
Epoch 2022/2500 - train 0.228295 - val 0.235424
Epoch 2023/2500 - train 0.230950 - val 0.221158
Epoch 2024/2500 - train 0.227075 - val 0.221017
Epoch 2025/2500 - train 0.227639 - val 0.234591
Epoch 2026/2500 - train 0.230948 - val 0.231127
Epoch 2027/2500 - train 0.229559 - val 0.230555
Epoch 2028/2500 - train 0.227720 - val 0.231202
Epoch 2029/2500 - train 0.232152 - val 0.233240
Epoch 2030/2500 - train 0.229786 - val 0.227560
Epoch 2031/2500 - train 0.226356 - val 0.226521
Epoch 2032/2500 - train 0.226561 - val 0.225168
Epoch 2033/2500 - train 0.229275 - val 0.226456
Epoch 2034/2500 - train 0.227673 - val 0.224533
Epoch 2035/2500 - train 0.232571 - val 0.229033
Epoch 2036/2500 - train 0.232159 - val 0.237359
Epoch 2037/2500 - train 0.229836 - val 0.229786
Epoch 2038/2500 - train 0.231155 - val 0.225631
Epoch 2039/2500 - train 0.226776 - val 0.231755
Epoch 2040/2500 - train 0.228431 - val 0.223312
Epoch 2041/2500 - train 0.224191 - val 0.221439
Epoch 2042/2500 - train 0.226837 - val 0.232442
Epoch 2043/2500 - train 0.232637 - val 0.233564
Epoch 2044/2500 - train 0.233224 - val 0.223410
Epoch 2045/2500 - train 0.227961 - val 0.231462
Epoch 2046/2500 - train 0.234043 - val 0.222114
Epoch 2047/2500 - train 0.227757 - val 0.232118
Epoch 2048/2500 - train 0.229127 - val 0.232881
Epoch 2049/2500 - train 0.227314 - val 0.225394
Epoch 2050/2500 - train 0.226494 - val 0.233287
Epoch 2051/2500 - train 0.229776 - val 0.229624
Epoch 2052/2500 - train 0.228729 - val 0.222651
Epoch 2053/2500 - train 0.228799 - val 0.226634
Epoch 2054/2500 - train 0.227313 - val 0.241469
Epoch 2055/2500 - train 0.228828 - val 0.233108
Epoch 2056/2500 - train 0.229802 - val 0.232661
Epoch 2057/2500 - train 0.227458 - val 0.226397
Epoch 2058/2500 - train 0.225770 - val 0.226070
Epoch 2059/2500 - train 0.226313 - val 0.228434
Epoch 2060/2500 - train 0.227924 - val 0.233905
Epoch 2061/2500 - train 0.232216 - val 0.226577
Epoch 2062/2500 - train 0.228262 - val 0.224836
Epoch 2063/2500 - train 0.226875 - val 0.225227
Epoch 2064/2500 - train 0.226863 - val 0.225721
Epoch 2065/2500 - train 0.229148 - val 0.220214
Epoch 2066/2500 - train 0.229241 - val 0.229465
Epoch 2067/2500 - train 0.229568 - val 0.229038
Epoch 2068/2500 - train 0.226326 - val 0.233535
Epoch 2069/2500 - train 0.231949 - val 0.228105
Epoch 2070/2500 - train 0.228801 - val 0.233850
Epoch 2071/2500 - train 0.231303 - val 0.228430
Epoch 2072/2500 - train 0.230355 - val 0.233383
Epoch 2073/2500 - train 0.229016 - val 0.231458
Epoch 2074/2500 - train 0.231753 - val 0.227389
Epoch 2075/2500 - train 0.229285 - val 0.230542
Epoch 2076/2500 - train 0.228926 - val 0.226048
Epoch 2077/2500 - train 0.226468 - val 0.231114
Epoch 2078/2500 - train 0.229342 - val 0.228994
Epoch 2079/2500 - train 0.229211 - val 0.226410
Epoch 2080/2500 - train 0.229428 - val 0.226204
Epoch 2081/2500 - train 0.228810 - val 0.235526
Epoch 2082/2500 - train 0.230207 - val 0.223892
Epoch 2083/2500 - train 0.228476 - val 0.223463
Epoch 2084/2500 - train 0.227070 - val 0.223763
Epoch 2085/2500 - train 0.226341 - val 0.229545
Epoch 2086/2500 - train 0.229245 - val 0.221742
Epoch 2087/2500 - train 0.228740 - val 0.224965
Epoch 2088/2500 - train 0.228460 - val 0.226841
Epoch 2089/2500 - train 0.226095 - val 0.229086
Epoch 2090/2500 - train 0.226995 - val 0.230711
Epoch 2091/2500 - train 0.228463 - val 0.226434
Epoch 2092/2500 - train 0.228332 - val 0.228455
Epoch 2093/2500 - train 0.232809 - val 0.232374
Epoch 2094/2500 - train 0.233122 - val 0.231399
Epoch 2095/2500 - train 0.229291 - val 0.227667
Epoch 2096/2500 - train 0.230864 - val 0.231590
Epoch 2097/2500 - train 0.227444 - val 0.240283
Epoch 2098/2500 - train 0.232183 - val 0.232628
Epoch 2099/2500 - train 0.228517 - val 0.236398
Epoch 2100/2500 - train 0.229725 - val 0.229554
Epoch 2101/2500 - train 0.229158 - val 0.230442
Epoch 2102/2500 - train 0.228513 - val 0.225957
Epoch 2103/2500 - train 0.225689 - val 0.221245
Epoch 2104/2500 - train 0.227538 - val 0.221673
Epoch 2105/2500 - train 0.226243 - val 0.228182
Epoch 2106/2500 - train 0.229639 - val 0.231049
Epoch 2107/2500 - train 0.227208 - val 0.223340
Epoch 2108/2500 - train 0.230445 - val 0.221061
Epoch 2109/2500 - train 0.225987 - val 0.231667
Epoch 2110/2500 - train 0.229671 - val 0.225921
Epoch 2111/2500 - train 0.225673 - val 0.242717
Epoch 2112/2500 - train 0.229598 - val 0.224868
Epoch 2113/2500 - train 0.228782 - val 0.224047
Epoch 2114/2500 - train 0.227677 - val 0.227913
Epoch 2115/2500 - train 0.228464 - val 0.237628
Epoch 2116/2500 - train 0.230966 - val 0.228007
Epoch 2117/2500 - train 0.230253 - val 0.222352
Epoch 2118/2500 - train 0.226411 - val 0.237880
Epoch 2119/2500 - train 0.230939 - val 0.221428
Epoch 2120/2500 - train 0.228243 - val 0.228220
Epoch 2121/2500 - train 0.229816 - val 0.234163
Epoch 2122/2500 - train 0.230000 - val 0.235918
Epoch 2123/2500 - train 0.234910 - val 0.226456
Epoch 2124/2500 - train 0.230229 - val 0.220767
Epoch 2125/2500 - train 0.226589 - val 0.250229
Epoch 2126/2500 - train 0.230267 - val 0.223540
Epoch 2127/2500 - train 0.226090 - val 0.225508
Epoch 2128/2500 - train 0.229058 - val 0.227715
Epoch 2129/2500 - train 0.232807 - val 0.234157
Epoch 2130/2500 - train 0.232398 - val 0.231357
Epoch 2131/2500 - train 0.228671 - val 0.230573
Epoch 2132/2500 - train 0.231018 - val 0.221684
Epoch 2133/2500 - train 0.227205 - val 0.228920
Epoch 2134/2500 - train 0.227277 - val 0.226014
Epoch 2135/2500 - train 0.227177 - val 0.223686
Epoch 2136/2500 - train 0.229644 - val 0.225395
Epoch 2137/2500 - train 0.229778 - val 0.229386
Epoch 2138/2500 - train 0.228522 - val 0.221089
Epoch 2139/2500 - train 0.224799 - val 0.226709
Epoch 2140/2500 - train 0.230808 - val 0.228073
Epoch 2141/2500 - train 0.231534 - val 0.231389
Epoch 2142/2500 - train 0.226968 - val 0.219152
Epoch 2143/2500 - train 0.229085 - val 0.227023
Epoch 2144/2500 - train 0.229998 - val 0.223221
Epoch 2145/2500 - train 0.226342 - val 0.220682
Epoch 2146/2500 - train 0.227198 - val 0.228381
Epoch 2147/2500 - train 0.229951 - val 0.224986
Epoch 2148/2500 - train 0.226973 - val 0.239244
Epoch 2149/2500 - train 0.230340 - val 0.226376
Epoch 2150/2500 - train 0.230542 - val 0.223884
Epoch 2151/2500 - train 0.226001 - val 0.228029
Epoch 2152/2500 - train 0.233257 - val 0.228975
Epoch 2153/2500 - train 0.227968 - val 0.223439
Epoch 2154/2500 - train 0.225984 - val 0.231837
Epoch 2155/2500 - train 0.232323 - val 0.226298
Epoch 2156/2500 - train 0.232084 - val 0.230463
Epoch 2157/2500 - train 0.230645 - val 0.226140
Epoch 2158/2500 - train 0.227801 - val 0.230702
Epoch 2159/2500 - train 0.229479 - val 0.226331
Epoch 2160/2500 - train 0.230807 - val 0.225514
Epoch 2161/2500 - train 0.227954 - val 0.224797
Epoch 2162/2500 - train 0.226564 - val 0.229965
Epoch 2163/2500 - train 0.232076 - val 0.237456
Epoch 2164/2500 - train 0.231963 - val 0.222622
Epoch 2165/2500 - train 0.229280 - val 0.237845
Epoch 2166/2500 - train 0.234094 - val 0.222837
Epoch 2167/2500 - train 0.228307 - val 0.222430
Epoch 2168/2500 - train 0.225334 - val 0.227081
Epoch 2169/2500 - train 0.226995 - val 0.220389
Epoch 2170/2500 - train 0.226187 - val 0.227610
Epoch 2171/2500 - train 0.226580 - val 0.230184
Epoch 2172/2500 - train 0.234187 - val 0.226690
Epoch 2173/2500 - train 0.229312 - val 0.223336
Epoch 2174/2500 - train 0.225995 - val 0.230363
Epoch 2175/2500 - train 0.231943 - val 0.252414
Epoch 2176/2500 - train 0.234072 - val 0.222974
Epoch 2177/2500 - train 0.227533 - val 0.230696
Epoch 2178/2500 - train 0.232176 - val 0.226999
Epoch 2179/2500 - train 0.227780 - val 0.230320
Epoch 2180/2500 - train 0.226794 - val 0.230635
Epoch 2181/2500 - train 0.231541 - val 0.225373
Epoch 2182/2500 - train 0.226456 - val 0.225649
Epoch 2183/2500 - train 0.229897 - val 0.227329
Epoch 2184/2500 - train 0.229303 - val 0.232561
Epoch 2185/2500 - train 0.230647 - val 0.225242
Epoch 2186/2500 - train 0.226508 - val 0.232785
Epoch 2187/2500 - train 0.231936 - val 0.224451
Epoch 2188/2500 - train 0.225999 - val 0.230251
Epoch 2189/2500 - train 0.228845 - val 0.228004
Epoch 2190/2500 - train 0.226592 - val 0.228828
Epoch 2191/2500 - train 0.226988 - val 0.230584
Epoch 2192/2500 - train 0.228872 - val 0.232978
Epoch 2193/2500 - train 0.229486 - val 0.233591
Epoch 2194/2500 - train 0.231936 - val 0.219606
Epoch 2195/2500 - train 0.228182 - val 0.225729
Epoch 2196/2500 - train 0.227873 - val 0.226979
Epoch 2197/2500 - train 0.228401 - val 0.231341
Epoch 2198/2500 - train 0.230947 - val 0.226640
Epoch 2199/2500 - train 0.227136 - val 0.231271
Epoch 2200/2500 - train 0.235045 - val 0.231702
Epoch 2201/2500 - train 0.229529 - val 0.221750
Epoch 2202/2500 - train 0.226138 - val 0.223047
Epoch 2203/2500 - train 0.227592 - val 0.223019
Epoch 2204/2500 - train 0.228307 - val 0.226123
Epoch 2205/2500 - train 0.227092 - val 0.234468
Epoch 2206/2500 - train 0.228826 - val 0.224725
Epoch 2207/2500 - train 0.227422 - val 0.219401
Epoch 2208/2500 - train 0.224434 - val 0.226877
Epoch 2209/2500 - train 0.230063 - val 0.228676
Epoch 2210/2500 - train 0.226606 - val 0.223234
Epoch 2211/2500 - train 0.226942 - val 0.226493
Epoch 2212/2500 - train 0.229374 - val 0.230127
Epoch 2213/2500 - train 0.226120 - val 0.225314
Epoch 2214/2500 - train 0.228041 - val 0.248268
Epoch 2215/2500 - train 0.230761 - val 0.229171
Epoch 2216/2500 - train 0.231397 - val 0.227736
Epoch 2217/2500 - train 0.229326 - val 0.225596
Epoch 2218/2500 - train 0.229376 - val 0.230390
Epoch 2219/2500 - train 0.231785 - val 0.233146
Epoch 2220/2500 - train 0.227946 - val 0.229577
Epoch 2221/2500 - train 0.226986 - val 0.225257
Epoch 2222/2500 - train 0.230709 - val 0.228833
Epoch 2223/2500 - train 0.228442 - val 0.223439
Epoch 2224/2500 - train 0.226010 - val 0.222916
Epoch 2225/2500 - train 0.226825 - val 0.225578
Epoch 2226/2500 - train 0.227409 - val 0.221872
Epoch 2227/2500 - train 0.230576 - val 0.224765
Epoch 2228/2500 - train 0.231205 - val 0.225754
Epoch 2229/2500 - train 0.229178 - val 0.227960
Epoch 2230/2500 - train 0.228001 - val 0.225005
Epoch 2231/2500 - train 0.227947 - val 0.226640
Epoch 2232/2500 - train 0.226616 - val 0.232503
Epoch 2233/2500 - train 0.229831 - val 0.223377
Epoch 2234/2500 - train 0.228461 - val 0.222694
Epoch 2235/2500 - train 0.228712 - val 0.222473
Epoch 2236/2500 - train 0.226862 - val 0.227190
Epoch 2237/2500 - train 0.231213 - val 0.224690
Epoch 2238/2500 - train 0.227274 - val 0.227381
Epoch 2239/2500 - train 0.227973 - val 0.222632
Epoch 2240/2500 - train 0.226943 - val 0.227932
Epoch 2241/2500 - train 0.227457 - val 0.225482
Epoch 2242/2500 - train 0.228001 - val 0.221925
Epoch 2243/2500 - train 0.229590 - val 0.229047
Epoch 2244/2500 - train 0.230470 - val 0.230067
Epoch 2245/2500 - train 0.228616 - val 0.235620
Epoch 2246/2500 - train 0.234974 - val 0.225850
Epoch 2247/2500 - train 0.228205 - val 0.226486
Epoch 2248/2500 - train 0.228719 - val 0.230927
Epoch 2249/2500 - train 0.229628 - val 0.223308
Epoch 2250/2500 - train 0.227135 - val 0.231744
Epoch 2251/2500 - train 0.232632 - val 0.220542
Epoch 2252/2500 - train 0.228059 - val 0.221081
Epoch 2253/2500 - train 0.226191 - val 0.231190
Epoch 2254/2500 - train 0.231161 - val 0.228069
Epoch 2255/2500 - train 0.229225 - val 0.224348
Epoch 2256/2500 - train 0.227540 - val 0.231318
Epoch 2257/2500 - train 0.228774 - val 0.230050
Epoch 2258/2500 - train 0.230321 - val 0.222995
Epoch 2259/2500 - train 0.229212 - val 0.225202
Epoch 2260/2500 - train 0.228361 - val 0.225499
Epoch 2261/2500 - train 0.228961 - val 0.229434
Epoch 2262/2500 - train 0.231765 - val 0.225496
Epoch 2263/2500 - train 0.226759 - val 0.230263
Epoch 2264/2500 - train 0.228757 - val 0.231407
Epoch 2265/2500 - train 0.227840 - val 0.231691
Epoch 2266/2500 - train 0.229336 - val 0.235058
Epoch 2267/2500 - train 0.228682 - val 0.234313
Epoch 2268/2500 - train 0.233244 - val 0.235446
Epoch 2269/2500 - train 0.237048 - val 0.233164
Epoch 2270/2500 - train 0.229625 - val 0.236086
Epoch 2271/2500 - train 0.229096 - val 0.231044
Epoch 2272/2500 - train 0.229236 - val 0.225735
Epoch 2273/2500 - train 0.229751 - val 0.242517
Epoch 2274/2500 - train 0.228848 - val 0.224907
Epoch 2275/2500 - train 0.226227 - val 0.231509
Epoch 2276/2500 - train 0.228473 - val 0.224323
Epoch 2277/2500 - train 0.227092 - val 0.224925
Epoch 2278/2500 - train 0.226921 - val 0.238000
Epoch 2279/2500 - train 0.229482 - val 0.234335
Epoch 2280/2500 - train 0.230624 - val 0.238149
Epoch 2281/2500 - train 0.231954 - val 0.223433
Epoch 2282/2500 - train 0.226340 - val 0.223961
Epoch 2283/2500 - train 0.225641 - val 0.231207
Epoch 2284/2500 - train 0.230325 - val 0.228992
Epoch 2285/2500 - train 0.229294 - val 0.229414
Epoch 2286/2500 - train 0.229507 - val 0.220600
Epoch 2287/2500 - train 0.229351 - val 0.224084
Epoch 2288/2500 - train 0.227828 - val 0.226372
Epoch 2289/2500 - train 0.226894 - val 0.240219
Epoch 2290/2500 - train 0.227922 - val 0.229430
Epoch 2291/2500 - train 0.228665 - val 0.229955
Epoch 2292/2500 - train 0.228227 - val 0.224833
Epoch 2293/2500 - train 0.226295 - val 0.235375
Epoch 2294/2500 - train 0.227024 - val 0.224065
Epoch 2295/2500 - train 0.228838 - val 0.228857
Epoch 2296/2500 - train 0.228338 - val 0.227434
Epoch 2297/2500 - train 0.229585 - val 0.227437
Epoch 2298/2500 - train 0.228447 - val 0.223279
Epoch 2299/2500 - train 0.230179 - val 0.227321
Epoch 2300/2500 - train 0.228684 - val 0.225747
Epoch 2301/2500 - train 0.228597 - val 0.228665
Epoch 2302/2500 - train 0.230892 - val 0.222127
Epoch 2303/2500 - train 0.225189 - val 0.227706
Epoch 2304/2500 - train 0.227349 - val 0.244907
Epoch 2305/2500 - train 0.228982 - val 0.224880
Epoch 2306/2500 - train 0.227008 - val 0.223139
Epoch 2307/2500 - train 0.229650 - val 0.228007
Epoch 2308/2500 - train 0.230510 - val 0.229379
Epoch 2309/2500 - train 0.231088 - val 0.230688
Epoch 2310/2500 - train 0.228044 - val 0.227026
Epoch 2311/2500 - train 0.229238 - val 0.224622
Epoch 2312/2500 - train 0.227313 - val 0.227595
Epoch 2313/2500 - train 0.229666 - val 0.228447
Epoch 2314/2500 - train 0.230794 - val 0.227658
Epoch 2315/2500 - train 0.229094 - val 0.230501
Epoch 2316/2500 - train 0.230961 - val 0.227761
Epoch 2317/2500 - train 0.230951 - val 0.223685
Epoch 2318/2500 - train 0.225137 - val 0.227488
Epoch 2319/2500 - train 0.232064 - val 0.225695
Epoch 2320/2500 - train 0.227033 - val 0.225768
Epoch 2321/2500 - train 0.228763 - val 0.228503
Epoch 2322/2500 - train 0.232460 - val 0.220246
Epoch 2323/2500 - train 0.231386 - val 0.236241
Epoch 2324/2500 - train 0.233058 - val 0.225994
Epoch 2325/2500 - train 0.228043 - val 0.231849
Epoch 2326/2500 - train 0.227278 - val 0.229064
Epoch 2327/2500 - train 0.228982 - val 0.221276
Epoch 2328/2500 - train 0.227485 - val 0.224056
Epoch 2329/2500 - train 0.226052 - val 0.227844
Epoch 2330/2500 - train 0.232609 - val 0.225944
Epoch 2331/2500 - train 0.229317 - val 0.223137
Epoch 2332/2500 - train 0.226711 - val 0.216397
Epoch 2333/2500 - train 0.225236 - val 0.231234
Epoch 2334/2500 - train 0.228399 - val 0.230480
Epoch 2335/2500 - train 0.229829 - val 0.230464
Epoch 2336/2500 - train 0.225836 - val 0.232498
Epoch 2337/2500 - train 0.229789 - val 0.221160
Epoch 2338/2500 - train 0.227988 - val 0.237171
Epoch 2339/2500 - train 0.231280 - val 0.232598
Epoch 2340/2500 - train 0.228546 - val 0.226134
Epoch 2341/2500 - train 0.230521 - val 0.242976
Epoch 2342/2500 - train 0.230953 - val 0.226369
Epoch 2343/2500 - train 0.226052 - val 0.231260
Epoch 2344/2500 - train 0.229502 - val 0.225713
Epoch 2345/2500 - train 0.228424 - val 0.232702
Epoch 2346/2500 - train 0.235045 - val 0.232404
Epoch 2347/2500 - train 0.227597 - val 0.227112
Epoch 2348/2500 - train 0.232415 - val 0.232353
Epoch 2349/2500 - train 0.232931 - val 0.224410
Epoch 2350/2500 - train 0.226686 - val 0.235547
Epoch 2351/2500 - train 0.234832 - val 0.233657
Epoch 2352/2500 - train 0.231324 - val 0.228506
Epoch 2353/2500 - train 0.227344 - val 0.223098
Epoch 2354/2500 - train 0.229022 - val 0.235293
Epoch 2355/2500 - train 0.236538 - val 0.227059
Epoch 2356/2500 - train 0.230043 - val 0.224903
Epoch 2357/2500 - train 0.227542 - val 0.228355
Epoch 2358/2500 - train 0.228625 - val 0.234456
Epoch 2359/2500 - train 0.232615 - val 0.240961
Epoch 2360/2500 - train 0.236532 - val 0.228113
Epoch 2361/2500 - train 0.229621 - val 0.233621
Epoch 2362/2500 - train 0.230301 - val 0.229584
Epoch 2363/2500 - train 0.228995 - val 0.225518
Epoch 2364/2500 - train 0.228646 - val 0.231325
Epoch 2365/2500 - train 0.231383 - val 0.225281
Epoch 2366/2500 - train 0.230219 - val 0.225929
Epoch 2367/2500 - train 0.228502 - val 0.227219
Epoch 2368/2500 - train 0.227277 - val 0.227610
Epoch 2369/2500 - train 0.232332 - val 0.228251
Epoch 2370/2500 - train 0.231317 - val 0.222381
Epoch 2371/2500 - train 0.228399 - val 0.225274
Epoch 2372/2500 - train 0.230532 - val 0.224133
Epoch 2373/2500 - train 0.229426 - val 0.227943
Epoch 2374/2500 - train 0.229997 - val 0.235397
Epoch 2375/2500 - train 0.234233 - val 0.224008
Epoch 2376/2500 - train 0.229718 - val 0.224313
Epoch 2377/2500 - train 0.229775 - val 0.225345
Epoch 2378/2500 - train 0.230258 - val 0.230878
Epoch 2379/2500 - train 0.229409 - val 0.229898
Epoch 2380/2500 - train 0.228480 - val 0.233127
Epoch 2381/2500 - train 0.229547 - val 0.225573
Epoch 2382/2500 - train 0.229378 - val 0.229879
Epoch 2383/2500 - train 0.234350 - val 0.217975
Epoch 2384/2500 - train 0.229175 - val 0.228706
Epoch 2385/2500 - train 0.229520 - val 0.235274
Epoch 2386/2500 - train 0.229757 - val 0.226562
Epoch 2387/2500 - train 0.228636 - val 0.223333
Epoch 2388/2500 - train 0.227439 - val 0.228155
Epoch 2389/2500 - train 0.230174 - val 0.218356
Epoch 2390/2500 - train 0.227796 - val 0.228027
Epoch 2391/2500 - train 0.227135 - val 0.237025
Epoch 2392/2500 - train 0.241247 - val 0.229198
Epoch 2393/2500 - train 0.232135 - val 0.237568
Epoch 2394/2500 - train 0.233197 - val 0.227875
Epoch 2395/2500 - train 0.231550 - val 0.222190
Epoch 2396/2500 - train 0.229927 - val 0.224162
Epoch 2397/2500 - train 0.228713 - val 0.222749
Epoch 2398/2500 - train 0.228695 - val 0.225842
Epoch 2399/2500 - train 0.227370 - val 0.222031
Epoch 2400/2500 - train 0.228715 - val 0.229723
Epoch 2401/2500 - train 0.228886 - val 0.238419
Epoch 2402/2500 - train 0.230738 - val 0.225810
Epoch 2403/2500 - train 0.230133 - val 0.239447
Epoch 2404/2500 - train 0.234081 - val 0.226116
Epoch 2405/2500 - train 0.229138 - val 0.228566
Epoch 2406/2500 - train 0.226704 - val 0.231081
Epoch 2407/2500 - train 0.228067 - val 0.224586
Epoch 2408/2500 - train 0.229877 - val 0.228783
Epoch 2409/2500 - train 0.227963 - val 0.229271
Epoch 2410/2500 - train 0.227305 - val 0.227225
Epoch 2411/2500 - train 0.227812 - val 0.220802
Epoch 2412/2500 - train 0.225011 - val 0.232559
Epoch 2413/2500 - train 0.231241 - val 0.225298
Epoch 2414/2500 - train 0.227922 - val 0.233471
Epoch 2415/2500 - train 0.233346 - val 0.236933
Epoch 2416/2500 - train 0.229007 - val 0.237214
Epoch 2417/2500 - train 0.230910 - val 0.222691
Epoch 2418/2500 - train 0.228573 - val 0.224358
Epoch 2419/2500 - train 0.226921 - val 0.233772
Epoch 2420/2500 - train 0.232719 - val 0.231723
Epoch 2421/2500 - train 0.230204 - val 0.224986
Epoch 2422/2500 - train 0.226899 - val 0.231067
Epoch 2423/2500 - train 0.232016 - val 0.226369
Epoch 2424/2500 - train 0.227889 - val 0.224685
Epoch 2425/2500 - train 0.226157 - val 0.227227
Epoch 2426/2500 - train 0.230258 - val 0.232832
Epoch 2427/2500 - train 0.230574 - val 0.226898
Epoch 2428/2500 - train 0.226381 - val 0.228796
Epoch 2429/2500 - train 0.227297 - val 0.226235
Epoch 2430/2500 - train 0.228439 - val 0.227222
Epoch 2431/2500 - train 0.229925 - val 0.233158
Epoch 2432/2500 - train 0.227779 - val 0.229144
Epoch 2433/2500 - train 0.228486 - val 0.222453
Epoch 2434/2500 - train 0.227813 - val 0.239768
Epoch 2435/2500 - train 0.234215 - val 0.234294
Epoch 2436/2500 - train 0.232660 - val 0.232634
Epoch 2437/2500 - train 0.228501 - val 0.222205
Epoch 2438/2500 - train 0.226519 - val 0.251030
Epoch 2439/2500 - train 0.231028 - val 0.229592
Epoch 2440/2500 - train 0.230612 - val 0.234669
Epoch 2441/2500 - train 0.229354 - val 0.228304
Epoch 2442/2500 - train 0.226880 - val 0.228452
Epoch 2443/2500 - train 0.228502 - val 0.228067
Epoch 2444/2500 - train 0.227608 - val 0.235504
Epoch 2445/2500 - train 0.231155 - val 0.227406
Epoch 2446/2500 - train 0.226887 - val 0.224529
Epoch 2447/2500 - train 0.229990 - val 0.226497
Epoch 2448/2500 - train 0.229490 - val 0.218959
Epoch 2449/2500 - train 0.224482 - val 0.220468
Epoch 2450/2500 - train 0.226729 - val 0.224716
Epoch 2451/2500 - train 0.227519 - val 0.230014
Epoch 2452/2500 - train 0.229197 - val 0.223368
Epoch 2453/2500 - train 0.226800 - val 0.231899
Epoch 2454/2500 - train 0.226941 - val 0.236730
Epoch 2455/2500 - train 0.229600 - val 0.231415
Epoch 2456/2500 - train 0.231425 - val 0.226834
Epoch 2457/2500 - train 0.228509 - val 0.227216
Epoch 2458/2500 - train 0.229241 - val 0.234746
Epoch 2459/2500 - train 0.232492 - val 0.229198
Epoch 2460/2500 - train 0.231213 - val 0.228664
Epoch 2461/2500 - train 0.227516 - val 0.228083
Epoch 2462/2500 - train 0.230565 - val 0.224769
Epoch 2463/2500 - train 0.226522 - val 0.238159
Epoch 2464/2500 - train 0.235541 - val 0.229475
Epoch 2465/2500 - train 0.230664 - val 0.224149
Epoch 2466/2500 - train 0.228408 - val 0.231460
Epoch 2467/2500 - train 0.228310 - val 0.221213
Epoch 2468/2500 - train 0.227047 - val 0.227075
Epoch 2469/2500 - train 0.229452 - val 0.232474
Epoch 2470/2500 - train 0.228263 - val 0.223834
Epoch 2471/2500 - train 0.226762 - val 0.223477
Epoch 2472/2500 - train 0.225468 - val 0.226459
Epoch 2473/2500 - train 0.230605 - val 0.225674
Epoch 2474/2500 - train 0.226858 - val 0.238869
Epoch 2475/2500 - train 0.231064 - val 0.233200
Epoch 2476/2500 - train 0.231242 - val 0.234195
Epoch 2477/2500 - train 0.233376 - val 0.231584
Epoch 2478/2500 - train 0.231004 - val 0.224263
Epoch 2479/2500 - train 0.228366 - val 0.229416
Epoch 2480/2500 - train 0.230050 - val 0.227787
Epoch 2481/2500 - train 0.228393 - val 0.223559
Epoch 2482/2500 - train 0.226529 - val 0.227009
Epoch 2483/2500 - train 0.230454 - val 0.227463
Epoch 2484/2500 - train 0.228731 - val 0.227061
Epoch 2485/2500 - train 0.229246 - val 0.236281
Epoch 2486/2500 - train 0.229681 - val 0.226213
Epoch 2487/2500 - train 0.228262 - val 0.226195
Epoch 2488/2500 - train 0.225436 - val 0.223918
Epoch 2489/2500 - train 0.226012 - val 0.235084
Epoch 2490/2500 - train 0.229708 - val 0.231215
Epoch 2491/2500 - train 0.229637 - val 0.226352
Epoch 2492/2500 - train 0.228403 - val 0.225642
Epoch 2493/2500 - train 0.230813 - val 0.239060
Epoch 2494/2500 - train 0.234867 - val 0.225799
Epoch 2495/2500 - train 0.229863 - val 0.229794
Epoch 2496/2500 - train 0.229411 - val 0.222630
Epoch 2497/2500 - train 0.230729 - val 0.223072
Epoch 2498/2500 - train 0.226664 - val 0.224377
Epoch 2499/2500 - train 0.227150 - val 0.221941
Epoch 2500/2500 - train 0.230289 - val 0.233693
Saved model to /scratch/network/ak9088/NASA-RL-Wavefront-Control/RL/jobs/20251201_142735/exp-fc1-zscore-ep2500-bs2048-lr1e-3-s42-h512-256-128-images-wd0.0005-mc0-do0.1/fc1_best.pth
