initializing coronagraph env. might take a minute.
initializing coronagraph env. might take a minute.
initializing coronagraph env. might take a minute.
Logging to /scratch/network/ak9088/NASA-RL-Wavefront-Control/RL/logs/20251106_141702/ppo-tm500000-ne1-m21-px64-ov1.0-na5-q2-ef10000-s42-noslopes
Using cuda device
---------------------------------
| rollout/           |          |
|    ep_len_mean     | 1        |
|    ep_rew_mean     | 4.15     |
| time/              |          |
|    fps             | 23       |
|    iterations      | 1        |
|    time_elapsed    | 85       |
|    total_timesteps | 2048     |
---------------------------------
-----------------------------------------
| rollout/                |             |
|    ep_len_mean          | 1           |
|    ep_rew_mean          | 4.23        |
| time/                   |             |
|    fps                  | 23          |
|    iterations           | 2           |
|    time_elapsed         | 172         |
|    total_timesteps      | 4096        |
| train/                  |             |
|    approx_kl            | 0.024800194 |
|    clip_fraction        | 0.25        |
|    clip_range           | 0.2         |
|    entropy_loss         | -29.8       |
|    explained_variance   | -0.146      |
|    learning_rate        | 0.0003      |
|    loss                 | -0.0596     |
|    n_updates            | 10          |
|    policy_gradient_loss | -0.0353     |
|    std                  | 0.998       |
|    value_loss           | 1.59        |
-----------------------------------------
-----------------------------------------
| rollout/                |             |
|    ep_len_mean          | 1           |
|    ep_rew_mean          | 4.16        |
| time/                   |             |
|    fps                  | 23          |
|    iterations           | 3           |
|    time_elapsed         | 259         |
|    total_timesteps      | 6144        |
| train/                  |             |
|    approx_kl            | 0.029891185 |
|    clip_fraction        | 0.322       |
|    clip_range           | 0.2         |
|    entropy_loss         | -29.7       |
|    explained_variance   | 0.511       |
|    learning_rate        | 0.0003      |
|    loss                 | -0.0485     |
|    n_updates            | 20          |
|    policy_gradient_loss | -0.0483     |
|    std                  | 0.994       |
|    value_loss           | 0.0268      |
-----------------------------------------
----------------------------------------
| rollout/                |            |
|    ep_len_mean          | 1          |
|    ep_rew_mean          | 4.2        |
| time/                   |            |
|    fps                  | 23         |
|    iterations           | 4          |
|    time_elapsed         | 345        |
|    total_timesteps      | 8192       |
| train/                  |            |
|    approx_kl            | 0.03713286 |
|    clip_fraction        | 0.365      |
|    clip_range           | 0.2        |
|    entropy_loss         | -29.6      |
|    explained_variance   | 0.752      |
|    learning_rate        | 0.0003     |
|    loss                 | -0.0619    |
|    n_updates            | 30         |
|    policy_gradient_loss | -0.0458    |
|    std                  | 0.99       |
|    value_loss           | 0.0171     |
----------------------------------------
Eval num_timesteps=10000, episode_reward=12.96 +/- 17.00
Episode length: 2.80 +/- 3.60
-----------------------------------------
| eval/                   |             |
|    mean_ep_length       | 2.8         |
|    mean_reward          | 13          |
| time/                   |             |
|    total_timesteps      | 10000       |
| train/                  |             |
|    approx_kl            | 0.044611186 |
|    clip_fraction        | 0.405       |
|    clip_range           | 0.2         |
|    entropy_loss         | -29.5       |
|    explained_variance   | 0.767       |
|    learning_rate        | 0.0003      |
|    loss                 | -0.0529     |
|    n_updates            | 40          |
|    policy_gradient_loss | -0.0536     |
|    std                  | 0.983       |
|    value_loss           | 0.0184      |
-----------------------------------------
New best mean reward!
---------------------------------
| rollout/           |          |
|    ep_len_mean     | 1        |
|    ep_rew_mean     | 4.23     |
| time/              |          |
|    fps             | 23       |
|    iterations      | 5        |
|    time_elapsed    | 433      |
|    total_timesteps | 10240    |
---------------------------------
----------------------------------------
| rollout/                |            |
|    ep_len_mean          | 1          |
|    ep_rew_mean          | 4.27       |
| time/                   |            |
|    fps                  | 23         |
|    iterations           | 6          |
|    time_elapsed         | 519        |
|    total_timesteps      | 12288      |
| train/                  |            |
|    approx_kl            | 0.05493149 |
|    clip_fraction        | 0.429      |
|    clip_range           | 0.2        |
|    entropy_loss         | -29.4      |
|    explained_variance   | 0.782      |
|    learning_rate        | 0.0003     |
|    loss                 | -0.0599    |
|    n_updates            | 50         |
|    policy_gradient_loss | -0.0602    |
|    std                  | 0.98       |
|    value_loss           | 0.0169     |
----------------------------------------
-----------------------------------------
| rollout/                |             |
|    ep_len_mean          | 1           |
|    ep_rew_mean          | 4.19        |
| time/                   |             |
|    fps                  | 23          |
|    iterations           | 7           |
|    time_elapsed         | 605         |
|    total_timesteps      | 14336       |
| train/                  |             |
|    approx_kl            | 0.080466956 |
|    clip_fraction        | 0.504       |
|    clip_range           | 0.2         |
|    entropy_loss         | -29.3       |
|    explained_variance   | 0.809       |
|    learning_rate        | 0.0003      |
|    loss                 | -0.109      |
|    n_updates            | 60          |
|    policy_gradient_loss | -0.0563     |
|    std                  | 0.977       |
|    value_loss           | 0.0162      |
-----------------------------------------
-----------------------------------------
| rollout/                |             |
|    ep_len_mean          | 1           |
|    ep_rew_mean          | 4.23        |
| time/                   |             |
|    fps                  | 23          |
|    iterations           | 8           |
|    time_elapsed         | 691         |
|    total_timesteps      | 16384       |
| train/                  |             |
|    approx_kl            | 0.109653525 |
|    clip_fraction        | 0.558       |
|    clip_range           | 0.2         |
|    entropy_loss         | -29.2       |
|    explained_variance   | 0.792       |
|    learning_rate        | 0.0003      |
|    loss                 | -0.0884     |
|    n_updates            | 70          |
|    policy_gradient_loss | -0.0709     |
|    std                  | 0.971       |
|    value_loss           | 0.0165      |
-----------------------------------------
----------------------------------------
| rollout/                |            |
|    ep_len_mean          | 1          |
|    ep_rew_mean          | 4.31       |
| time/                   |            |
|    fps                  | 23         |
|    iterations           | 9          |
|    time_elapsed         | 778        |
|    total_timesteps      | 18432      |
| train/                  |            |
|    approx_kl            | 0.11034249 |
|    clip_fraction        | 0.572      |
|    clip_range           | 0.2        |
|    entropy_loss         | -29.1      |
|    explained_variance   | 0.788      |
|    learning_rate        | 0.0003     |
|    loss                 | -0.0935    |
|    n_updates            | 80         |
|    policy_gradient_loss | -0.0621    |
|    std                  | 0.968      |
|    value_loss           | 0.0161     |
----------------------------------------
Eval num_timesteps=20000, episode_reward=4.23 +/- 0.32
Episode length: 1.00 +/- 0.00
---------------------------------------
| eval/                   |           |
|    mean_ep_length       | 1         |
|    mean_reward          | 4.23      |
| time/                   |           |
|    total_timesteps      | 20000     |
| train/                  |           |
|    approx_kl            | 0.1462626 |
|    clip_fraction        | 0.605     |
|    clip_range           | 0.2       |
|    entropy_loss         | -29.1     |
|    explained_variance   | 0.793     |
|    learning_rate        | 0.0003    |
|    loss                 | -0.103    |
|    n_updates            | 90        |
|    policy_gradient_loss | -0.0648   |
|    std                  | 0.964     |
|    value_loss           | 0.019     |
---------------------------------------
---------------------------------
| rollout/           |          |
|    ep_len_mean     | 1        |
|    ep_rew_mean     | 4.26     |
| time/              |          |
|    fps             | 23       |
|    iterations      | 10       |
|    time_elapsed    | 864      |
|    total_timesteps | 20480    |
---------------------------------
----------------------------------------
| rollout/                |            |
|    ep_len_mean          | 1          |
|    ep_rew_mean          | 4.29       |
| time/                   |            |
|    fps                  | 23         |
|    iterations           | 11         |
|    time_elapsed         | 951        |
|    total_timesteps      | 22528      |
| train/                  |            |
|    approx_kl            | 0.19361204 |
|    clip_fraction        | 0.631      |
|    clip_range           | 0.2        |
|    entropy_loss         | -29        |
|    explained_variance   | 0.793      |
|    learning_rate        | 0.0003     |
|    loss                 | -0.111     |
|    n_updates            | 100        |
|    policy_gradient_loss | -0.051     |
|    std                  | 0.959      |
|    value_loss           | 0.0177     |
----------------------------------------
----------------------------------------
| rollout/                |            |
|    ep_len_mean          | 1          |
|    ep_rew_mean          | 4.32       |
| time/                   |            |
|    fps                  | 23         |
|    iterations           | 12         |
|    time_elapsed         | 1037       |
|    total_timesteps      | 24576      |
| train/                  |            |
|    approx_kl            | 0.18767965 |
|    clip_fraction        | 0.651      |
|    clip_range           | 0.2        |
|    entropy_loss         | -28.9      |
|    explained_variance   | 0.781      |
|    learning_rate        | 0.0003     |
|    loss                 | -0.0589    |
|    n_updates            | 110        |
|    policy_gradient_loss | -0.0481    |
|    std                  | 0.955      |
|    value_loss           | 0.018      |
----------------------------------------
----------------------------------------
| rollout/                |            |
|    ep_len_mean          | 1          |
|    ep_rew_mean          | 4.36       |
| time/                   |            |
|    fps                  | 23         |
|    iterations           | 13         |
|    time_elapsed         | 1123       |
|    total_timesteps      | 26624      |
| train/                  |            |
|    approx_kl            | 0.20464796 |
|    clip_fraction        | 0.663      |
|    clip_range           | 0.2        |
|    entropy_loss         | -28.7      |
|    explained_variance   | 0.777      |
|    learning_rate        | 0.0003     |
|    loss                 | -0.106     |
|    n_updates            | 120        |
|    policy_gradient_loss | -0.0338    |
|    std                  | 0.949      |
|    value_loss           | 0.0185     |
----------------------------------------
----------------------------------------
| rollout/                |            |
|    ep_len_mean          | 1          |
|    ep_rew_mean          | 4.36       |
| time/                   |            |
|    fps                  | 23         |
|    iterations           | 14         |
|    time_elapsed         | 1209       |
|    total_timesteps      | 28672      |
| train/                  |            |
|    approx_kl            | 0.24676152 |
|    clip_fraction        | 0.695      |
|    clip_range           | 0.2        |
|    entropy_loss         | -28.6      |
|    explained_variance   | 0.782      |
|    learning_rate        | 0.0003     |
|    loss                 | -0.0657    |
|    n_updates            | 130        |
|    policy_gradient_loss | -0.0289    |
|    std                  | 0.946      |
|    value_loss           | 0.0188     |
----------------------------------------
Eval num_timesteps=30000, episode_reward=4.48 +/- 0.10
Episode length: 1.00 +/- 0.00
----------------------------------------
| eval/                   |            |
|    mean_ep_length       | 1          |
|    mean_reward          | 4.48       |
| time/                   |            |
|    total_timesteps      | 30000      |
| train/                  |            |
|    approx_kl            | 0.36151022 |
|    clip_fraction        | 0.727      |
|    clip_range           | 0.2        |
|    entropy_loss         | -28.6      |
|    explained_variance   | 0.765      |
|    learning_rate        | 0.0003     |
|    loss                 | -0.041     |
|    n_updates            | 140        |
|    policy_gradient_loss | -0.01      |
|    std                  | 0.943      |
|    value_loss           | 0.0203     |
----------------------------------------
---------------------------------
| rollout/           |          |
|    ep_len_mean     | 1        |
|    ep_rew_mean     | 4.4      |
| time/              |          |
|    fps             | 23       |
|    iterations      | 15       |
|    time_elapsed    | 1295     |
|    total_timesteps | 30720    |
---------------------------------
----------------------------------------
| rollout/                |            |
|    ep_len_mean          | 1          |
|    ep_rew_mean          | 4.35       |
| time/                   |            |
|    fps                  | 23         |
|    iterations           | 16         |
|    time_elapsed         | 1382       |
|    total_timesteps      | 32768      |
| train/                  |            |
|    approx_kl            | 0.36231598 |
|    clip_fraction        | 0.727      |
|    clip_range           | 0.2        |
|    entropy_loss         | -28.5      |
|    explained_variance   | 0.742      |
|    learning_rate        | 0.0003     |
|    loss                 | 0.0137     |
|    n_updates            | 150        |
|    policy_gradient_loss | -0.00896   |
|    std                  | 0.94       |
|    value_loss           | 0.0207     |
----------------------------------------
---------------------------------------
| rollout/                |           |
|    ep_len_mean          | 1         |
|    ep_rew_mean          | 4.42      |
| time/                   |           |
|    fps                  | 23        |
|    iterations           | 17        |
|    time_elapsed         | 1469      |
|    total_timesteps      | 34816     |
| train/                  |           |
|    approx_kl            | 0.6027374 |
|    clip_fraction        | 0.732     |
|    clip_range           | 0.2       |
|    entropy_loss         | -28.4     |
|    explained_variance   | 0.74      |
|    learning_rate        | 0.0003    |
|    loss                 | 0.0862    |
|    n_updates            | 160       |
|    policy_gradient_loss | 0.0179    |
|    std                  | 0.936     |
|    value_loss           | 0.0214    |
---------------------------------------
---------------------------------------
| rollout/                |           |
|    ep_len_mean          | 1         |
|    ep_rew_mean          | 4.44      |
| time/                   |           |
|    fps                  | 23        |
|    iterations           | 18        |
|    time_elapsed         | 1556      |
|    total_timesteps      | 36864     |
| train/                  |           |
|    approx_kl            | 0.5856403 |
|    clip_fraction        | 0.785     |
|    clip_range           | 0.2       |
|    entropy_loss         | -28.3     |
|    explained_variance   | 0.744     |
|    learning_rate        | 0.0003    |
|    loss                 | 0.0243    |
|    n_updates            | 170       |
|    policy_gradient_loss | 0.0245    |
|    std                  | 0.932     |
|    value_loss           | 0.0231    |
---------------------------------------
--------------------------------------
| rollout/                |          |
|    ep_len_mean          | 1        |
|    ep_rew_mean          | 4.44     |
| time/                   |          |
|    fps                  | 23       |
|    iterations           | 19       |
|    time_elapsed         | 1643     |
|    total_timesteps      | 38912    |
| train/                  |          |
|    approx_kl            | 0.560233 |
|    clip_fraction        | 0.777    |
|    clip_range           | 0.2      |
|    entropy_loss         | -28.2    |
|    explained_variance   | 0.714    |
|    learning_rate        | 0.0003   |
|    loss                 | 0.0498   |
|    n_updates            | 180      |
|    policy_gradient_loss | 0.0567   |
|    std                  | 0.928    |
|    value_loss           | 0.0227   |
--------------------------------------
Eval num_timesteps=40000, episode_reward=4.50 +/- 0.27
Episode length: 1.00 +/- 0.00
----------------------------------------
| eval/                   |            |
|    mean_ep_length       | 1          |
|    mean_reward          | 4.5        |
| time/                   |            |
|    total_timesteps      | 40000      |
| train/                  |            |
|    approx_kl            | 0.46984082 |
|    clip_fraction        | 0.774      |
|    clip_range           | 0.2        |
|    entropy_loss         | -28.1      |
|    explained_variance   | 0.684      |
|    learning_rate        | 0.0003     |
|    loss                 | -0.0442    |
|    n_updates            | 190        |
|    policy_gradient_loss | 0.0509     |
|    std                  | 0.924      |
|    value_loss           | 0.0271     |
----------------------------------------
---------------------------------
| rollout/           |          |
|    ep_len_mean     | 1        |
|    ep_rew_mean     | 4.48     |
| time/              |          |
|    fps             | 23       |
|    iterations      | 20       |
|    time_elapsed    | 1730     |
|    total_timesteps | 40960    |
---------------------------------
----------------------------------------
| rollout/                |            |
|    ep_len_mean          | 1          |
|    ep_rew_mean          | 4.5        |
| time/                   |            |
|    fps                  | 23         |
|    iterations           | 21         |
|    time_elapsed         | 1816       |
|    total_timesteps      | 43008      |
| train/                  |            |
|    approx_kl            | 0.58453095 |
|    clip_fraction        | 0.795      |
|    clip_range           | 0.2        |
|    entropy_loss         | -28.1      |
|    explained_variance   | 0.667      |
|    learning_rate        | 0.0003     |
|    loss                 | 0.0886     |
|    n_updates            | 200        |
|    policy_gradient_loss | 0.0602     |
|    std                  | 0.922      |
|    value_loss           | 0.0281     |
----------------------------------------
---------------------------------------
| rollout/                |           |
|    ep_len_mean          | 1         |
|    ep_rew_mean          | 4.49      |
| time/                   |           |
|    fps                  | 23        |
|    iterations           | 22        |
|    time_elapsed         | 1903      |
|    total_timesteps      | 45056     |
| train/                  |           |
|    approx_kl            | 0.9209972 |
|    clip_fraction        | 0.821     |
|    clip_range           | 0.2       |
|    entropy_loss         | -28       |
|    explained_variance   | 0.698     |
|    learning_rate        | 0.0003    |
|    loss                 | -0.0366   |
|    n_updates            | 210       |
|    policy_gradient_loss | 0.0843    |
|    std                  | 0.918     |
|    value_loss           | 0.0272    |
---------------------------------------
---------------------------------------
| rollout/                |           |
|    ep_len_mean          | 1         |
|    ep_rew_mean          | 4.5       |
| time/                   |           |
|    fps                  | 23        |
|    iterations           | 23        |
|    time_elapsed         | 1990      |
|    total_timesteps      | 47104     |
| train/                  |           |
|    approx_kl            | 0.6993239 |
|    clip_fraction        | 0.827     |
|    clip_range           | 0.2       |
|    entropy_loss         | -27.9     |
|    explained_variance   | 0.684     |
|    learning_rate        | 0.0003    |
|    loss                 | 0.0195    |
|    n_updates            | 220       |
|    policy_gradient_loss | 0.0879    |
|    std                  | 0.916     |
|    value_loss           | 0.028     |
---------------------------------------
----------------------------------------
| rollout/                |            |
|    ep_len_mean          | 1          |
|    ep_rew_mean          | 4.54       |
| time/                   |            |
|    fps                  | 23         |
|    iterations           | 24         |
|    time_elapsed         | 2076       |
|    total_timesteps      | 49152      |
| train/                  |            |
|    approx_kl            | 0.93117666 |
|    clip_fraction        | 0.828      |
|    clip_range           | 0.2        |
|    entropy_loss         | -27.9      |
|    explained_variance   | 0.687      |
|    learning_rate        | 0.0003     |
|    loss                 | 0.11       |
|    n_updates            | 230        |
|    policy_gradient_loss | 0.0743     |
|    std                  | 0.915      |
|    value_loss           | 0.0279     |
----------------------------------------
Eval num_timesteps=50000, episode_reward=4.67 +/- 0.27
Episode length: 1.00 +/- 0.00
---------------------------------------
| eval/                   |           |
|    mean_ep_length       | 1         |
|    mean_reward          | 4.67      |
| time/                   |           |
|    total_timesteps      | 50000     |
| train/                  |           |
|    approx_kl            | 1.2124175 |
|    clip_fraction        | 0.857     |
|    clip_range           | 0.2       |
|    entropy_loss         | -27.9     |
|    explained_variance   | 0.65      |
|    learning_rate        | 0.0003    |
|    loss                 | 0.128     |
|    n_updates            | 240       |
|    policy_gradient_loss | 0.13      |
|    std                  | 0.913     |
|    value_loss           | 0.0337    |
---------------------------------------
---------------------------------
| rollout/           |          |
|    ep_len_mean     | 1        |
|    ep_rew_mean     | 4.54     |
| time/              |          |
|    fps             | 23       |
|    iterations      | 25       |
|    time_elapsed    | 2163     |
|    total_timesteps | 51200    |
---------------------------------
---------------------------------------
| rollout/                |           |
|    ep_len_mean          | 1         |
|    ep_rew_mean          | 4.59      |
| time/                   |           |
|    fps                  | 23        |
|    iterations           | 26        |
|    time_elapsed         | 2249      |
|    total_timesteps      | 53248     |
| train/                  |           |
|    approx_kl            | 1.1351869 |
|    clip_fraction        | 0.851     |
|    clip_range           | 0.2       |
|    entropy_loss         | -27.8     |
|    explained_variance   | 0.644     |
|    learning_rate        | 0.0003    |
|    loss                 | 0.052     |
|    n_updates            | 250       |
|    policy_gradient_loss | 0.106     |
|    std                  | 0.912     |
|    value_loss           | 0.0362    |
---------------------------------------
----------------------------------------
| rollout/                |            |
|    ep_len_mean          | 1          |
|    ep_rew_mean          | 4.56       |
| time/                   |            |
|    fps                  | 23         |
|    iterations           | 27         |
|    time_elapsed         | 2336       |
|    total_timesteps      | 55296      |
| train/                  |            |
|    approx_kl            | 0.90615225 |
|    clip_fraction        | 0.851      |
|    clip_range           | 0.2        |
|    entropy_loss         | -27.8      |
|    explained_variance   | 0.629      |
|    learning_rate        | 0.0003     |
|    loss                 | 0.0357     |
|    n_updates            | 260        |
|    policy_gradient_loss | 0.119      |
|    std                  | 0.909      |
|    value_loss           | 0.0345     |
----------------------------------------
---------------------------------------
| rollout/                |           |
|    ep_len_mean          | 1         |
|    ep_rew_mean          | 4.56      |
| time/                   |           |
|    fps                  | 23        |
|    iterations           | 28        |
|    time_elapsed         | 2423      |
|    total_timesteps      | 57344     |
| train/                  |           |
|    approx_kl            | 1.0009634 |
|    clip_fraction        | 0.85      |
|    clip_range           | 0.2       |
|    entropy_loss         | -27.7     |
|    explained_variance   | 0.612     |
|    learning_rate        | 0.0003    |
|    loss                 | 0.0621    |
|    n_updates            | 270       |
|    policy_gradient_loss | 0.128     |
|    std                  | 0.906     |
|    value_loss           | 0.0306    |
---------------------------------------
---------------------------------------
| rollout/                |           |
|    ep_len_mean          | 1         |
|    ep_rew_mean          | 4.56      |
| time/                   |           |
|    fps                  | 23        |
|    iterations           | 29        |
|    time_elapsed         | 2509      |
|    total_timesteps      | 59392     |
| train/                  |           |
|    approx_kl            | 1.5180304 |
|    clip_fraction        | 0.867     |
|    clip_range           | 0.2       |
|    entropy_loss         | -27.7     |
|    explained_variance   | 0.619     |
|    learning_rate        | 0.0003    |
|    loss                 | 0.108     |
|    n_updates            | 280       |
|    policy_gradient_loss | 0.139     |
|    std                  | 0.907     |
|    value_loss           | 0.0303    |
---------------------------------------
Eval num_timesteps=60000, episode_reward=4.52 +/- 0.48
Episode length: 1.00 +/- 0.00
---------------------------------------
| eval/                   |           |
|    mean_ep_length       | 1         |
|    mean_reward          | 4.52      |
| time/                   |           |
|    total_timesteps      | 60000     |
| train/                  |           |
|    approx_kl            | 1.2944702 |
|    clip_fraction        | 0.868     |
|    clip_range           | 0.2       |
|    entropy_loss         | -27.6     |
|    explained_variance   | 0.617     |
|    learning_rate        | 0.0003    |
|    loss                 | 0.17      |
|    n_updates            | 290       |
|    policy_gradient_loss | 0.189     |
|    std                  | 0.902     |
|    value_loss           | 0.0366    |
---------------------------------------
---------------------------------
| rollout/           |          |
|    ep_len_mean     | 1        |
|    ep_rew_mean     | 4.55     |
| time/              |          |
|    fps             | 23       |
|    iterations      | 30       |
|    time_elapsed    | 2596     |
|    total_timesteps | 61440    |
---------------------------------
--------------------------------------
| rollout/                |          |
|    ep_len_mean          | 1        |
|    ep_rew_mean          | 4.57     |
| time/                   |          |
|    fps                  | 23       |
|    iterations           | 31       |
|    time_elapsed         | 2683     |
|    total_timesteps      | 63488    |
| train/                  |          |
|    approx_kl            | 1.094696 |
|    clip_fraction        | 0.874    |
|    clip_range           | 0.2      |
|    entropy_loss         | -27.5    |
|    explained_variance   | 0.624    |
|    learning_rate        | 0.0003   |
|    loss                 | 0.113    |
|    n_updates            | 300      |
|    policy_gradient_loss | 0.135    |
|    std                  | 0.901    |
|    value_loss           | 0.0307   |
--------------------------------------
---------------------------------------
| rollout/                |           |
|    ep_len_mean          | 1         |
|    ep_rew_mean          | 4.52      |
| time/                   |           |
|    fps                  | 23        |
|    iterations           | 32        |
|    time_elapsed         | 2770      |
|    total_timesteps      | 65536     |
| train/                  |           |
|    approx_kl            | 1.3740985 |
|    clip_fraction        | 0.881     |
|    clip_range           | 0.2       |
|    entropy_loss         | -27.5     |
|    explained_variance   | 0.617     |
|    learning_rate        | 0.0003    |
|    loss                 | 0.134     |
|    n_updates            | 310       |
|    policy_gradient_loss | 0.159     |
|    std                  | 0.898     |
|    value_loss           | 0.037     |
---------------------------------------
---------------------------------------
| rollout/                |           |
|    ep_len_mean          | 1         |
|    ep_rew_mean          | 4.58      |
| time/                   |           |
|    fps                  | 23        |
|    iterations           | 33        |
|    time_elapsed         | 2856      |
|    total_timesteps      | 67584     |
| train/                  |           |
|    approx_kl            | 2.4654465 |
|    clip_fraction        | 0.901     |
|    clip_range           | 0.2       |
|    entropy_loss         | -27.5     |
|    explained_variance   | 0.608     |
|    learning_rate        | 0.0003    |
|    loss                 | 0.117     |
|    n_updates            | 320       |
|    policy_gradient_loss | 0.2       |
|    std                  | 0.898     |
|    value_loss           | 0.0364    |
---------------------------------------
---------------------------------------
| rollout/                |           |
|    ep_len_mean          | 1         |
|    ep_rew_mean          | 4.57      |
| time/                   |           |
|    fps                  | 23        |
|    iterations           | 34        |
|    time_elapsed         | 2942      |
|    total_timesteps      | 69632     |
| train/                  |           |
|    approx_kl            | 1.8166994 |
|    clip_fraction        | 0.883     |
|    clip_range           | 0.2       |
|    entropy_loss         | -27.5     |
|    explained_variance   | 0.468     |
|    learning_rate        | 0.0003    |
|    loss                 | 0.209     |
|    n_updates            | 330       |
|    policy_gradient_loss | 0.137     |
|    std                  | 0.901     |
|    value_loss           | 0.0352    |
---------------------------------------
Eval num_timesteps=70000, episode_reward=4.68 +/- 0.46
Episode length: 1.00 +/- 0.00
---------------------------------------
| eval/                   |           |
|    mean_ep_length       | 1         |
|    mean_reward          | 4.68      |
| time/                   |           |
|    total_timesteps      | 70000     |
| train/                  |           |
|    approx_kl            | 1.5372226 |
|    clip_fraction        | 0.894     |
|    clip_range           | 0.2       |
|    entropy_loss         | -27.5     |
|    explained_variance   | 0.574     |
|    learning_rate        | 0.0003    |
|    loss                 | 0.243     |
|    n_updates            | 340       |
|    policy_gradient_loss | 0.173     |
|    std                  | 0.899     |
|    value_loss           | 0.0352    |
---------------------------------------
---------------------------------
| rollout/           |          |
|    ep_len_mean     | 1        |
|    ep_rew_mean     | 4.57     |
| time/              |          |
|    fps             | 23       |
|    iterations      | 35       |
|    time_elapsed    | 3028     |
|    total_timesteps | 71680    |
---------------------------------
---------------------------------------
| rollout/                |           |
|    ep_len_mean          | 1         |
|    ep_rew_mean          | 4.6       |
| time/                   |           |
|    fps                  | 23        |
|    iterations           | 36        |
|    time_elapsed         | 3115      |
|    total_timesteps      | 73728     |
| train/                  |           |
|    approx_kl            | 1.7185545 |
|    clip_fraction        | 0.878     |
|    clip_range           | 0.2       |
|    entropy_loss         | -27.5     |
|    explained_variance   | 0.599     |
|    learning_rate        | 0.0003    |
|    loss                 | 0.083     |
|    n_updates            | 350       |
|    policy_gradient_loss | 0.184     |
|    std                  | 0.899     |
|    value_loss           | 0.0356    |
---------------------------------------
---------------------------------------
| rollout/                |           |
|    ep_len_mean          | 1         |
|    ep_rew_mean          | 4.62      |
| time/                   |           |
|    fps                  | 23        |
|    iterations           | 37        |
|    time_elapsed         | 3203      |
|    total_timesteps      | 75776     |
| train/                  |           |
|    approx_kl            | 1.5058844 |
|    clip_fraction        | 0.879     |
|    clip_range           | 0.2       |
|    entropy_loss         | -27.5     |
|    explained_variance   | 0.511     |
|    learning_rate        | 0.0003    |
|    loss                 | 0.15      |
|    n_updates            | 360       |
|    policy_gradient_loss | 0.21      |
|    std                  | 0.897     |
|    value_loss           | 0.0348    |
---------------------------------------
---------------------------------------
| rollout/                |           |
|    ep_len_mean          | 1         |
|    ep_rew_mean          | 4.54      |
| time/                   |           |
|    fps                  | 23        |
|    iterations           | 38        |
|    time_elapsed         | 3289      |
|    total_timesteps      | 77824     |
| train/                  |           |
|    approx_kl            | 1.7984087 |
|    clip_fraction        | 0.873     |
|    clip_range           | 0.2       |
|    entropy_loss         | -27.4     |
|    explained_variance   | 0.496     |
|    learning_rate        | 0.0003    |
|    loss                 | 0.0917    |
|    n_updates            | 370       |
|    policy_gradient_loss | 0.132     |
|    std                  | 0.897     |
|    value_loss           | 0.0367    |
---------------------------------------
---------------------------------------
| rollout/                |           |
|    ep_len_mean          | 1         |
|    ep_rew_mean          | 4.59      |
| time/                   |           |
|    fps                  | 23        |
|    iterations           | 39        |
|    time_elapsed         | 3375      |
|    total_timesteps      | 79872     |
| train/                  |           |
|    approx_kl            | 0.9681086 |
|    clip_fraction        | 0.863     |
|    clip_range           | 0.2       |
|    entropy_loss         | -27.4     |
|    explained_variance   | 0.597     |
|    learning_rate        | 0.0003    |
|    loss                 | 0.0727    |
|    n_updates            | 380       |
|    policy_gradient_loss | 0.132     |
|    std                  | 0.893     |
|    value_loss           | 0.0355    |
---------------------------------------
Eval num_timesteps=80000, episode_reward=4.67 +/- 0.17
Episode length: 1.00 +/- 0.00
--------------------------------------
| eval/                   |          |
|    mean_ep_length       | 1        |
|    mean_reward          | 4.67     |
| time/                   |          |
|    total_timesteps      | 80000    |
| train/                  |          |
|    approx_kl            | 1.583502 |
|    clip_fraction        | 0.888    |
|    clip_range           | 0.2      |
|    entropy_loss         | -27.4    |
|    explained_variance   | 0.579    |
|    learning_rate        | 0.0003   |
|    loss                 | 0.136    |
|    n_updates            | 390      |
|    policy_gradient_loss | 0.304    |
|    std                  | 0.895    |
|    value_loss           | 0.0348   |
--------------------------------------
---------------------------------
| rollout/           |          |
|    ep_len_mean     | 1        |
|    ep_rew_mean     | 4.57     |
| time/              |          |
|    fps             | 23       |
|    iterations      | 40       |
|    time_elapsed    | 3461     |
|    total_timesteps | 81920    |
---------------------------------
---------------------------------------
| rollout/                |           |
|    ep_len_mean          | 1         |
|    ep_rew_mean          | 4.53      |
| time/                   |           |
|    fps                  | 23        |
|    iterations           | 41        |
|    time_elapsed         | 3548      |
|    total_timesteps      | 83968     |
| train/                  |           |
|    approx_kl            | 1.5441737 |
|    clip_fraction        | 0.885     |
|    clip_range           | 0.2       |
|    entropy_loss         | -27.4     |
|    explained_variance   | 0.57      |
|    learning_rate        | 0.0003    |
|    loss                 | 0.2       |
|    n_updates            | 400       |
|    policy_gradient_loss | 0.168     |
|    std                  | 0.894     |
|    value_loss           | 0.0316    |
---------------------------------------
---------------------------------------
| rollout/                |           |
|    ep_len_mean          | 1         |
|    ep_rew_mean          | 4.59      |
| time/                   |           |
|    fps                  | 23        |
|    iterations           | 42        |
|    time_elapsed         | 3634      |
|    total_timesteps      | 86016     |
| train/                  |           |
|    approx_kl            | 1.7304282 |
|    clip_fraction        | 0.878     |
|    clip_range           | 0.2       |
|    entropy_loss         | -27.3     |
|    explained_variance   | 0.59      |
|    learning_rate        | 0.0003    |
|    loss                 | 0.151     |
|    n_updates            | 410       |
|    policy_gradient_loss | 0.145     |
|    std                  | 0.89      |
|    value_loss           | 0.0359    |
---------------------------------------
---------------------------------------
| rollout/                |           |
|    ep_len_mean          | 1         |
|    ep_rew_mean          | 4.58      |
| time/                   |           |
|    fps                  | 23        |
|    iterations           | 43        |
|    time_elapsed         | 3720      |
|    total_timesteps      | 88064     |
| train/                  |           |
|    approx_kl            | 2.6362557 |
|    clip_fraction        | 0.883     |
|    clip_range           | 0.2       |
|    entropy_loss         | -27.3     |
|    explained_variance   | 0.535     |
|    learning_rate        | 0.0003    |
|    loss                 | 0.135     |
|    n_updates            | 420       |
|    policy_gradient_loss | 0.178     |
|    std                  | 0.89      |
|    value_loss           | 0.0378    |
---------------------------------------
Eval num_timesteps=90000, episode_reward=4.76 +/- 0.14
Episode length: 1.00 +/- 0.00
---------------------------------------
| eval/                   |           |
|    mean_ep_length       | 1         |
|    mean_reward          | 4.76      |
| time/                   |           |
|    total_timesteps      | 90000     |
| train/                  |           |
|    approx_kl            | 2.2439566 |
|    clip_fraction        | 0.908     |
|    clip_range           | 0.2       |
|    entropy_loss         | -27.3     |
|    explained_variance   | 0.556     |
|    learning_rate        | 0.0003    |
|    loss                 | 0.242     |
|    n_updates            | 430       |
|    policy_gradient_loss | 0.274     |
|    std                  | 0.891     |
|    value_loss           | 0.0384    |
---------------------------------------
---------------------------------
| rollout/           |          |
|    ep_len_mean     | 1        |
|    ep_rew_mean     | 4.59     |
| time/              |          |
|    fps             | 23       |
|    iterations      | 44       |
|    time_elapsed    | 3806     |
|    total_timesteps | 90112    |
---------------------------------
---------------------------------------
| rollout/                |           |
|    ep_len_mean          | 1         |
|    ep_rew_mean          | 4.58      |
| time/                   |           |
|    fps                  | 23        |
|    iterations           | 45        |
|    time_elapsed         | 3892      |
|    total_timesteps      | 92160     |
| train/                  |           |
|    approx_kl            | 1.2314649 |
|    clip_fraction        | 0.858     |
|    clip_range           | 0.2       |
|    entropy_loss         | -27.3     |
|    explained_variance   | 0.487     |
|    learning_rate        | 0.0003    |
|    loss                 | 0.203     |
|    n_updates            | 440       |
|    policy_gradient_loss | 0.146     |
|    std                  | 0.888     |
|    value_loss           | 0.0394    |
---------------------------------------
---------------------------------------
| rollout/                |           |
|    ep_len_mean          | 1         |
|    ep_rew_mean          | 4.56      |
| time/                   |           |
|    fps                  | 23        |
|    iterations           | 46        |
|    time_elapsed         | 3978      |
|    total_timesteps      | 94208     |
| train/                  |           |
|    approx_kl            | 1.6272135 |
|    clip_fraction        | 0.875     |
|    clip_range           | 0.2       |
|    entropy_loss         | -27.2     |
|    explained_variance   | 0.475     |
|    learning_rate        | 0.0003    |
|    loss                 | 0.0997    |
|    n_updates            | 450       |
|    policy_gradient_loss | 0.146     |
|    std                  | 0.885     |
|    value_loss           | 0.0382    |
---------------------------------------
---------------------------------------
| rollout/                |           |
|    ep_len_mean          | 1         |
|    ep_rew_mean          | 4.55      |
| time/                   |           |
|    fps                  | 23        |
|    iterations           | 47        |
|    time_elapsed         | 4064      |
|    total_timesteps      | 96256     |
| train/                  |           |
|    approx_kl            | 2.7239466 |
|    clip_fraction        | 0.898     |
|    clip_range           | 0.2       |
|    entropy_loss         | -27.1     |
|    explained_variance   | 0.577     |
|    learning_rate        | 0.0003    |
|    loss                 | 0.207     |
|    n_updates            | 460       |
|    policy_gradient_loss | 0.192     |
|    std                  | 0.884     |
|    value_loss           | 0.0369    |
---------------------------------------
---------------------------------------
| rollout/                |           |
|    ep_len_mean          | 1         |
|    ep_rew_mean          | 4.57      |
| time/                   |           |
|    fps                  | 23        |
|    iterations           | 48        |
|    time_elapsed         | 4150      |
|    total_timesteps      | 98304     |
| train/                  |           |
|    approx_kl            | 1.6725873 |
|    clip_fraction        | 0.896     |
|    clip_range           | 0.2       |
|    entropy_loss         | -27.1     |
|    explained_variance   | 0.537     |
|    learning_rate        | 0.0003    |
|    loss                 | 0.00679   |
|    n_updates            | 470       |
|    policy_gradient_loss | 0.142     |
|    std                  | 0.882     |
|    value_loss           | 0.0414    |
---------------------------------------
Eval num_timesteps=100000, episode_reward=4.64 +/- 0.16
Episode length: 1.00 +/- 0.00
---------------------------------------
| eval/                   |           |
|    mean_ep_length       | 1         |
|    mean_reward          | 4.64      |
| time/                   |           |
|    total_timesteps      | 100000    |
| train/                  |           |
|    approx_kl            | 1.3860933 |
|    clip_fraction        | 0.872     |
|    clip_range           | 0.2       |
|    entropy_loss         | -27.1     |
|    explained_variance   | 0.57      |
|    learning_rate        | 0.0003    |
|    loss                 | 0.000153  |
|    n_updates            | 480       |
|    policy_gradient_loss | 0.155     |
|    std                  | 0.88      |
|    value_loss           | 0.0343    |
---------------------------------------
---------------------------------
| rollout/           |          |
|    ep_len_mean     | 1        |
|    ep_rew_mean     | 4.5      |
| time/              |          |
|    fps             | 23       |
|    iterations      | 49       |
|    time_elapsed    | 4236     |
|    total_timesteps | 100352   |
---------------------------------
---------------------------------------
| rollout/                |           |
|    ep_len_mean          | 1         |
|    ep_rew_mean          | 4.58      |
| time/                   |           |
|    fps                  | 23        |
|    iterations           | 50        |
|    time_elapsed         | 4322      |
|    total_timesteps      | 102400    |
| train/                  |           |
|    approx_kl            | 1.6309044 |
|    clip_fraction        | 0.886     |
|    clip_range           | 0.2       |
|    entropy_loss         | -27       |
|    explained_variance   | 0.548     |
|    learning_rate        | 0.0003    |
|    loss                 | 0.113     |
|    n_updates            | 490       |
|    policy_gradient_loss | 0.149     |
|    std                  | 0.879     |
|    value_loss           | 0.0378    |
---------------------------------------
---------------------------------------
| rollout/                |           |
|    ep_len_mean          | 1         |
|    ep_rew_mean          | 4.59      |
| time/                   |           |
|    fps                  | 23        |
|    iterations           | 51        |
|    time_elapsed         | 4408      |
|    total_timesteps      | 104448    |
| train/                  |           |
|    approx_kl            | 1.7873578 |
|    clip_fraction        | 0.875     |
|    clip_range           | 0.2       |
|    entropy_loss         | -27       |
|    explained_variance   | 0.538     |
|    learning_rate        | 0.0003    |
|    loss                 | 0.0103    |
|    n_updates            | 500       |
|    policy_gradient_loss | 0.179     |
|    std                  | 0.879     |
|    value_loss           | 0.0362    |
---------------------------------------
---------------------------------------
| rollout/                |           |
|    ep_len_mean          | 1         |
|    ep_rew_mean          | 4.53      |
| time/                   |           |
|    fps                  | 23        |
|    iterations           | 52        |
|    time_elapsed         | 4493      |
|    total_timesteps      | 106496    |
| train/                  |           |
|    approx_kl            | 1.4419868 |
|    clip_fraction        | 0.866     |
|    clip_range           | 0.2       |
|    entropy_loss         | -27       |
|    explained_variance   | 0.583     |
|    learning_rate        | 0.0003    |
|    loss                 | 0.0979    |
|    n_updates            | 510       |
|    policy_gradient_loss | 0.146     |
|    std                  | 0.878     |
|    value_loss           | 0.0319    |
---------------------------------------
---------------------------------------
| rollout/                |           |
|    ep_len_mean          | 1         |
|    ep_rew_mean          | 4.63      |
| time/                   |           |
|    fps                  | 23        |
|    iterations           | 53        |
|    time_elapsed         | 4578      |
|    total_timesteps      | 108544    |
| train/                  |           |
|    approx_kl            | 1.2732142 |
|    clip_fraction        | 0.871     |
|    clip_range           | 0.2       |
|    entropy_loss         | -27       |
|    explained_variance   | 0.564     |
|    learning_rate        | 0.0003    |
|    loss                 | 0.0783    |
|    n_updates            | 520       |
|    policy_gradient_loss | 0.143     |
|    std                  | 0.878     |
|    value_loss           | 0.0381    |
---------------------------------------
Eval num_timesteps=110000, episode_reward=4.78 +/- 0.32
Episode length: 1.00 +/- 0.00
---------------------------------------
| eval/                   |           |
|    mean_ep_length       | 1         |
|    mean_reward          | 4.78      |
| time/                   |           |
|    total_timesteps      | 110000    |
| train/                  |           |
|    approx_kl            | 1.3963654 |
|    clip_fraction        | 0.859     |
|    clip_range           | 0.2       |
|    entropy_loss         | -26.9     |
|    explained_variance   | 0.563     |
|    learning_rate        | 0.0003    |
|    loss                 | 0.117     |
|    n_updates            | 530       |
|    policy_gradient_loss | 0.155     |
|    std                  | 0.874     |
|    value_loss           | 0.0352    |
---------------------------------------
---------------------------------
| rollout/           |          |
|    ep_len_mean     | 1        |
|    ep_rew_mean     | 4.57     |
| time/              |          |
|    fps             | 23       |
|    iterations      | 54       |
|    time_elapsed    | 4664     |
|    total_timesteps | 110592   |
---------------------------------
---------------------------------------
| rollout/                |           |
|    ep_len_mean          | 1         |
|    ep_rew_mean          | 4.58      |
| time/                   |           |
|    fps                  | 23        |
|    iterations           | 55        |
|    time_elapsed         | 4749      |
|    total_timesteps      | 112640    |
| train/                  |           |
|    approx_kl            | 2.2544744 |
|    clip_fraction        | 0.883     |
|    clip_range           | 0.2       |
|    entropy_loss         | -26.9     |
|    explained_variance   | 0.577     |
|    learning_rate        | 0.0003    |
|    loss                 | 0.16      |
|    n_updates            | 540       |
|    policy_gradient_loss | 0.16      |
|    std                  | 0.874     |
|    value_loss           | 0.0392    |
---------------------------------------
---------------------------------------
| rollout/                |           |
|    ep_len_mean          | 1         |
|    ep_rew_mean          | 4.59      |
| time/                   |           |
|    fps                  | 23        |
|    iterations           | 56        |
|    time_elapsed         | 4834      |
|    total_timesteps      | 114688    |
| train/                  |           |
|    approx_kl            | 2.1072407 |
|    clip_fraction        | 0.874     |
|    clip_range           | 0.2       |
|    entropy_loss         | -26.8     |
|    explained_variance   | 0.568     |
|    learning_rate        | 0.0003    |
|    loss                 | 0.0748    |
|    n_updates            | 550       |
|    policy_gradient_loss | 0.148     |
|    std                  | 0.87      |
|    value_loss           | 0.0343    |
---------------------------------------
--------------------------------------
| rollout/                |          |
|    ep_len_mean          | 1        |
|    ep_rew_mean          | 4.61     |
| time/                   |          |
|    fps                  | 23       |
|    iterations           | 57       |
|    time_elapsed         | 4920     |
|    total_timesteps      | 116736   |
| train/                  |          |
|    approx_kl            | 1.223524 |
|    clip_fraction        | 0.848    |
|    clip_range           | 0.2      |
|    entropy_loss         | -26.8    |
|    explained_variance   | 0.556    |
|    learning_rate        | 0.0003   |
|    loss                 | -0.00509 |
|    n_updates            | 560      |
|    policy_gradient_loss | 0.125    |
|    std                  | 0.869    |
|    value_loss           | 0.034    |
--------------------------------------
---------------------------------------
| rollout/                |           |
|    ep_len_mean          | 1         |
|    ep_rew_mean          | 4.59      |
| time/                   |           |
|    fps                  | 23        |
|    iterations           | 58        |
|    time_elapsed         | 5005      |
|    total_timesteps      | 118784    |
| train/                  |           |
|    approx_kl            | 2.6682854 |
|    clip_fraction        | 0.916     |
|    clip_range           | 0.2       |
|    entropy_loss         | -26.7     |
|    explained_variance   | 0.574     |
|    learning_rate        | 0.0003    |
|    loss                 | 0.194     |
|    n_updates            | 570       |
|    policy_gradient_loss | 0.239     |
|    std                  | 0.869     |
|    value_loss           | 0.032     |
---------------------------------------
Eval num_timesteps=120000, episode_reward=4.80 +/- 0.17
Episode length: 1.00 +/- 0.00
---------------------------------------
| eval/                   |           |
|    mean_ep_length       | 1         |
|    mean_reward          | 4.8       |
| time/                   |           |
|    total_timesteps      | 120000    |
| train/                  |           |
|    approx_kl            | 2.1171677 |
|    clip_fraction        | 0.891     |
|    clip_range           | 0.2       |
|    entropy_loss         | -26.7     |
|    explained_variance   | 0.517     |
|    learning_rate        | 0.0003    |
|    loss                 | 0.2       |
|    n_updates            | 580       |
|    policy_gradient_loss | 0.205     |
|    std                  | 0.867     |
|    value_loss           | 0.038     |
---------------------------------------
---------------------------------
| rollout/           |          |
|    ep_len_mean     | 1        |
|    ep_rew_mean     | 4.62     |
| time/              |          |
|    fps             | 23       |
|    iterations      | 59       |
|    time_elapsed    | 5090     |
|    total_timesteps | 120832   |
---------------------------------
--------------------------------------
| rollout/                |          |
|    ep_len_mean          | 1        |
|    ep_rew_mean          | 4.6      |
| time/                   |          |
|    fps                  | 23       |
|    iterations           | 60       |
|    time_elapsed         | 5175     |
|    total_timesteps      | 122880   |
| train/                  |          |
|    approx_kl            | 1.818582 |
|    clip_fraction        | 0.87     |
|    clip_range           | 0.2      |
|    entropy_loss         | -26.7    |
|    explained_variance   | 0.522    |
|    learning_rate        | 0.0003   |
|    loss                 | 0.343    |
|    n_updates            | 590      |
|    policy_gradient_loss | 0.167    |
|    std                  | 0.867    |
|    value_loss           | 0.0357   |
--------------------------------------
---------------------------------------
| rollout/                |           |
|    ep_len_mean          | 1         |
|    ep_rew_mean          | 4.62      |
| time/                   |           |
|    fps                  | 23        |
|    iterations           | 61        |
|    time_elapsed         | 5261      |
|    total_timesteps      | 124928    |
| train/                  |           |
|    approx_kl            | 2.6429057 |
|    clip_fraction        | 0.909     |
|    clip_range           | 0.2       |
|    entropy_loss         | -26.7     |
|    explained_variance   | 0.589     |
|    learning_rate        | 0.0003    |
|    loss                 | 0.146     |
|    n_updates            | 600       |
|    policy_gradient_loss | 0.327     |
|    std                  | 0.867     |
|    value_loss           | 0.0414    |
---------------------------------------
---------------------------------------
| rollout/                |           |
|    ep_len_mean          | 1         |
|    ep_rew_mean          | 4.59      |
| time/                   |           |
|    fps                  | 23        |
|    iterations           | 62        |
|    time_elapsed         | 5346      |
|    total_timesteps      | 126976    |
| train/                  |           |
|    approx_kl            | 1.8315359 |
|    clip_fraction        | 0.873     |
|    clip_range           | 0.2       |
|    entropy_loss         | -26.7     |
|    explained_variance   | 0.522     |
|    learning_rate        | 0.0003    |
|    loss                 | 0.179     |
|    n_updates            | 610       |
|    policy_gradient_loss | 0.167     |
|    std                  | 0.866     |
|    value_loss           | 0.0396    |
---------------------------------------
---------------------------------------
| rollout/                |           |
|    ep_len_mean          | 1         |
|    ep_rew_mean          | 4.61      |
| time/                   |           |
|    fps                  | 23        |
|    iterations           | 63        |
|    time_elapsed         | 5431      |
|    total_timesteps      | 129024    |
| train/                  |           |
|    approx_kl            | 1.2861025 |
|    clip_fraction        | 0.842     |
|    clip_range           | 0.2       |
|    entropy_loss         | -26.6     |
|    explained_variance   | 0.493     |
|    learning_rate        | 0.0003    |
|    loss                 | 0.0761    |
|    n_updates            | 620       |
|    policy_gradient_loss | 0.109     |
|    std                  | 0.863     |
|    value_loss           | 0.0346    |
---------------------------------------
Eval num_timesteps=130000, episode_reward=4.67 +/- 0.28
Episode length: 1.00 +/- 0.00
---------------------------------------
| eval/                   |           |
|    mean_ep_length       | 1         |
|    mean_reward          | 4.67      |
| time/                   |           |
|    total_timesteps      | 130000    |
| train/                  |           |
|    approx_kl            | 1.7279831 |
|    clip_fraction        | 0.884     |
|    clip_range           | 0.2       |
|    entropy_loss         | -26.6     |
|    explained_variance   | 0.574     |
|    learning_rate        | 0.0003    |
|    loss                 | 0.0896    |
|    n_updates            | 630       |
|    policy_gradient_loss | 0.194     |
|    std                  | 0.862     |
|    value_loss           | 0.0319    |
---------------------------------------
---------------------------------
| rollout/           |          |
|    ep_len_mean     | 1        |
|    ep_rew_mean     | 4.66     |
| time/              |          |
|    fps             | 23       |
|    iterations      | 64       |
|    time_elapsed    | 5516     |
|    total_timesteps | 131072   |
---------------------------------
---------------------------------------
| rollout/                |           |
|    ep_len_mean          | 1         |
|    ep_rew_mean          | 4.62      |
| time/                   |           |
|    fps                  | 23        |
|    iterations           | 65        |
|    time_elapsed         | 5601      |
|    total_timesteps      | 133120    |
| train/                  |           |
|    approx_kl            | 1.2577128 |
|    clip_fraction        | 0.845     |
|    clip_range           | 0.2       |
|    entropy_loss         | -26.5     |
|    explained_variance   | 0.555     |
|    learning_rate        | 0.0003    |
|    loss                 | 0.144     |
|    n_updates            | 640       |
|    policy_gradient_loss | 0.189     |
|    std                  | 0.859     |
|    value_loss           | 0.0329    |
---------------------------------------
--------------------------------------
| rollout/                |          |
|    ep_len_mean          | 1        |
|    ep_rew_mean          | 4.59     |
| time/                   |          |
|    fps                  | 23       |
|    iterations           | 66       |
|    time_elapsed         | 5686     |
|    total_timesteps      | 135168   |
| train/                  |          |
|    approx_kl            | 2.497634 |
|    clip_fraction        | 0.907    |
|    clip_range           | 0.2      |
|    entropy_loss         | -26.5    |
|    explained_variance   | 0.568    |
|    learning_rate        | 0.0003   |
|    loss                 | 0.203    |
|    n_updates            | 650      |
|    policy_gradient_loss | 0.246    |
|    std                  | 0.86     |
|    value_loss           | 0.0366   |
--------------------------------------
---------------------------------------
| rollout/                |           |
|    ep_len_mean          | 1         |
|    ep_rew_mean          | 4.62      |
| time/                   |           |
|    fps                  | 23        |
|    iterations           | 67        |
|    time_elapsed         | 5771      |
|    total_timesteps      | 137216    |
| train/                  |           |
|    approx_kl            | 1.6003325 |
|    clip_fraction        | 0.857     |
|    clip_range           | 0.2       |
|    entropy_loss         | -26.5     |
|    explained_variance   | 0.581     |
|    learning_rate        | 0.0003    |
|    loss                 | 0.0894    |
|    n_updates            | 660       |
|    policy_gradient_loss | 0.123     |
|    std                  | 0.857     |
|    value_loss           | 0.0372    |
---------------------------------------
---------------------------------------
| rollout/                |           |
|    ep_len_mean          | 1         |
|    ep_rew_mean          | 4.6       |
| time/                   |           |
|    fps                  | 23        |
|    iterations           | 68        |
|    time_elapsed         | 5856      |
|    total_timesteps      | 139264    |
| train/                  |           |
|    approx_kl            | 1.0586855 |
|    clip_fraction        | 0.839     |
|    clip_range           | 0.2       |
|    entropy_loss         | -26.4     |
|    explained_variance   | 0.58      |
|    learning_rate        | 0.0003    |
|    loss                 | 0.054     |
|    n_updates            | 670       |
|    policy_gradient_loss | 0.0934    |
|    std                  | 0.851     |
|    value_loss           | 0.0354    |
---------------------------------------
Eval num_timesteps=140000, episode_reward=4.79 +/- 0.49
Episode length: 1.00 +/- 0.00
--------------------------------------
| eval/                   |          |
|    mean_ep_length       | 1        |
|    mean_reward          | 4.79     |
| time/                   |          |
|    total_timesteps      | 140000   |
| train/                  |          |
|    approx_kl            | 1.927327 |
|    clip_fraction        | 0.858    |
|    clip_range           | 0.2      |
|    entropy_loss         | -26.3    |
|    explained_variance   | 0.597    |
|    learning_rate        | 0.0003   |
|    loss                 | 0.111    |
|    n_updates            | 680      |
|    policy_gradient_loss | 0.119    |
|    std                  | 0.85     |
|    value_loss           | 0.0341   |
--------------------------------------
---------------------------------
| rollout/           |          |
|    ep_len_mean     | 1        |
|    ep_rew_mean     | 4.6      |
| time/              |          |
|    fps             | 23       |
|    iterations      | 69       |
|    time_elapsed    | 5942     |
|    total_timesteps | 141312   |
---------------------------------
---------------------------------------
| rollout/                |           |
|    ep_len_mean          | 1         |
|    ep_rew_mean          | 4.54      |
| time/                   |           |
|    fps                  | 23        |
|    iterations           | 70        |
|    time_elapsed         | 6027      |
|    total_timesteps      | 143360    |
| train/                  |           |
|    approx_kl            | 2.3919787 |
|    clip_fraction        | 0.863     |
|    clip_range           | 0.2       |
|    entropy_loss         | -26.3     |
|    explained_variance   | 0.573     |
|    learning_rate        | 0.0003    |
|    loss                 | 0.14      |
|    n_updates            | 690       |
|    policy_gradient_loss | 0.162     |
|    std                  | 0.849     |
|    value_loss           | 0.0337    |
---------------------------------------
---------------------------------------
| rollout/                |           |
|    ep_len_mean          | 1         |
|    ep_rew_mean          | 4.63      |
| time/                   |           |
|    fps                  | 23        |
|    iterations           | 71        |
|    time_elapsed         | 6113      |
|    total_timesteps      | 145408    |
| train/                  |           |
|    approx_kl            | 1.7042933 |
|    clip_fraction        | 0.872     |
|    clip_range           | 0.2       |
|    entropy_loss         | -26.3     |
|    explained_variance   | 0.589     |
|    learning_rate        | 0.0003    |
|    loss                 | 0.109     |
|    n_updates            | 700       |
|    policy_gradient_loss | 0.137     |
|    std                  | 0.851     |
|    value_loss           | 0.0371    |
---------------------------------------
---------------------------------------
| rollout/                |           |
|    ep_len_mean          | 1         |
|    ep_rew_mean          | 4.6       |
| time/                   |           |
|    fps                  | 23        |
|    iterations           | 72        |
|    time_elapsed         | 6198      |
|    total_timesteps      | 147456    |
| train/                  |           |
|    approx_kl            | 1.8387656 |
|    clip_fraction        | 0.885     |
|    clip_range           | 0.2       |
|    entropy_loss         | -26.3     |
|    explained_variance   | 0.567     |
|    learning_rate        | 0.0003    |
|    loss                 | 0.177     |
|    n_updates            | 710       |
|    policy_gradient_loss | 0.23      |
|    std                  | 0.849     |
|    value_loss           | 0.0345    |
---------------------------------------
---------------------------------------
| rollout/                |           |
|    ep_len_mean          | 1         |
|    ep_rew_mean          | 4.59      |
| time/                   |           |
|    fps                  | 23        |
|    iterations           | 73        |
|    time_elapsed         | 6283      |
|    total_timesteps      | 149504    |
| train/                  |           |
|    approx_kl            | 1.5513926 |
|    clip_fraction        | 0.874     |
|    clip_range           | 0.2       |
|    entropy_loss         | -26.2     |
|    explained_variance   | 0.59      |
|    learning_rate        | 0.0003    |
|    loss                 | 0.267     |
|    n_updates            | 720       |
|    policy_gradient_loss | 0.148     |
|    std                  | 0.846     |
|    value_loss           | 0.036     |
---------------------------------------
Eval num_timesteps=150000, episode_reward=4.78 +/- 0.29
Episode length: 1.00 +/- 0.00
---------------------------------------
| eval/                   |           |
|    mean_ep_length       | 1         |
|    mean_reward          | 4.78      |
| time/                   |           |
|    total_timesteps      | 150000    |
| train/                  |           |
|    approx_kl            | 1.8128247 |
|    clip_fraction        | 0.878     |
|    clip_range           | 0.2       |
|    entropy_loss         | -26.2     |
|    explained_variance   | 0.476     |
|    learning_rate        | 0.0003    |
|    loss                 | 0.141     |
|    n_updates            | 730       |
|    policy_gradient_loss | 0.166     |
|    std                  | 0.847     |
|    value_loss           | 0.0356    |
---------------------------------------
---------------------------------
| rollout/           |          |
|    ep_len_mean     | 1        |
|    ep_rew_mean     | 4.6      |
| time/              |          |
|    fps             | 23       |
|    iterations      | 74       |
|    time_elapsed    | 6368     |
|    total_timesteps | 151552   |
---------------------------------
---------------------------------------
| rollout/                |           |
|    ep_len_mean          | 1         |
|    ep_rew_mean          | 4.59      |
| time/                   |           |
|    fps                  | 23        |
|    iterations           | 75        |
|    time_elapsed         | 6453      |
|    total_timesteps      | 153600    |
| train/                  |           |
|    approx_kl            | 1.7853987 |
|    clip_fraction        | 0.86      |
|    clip_range           | 0.2       |
|    entropy_loss         | -26.2     |
|    explained_variance   | 0.575     |
|    learning_rate        | 0.0003    |
|    loss                 | 0.119     |
|    n_updates            | 740       |
|    policy_gradient_loss | 0.118     |
|    std                  | 0.846     |
|    value_loss           | 0.0321    |
---------------------------------------
---------------------------------------
| rollout/                |           |
|    ep_len_mean          | 1         |
|    ep_rew_mean          | 4.64      |
| time/                   |           |
|    fps                  | 23        |
|    iterations           | 76        |
|    time_elapsed         | 6538      |
|    total_timesteps      | 155648    |
| train/                  |           |
|    approx_kl            | 2.2360668 |
|    clip_fraction        | 0.881     |
|    clip_range           | 0.2       |
|    entropy_loss         | -26.1     |
|    explained_variance   | 0.572     |
|    learning_rate        | 0.0003    |
|    loss                 | 0.178     |
|    n_updates            | 750       |
|    policy_gradient_loss | 0.213     |
|    std                  | 0.844     |
|    value_loss           | 0.0317    |
---------------------------------------
---------------------------------------
| rollout/                |           |
|    ep_len_mean          | 1         |
|    ep_rew_mean          | 4.56      |
| time/                   |           |
|    fps                  | 23        |
|    iterations           | 77        |
|    time_elapsed         | 6622      |
|    total_timesteps      | 157696    |
| train/                  |           |
|    approx_kl            | 2.0919156 |
|    clip_fraction        | 0.863     |
|    clip_range           | 0.2       |
|    entropy_loss         | -26.1     |
|    explained_variance   | 0.603     |
|    learning_rate        | 0.0003    |
|    loss                 | 0.122     |
|    n_updates            | 760       |
|    policy_gradient_loss | 0.123     |
|    std                  | 0.845     |
|    value_loss           | 0.0362    |
---------------------------------------
---------------------------------------
| rollout/                |           |
|    ep_len_mean          | 1         |
|    ep_rew_mean          | 4.62      |
| time/                   |           |
|    fps                  | 23        |
|    iterations           | 78        |
|    time_elapsed         | 6708      |
|    total_timesteps      | 159744    |
| train/                  |           |
|    approx_kl            | 1.6218965 |
|    clip_fraction        | 0.862     |
|    clip_range           | 0.2       |
|    entropy_loss         | -26.1     |
|    explained_variance   | 0.579     |
|    learning_rate        | 0.0003    |
|    loss                 | 0.171     |
|    n_updates            | 770       |
|    policy_gradient_loss | 0.109     |
|    std                  | 0.842     |
|    value_loss           | 0.0365    |
---------------------------------------
Eval num_timesteps=160000, episode_reward=4.47 +/- 0.15
Episode length: 1.00 +/- 0.00
--------------------------------------
| eval/                   |          |
|    mean_ep_length       | 1        |
|    mean_reward          | 4.47     |
| time/                   |          |
|    total_timesteps      | 160000   |
| train/                  |          |
|    approx_kl            | 2.852516 |
|    clip_fraction        | 0.873    |
|    clip_range           | 0.2      |
|    entropy_loss         | -26      |
|    explained_variance   | 0.531    |
|    learning_rate        | 0.0003   |
|    loss                 | 0.167    |
|    n_updates            | 780      |
|    policy_gradient_loss | 0.178    |
|    std                  | 0.842    |
|    value_loss           | 0.0338   |
--------------------------------------
---------------------------------
| rollout/           |          |
|    ep_len_mean     | 1        |
|    ep_rew_mean     | 4.65     |
| time/              |          |
|    fps             | 23       |
|    iterations      | 79       |
|    time_elapsed    | 6794     |
|    total_timesteps | 161792   |
---------------------------------
---------------------------------------
| rollout/                |           |
|    ep_len_mean          | 1         |
|    ep_rew_mean          | 4.61      |
| time/                   |           |
|    fps                  | 23        |
|    iterations           | 80        |
|    time_elapsed         | 6878      |
|    total_timesteps      | 163840    |
| train/                  |           |
|    approx_kl            | 1.7779584 |
|    clip_fraction        | 0.879     |
|    clip_range           | 0.2       |
|    entropy_loss         | -26       |
|    explained_variance   | 0.519     |
|    learning_rate        | 0.0003    |
|    loss                 | 0.0448    |
|    n_updates            | 790       |
|    policy_gradient_loss | 0.163     |
|    std                  | 0.841     |
|    value_loss           | 0.0353    |
---------------------------------------
---------------------------------------
| rollout/                |           |
|    ep_len_mean          | 1         |
|    ep_rew_mean          | 4.63      |
| time/                   |           |
|    fps                  | 23        |
|    iterations           | 81        |
|    time_elapsed         | 6964      |
|    total_timesteps      | 165888    |
| train/                  |           |
|    approx_kl            | 1.7415476 |
|    clip_fraction        | 0.874     |
|    clip_range           | 0.2       |
|    entropy_loss         | -26       |
|    explained_variance   | 0.513     |
|    learning_rate        | 0.0003    |
|    loss                 | 0.157     |
|    n_updates            | 800       |
|    policy_gradient_loss | 0.136     |
|    std                  | 0.84      |
|    value_loss           | 0.0344    |
---------------------------------------
---------------------------------------
| rollout/                |           |
|    ep_len_mean          | 1         |
|    ep_rew_mean          | 4.64      |
| time/                   |           |
|    fps                  | 23        |
|    iterations           | 82        |
|    time_elapsed         | 7050      |
|    total_timesteps      | 167936    |
| train/                  |           |
|    approx_kl            | 1.8788099 |
|    clip_fraction        | 0.888     |
|    clip_range           | 0.2       |
|    entropy_loss         | -26       |
|    explained_variance   | 0.573     |
|    learning_rate        | 0.0003    |
|    loss                 | 0.259     |
|    n_updates            | 810       |
|    policy_gradient_loss | 0.175     |
|    std                  | 0.839     |
|    value_loss           | 0.0343    |
---------------------------------------
--------------------------------------
| rollout/                |          |
|    ep_len_mean          | 1        |
|    ep_rew_mean          | 4.56     |
| time/                   |          |
|    fps                  | 23       |
|    iterations           | 83       |
|    time_elapsed         | 7135     |
|    total_timesteps      | 169984   |
| train/                  |          |
|    approx_kl            | 1.671657 |
|    clip_fraction        | 0.862    |
|    clip_range           | 0.2      |
|    entropy_loss         | -25.9    |
|    explained_variance   | 0.587    |
|    learning_rate        | 0.0003   |
|    loss                 | 0.175    |
|    n_updates            | 820      |
|    policy_gradient_loss | 0.128    |
|    std                  | 0.839    |
|    value_loss           | 0.0345   |
--------------------------------------
Eval num_timesteps=170000, episode_reward=4.80 +/- 0.22
Episode length: 1.00 +/- 0.00
---------------------------------------
| eval/                   |           |
|    mean_ep_length       | 1         |
|    mean_reward          | 4.8       |
| time/                   |           |
|    total_timesteps      | 170000    |
| train/                  |           |
|    approx_kl            | 2.0602913 |
|    clip_fraction        | 0.873     |
|    clip_range           | 0.2       |
|    entropy_loss         | -25.9     |
|    explained_variance   | 0.51      |
|    learning_rate        | 0.0003    |
|    loss                 | 0.094     |
|    n_updates            | 830       |
|    policy_gradient_loss | 0.166     |
|    std                  | 0.839     |
|    value_loss           | 0.0361    |
---------------------------------------
---------------------------------
| rollout/           |          |
|    ep_len_mean     | 1        |
|    ep_rew_mean     | 4.58     |
| time/              |          |
|    fps             | 23       |
|    iterations      | 84       |
|    time_elapsed    | 7220     |
|    total_timesteps | 172032   |
---------------------------------
--------------------------------------
| rollout/                |          |
|    ep_len_mean          | 1        |
|    ep_rew_mean          | 4.63     |
| time/                   |          |
|    fps                  | 23       |
|    iterations           | 85       |
|    time_elapsed         | 7305     |
|    total_timesteps      | 174080   |
| train/                  |          |
|    approx_kl            | 2.189951 |
|    clip_fraction        | 0.891    |
|    clip_range           | 0.2      |
|    entropy_loss         | -25.9    |
|    explained_variance   | 0.546    |
|    learning_rate        | 0.0003   |
|    loss                 | 0.139    |
|    n_updates            | 840      |
|    policy_gradient_loss | 0.174    |
|    std                  | 0.839    |
|    value_loss           | 0.0328   |
--------------------------------------
---------------------------------------
| rollout/                |           |
|    ep_len_mean          | 1         |
|    ep_rew_mean          | 4.6       |
| time/                   |           |
|    fps                  | 23        |
|    iterations           | 86        |
|    time_elapsed         | 7390      |
|    total_timesteps      | 176128    |
| train/                  |           |
|    approx_kl            | 1.7735498 |
|    clip_fraction        | 0.874     |
|    clip_range           | 0.2       |
|    entropy_loss         | -25.9     |
|    explained_variance   | 0.589     |
|    learning_rate        | 0.0003    |
|    loss                 | 0.12      |
|    n_updates            | 850       |
|    policy_gradient_loss | 0.15      |
|    std                  | 0.839     |
|    value_loss           | 0.0312    |
---------------------------------------
---------------------------------------
| rollout/                |           |
|    ep_len_mean          | 1         |
|    ep_rew_mean          | 4.6       |
| time/                   |           |
|    fps                  | 23        |
|    iterations           | 87        |
|    time_elapsed         | 7476      |
|    total_timesteps      | 178176    |
| train/                  |           |
|    approx_kl            | 2.4948955 |
|    clip_fraction        | 0.909     |
|    clip_range           | 0.2       |
|    entropy_loss         | -25.9     |
|    explained_variance   | 0.613     |
|    learning_rate        | 0.0003    |
|    loss                 | 0.0702    |
|    n_updates            | 860       |
|    policy_gradient_loss | 0.2       |
|    std                  | 0.837     |
|    value_loss           | 0.0347    |
---------------------------------------
Eval num_timesteps=180000, episode_reward=4.59 +/- 0.14
Episode length: 1.00 +/- 0.00
---------------------------------------
| eval/                   |           |
|    mean_ep_length       | 1         |
|    mean_reward          | 4.59      |
| time/                   |           |
|    total_timesteps      | 180000    |
| train/                  |           |
|    approx_kl            | 1.8933735 |
|    clip_fraction        | 0.889     |
|    clip_range           | 0.2       |
|    entropy_loss         | -25.9     |
|    explained_variance   | 0.6       |
|    learning_rate        | 0.0003    |
|    loss                 | 0.131     |
|    n_updates            | 870       |
|    policy_gradient_loss | 0.178     |
|    std                  | 0.836     |
|    value_loss           | 0.032     |
---------------------------------------
---------------------------------
| rollout/           |          |
|    ep_len_mean     | 1        |
|    ep_rew_mean     | 4.56     |
| time/              |          |
|    fps             | 23       |
|    iterations      | 88       |
|    time_elapsed    | 7561     |
|    total_timesteps | 180224   |
---------------------------------
---------------------------------------
| rollout/                |           |
|    ep_len_mean          | 1         |
|    ep_rew_mean          | 4.56      |
| time/                   |           |
|    fps                  | 23        |
|    iterations           | 89        |
|    time_elapsed         | 7646      |
|    total_timesteps      | 182272    |
| train/                  |           |
|    approx_kl            | 1.9658768 |
|    clip_fraction        | 0.868     |
|    clip_range           | 0.2       |
|    entropy_loss         | -25.8     |
|    explained_variance   | 0.61      |
|    learning_rate        | 0.0003    |
|    loss                 | 0.263     |
|    n_updates            | 880       |
|    policy_gradient_loss | 0.176     |
|    std                  | 0.835     |
|    value_loss           | 0.0342    |
---------------------------------------
--------------------------------------
| rollout/                |          |
|    ep_len_mean          | 1        |
|    ep_rew_mean          | 4.64     |
| time/                   |          |
|    fps                  | 23       |
|    iterations           | 90       |
|    time_elapsed         | 7732     |
|    total_timesteps      | 184320   |
| train/                  |          |
|    approx_kl            | 1.99554  |
|    clip_fraction        | 0.878    |
|    clip_range           | 0.2      |
|    entropy_loss         | -25.8    |
|    explained_variance   | 0.577    |
|    learning_rate        | 0.0003   |
|    loss                 | 0.117    |
|    n_updates            | 890      |
|    policy_gradient_loss | 0.168    |
|    std                  | 0.835    |
|    value_loss           | 0.0366   |
--------------------------------------
---------------------------------------
| rollout/                |           |
|    ep_len_mean          | 1         |
|    ep_rew_mean          | 4.61      |
| time/                   |           |
|    fps                  | 23        |
|    iterations           | 91        |
|    time_elapsed         | 7817      |
|    total_timesteps      | 186368    |
| train/                  |           |
|    approx_kl            | 1.7780058 |
|    clip_fraction        | 0.87      |
|    clip_range           | 0.2       |
|    entropy_loss         | -25.8     |
|    explained_variance   | 0.609     |
|    learning_rate        | 0.0003    |
|    loss                 | 0.212     |
|    n_updates            | 900       |
|    policy_gradient_loss | 0.197     |
|    std                  | 0.833     |
|    value_loss           | 0.0341    |
---------------------------------------
---------------------------------------
| rollout/                |           |
|    ep_len_mean          | 1         |
|    ep_rew_mean          | 4.7       |
| time/                   |           |
|    fps                  | 23        |
|    iterations           | 92        |
|    time_elapsed         | 7903      |
|    total_timesteps      | 188416    |
| train/                  |           |
|    approx_kl            | 1.6265457 |
|    clip_fraction        | 0.855     |
|    clip_range           | 0.2       |
|    entropy_loss         | -25.7     |
|    explained_variance   | 0.574     |
|    learning_rate        | 0.0003    |
|    loss                 | -0.00965  |
|    n_updates            | 910       |
|    policy_gradient_loss | 0.105     |
|    std                  | 0.83      |
|    value_loss           | 0.0319    |
---------------------------------------
Eval num_timesteps=190000, episode_reward=4.83 +/- 0.21
Episode length: 1.00 +/- 0.00
---------------------------------------
| eval/                   |           |
|    mean_ep_length       | 1         |
|    mean_reward          | 4.83      |
| time/                   |           |
|    total_timesteps      | 190000    |
| train/                  |           |
|    approx_kl            | 1.8304472 |
|    clip_fraction        | 0.882     |
|    clip_range           | 0.2       |
|    entropy_loss         | -25.7     |
|    explained_variance   | 0.573     |
|    learning_rate        | 0.0003    |
|    loss                 | 0.176     |
|    n_updates            | 920       |
|    policy_gradient_loss | 0.191     |
|    std                  | 0.83      |
|    value_loss           | 0.0314    |
---------------------------------------
---------------------------------
| rollout/           |          |
|    ep_len_mean     | 1        |
|    ep_rew_mean     | 4.64     |
| time/              |          |
|    fps             | 23       |
|    iterations      | 93       |
|    time_elapsed    | 7988     |
|    total_timesteps | 190464   |
---------------------------------
---------------------------------------
| rollout/                |           |
|    ep_len_mean          | 1         |
|    ep_rew_mean          | 4.64      |
| time/                   |           |
|    fps                  | 23        |
|    iterations           | 94        |
|    time_elapsed         | 8073      |
|    total_timesteps      | 192512    |
| train/                  |           |
|    approx_kl            | 1.6301304 |
|    clip_fraction        | 0.855     |
|    clip_range           | 0.2       |
|    entropy_loss         | -25.7     |
|    explained_variance   | 0.522     |
|    learning_rate        | 0.0003    |
|    loss                 | 0.182     |
|    n_updates            | 930       |
|    policy_gradient_loss | 0.145     |
|    std                  | 0.828     |
|    value_loss           | 0.0355    |
---------------------------------------
---------------------------------------
| rollout/                |           |
|    ep_len_mean          | 1         |
|    ep_rew_mean          | 4.62      |
| time/                   |           |
|    fps                  | 23        |
|    iterations           | 95        |
|    time_elapsed         | 8158      |
|    total_timesteps      | 194560    |
| train/                  |           |
|    approx_kl            | 2.4882324 |
|    clip_fraction        | 0.899     |
|    clip_range           | 0.2       |
|    entropy_loss         | -25.6     |
|    explained_variance   | 0.574     |
|    learning_rate        | 0.0003    |
|    loss                 | 0.718     |
|    n_updates            | 940       |
|    policy_gradient_loss | 0.2       |
|    std                  | 0.825     |
|    value_loss           | 0.0333    |
---------------------------------------
---------------------------------------
| rollout/                |           |
|    ep_len_mean          | 1         |
|    ep_rew_mean          | 4.55      |
| time/                   |           |
|    fps                  | 23        |
|    iterations           | 96        |
|    time_elapsed         | 8243      |
|    total_timesteps      | 196608    |
| train/                  |           |
|    approx_kl            | 1.8228605 |
|    clip_fraction        | 0.879     |
|    clip_range           | 0.2       |
|    entropy_loss         | -25.6     |
|    explained_variance   | 0.538     |
|    learning_rate        | 0.0003    |
|    loss                 | 0.0805    |
|    n_updates            | 950       |
|    policy_gradient_loss | 0.129     |
|    std                  | 0.825     |
|    value_loss           | 0.0386    |
---------------------------------------
---------------------------------------
| rollout/                |           |
|    ep_len_mean          | 1         |
|    ep_rew_mean          | 4.6       |
| time/                   |           |
|    fps                  | 23        |
|    iterations           | 97        |
|    time_elapsed         | 8328      |
|    total_timesteps      | 198656    |
| train/                  |           |
|    approx_kl            | 1.6875465 |
|    clip_fraction        | 0.857     |
|    clip_range           | 0.2       |
|    entropy_loss         | -25.6     |
|    explained_variance   | 0.574     |
|    learning_rate        | 0.0003    |
|    loss                 | 0.22      |
|    n_updates            | 960       |
|    policy_gradient_loss | 0.14      |
|    std                  | 0.823     |
|    value_loss           | 0.035     |
---------------------------------------
Eval num_timesteps=200000, episode_reward=4.80 +/- 0.14
Episode length: 1.00 +/- 0.00
---------------------------------------
| eval/                   |           |
|    mean_ep_length       | 1         |
|    mean_reward          | 4.8       |
| time/                   |           |
|    total_timesteps      | 200000    |
| train/                  |           |
|    approx_kl            | 1.7445695 |
|    clip_fraction        | 0.859     |
|    clip_range           | 0.2       |
|    entropy_loss         | -25.5     |
|    explained_variance   | 0.575     |
|    learning_rate        | 0.0003    |
|    loss                 | 0.0753    |
|    n_updates            | 970       |
|    policy_gradient_loss | 0.125     |
|    std                  | 0.82      |
|    value_loss           | 0.0344    |
---------------------------------------
---------------------------------
| rollout/           |          |
|    ep_len_mean     | 1        |
|    ep_rew_mean     | 4.65     |
| time/              |          |
|    fps             | 23       |
|    iterations      | 98       |
|    time_elapsed    | 8414     |
|    total_timesteps | 200704   |
---------------------------------
---------------------------------------
| rollout/                |           |
|    ep_len_mean          | 1         |
|    ep_rew_mean          | 4.69      |
| time/                   |           |
|    fps                  | 23        |
|    iterations           | 99        |
|    time_elapsed         | 8499      |
|    total_timesteps      | 202752    |
| train/                  |           |
|    approx_kl            | 1.3837712 |
|    clip_fraction        | 0.857     |
|    clip_range           | 0.2       |
|    entropy_loss         | -25.4     |
|    explained_variance   | 0.586     |
|    learning_rate        | 0.0003    |
|    loss                 | 0.0404    |
|    n_updates            | 980       |
|    policy_gradient_loss | 0.117     |
|    std                  | 0.818     |
|    value_loss           | 0.0356    |
---------------------------------------
---------------------------------------
| rollout/                |           |
|    ep_len_mean          | 1         |
|    ep_rew_mean          | 4.58      |
| time/                   |           |
|    fps                  | 23        |
|    iterations           | 100       |
|    time_elapsed         | 8584      |
|    total_timesteps      | 204800    |
| train/                  |           |
|    approx_kl            | 1.5034751 |
|    clip_fraction        | 0.88      |
|    clip_range           | 0.2       |
|    entropy_loss         | -25.4     |
|    explained_variance   | 0.583     |
|    learning_rate        | 0.0003    |
|    loss                 | 0.0918    |
|    n_updates            | 990       |
|    policy_gradient_loss | 0.177     |
|    std                  | 0.818     |
|    value_loss           | 0.0342    |
---------------------------------------
--------------------------------------
| rollout/                |          |
|    ep_len_mean          | 1        |
|    ep_rew_mean          | 4.64     |
| time/                   |          |
|    fps                  | 23       |
|    iterations           | 101      |
|    time_elapsed         | 8669     |
|    total_timesteps      | 206848   |
| train/                  |          |
|    approx_kl            | 1.615813 |
|    clip_fraction        | 0.872    |
|    clip_range           | 0.2      |
|    entropy_loss         | -25.4    |
|    explained_variance   | 0.559    |
|    learning_rate        | 0.0003   |
|    loss                 | 0.0525   |
|    n_updates            | 1000     |
|    policy_gradient_loss | 0.166    |
|    std                  | 0.816    |
|    value_loss           | 0.0341   |
--------------------------------------
---------------------------------------
| rollout/                |           |
|    ep_len_mean          | 1         |
|    ep_rew_mean          | 4.65      |
| time/                   |           |
|    fps                  | 23        |
|    iterations           | 102       |
|    time_elapsed         | 8755      |
|    total_timesteps      | 208896    |
| train/                  |           |
|    approx_kl            | 1.6300273 |
|    clip_fraction        | 0.869     |
|    clip_range           | 0.2       |
|    entropy_loss         | -25.3     |
|    explained_variance   | 0.544     |
|    learning_rate        | 0.0003    |
|    loss                 | 0.36      |
|    n_updates            | 1010      |
|    policy_gradient_loss | 0.163     |
|    std                  | 0.816     |
|    value_loss           | 0.0344    |
---------------------------------------
Eval num_timesteps=210000, episode_reward=4.63 +/- 0.40
Episode length: 1.00 +/- 0.00
---------------------------------------
| eval/                   |           |
|    mean_ep_length       | 1         |
|    mean_reward          | 4.63      |
| time/                   |           |
|    total_timesteps      | 210000    |
| train/                  |           |
|    approx_kl            | 2.4245565 |
|    clip_fraction        | 0.886     |
|    clip_range           | 0.2       |
|    entropy_loss         | -25.3     |
|    explained_variance   | 0.568     |
|    learning_rate        | 0.0003    |
|    loss                 | 0.074     |
|    n_updates            | 1020      |
|    policy_gradient_loss | 0.183     |
|    std                  | 0.816     |
|    value_loss           | 0.0345    |
---------------------------------------
---------------------------------
| rollout/           |          |
|    ep_len_mean     | 1        |
|    ep_rew_mean     | 4.57     |
| time/              |          |
|    fps             | 23       |
|    iterations      | 103      |
|    time_elapsed    | 8840     |
|    total_timesteps | 210944   |
---------------------------------
---------------------------------------
| rollout/                |           |
|    ep_len_mean          | 1         |
|    ep_rew_mean          | 4.64      |
| time/                   |           |
|    fps                  | 23        |
|    iterations           | 104       |
|    time_elapsed         | 8926      |
|    total_timesteps      | 212992    |
| train/                  |           |
|    approx_kl            | 1.5280312 |
|    clip_fraction        | 0.883     |
|    clip_range           | 0.2       |
|    entropy_loss         | -25.3     |
|    explained_variance   | 0.545     |
|    learning_rate        | 0.0003    |
|    loss                 | 0.179     |
|    n_updates            | 1030      |
|    policy_gradient_loss | 0.161     |
|    std                  | 0.816     |
|    value_loss           | 0.0326    |
---------------------------------------
---------------------------------------
| rollout/                |           |
|    ep_len_mean          | 1         |
|    ep_rew_mean          | 4.59      |
| time/                   |           |
|    fps                  | 23        |
|    iterations           | 105       |
|    time_elapsed         | 9011      |
|    total_timesteps      | 215040    |
| train/                  |           |
|    approx_kl            | 2.6961927 |
|    clip_fraction        | 0.909     |
|    clip_range           | 0.2       |
|    entropy_loss         | -25.3     |
|    explained_variance   | 0.577     |
|    learning_rate        | 0.0003    |
|    loss                 | 0.308     |
|    n_updates            | 1040      |
|    policy_gradient_loss | 0.243     |
|    std                  | 0.816     |
|    value_loss           | 0.0329    |
---------------------------------------
---------------------------------------
| rollout/                |           |
|    ep_len_mean          | 1         |
|    ep_rew_mean          | 4.64      |
| time/                   |           |
|    fps                  | 23        |
|    iterations           | 106       |
|    time_elapsed         | 9096      |
|    total_timesteps      | 217088    |
| train/                  |           |
|    approx_kl            | 2.2454724 |
|    clip_fraction        | 0.869     |
|    clip_range           | 0.2       |
|    entropy_loss         | -25.3     |
|    explained_variance   | 0.608     |
|    learning_rate        | 0.0003    |
|    loss                 | 0.0924    |
|    n_updates            | 1050      |
|    policy_gradient_loss | 0.193     |
|    std                  | 0.816     |
|    value_loss           | 0.0332    |
---------------------------------------
---------------------------------------
| rollout/                |           |
|    ep_len_mean          | 1         |
|    ep_rew_mean          | 4.65      |
| time/                   |           |
|    fps                  | 23        |
|    iterations           | 107       |
|    time_elapsed         | 9181      |
|    total_timesteps      | 219136    |
| train/                  |           |
|    approx_kl            | 2.8891206 |
|    clip_fraction        | 0.878     |
|    clip_range           | 0.2       |
|    entropy_loss         | -25.3     |
|    explained_variance   | 0.524     |
|    learning_rate        | 0.0003    |
|    loss                 | 0.115     |
|    n_updates            | 1060      |
|    policy_gradient_loss | 0.194     |
|    std                  | 0.816     |
|    value_loss           | 0.0312    |
---------------------------------------
Eval num_timesteps=220000, episode_reward=4.80 +/- 0.25
Episode length: 1.00 +/- 0.00
---------------------------------------
| eval/                   |           |
|    mean_ep_length       | 1         |
|    mean_reward          | 4.8       |
| time/                   |           |
|    total_timesteps      | 220000    |
| train/                  |           |
|    approx_kl            | 1.0178396 |
|    clip_fraction        | 0.836     |
|    clip_range           | 0.2       |
|    entropy_loss         | -25.3     |
|    explained_variance   | 0.584     |
|    learning_rate        | 0.0003    |
|    loss                 | 0.158     |
|    n_updates            | 1070      |
|    policy_gradient_loss | 0.0921    |
|    std                  | 0.815     |
|    value_loss           | 0.0347    |
---------------------------------------
---------------------------------
| rollout/           |          |
|    ep_len_mean     | 1        |
|    ep_rew_mean     | 4.63     |
| time/              |          |
|    fps             | 23       |
|    iterations      | 108      |
|    time_elapsed    | 9267     |
|    total_timesteps | 221184   |
---------------------------------
--------------------------------------
| rollout/                |          |
|    ep_len_mean          | 1        |
|    ep_rew_mean          | 4.64     |
| time/                   |          |
|    fps                  | 23       |
|    iterations           | 109      |
|    time_elapsed         | 9351     |
|    total_timesteps      | 223232   |
| train/                  |          |
|    approx_kl            | 1.761811 |
|    clip_fraction        | 0.875    |
|    clip_range           | 0.2      |
|    entropy_loss         | -25.3    |
|    explained_variance   | 0.537    |
|    learning_rate        | 0.0003   |
|    loss                 | 0.0656   |
|    n_updates            | 1080     |
|    policy_gradient_loss | 0.171    |
|    std                  | 0.813    |
|    value_loss           | 0.0326   |
--------------------------------------
---------------------------------------
| rollout/                |           |
|    ep_len_mean          | 1         |
|    ep_rew_mean          | 4.62      |
| time/                   |           |
|    fps                  | 23        |
|    iterations           | 110       |
|    time_elapsed         | 9435      |
|    total_timesteps      | 225280    |
| train/                  |           |
|    approx_kl            | 1.9625707 |
|    clip_fraction        | 0.867     |
|    clip_range           | 0.2       |
|    entropy_loss         | -25.2     |
|    explained_variance   | 0.602     |
|    learning_rate        | 0.0003    |
|    loss                 | 0.0856    |
|    n_updates            | 1090      |
|    policy_gradient_loss | 0.136     |
|    std                  | 0.811     |
|    value_loss           | 0.0316    |
---------------------------------------
--------------------------------------
| rollout/                |          |
|    ep_len_mean          | 1        |
|    ep_rew_mean          | 4.64     |
| time/                   |          |
|    fps                  | 23       |
|    iterations           | 111      |
|    time_elapsed         | 9520     |
|    total_timesteps      | 227328   |
| train/                  |          |
|    approx_kl            | 1.257268 |
|    clip_fraction        | 0.836    |
|    clip_range           | 0.2      |
|    entropy_loss         | -25.2    |
|    explained_variance   | 0.589    |
|    learning_rate        | 0.0003   |
|    loss                 | 0.0633   |
|    n_updates            | 1100     |
|    policy_gradient_loss | 0.143    |
|    std                  | 0.808    |
|    value_loss           | 0.0334   |
--------------------------------------
---------------------------------------
| rollout/                |           |
|    ep_len_mean          | 1         |
|    ep_rew_mean          | 4.69      |
| time/                   |           |
|    fps                  | 23        |
|    iterations           | 112       |
|    time_elapsed         | 9605      |
|    total_timesteps      | 229376    |
| train/                  |           |
|    approx_kl            | 2.3194191 |
|    clip_fraction        | 0.865     |
|    clip_range           | 0.2       |
|    entropy_loss         | -25.1     |
|    explained_variance   | 0.63      |
|    learning_rate        | 0.0003    |
|    loss                 | 0.129     |
|    n_updates            | 1110      |
|    policy_gradient_loss | 0.156     |
|    std                  | 0.807     |
|    value_loss           | 0.0319    |
---------------------------------------
Eval num_timesteps=230000, episode_reward=4.58 +/- 0.28
Episode length: 1.00 +/- 0.00
---------------------------------------
| eval/                   |           |
|    mean_ep_length       | 1         |
|    mean_reward          | 4.58      |
| time/                   |           |
|    total_timesteps      | 230000    |
| train/                  |           |
|    approx_kl            | 1.5530593 |
|    clip_fraction        | 0.849     |
|    clip_range           | 0.2       |
|    entropy_loss         | -25       |
|    explained_variance   | 0.575     |
|    learning_rate        | 0.0003    |
|    loss                 | 0.117     |
|    n_updates            | 1120      |
|    policy_gradient_loss | 0.123     |
|    std                  | 0.804     |
|    value_loss           | 0.0326    |
---------------------------------------
---------------------------------
| rollout/           |          |
|    ep_len_mean     | 1        |
|    ep_rew_mean     | 4.64     |
| time/              |          |
|    fps             | 23       |
|    iterations      | 113      |
|    time_elapsed    | 9691     |
|    total_timesteps | 231424   |
---------------------------------
---------------------------------------
| rollout/                |           |
|    ep_len_mean          | 1         |
|    ep_rew_mean          | 4.65      |
| time/                   |           |
|    fps                  | 23        |
|    iterations           | 114       |
|    time_elapsed         | 9775      |
|    total_timesteps      | 233472    |
| train/                  |           |
|    approx_kl            | 1.1849337 |
|    clip_fraction        | 0.834     |
|    clip_range           | 0.2       |
|    entropy_loss         | -25       |
|    explained_variance   | 0.613     |
|    learning_rate        | 0.0003    |
|    loss                 | -0.0102   |
|    n_updates            | 1130      |
|    policy_gradient_loss | 0.126     |
|    std                  | 0.802     |
|    value_loss           | 0.0316    |
---------------------------------------
---------------------------------------
| rollout/                |           |
|    ep_len_mean          | 1         |
|    ep_rew_mean          | 4.6       |
| time/                   |           |
|    fps                  | 23        |
|    iterations           | 115       |
|    time_elapsed         | 9861      |
|    total_timesteps      | 235520    |
| train/                  |           |
|    approx_kl            | 1.3831172 |
|    clip_fraction        | 0.835     |
|    clip_range           | 0.2       |
|    entropy_loss         | -25       |
|    explained_variance   | 0.56      |
|    learning_rate        | 0.0003    |
|    loss                 | 0.0249    |
|    n_updates            | 1140      |
|    policy_gradient_loss | 0.279     |
|    std                  | 0.802     |
|    value_loss           | 0.0314    |
---------------------------------------
--------------------------------------
| rollout/                |          |
|    ep_len_mean          | 1        |
|    ep_rew_mean          | 4.68     |
| time/                   |          |
|    fps                  | 23       |
|    iterations           | 116      |
|    time_elapsed         | 9946     |
|    total_timesteps      | 237568   |
| train/                  |          |
|    approx_kl            | 1.910919 |
|    clip_fraction        | 0.88     |
|    clip_range           | 0.2      |
|    entropy_loss         | -25      |
|    explained_variance   | 0.616    |
|    learning_rate        | 0.0003   |
|    loss                 | 0.0454   |
|    n_updates            | 1150     |
|    policy_gradient_loss | 0.154    |
|    std                  | 0.8      |
|    value_loss           | 0.0316   |
--------------------------------------
---------------------------------------
| rollout/                |           |
|    ep_len_mean          | 1         |
|    ep_rew_mean          | 4.65      |
| time/                   |           |
|    fps                  | 23        |
|    iterations           | 117       |
|    time_elapsed         | 10032     |
|    total_timesteps      | 239616    |
| train/                  |           |
|    approx_kl            | 1.8378062 |
|    clip_fraction        | 0.871     |
|    clip_range           | 0.2       |
|    entropy_loss         | -24.9     |
|    explained_variance   | 0.556     |
|    learning_rate        | 0.0003    |
|    loss                 | 0.134     |
|    n_updates            | 1160      |
|    policy_gradient_loss | 0.164     |
|    std                  | 0.8       |
|    value_loss           | 0.0335    |
---------------------------------------
Eval num_timesteps=240000, episode_reward=4.67 +/- 0.31
Episode length: 1.00 +/- 0.00
---------------------------------------
| eval/                   |           |
|    mean_ep_length       | 1         |
|    mean_reward          | 4.67      |
| time/                   |           |
|    total_timesteps      | 240000    |
| train/                  |           |
|    approx_kl            | 2.6919162 |
|    clip_fraction        | 0.894     |
|    clip_range           | 0.2       |
|    entropy_loss         | -24.9     |
|    explained_variance   | 0.576     |
|    learning_rate        | 0.0003    |
|    loss                 | 0.0804    |
|    n_updates            | 1170      |
|    policy_gradient_loss | 0.195     |
|    std                  | 0.799     |
|    value_loss           | 0.0314    |
---------------------------------------
---------------------------------
| rollout/           |          |
|    ep_len_mean     | 1        |
|    ep_rew_mean     | 4.59     |
| time/              |          |
|    fps             | 23       |
|    iterations      | 118      |
|    time_elapsed    | 10117    |
|    total_timesteps | 241664   |
---------------------------------
---------------------------------------
| rollout/                |           |
|    ep_len_mean          | 1         |
|    ep_rew_mean          | 4.66      |
| time/                   |           |
|    fps                  | 23        |
|    iterations           | 119       |
|    time_elapsed         | 10202     |
|    total_timesteps      | 243712    |
| train/                  |           |
|    approx_kl            | 1.2768207 |
|    clip_fraction        | 0.851     |
|    clip_range           | 0.2       |
|    entropy_loss         | -24.9     |
|    explained_variance   | 0.591     |
|    learning_rate        | 0.0003    |
|    loss                 | 0.0899    |
|    n_updates            | 1180      |
|    policy_gradient_loss | 0.181     |
|    std                  | 0.797     |
|    value_loss           | 0.0305    |
---------------------------------------
---------------------------------------
| rollout/                |           |
|    ep_len_mean          | 1         |
|    ep_rew_mean          | 4.66      |
| time/                   |           |
|    fps                  | 23        |
|    iterations           | 120       |
|    time_elapsed         | 10287     |
|    total_timesteps      | 245760    |
| train/                  |           |
|    approx_kl            | 1.6162174 |
|    clip_fraction        | 0.861     |
|    clip_range           | 0.2       |
|    entropy_loss         | -24.8     |
|    explained_variance   | 0.59      |
|    learning_rate        | 0.0003    |
|    loss                 | 0.124     |
|    n_updates            | 1190      |
|    policy_gradient_loss | 0.139     |
|    std                  | 0.796     |
|    value_loss           | 0.0315    |
---------------------------------------
---------------------------------------
| rollout/                |           |
|    ep_len_mean          | 1         |
|    ep_rew_mean          | 4.66      |
| time/                   |           |
|    fps                  | 23        |
|    iterations           | 121       |
|    time_elapsed         | 10372     |
|    total_timesteps      | 247808    |
| train/                  |           |
|    approx_kl            | 1.5374062 |
|    clip_fraction        | 0.853     |
|    clip_range           | 0.2       |
|    entropy_loss         | -24.8     |
|    explained_variance   | 0.565     |
|    learning_rate        | 0.0003    |
|    loss                 | 0.122     |
|    n_updates            | 1200      |
|    policy_gradient_loss | 0.134     |
|    std                  | 0.795     |
|    value_loss           | 0.0329    |
---------------------------------------
---------------------------------------
| rollout/                |           |
|    ep_len_mean          | 1         |
|    ep_rew_mean          | 4.63      |
| time/                   |           |
|    fps                  | 23        |
|    iterations           | 122       |
|    time_elapsed         | 10457     |
|    total_timesteps      | 249856    |
| train/                  |           |
|    approx_kl            | 1.9386756 |
|    clip_fraction        | 0.891     |
|    clip_range           | 0.2       |
|    entropy_loss         | -24.8     |
|    explained_variance   | 0.563     |
|    learning_rate        | 0.0003    |
|    loss                 | 0.116     |
|    n_updates            | 1210      |
|    policy_gradient_loss | 0.214     |
|    std                  | 0.795     |
|    value_loss           | 0.0347    |
---------------------------------------
Eval num_timesteps=250000, episode_reward=4.57 +/- 0.08
Episode length: 1.00 +/- 0.00
---------------------------------------
| eval/                   |           |
|    mean_ep_length       | 1         |
|    mean_reward          | 4.57      |
| time/                   |           |
|    total_timesteps      | 250000    |
| train/                  |           |
|    approx_kl            | 1.7458211 |
|    clip_fraction        | 0.885     |
|    clip_range           | 0.2       |
|    entropy_loss         | -24.8     |
|    explained_variance   | 0.562     |
|    learning_rate        | 0.0003    |
|    loss                 | 0.42      |
|    n_updates            | 1220      |
|    policy_gradient_loss | 0.2       |
|    std                  | 0.795     |
|    value_loss           | 0.0336    |
---------------------------------------
---------------------------------
| rollout/           |          |
|    ep_len_mean     | 1        |
|    ep_rew_mean     | 4.66     |
| time/              |          |
|    fps             | 23       |
|    iterations      | 123      |
|    time_elapsed    | 10543    |
|    total_timesteps | 251904   |
---------------------------------
---------------------------------------
| rollout/                |           |
|    ep_len_mean          | 1         |
|    ep_rew_mean          | 4.64      |
| time/                   |           |
|    fps                  | 23        |
|    iterations           | 124       |
|    time_elapsed         | 10628     |
|    total_timesteps      | 253952    |
| train/                  |           |
|    approx_kl            | 1.1162679 |
|    clip_fraction        | 0.814     |
|    clip_range           | 0.2       |
|    entropy_loss         | -24.7     |
|    explained_variance   | 0.513     |
|    learning_rate        | 0.0003    |
|    loss                 | 0.0325    |
|    n_updates            | 1230      |
|    policy_gradient_loss | 0.0783    |
|    std                  | 0.791     |
|    value_loss           | 0.0313    |
---------------------------------------
---------------------------------------
| rollout/                |           |
|    ep_len_mean          | 1         |
|    ep_rew_mean          | 4.71      |
| time/                   |           |
|    fps                  | 23        |
|    iterations           | 125       |
|    time_elapsed         | 10714     |
|    total_timesteps      | 256000    |
| train/                  |           |
|    approx_kl            | 2.9325256 |
|    clip_fraction        | 0.866     |
|    clip_range           | 0.2       |
|    entropy_loss         | -24.6     |
|    explained_variance   | 0.525     |
|    learning_rate        | 0.0003    |
|    loss                 | 0.0341    |
|    n_updates            | 1240      |
|    policy_gradient_loss | 0.167     |
|    std                  | 0.789     |
|    value_loss           | 0.0327    |
---------------------------------------
---------------------------------------
| rollout/                |           |
|    ep_len_mean          | 1         |
|    ep_rew_mean          | 4.62      |
| time/                   |           |
|    fps                  | 23        |
|    iterations           | 126       |
|    time_elapsed         | 10799     |
|    total_timesteps      | 258048    |
| train/                  |           |
|    approx_kl            | 1.8255509 |
|    clip_fraction        | 0.855     |
|    clip_range           | 0.2       |
|    entropy_loss         | -24.6     |
|    explained_variance   | 0.589     |
|    learning_rate        | 0.0003    |
|    loss                 | 0.0391    |
|    n_updates            | 1250      |
|    policy_gradient_loss | 0.156     |
|    std                  | 0.789     |
|    value_loss           | 0.0327    |
---------------------------------------
Eval num_timesteps=260000, episode_reward=4.52 +/- 0.19
Episode length: 1.00 +/- 0.00
---------------------------------------
| eval/                   |           |
|    mean_ep_length       | 1         |
|    mean_reward          | 4.52      |
| time/                   |           |
|    total_timesteps      | 260000    |
| train/                  |           |
|    approx_kl            | 1.7385871 |
|    clip_fraction        | 0.848     |
|    clip_range           | 0.2       |
|    entropy_loss         | -24.6     |
|    explained_variance   | 0.554     |
|    learning_rate        | 0.0003    |
|    loss                 | 0.0856    |
|    n_updates            | 1260      |
|    policy_gradient_loss | 0.133     |
|    std                  | 0.789     |
|    value_loss           | 0.0331    |
---------------------------------------
---------------------------------
| rollout/           |          |
|    ep_len_mean     | 1        |
|    ep_rew_mean     | 4.68     |
| time/              |          |
|    fps             | 23       |
|    iterations      | 127      |
|    time_elapsed    | 10885    |
|    total_timesteps | 260096   |
---------------------------------
---------------------------------------
| rollout/                |           |
|    ep_len_mean          | 1         |
|    ep_rew_mean          | 4.67      |
| time/                   |           |
|    fps                  | 23        |
|    iterations           | 128       |
|    time_elapsed         | 10969     |
|    total_timesteps      | 262144    |
| train/                  |           |
|    approx_kl            | 2.4070454 |
|    clip_fraction        | 0.854     |
|    clip_range           | 0.2       |
|    entropy_loss         | -24.6     |
|    explained_variance   | 0.58      |
|    learning_rate        | 0.0003    |
|    loss                 | 0.134     |
|    n_updates            | 1270      |
|    policy_gradient_loss | 0.132     |
|    std                  | 0.788     |
|    value_loss           | 0.0333    |
---------------------------------------
---------------------------------------
| rollout/                |           |
|    ep_len_mean          | 1         |
|    ep_rew_mean          | 4.57      |
| time/                   |           |
|    fps                  | 23        |
|    iterations           | 129       |
|    time_elapsed         | 11054     |
|    total_timesteps      | 264192    |
| train/                  |           |
|    approx_kl            | 2.6071987 |
|    clip_fraction        | 0.885     |
|    clip_range           | 0.2       |
|    entropy_loss         | -24.5     |
|    explained_variance   | 0.577     |
|    learning_rate        | 0.0003    |
|    loss                 | 0.09      |
|    n_updates            | 1280      |
|    policy_gradient_loss | 0.164     |
|    std                  | 0.787     |
|    value_loss           | 0.0351    |
---------------------------------------
---------------------------------------
| rollout/                |           |
|    ep_len_mean          | 1         |
|    ep_rew_mean          | 4.63      |
| time/                   |           |
|    fps                  | 23        |
|    iterations           | 130       |
|    time_elapsed         | 11140     |
|    total_timesteps      | 266240    |
| train/                  |           |
|    approx_kl            | 1.8019371 |
|    clip_fraction        | 0.873     |
|    clip_range           | 0.2       |
|    entropy_loss         | -24.5     |
|    explained_variance   | 0.533     |
|    learning_rate        | 0.0003    |
|    loss                 | 0.171     |
|    n_updates            | 1290      |
|    policy_gradient_loss | 0.172     |
|    std                  | 0.788     |
|    value_loss           | 0.0367    |
---------------------------------------
--------------------------------------
| rollout/                |          |
|    ep_len_mean          | 1        |
|    ep_rew_mean          | 4.61     |
| time/                   |          |
|    fps                  | 23       |
|    iterations           | 131      |
|    time_elapsed         | 11224    |
|    total_timesteps      | 268288   |
| train/                  |          |
|    approx_kl            | 2.610624 |
|    clip_fraction        | 0.885    |
|    clip_range           | 0.2      |
|    entropy_loss         | -24.5    |
|    explained_variance   | 0.559    |
|    learning_rate        | 0.0003   |
|    loss                 | 0.0735   |
|    n_updates            | 1300     |
|    policy_gradient_loss | 0.193    |
|    std                  | 0.787    |
|    value_loss           | 0.0377   |
--------------------------------------
Eval num_timesteps=270000, episode_reward=4.70 +/- 0.08
Episode length: 1.00 +/- 0.00
---------------------------------------
| eval/                   |           |
|    mean_ep_length       | 1         |
|    mean_reward          | 4.7       |
| time/                   |           |
|    total_timesteps      | 270000    |
| train/                  |           |
|    approx_kl            | 1.8833958 |
|    clip_fraction        | 0.869     |
|    clip_range           | 0.2       |
|    entropy_loss         | -24.5     |
|    explained_variance   | 0.536     |
|    learning_rate        | 0.0003    |
|    loss                 | 0.142     |
|    n_updates            | 1310      |
|    policy_gradient_loss | 0.148     |
|    std                  | 0.786     |
|    value_loss           | 0.036     |
---------------------------------------
---------------------------------
| rollout/           |          |
|    ep_len_mean     | 1        |
|    ep_rew_mean     | 4.65     |
| time/              |          |
|    fps             | 23       |
|    iterations      | 132      |
|    time_elapsed    | 11310    |
|    total_timesteps | 270336   |
---------------------------------
---------------------------------------
| rollout/                |           |
|    ep_len_mean          | 1         |
|    ep_rew_mean          | 4.6       |
| time/                   |           |
|    fps                  | 23        |
|    iterations           | 133       |
|    time_elapsed         | 11395     |
|    total_timesteps      | 272384    |
| train/                  |           |
|    approx_kl            | 1.4441923 |
|    clip_fraction        | 0.848     |
|    clip_range           | 0.2       |
|    entropy_loss         | -24.5     |
|    explained_variance   | 0.582     |
|    learning_rate        | 0.0003    |
|    loss                 | 0.0287    |
|    n_updates            | 1320      |
|    policy_gradient_loss | 0.102     |
|    std                  | 0.784     |
|    value_loss           | 0.0347    |
---------------------------------------
--------------------------------------
| rollout/                |          |
|    ep_len_mean          | 1        |
|    ep_rew_mean          | 4.61     |
| time/                   |          |
|    fps                  | 23       |
|    iterations           | 134      |
|    time_elapsed         | 11479    |
|    total_timesteps      | 274432   |
| train/                  |          |
|    approx_kl            | 1.925693 |
|    clip_fraction        | 0.867    |
|    clip_range           | 0.2      |
|    entropy_loss         | -24.4    |
|    explained_variance   | 0.556    |
|    learning_rate        | 0.0003   |
|    loss                 | 0.146    |
|    n_updates            | 1330     |
|    policy_gradient_loss | 0.182    |
|    std                  | 0.781    |
|    value_loss           | 0.0332   |
--------------------------------------
---------------------------------------
| rollout/                |           |
|    ep_len_mean          | 1         |
|    ep_rew_mean          | 4.63      |
| time/                   |           |
|    fps                  | 23        |
|    iterations           | 135       |
|    time_elapsed         | 11565     |
|    total_timesteps      | 276480    |
| train/                  |           |
|    approx_kl            | 1.3459873 |
|    clip_fraction        | 0.854     |
|    clip_range           | 0.2       |
|    entropy_loss         | -24.3     |
|    explained_variance   | 0.554     |
|    learning_rate        | 0.0003    |
|    loss                 | 0.0795    |
|    n_updates            | 1340      |
|    policy_gradient_loss | 0.118     |
|    std                  | 0.779     |
|    value_loss           | 0.0366    |
---------------------------------------
---------------------------------------
| rollout/                |           |
|    ep_len_mean          | 1         |
|    ep_rew_mean          | 4.65      |
| time/                   |           |
|    fps                  | 23        |
|    iterations           | 136       |
|    time_elapsed         | 11649     |
|    total_timesteps      | 278528    |
| train/                  |           |
|    approx_kl            | 1.2672744 |
|    clip_fraction        | 0.834     |
|    clip_range           | 0.2       |
|    entropy_loss         | -24.3     |
|    explained_variance   | 0.48      |
|    learning_rate        | 0.0003    |
|    loss                 | 0.0733    |
|    n_updates            | 1350      |
|    policy_gradient_loss | 0.127     |
|    std                  | 0.778     |
|    value_loss           | 0.0339    |
---------------------------------------
Eval num_timesteps=280000, episode_reward=4.76 +/- 0.42
Episode length: 1.00 +/- 0.00
--------------------------------------
| eval/                   |          |
|    mean_ep_length       | 1        |
|    mean_reward          | 4.76     |
| time/                   |          |
|    total_timesteps      | 280000   |
| train/                  |          |
|    approx_kl            | 2.749239 |
|    clip_fraction        | 0.874    |
|    clip_range           | 0.2      |
|    entropy_loss         | -24.3    |
|    explained_variance   | 0.616    |
|    learning_rate        | 0.0003   |
|    loss                 | 0.138    |
|    n_updates            | 1360     |
|    policy_gradient_loss | 0.287    |
|    std                  | 0.777    |
|    value_loss           | 0.0322   |
--------------------------------------
---------------------------------
| rollout/           |          |
|    ep_len_mean     | 1        |
|    ep_rew_mean     | 4.65     |
| time/              |          |
|    fps             | 23       |
|    iterations      | 137      |
|    time_elapsed    | 11734    |
|    total_timesteps | 280576   |
---------------------------------
--------------------------------------
| rollout/                |          |
|    ep_len_mean          | 1        |
|    ep_rew_mean          | 4.58     |
| time/                   |          |
|    fps                  | 23       |
|    iterations           | 138      |
|    time_elapsed         | 11819    |
|    total_timesteps      | 282624   |
| train/                  |          |
|    approx_kl            | 2.208115 |
|    clip_fraction        | 0.877    |
|    clip_range           | 0.2      |
|    entropy_loss         | -24.2    |
|    explained_variance   | 0.569    |
|    learning_rate        | 0.0003   |
|    loss                 | 0.28     |
|    n_updates            | 1370     |
|    policy_gradient_loss | 0.17     |
|    std                  | 0.776    |
|    value_loss           | 0.0321   |
--------------------------------------
---------------------------------------
| rollout/                |           |
|    ep_len_mean          | 1         |
|    ep_rew_mean          | 4.65      |
| time/                   |           |
|    fps                  | 23        |
|    iterations           | 139       |
|    time_elapsed         | 11905     |
|    total_timesteps      | 284672    |
| train/                  |           |
|    approx_kl            | 2.1039934 |
|    clip_fraction        | 0.878     |
|    clip_range           | 0.2       |
|    entropy_loss         | -24.2     |
|    explained_variance   | 0.59      |
|    learning_rate        | 0.0003    |
|    loss                 | 0.176     |
|    n_updates            | 1380      |
|    policy_gradient_loss | 0.293     |
|    std                  | 0.774     |
|    value_loss           | 0.0331    |
---------------------------------------
---------------------------------------
| rollout/                |           |
|    ep_len_mean          | 1         |
|    ep_rew_mean          | 4.69      |
| time/                   |           |
|    fps                  | 23        |
|    iterations           | 140       |
|    time_elapsed         | 11990     |
|    total_timesteps      | 286720    |
| train/                  |           |
|    approx_kl            | 2.7870169 |
|    clip_fraction        | 0.882     |
|    clip_range           | 0.2       |
|    entropy_loss         | -24.2     |
|    explained_variance   | 0.535     |
|    learning_rate        | 0.0003    |
|    loss                 | 0.208     |
|    n_updates            | 1390      |
|    policy_gradient_loss | 0.195     |
|    std                  | 0.774     |
|    value_loss           | 0.0323    |
---------------------------------------
---------------------------------------
| rollout/                |           |
|    ep_len_mean          | 1         |
|    ep_rew_mean          | 4.66      |
| time/                   |           |
|    fps                  | 23        |
|    iterations           | 141       |
|    time_elapsed         | 12075     |
|    total_timesteps      | 288768    |
| train/                  |           |
|    approx_kl            | 2.2913935 |
|    clip_fraction        | 0.874     |
|    clip_range           | 0.2       |
|    entropy_loss         | -24.2     |
|    explained_variance   | 0.552     |
|    learning_rate        | 0.0003    |
|    loss                 | 0.0415    |
|    n_updates            | 1400      |
|    policy_gradient_loss | 0.145     |
|    std                  | 0.774     |
|    value_loss           | 0.0329    |
---------------------------------------
Eval num_timesteps=290000, episode_reward=4.87 +/- 0.18
Episode length: 1.00 +/- 0.00
---------------------------------------
| eval/                   |           |
|    mean_ep_length       | 1         |
|    mean_reward          | 4.87      |
| time/                   |           |
|    total_timesteps      | 290000    |
| train/                  |           |
|    approx_kl            | 1.3440568 |
|    clip_fraction        | 0.856     |
|    clip_range           | 0.2       |
|    entropy_loss         | -24.1     |
|    explained_variance   | 0.569     |
|    learning_rate        | 0.0003    |
|    loss                 | 0.0967    |
|    n_updates            | 1410      |
|    policy_gradient_loss | 0.195     |
|    std                  | 0.773     |
|    value_loss           | 0.0321    |
---------------------------------------
---------------------------------
| rollout/           |          |
|    ep_len_mean     | 1        |
|    ep_rew_mean     | 4.63     |
| time/              |          |
|    fps             | 23       |
|    iterations      | 142      |
|    time_elapsed    | 12160    |
|    total_timesteps | 290816   |
---------------------------------
---------------------------------------
| rollout/                |           |
|    ep_len_mean          | 1         |
|    ep_rew_mean          | 4.66      |
| time/                   |           |
|    fps                  | 23        |
|    iterations           | 143       |
|    time_elapsed         | 12244     |
|    total_timesteps      | 292864    |
| train/                  |           |
|    approx_kl            | 4.3555164 |
|    clip_fraction        | 0.911     |
|    clip_range           | 0.2       |
|    entropy_loss         | -24.1     |
|    explained_variance   | 0.571     |
|    learning_rate        | 0.0003    |
|    loss                 | 0.301     |
|    n_updates            | 1420      |
|    policy_gradient_loss | 0.223     |
|    std                  | 0.772     |
|    value_loss           | 0.0341    |
---------------------------------------
---------------------------------------
| rollout/                |           |
|    ep_len_mean          | 1         |
|    ep_rew_mean          | 4.66      |
| time/                   |           |
|    fps                  | 23        |
|    iterations           | 144       |
|    time_elapsed         | 12329     |
|    total_timesteps      | 294912    |
| train/                  |           |
|    approx_kl            | 1.9321274 |
|    clip_fraction        | 0.883     |
|    clip_range           | 0.2       |
|    entropy_loss         | -24.1     |
|    explained_variance   | 0.548     |
|    learning_rate        | 0.0003    |
|    loss                 | 0.262     |
|    n_updates            | 1430      |
|    policy_gradient_loss | 0.368     |
|    std                  | 0.772     |
|    value_loss           | 0.0343    |
---------------------------------------
--------------------------------------
| rollout/                |          |
|    ep_len_mean          | 1        |
|    ep_rew_mean          | 4.67     |
| time/                   |          |
|    fps                  | 23       |
|    iterations           | 145      |
|    time_elapsed         | 12414    |
|    total_timesteps      | 296960   |
| train/                  |          |
|    approx_kl            | 1.911501 |
|    clip_fraction        | 0.876    |
|    clip_range           | 0.2      |
|    entropy_loss         | -24.1    |
|    explained_variance   | 0.555    |
|    learning_rate        | 0.0003   |
|    loss                 | 0.083    |
|    n_updates            | 1440     |
|    policy_gradient_loss | 0.231    |
|    std                  | 0.772    |
|    value_loss           | 0.0333   |
--------------------------------------
---------------------------------------
| rollout/                |           |
|    ep_len_mean          | 1         |
|    ep_rew_mean          | 4.62      |
| time/                   |           |
|    fps                  | 23        |
|    iterations           | 146       |
|    time_elapsed         | 12498     |
|    total_timesteps      | 299008    |
| train/                  |           |
|    approx_kl            | 1.5845064 |
|    clip_fraction        | 0.847     |
|    clip_range           | 0.2       |
|    entropy_loss         | -24.1     |
|    explained_variance   | 0.557     |
|    learning_rate        | 0.0003    |
|    loss                 | 0.112     |
|    n_updates            | 1450      |
|    policy_gradient_loss | 0.119     |
|    std                  | 0.771     |
|    value_loss           | 0.0309    |
---------------------------------------
Eval num_timesteps=300000, episode_reward=4.77 +/- 0.31
Episode length: 1.00 +/- 0.00
--------------------------------------
| eval/                   |          |
|    mean_ep_length       | 1        |
|    mean_reward          | 4.77     |
| time/                   |          |
|    total_timesteps      | 300000   |
| train/                  |          |
|    approx_kl            | 2.319736 |
|    clip_fraction        | 0.883    |
|    clip_range           | 0.2      |
|    entropy_loss         | -24      |
|    explained_variance   | 0.576    |
|    learning_rate        | 0.0003   |
|    loss                 | 0.164    |
|    n_updates            | 1460     |
|    policy_gradient_loss | 0.2      |
|    std                  | 0.769    |
|    value_loss           | 0.0321   |
--------------------------------------
---------------------------------
| rollout/           |          |
|    ep_len_mean     | 1        |
|    ep_rew_mean     | 4.66     |
| time/              |          |
|    fps             | 23       |
|    iterations      | 147      |
|    time_elapsed    | 12584    |
|    total_timesteps | 301056   |
---------------------------------
---------------------------------------
| rollout/                |           |
|    ep_len_mean          | 1         |
|    ep_rew_mean          | 4.64      |
| time/                   |           |
|    fps                  | 23        |
|    iterations           | 148       |
|    time_elapsed         | 12668     |
|    total_timesteps      | 303104    |
| train/                  |           |
|    approx_kl            | 2.4461567 |
|    clip_fraction        | 0.9       |
|    clip_range           | 0.2       |
|    entropy_loss         | -24       |
|    explained_variance   | 0.557     |
|    learning_rate        | 0.0003    |
|    loss                 | 0.106     |
|    n_updates            | 1470      |
|    policy_gradient_loss | 0.176     |
|    std                  | 0.771     |
|    value_loss           | 0.034     |
---------------------------------------
--------------------------------------
| rollout/                |          |
|    ep_len_mean          | 1        |
|    ep_rew_mean          | 4.61     |
| time/                   |          |
|    fps                  | 23       |
|    iterations           | 149      |
|    time_elapsed         | 12754    |
|    total_timesteps      | 305152   |
| train/                  |          |
|    approx_kl            | 3.01799  |
|    clip_fraction        | 0.87     |
|    clip_range           | 0.2      |
|    entropy_loss         | -24      |
|    explained_variance   | 0.577    |
|    learning_rate        | 0.0003   |
|    loss                 | 0.0451   |
|    n_updates            | 1480     |
|    policy_gradient_loss | 0.225    |
|    std                  | 0.767    |
|    value_loss           | 0.0344   |
--------------------------------------
---------------------------------------
| rollout/                |           |
|    ep_len_mean          | 1         |
|    ep_rew_mean          | 4.67      |
| time/                   |           |
|    fps                  | 23        |
|    iterations           | 150       |
|    time_elapsed         | 12839     |
|    total_timesteps      | 307200    |
| train/                  |           |
|    approx_kl            | 1.9924188 |
|    clip_fraction        | 0.877     |
|    clip_range           | 0.2       |
|    entropy_loss         | -24       |
|    explained_variance   | 0.578     |
|    learning_rate        | 0.0003    |
|    loss                 | 0.124     |
|    n_updates            | 1490      |
|    policy_gradient_loss | 0.167     |
|    std                  | 0.767     |
|    value_loss           | 0.0329    |
---------------------------------------
---------------------------------------
| rollout/                |           |
|    ep_len_mean          | 1         |
|    ep_rew_mean          | 4.7       |
| time/                   |           |
|    fps                  | 23        |
|    iterations           | 151       |
|    time_elapsed         | 12924     |
|    total_timesteps      | 309248    |
| train/                  |           |
|    approx_kl            | 1.9867542 |
|    clip_fraction        | 0.876     |
|    clip_range           | 0.2       |
|    entropy_loss         | -24       |
|    explained_variance   | 0.527     |
|    learning_rate        | 0.0003    |
|    loss                 | 0.159     |
|    n_updates            | 1500      |
|    policy_gradient_loss | 0.2       |
|    std                  | 0.769     |
|    value_loss           | 0.0328    |
---------------------------------------
Eval num_timesteps=310000, episode_reward=4.58 +/- 0.28
Episode length: 1.00 +/- 0.00
---------------------------------------
| eval/                   |           |
|    mean_ep_length       | 1         |
|    mean_reward          | 4.58      |
| time/                   |           |
|    total_timesteps      | 310000    |
| train/                  |           |
|    approx_kl            | 2.3076344 |
|    clip_fraction        | 0.875     |
|    clip_range           | 0.2       |
|    entropy_loss         | -24       |
|    explained_variance   | 0.585     |
|    learning_rate        | 0.0003    |
|    loss                 | 0.0304    |
|    n_updates            | 1510      |
|    policy_gradient_loss | 0.164     |
|    std                  | 0.767     |
|    value_loss           | 0.0312    |
---------------------------------------
---------------------------------
| rollout/           |          |
|    ep_len_mean     | 1        |
|    ep_rew_mean     | 4.65     |
| time/              |          |
|    fps             | 23       |
|    iterations      | 152      |
|    time_elapsed    | 13010    |
|    total_timesteps | 311296   |
---------------------------------
---------------------------------------
| rollout/                |           |
|    ep_len_mean          | 1         |
|    ep_rew_mean          | 4.66      |
| time/                   |           |
|    fps                  | 23        |
|    iterations           | 153       |
|    time_elapsed         | 13095     |
|    total_timesteps      | 313344    |
| train/                  |           |
|    approx_kl            | 2.0913103 |
|    clip_fraction        | 0.859     |
|    clip_range           | 0.2       |
|    entropy_loss         | -23.9     |
|    explained_variance   | 0.564     |
|    learning_rate        | 0.0003    |
|    loss                 | 0.127     |
|    n_updates            | 1520      |
|    policy_gradient_loss | 0.149     |
|    std                  | 0.766     |
|    value_loss           | 0.0314    |
---------------------------------------
---------------------------------------
| rollout/                |           |
|    ep_len_mean          | 1         |
|    ep_rew_mean          | 4.64      |
| time/                   |           |
|    fps                  | 23        |
|    iterations           | 154       |
|    time_elapsed         | 13180     |
|    total_timesteps      | 315392    |
| train/                  |           |
|    approx_kl            | 2.9933136 |
|    clip_fraction        | 0.857     |
|    clip_range           | 0.2       |
|    entropy_loss         | -23.9     |
|    explained_variance   | 0.588     |
|    learning_rate        | 0.0003    |
|    loss                 | 0.167     |
|    n_updates            | 1530      |
|    policy_gradient_loss | 0.145     |
|    std                  | 0.766     |
|    value_loss           | 0.0324    |
---------------------------------------
---------------------------------------
| rollout/                |           |
|    ep_len_mean          | 1         |
|    ep_rew_mean          | 4.68      |
| time/                   |           |
|    fps                  | 23        |
|    iterations           | 155       |
|    time_elapsed         | 13266     |
|    total_timesteps      | 317440    |
| train/                  |           |
|    approx_kl            | 1.7289741 |
|    clip_fraction        | 0.866     |
|    clip_range           | 0.2       |
|    entropy_loss         | -23.9     |
|    explained_variance   | 0.584     |
|    learning_rate        | 0.0003    |
|    loss                 | 0.109     |
|    n_updates            | 1540      |
|    policy_gradient_loss | 0.13      |
|    std                  | 0.764     |
|    value_loss           | 0.0344    |
---------------------------------------
---------------------------------------
| rollout/                |           |
|    ep_len_mean          | 1         |
|    ep_rew_mean          | 4.68      |
| time/                   |           |
|    fps                  | 23        |
|    iterations           | 156       |
|    time_elapsed         | 13350     |
|    total_timesteps      | 319488    |
| train/                  |           |
|    approx_kl            | 1.7190973 |
|    clip_fraction        | 0.863     |
|    clip_range           | 0.2       |
|    entropy_loss         | -23.9     |
|    explained_variance   | 0.574     |
|    learning_rate        | 0.0003    |
|    loss                 | 0.0157    |
|    n_updates            | 1550      |
|    policy_gradient_loss | 0.112     |
|    std                  | 0.763     |
|    value_loss           | 0.0337    |
---------------------------------------
Eval num_timesteps=320000, episode_reward=4.83 +/- 0.27
Episode length: 1.00 +/- 0.00
--------------------------------------
| eval/                   |          |
|    mean_ep_length       | 1        |
|    mean_reward          | 4.83     |
| time/                   |          |
|    total_timesteps      | 320000   |
| train/                  |          |
|    approx_kl            | 2.286053 |
|    clip_fraction        | 0.863    |
|    clip_range           | 0.2      |
|    entropy_loss         | -23.8    |
|    explained_variance   | 0.58     |
|    learning_rate        | 0.0003   |
|    loss                 | 0.0762   |
|    n_updates            | 1560     |
|    policy_gradient_loss | 0.158    |
|    std                  | 0.764    |
|    value_loss           | 0.0313   |
--------------------------------------
---------------------------------
| rollout/           |          |
|    ep_len_mean     | 1        |
|    ep_rew_mean     | 4.64     |
| time/              |          |
|    fps             | 23       |
|    iterations      | 157      |
|    time_elapsed    | 13435    |
|    total_timesteps | 321536   |
---------------------------------
---------------------------------------
| rollout/                |           |
|    ep_len_mean          | 1         |
|    ep_rew_mean          | 4.71      |
| time/                   |           |
|    fps                  | 23        |
|    iterations           | 158       |
|    time_elapsed         | 13521     |
|    total_timesteps      | 323584    |
| train/                  |           |
|    approx_kl            | 1.5539843 |
|    clip_fraction        | 0.867     |
|    clip_range           | 0.2       |
|    entropy_loss         | -23.8     |
|    explained_variance   | 0.579     |
|    learning_rate        | 0.0003    |
|    loss                 | 0.0907    |
|    n_updates            | 1570      |
|    policy_gradient_loss | 0.174     |
|    std                  | 0.762     |
|    value_loss           | 0.0307    |
---------------------------------------
---------------------------------------
| rollout/                |           |
|    ep_len_mean          | 1         |
|    ep_rew_mean          | 4.66      |
| time/                   |           |
|    fps                  | 23        |
|    iterations           | 159       |
|    time_elapsed         | 13605     |
|    total_timesteps      | 325632    |
| train/                  |           |
|    approx_kl            | 2.0175936 |
|    clip_fraction        | 0.886     |
|    clip_range           | 0.2       |
|    entropy_loss         | -23.8     |
|    explained_variance   | 0.567     |
|    learning_rate        | 0.0003    |
|    loss                 | 0.147     |
|    n_updates            | 1580      |
|    policy_gradient_loss | 0.178     |
|    std                  | 0.763     |
|    value_loss           | 0.0327    |
---------------------------------------
---------------------------------------
| rollout/                |           |
|    ep_len_mean          | 1         |
|    ep_rew_mean          | 4.67      |
| time/                   |           |
|    fps                  | 23        |
|    iterations           | 160       |
|    time_elapsed         | 13691     |
|    total_timesteps      | 327680    |
| train/                  |           |
|    approx_kl            | 3.0505493 |
|    clip_fraction        | 0.893     |
|    clip_range           | 0.2       |
|    entropy_loss         | -23.8     |
|    explained_variance   | 0.571     |
|    learning_rate        | 0.0003    |
|    loss                 | 0.124     |
|    n_updates            | 1590      |
|    policy_gradient_loss | 0.189     |
|    std                  | 0.761     |
|    value_loss           | 0.0316    |
---------------------------------------
---------------------------------------
| rollout/                |           |
|    ep_len_mean          | 1         |
|    ep_rew_mean          | 4.65      |
| time/                   |           |
|    fps                  | 23        |
|    iterations           | 161       |
|    time_elapsed         | 13775     |
|    total_timesteps      | 329728    |
| train/                  |           |
|    approx_kl            | 1.7300453 |
|    clip_fraction        | 0.878     |
|    clip_range           | 0.2       |
|    entropy_loss         | -23.8     |
|    explained_variance   | 0.576     |
|    learning_rate        | 0.0003    |
|    loss                 | 0.114     |
|    n_updates            | 1600      |
|    policy_gradient_loss | 0.171     |
|    std                  | 0.76      |
|    value_loss           | 0.0329    |
---------------------------------------
Eval num_timesteps=330000, episode_reward=4.77 +/- 0.19
Episode length: 1.00 +/- 0.00
---------------------------------------
| eval/                   |           |
|    mean_ep_length       | 1         |
|    mean_reward          | 4.77      |
| time/                   |           |
|    total_timesteps      | 330000    |
| train/                  |           |
|    approx_kl            | 2.5337389 |
|    clip_fraction        | 0.873     |
|    clip_range           | 0.2       |
|    entropy_loss         | -23.7     |
|    explained_variance   | 0.593     |
|    learning_rate        | 0.0003    |
|    loss                 | 0.232     |
|    n_updates            | 1610      |
|    policy_gradient_loss | 0.192     |
|    std                  | 0.759     |
|    value_loss           | 0.0294    |
---------------------------------------
---------------------------------
| rollout/           |          |
|    ep_len_mean     | 1        |
|    ep_rew_mean     | 4.65     |
| time/              |          |
|    fps             | 23       |
|    iterations      | 162      |
|    time_elapsed    | 13860    |
|    total_timesteps | 331776   |
---------------------------------
--------------------------------------
| rollout/                |          |
|    ep_len_mean          | 1        |
|    ep_rew_mean          | 4.66     |
| time/                   |          |
|    fps                  | 23       |
|    iterations           | 163      |
|    time_elapsed         | 13945    |
|    total_timesteps      | 333824   |
| train/                  |          |
|    approx_kl            | 1.605428 |
|    clip_fraction        | 0.867    |
|    clip_range           | 0.2      |
|    entropy_loss         | -23.7    |
|    explained_variance   | 0.589    |
|    learning_rate        | 0.0003   |
|    loss                 | 0.0153   |
|    n_updates            | 1620     |
|    policy_gradient_loss | 0.154    |
|    std                  | 0.759    |
|    value_loss           | 0.0309   |
--------------------------------------
---------------------------------------
| rollout/                |           |
|    ep_len_mean          | 1         |
|    ep_rew_mean          | 4.63      |
| time/                   |           |
|    fps                  | 23        |
|    iterations           | 164       |
|    time_elapsed         | 14030     |
|    total_timesteps      | 335872    |
| train/                  |           |
|    approx_kl            | 1.8577236 |
|    clip_fraction        | 0.878     |
|    clip_range           | 0.2       |
|    entropy_loss         | -23.8     |
|    explained_variance   | 0.518     |
|    learning_rate        | 0.0003    |
|    loss                 | 0.0878    |
|    n_updates            | 1630      |
|    policy_gradient_loss | 0.159     |
|    std                  | 0.761     |
|    value_loss           | 0.0346    |
---------------------------------------
---------------------------------------
| rollout/                |           |
|    ep_len_mean          | 1         |
|    ep_rew_mean          | 4.67      |
| time/                   |           |
|    fps                  | 23        |
|    iterations           | 165       |
|    time_elapsed         | 14116     |
|    total_timesteps      | 337920    |
| train/                  |           |
|    approx_kl            | 2.9703872 |
|    clip_fraction        | 0.862     |
|    clip_range           | 0.2       |
|    entropy_loss         | -23.7     |
|    explained_variance   | 0.544     |
|    learning_rate        | 0.0003    |
|    loss                 | 0.118     |
|    n_updates            | 1640      |
|    policy_gradient_loss | 0.146     |
|    std                  | 0.758     |
|    value_loss           | 0.0354    |
---------------------------------------
---------------------------------------
| rollout/                |           |
|    ep_len_mean          | 1         |
|    ep_rew_mean          | 4.67      |
| time/                   |           |
|    fps                  | 23        |
|    iterations           | 166       |
|    time_elapsed         | 14201     |
|    total_timesteps      | 339968    |
| train/                  |           |
|    approx_kl            | 2.1232815 |
|    clip_fraction        | 0.881     |
|    clip_range           | 0.2       |
|    entropy_loss         | -23.7     |
|    explained_variance   | 0.522     |
|    learning_rate        | 0.0003    |
|    loss                 | 0.172     |
|    n_updates            | 1650      |
|    policy_gradient_loss | 0.172     |
|    std                  | 0.76      |
|    value_loss           | 0.0338    |
---------------------------------------
Eval num_timesteps=340000, episode_reward=4.61 +/- 0.12
Episode length: 1.00 +/- 0.00
---------------------------------------
| eval/                   |           |
|    mean_ep_length       | 1         |
|    mean_reward          | 4.61      |
| time/                   |           |
|    total_timesteps      | 340000    |
| train/                  |           |
|    approx_kl            | 2.1974938 |
|    clip_fraction        | 0.858     |
|    clip_range           | 0.2       |
|    entropy_loss         | -23.7     |
|    explained_variance   | 0.605     |
|    learning_rate        | 0.0003    |
|    loss                 | 0.148     |
|    n_updates            | 1660      |
|    policy_gradient_loss | 0.137     |
|    std                  | 0.76      |
|    value_loss           | 0.0316    |
---------------------------------------
---------------------------------
| rollout/           |          |
|    ep_len_mean     | 1        |
|    ep_rew_mean     | 4.71     |
| time/              |          |
|    fps             | 23       |
|    iterations      | 167      |
|    time_elapsed    | 14286    |
|    total_timesteps | 342016   |
---------------------------------
--------------------------------------
| rollout/                |          |
|    ep_len_mean          | 1        |
|    ep_rew_mean          | 4.67     |
| time/                   |          |
|    fps                  | 23       |
|    iterations           | 168      |
|    time_elapsed         | 14371    |
|    total_timesteps      | 344064   |
| train/                  |          |
|    approx_kl            | 2.752928 |
|    clip_fraction        | 0.896    |
|    clip_range           | 0.2      |
|    entropy_loss         | -23.8    |
|    explained_variance   | 0.576    |
|    learning_rate        | 0.0003   |
|    loss                 | 0.0799   |
|    n_updates            | 1670     |
|    policy_gradient_loss | 0.202    |
|    std                  | 0.76     |
|    value_loss           | 0.0341   |
--------------------------------------
---------------------------------------
| rollout/                |           |
|    ep_len_mean          | 1         |
|    ep_rew_mean          | 4.68      |
| time/                   |           |
|    fps                  | 23        |
|    iterations           | 169       |
|    time_elapsed         | 14456     |
|    total_timesteps      | 346112    |
| train/                  |           |
|    approx_kl            | 1.8001378 |
|    clip_fraction        | 0.859     |
|    clip_range           | 0.2       |
|    entropy_loss         | -23.7     |
|    explained_variance   | 0.52      |
|    learning_rate        | 0.0003    |
|    loss                 | 0.18      |
|    n_updates            | 1680      |
|    policy_gradient_loss | 0.121     |
|    std                  | 0.76      |
|    value_loss           | 0.0359    |
---------------------------------------
---------------------------------------
| rollout/                |           |
|    ep_len_mean          | 1         |
|    ep_rew_mean          | 4.72      |
| time/                   |           |
|    fps                  | 23        |
|    iterations           | 170       |
|    time_elapsed         | 14541     |
|    total_timesteps      | 348160    |
| train/                  |           |
|    approx_kl            | 2.5367036 |
|    clip_fraction        | 0.894     |
|    clip_range           | 0.2       |
|    entropy_loss         | -23.7     |
|    explained_variance   | 0.557     |
|    learning_rate        | 0.0003    |
|    loss                 | 0.284     |
|    n_updates            | 1690      |
|    policy_gradient_loss | 0.193     |
|    std                  | 0.761     |
|    value_loss           | 0.0331    |
---------------------------------------
Eval num_timesteps=350000, episode_reward=4.52 +/- 0.29
Episode length: 1.00 +/- 0.00
--------------------------------------
| eval/                   |          |
|    mean_ep_length       | 1        |
|    mean_reward          | 4.52     |
| time/                   |          |
|    total_timesteps      | 350000   |
| train/                  |          |
|    approx_kl            | 1.667491 |
|    clip_fraction        | 0.866    |
|    clip_range           | 0.2      |
|    entropy_loss         | -23.7    |
|    explained_variance   | 0.58     |
|    learning_rate        | 0.0003   |
|    loss                 | 0.173    |
|    n_updates            | 1700     |
|    policy_gradient_loss | 0.137    |
|    std                  | 0.758    |
|    value_loss           | 0.0324   |
--------------------------------------
---------------------------------
| rollout/           |          |
|    ep_len_mean     | 1        |
|    ep_rew_mean     | 4.68     |
| time/              |          |
|    fps             | 23       |
|    iterations      | 171      |
|    time_elapsed    | 14626    |
|    total_timesteps | 350208   |
---------------------------------
---------------------------------------
| rollout/                |           |
|    ep_len_mean          | 1         |
|    ep_rew_mean          | 4.68      |
| time/                   |           |
|    fps                  | 23        |
|    iterations           | 172       |
|    time_elapsed         | 14711     |
|    total_timesteps      | 352256    |
| train/                  |           |
|    approx_kl            | 1.9896846 |
|    clip_fraction        | 0.853     |
|    clip_range           | 0.2       |
|    entropy_loss         | -23.7     |
|    explained_variance   | 0.588     |
|    learning_rate        | 0.0003    |
|    loss                 | 0.214     |
|    n_updates            | 1710      |
|    policy_gradient_loss | 0.13      |
|    std                  | 0.758     |
|    value_loss           | 0.0328    |
---------------------------------------
---------------------------------------
| rollout/                |           |
|    ep_len_mean          | 1         |
|    ep_rew_mean          | 4.69      |
| time/                   |           |
|    fps                  | 23        |
|    iterations           | 173       |
|    time_elapsed         | 14795     |
|    total_timesteps      | 354304    |
| train/                  |           |
|    approx_kl            | 1.4207327 |
|    clip_fraction        | 0.855     |
|    clip_range           | 0.2       |
|    entropy_loss         | -23.6     |
|    explained_variance   | 0.531     |
|    learning_rate        | 0.0003    |
|    loss                 | -0.0245   |
|    n_updates            | 1720      |
|    policy_gradient_loss | 0.197     |
|    std                  | 0.756     |
|    value_loss           | 0.0321    |
---------------------------------------
---------------------------------------
| rollout/                |           |
|    ep_len_mean          | 1         |
|    ep_rew_mean          | 4.65      |
| time/                   |           |
|    fps                  | 23        |
|    iterations           | 174       |
|    time_elapsed         | 14881     |
|    total_timesteps      | 356352    |
| train/                  |           |
|    approx_kl            | 2.6031022 |
|    clip_fraction        | 0.904     |
|    clip_range           | 0.2       |
|    entropy_loss         | -23.6     |
|    explained_variance   | 0.582     |
|    learning_rate        | 0.0003    |
|    loss                 | 0.173     |
|    n_updates            | 1730      |
|    policy_gradient_loss | 0.194     |
|    std                  | 0.757     |
|    value_loss           | 0.0321    |
---------------------------------------
--------------------------------------
| rollout/                |          |
|    ep_len_mean          | 1        |
|    ep_rew_mean          | 4.65     |
| time/                   |          |
|    fps                  | 23       |
|    iterations           | 175      |
|    time_elapsed         | 14966    |
|    total_timesteps      | 358400   |
| train/                  |          |
|    approx_kl            | 2.272593 |
|    clip_fraction        | 0.888    |
|    clip_range           | 0.2      |
|    entropy_loss         | -23.6    |
|    explained_variance   | 0.515    |
|    learning_rate        | 0.0003   |
|    loss                 | 0.0802   |
|    n_updates            | 1740     |
|    policy_gradient_loss | 0.201    |
|    std                  | 0.755    |
|    value_loss           | 0.0406   |
--------------------------------------
Eval num_timesteps=360000, episode_reward=4.77 +/- 0.12
Episode length: 1.00 +/- 0.00
---------------------------------------
| eval/                   |           |
|    mean_ep_length       | 1         |
|    mean_reward          | 4.77      |
| time/                   |           |
|    total_timesteps      | 360000    |
| train/                  |           |
|    approx_kl            | 1.5570604 |
|    clip_fraction        | 0.858     |
|    clip_range           | 0.2       |
|    entropy_loss         | -23.6     |
|    explained_variance   | 0.506     |
|    learning_rate        | 0.0003    |
|    loss                 | 0.149     |
|    n_updates            | 1750      |
|    policy_gradient_loss | 0.118     |
|    std                  | 0.754     |
|    value_loss           | 0.0369    |
---------------------------------------
---------------------------------
| rollout/           |          |
|    ep_len_mean     | 1        |
|    ep_rew_mean     | 4.71     |
| time/              |          |
|    fps             | 23       |
|    iterations      | 176      |
|    time_elapsed    | 15051    |
|    total_timesteps | 360448   |
---------------------------------
---------------------------------------
| rollout/                |           |
|    ep_len_mean          | 1         |
|    ep_rew_mean          | 4.69      |
| time/                   |           |
|    fps                  | 23        |
|    iterations           | 177       |
|    time_elapsed         | 15137     |
|    total_timesteps      | 362496    |
| train/                  |           |
|    approx_kl            | 2.3953567 |
|    clip_fraction        | 0.861     |
|    clip_range           | 0.2       |
|    entropy_loss         | -23.6     |
|    explained_variance   | 0.551     |
|    learning_rate        | 0.0003    |
|    loss                 | 0.208     |
|    n_updates            | 1760      |
|    policy_gradient_loss | 0.158     |
|    std                  | 0.756     |
|    value_loss           | 0.0338    |
---------------------------------------
---------------------------------------
| rollout/                |           |
|    ep_len_mean          | 1         |
|    ep_rew_mean          | 4.61      |
| time/                   |           |
|    fps                  | 23        |
|    iterations           | 178       |
|    time_elapsed         | 15222     |
|    total_timesteps      | 364544    |
| train/                  |           |
|    approx_kl            | 2.1017144 |
|    clip_fraction        | 0.869     |
|    clip_range           | 0.2       |
|    entropy_loss         | -23.6     |
|    explained_variance   | 0.562     |
|    learning_rate        | 0.0003    |
|    loss                 | 0.219     |
|    n_updates            | 1770      |
|    policy_gradient_loss | 0.175     |
|    std                  | 0.757     |
|    value_loss           | 0.0329    |
---------------------------------------
---------------------------------------
| rollout/                |           |
|    ep_len_mean          | 1         |
|    ep_rew_mean          | 4.66      |
| time/                   |           |
|    fps                  | 23        |
|    iterations           | 179       |
|    time_elapsed         | 15307     |
|    total_timesteps      | 366592    |
| train/                  |           |
|    approx_kl            | 1.7615781 |
|    clip_fraction        | 0.852     |
|    clip_range           | 0.2       |
|    entropy_loss         | -23.6     |
|    explained_variance   | 0.567     |
|    learning_rate        | 0.0003    |
|    loss                 | 0.0337    |
|    n_updates            | 1780      |
|    policy_gradient_loss | 0.11      |
|    std                  | 0.756     |
|    value_loss           | 0.0343    |
---------------------------------------
---------------------------------------
| rollout/                |           |
|    ep_len_mean          | 1         |
|    ep_rew_mean          | 4.67      |
| time/                   |           |
|    fps                  | 23        |
|    iterations           | 180       |
|    time_elapsed         | 15392     |
|    total_timesteps      | 368640    |
| train/                  |           |
|    approx_kl            | 2.9541647 |
|    clip_fraction        | 0.898     |
|    clip_range           | 0.2       |
|    entropy_loss         | -23.6     |
|    explained_variance   | 0.584     |
|    learning_rate        | 0.0003    |
|    loss                 | 0.131     |
|    n_updates            | 1790      |
|    policy_gradient_loss | 0.184     |
|    std                  | 0.758     |
|    value_loss           | 0.0355    |
---------------------------------------
Eval num_timesteps=370000, episode_reward=4.81 +/- 0.24
Episode length: 1.00 +/- 0.00
---------------------------------------
| eval/                   |           |
|    mean_ep_length       | 1         |
|    mean_reward          | 4.81      |
| time/                   |           |
|    total_timesteps      | 370000    |
| train/                  |           |
|    approx_kl            | 2.1515646 |
|    clip_fraction        | 0.853     |
|    clip_range           | 0.2       |
|    entropy_loss         | -23.6     |
|    explained_variance   | 0.5       |
|    learning_rate        | 0.0003    |
|    loss                 | 0.172     |
|    n_updates            | 1800      |
|    policy_gradient_loss | 0.159     |
|    std                  | 0.757     |
|    value_loss           | 0.0347    |
---------------------------------------
---------------------------------
| rollout/           |          |
|    ep_len_mean     | 1        |
|    ep_rew_mean     | 4.72     |
| time/              |          |
|    fps             | 23       |
|    iterations      | 181      |
|    time_elapsed    | 15477    |
|    total_timesteps | 370688   |
---------------------------------
---------------------------------------
| rollout/                |           |
|    ep_len_mean          | 1         |
|    ep_rew_mean          | 4.67      |
| time/                   |           |
|    fps                  | 23        |
|    iterations           | 182       |
|    time_elapsed         | 15562     |
|    total_timesteps      | 372736    |
| train/                  |           |
|    approx_kl            | 1.1330519 |
|    clip_fraction        | 0.827     |
|    clip_range           | 0.2       |
|    entropy_loss         | -23.6     |
|    explained_variance   | 0.541     |
|    learning_rate        | 0.0003    |
|    loss                 | 0.384     |
|    n_updates            | 1810      |
|    policy_gradient_loss | 0.0979    |
|    std                  | 0.758     |
|    value_loss           | 0.0337    |
---------------------------------------
---------------------------------------
| rollout/                |           |
|    ep_len_mean          | 1         |
|    ep_rew_mean          | 4.66      |
| time/                   |           |
|    fps                  | 23        |
|    iterations           | 183       |
|    time_elapsed         | 15646     |
|    total_timesteps      | 374784    |
| train/                  |           |
|    approx_kl            | 1.7778995 |
|    clip_fraction        | 0.851     |
|    clip_range           | 0.2       |
|    entropy_loss         | -23.6     |
|    explained_variance   | 0.552     |
|    learning_rate        | 0.0003    |
|    loss                 | 0.101     |
|    n_updates            | 1820      |
|    policy_gradient_loss | 0.137     |
|    std                  | 0.759     |
|    value_loss           | 0.0325    |
---------------------------------------
---------------------------------------
| rollout/                |           |
|    ep_len_mean          | 1         |
|    ep_rew_mean          | 4.65      |
| time/                   |           |
|    fps                  | 23        |
|    iterations           | 184       |
|    time_elapsed         | 15731     |
|    total_timesteps      | 376832    |
| train/                  |           |
|    approx_kl            | 1.8498769 |
|    clip_fraction        | 0.858     |
|    clip_range           | 0.2       |
|    entropy_loss         | -23.7     |
|    explained_variance   | 0.557     |
|    learning_rate        | 0.0003    |
|    loss                 | 0.138     |
|    n_updates            | 1830      |
|    policy_gradient_loss | 0.145     |
|    std                  | 0.758     |
|    value_loss           | 0.0332    |
---------------------------------------
---------------------------------------
| rollout/                |           |
|    ep_len_mean          | 1         |
|    ep_rew_mean          | 4.68      |
| time/                   |           |
|    fps                  | 23        |
|    iterations           | 185       |
|    time_elapsed         | 15815     |
|    total_timesteps      | 378880    |
| train/                  |           |
|    approx_kl            | 1.6555686 |
|    clip_fraction        | 0.846     |
|    clip_range           | 0.2       |
|    entropy_loss         | -23.7     |
|    explained_variance   | 0.553     |
|    learning_rate        | 0.0003    |
|    loss                 | 0.133     |
|    n_updates            | 1840      |
|    policy_gradient_loss | 0.0982    |
|    std                  | 0.758     |
|    value_loss           | 0.0339    |
---------------------------------------
Eval num_timesteps=380000, episode_reward=4.75 +/- 0.14
Episode length: 1.00 +/- 0.00
---------------------------------------
| eval/                   |           |
|    mean_ep_length       | 1         |
|    mean_reward          | 4.75      |
| time/                   |           |
|    total_timesteps      | 380000    |
| train/                  |           |
|    approx_kl            | 2.3697581 |
|    clip_fraction        | 0.88      |
|    clip_range           | 0.2       |
|    entropy_loss         | -23.6     |
|    explained_variance   | 0.551     |
|    learning_rate        | 0.0003    |
|    loss                 | 0.0991    |
|    n_updates            | 1850      |
|    policy_gradient_loss | 0.161     |
|    std                  | 0.756     |
|    value_loss           | 0.033     |
---------------------------------------
---------------------------------
| rollout/           |          |
|    ep_len_mean     | 1        |
|    ep_rew_mean     | 4.71     |
| time/              |          |
|    fps             | 23       |
|    iterations      | 186      |
|    time_elapsed    | 15901    |
|    total_timesteps | 380928   |
---------------------------------
---------------------------------------
| rollout/                |           |
|    ep_len_mean          | 1         |
|    ep_rew_mean          | 4.62      |
| time/                   |           |
|    fps                  | 23        |
|    iterations           | 187       |
|    time_elapsed         | 15986     |
|    total_timesteps      | 382976    |
| train/                  |           |
|    approx_kl            | 2.9373288 |
|    clip_fraction        | 0.879     |
|    clip_range           | 0.2       |
|    entropy_loss         | -23.6     |
|    explained_variance   | 0.556     |
|    learning_rate        | 0.0003    |
|    loss                 | 0.549     |
|    n_updates            | 1860      |
|    policy_gradient_loss | 0.177     |
|    std                  | 0.755     |
|    value_loss           | 0.0352    |
---------------------------------------
--------------------------------------
| rollout/                |          |
|    ep_len_mean          | 1        |
|    ep_rew_mean          | 4.66     |
| time/                   |          |
|    fps                  | 23       |
|    iterations           | 188      |
|    time_elapsed         | 16071    |
|    total_timesteps      | 385024   |
| train/                  |          |
|    approx_kl            | 2.085761 |
|    clip_fraction        | 0.864    |
|    clip_range           | 0.2      |
|    entropy_loss         | -23.5    |
|    explained_variance   | 0.566    |
|    learning_rate        | 0.0003   |
|    loss                 | 0.106    |
|    n_updates            | 1870     |
|    policy_gradient_loss | 0.142    |
|    std                  | 0.753    |
|    value_loss           | 0.0342   |
--------------------------------------
--------------------------------------
| rollout/                |          |
|    ep_len_mean          | 1        |
|    ep_rew_mean          | 4.65     |
| time/                   |          |
|    fps                  | 23       |
|    iterations           | 189      |
|    time_elapsed         | 16156    |
|    total_timesteps      | 387072   |
| train/                  |          |
|    approx_kl            | 3.013161 |
|    clip_fraction        | 0.875    |
|    clip_range           | 0.2      |
|    entropy_loss         | -23.5    |
|    explained_variance   | 0.553    |
|    learning_rate        | 0.0003   |
|    loss                 | 0.137    |
|    n_updates            | 1880     |
|    policy_gradient_loss | 0.186    |
|    std                  | 0.752    |
|    value_loss           | 0.0342   |
--------------------------------------
---------------------------------------
| rollout/                |           |
|    ep_len_mean          | 1         |
|    ep_rew_mean          | 4.67      |
| time/                   |           |
|    fps                  | 23        |
|    iterations           | 190       |
|    time_elapsed         | 16242     |
|    total_timesteps      | 389120    |
| train/                  |           |
|    approx_kl            | 1.4977717 |
|    clip_fraction        | 0.84      |
|    clip_range           | 0.2       |
|    entropy_loss         | -23.4     |
|    explained_variance   | 0.567     |
|    learning_rate        | 0.0003    |
|    loss                 | 0.0577    |
|    n_updates            | 1890      |
|    policy_gradient_loss | 0.123     |
|    std                  | 0.746     |
|    value_loss           | 0.0343    |
---------------------------------------
Eval num_timesteps=390000, episode_reward=4.65 +/- 0.24
Episode length: 1.00 +/- 0.00
---------------------------------------
| eval/                   |           |
|    mean_ep_length       | 1         |
|    mean_reward          | 4.65      |
| time/                   |           |
|    total_timesteps      | 390000    |
| train/                  |           |
|    approx_kl            | 1.7790818 |
|    clip_fraction        | 0.863     |
|    clip_range           | 0.2       |
|    entropy_loss         | -23.3     |
|    explained_variance   | 0.545     |
|    learning_rate        | 0.0003    |
|    loss                 | 0.156     |
|    n_updates            | 1900      |
|    policy_gradient_loss | 0.195     |
|    std                  | 0.746     |
|    value_loss           | 0.0356    |
---------------------------------------
---------------------------------
| rollout/           |          |
|    ep_len_mean     | 1        |
|    ep_rew_mean     | 4.66     |
| time/              |          |
|    fps             | 23       |
|    iterations      | 191      |
|    time_elapsed    | 16327    |
|    total_timesteps | 391168   |
---------------------------------
---------------------------------------
| rollout/                |           |
|    ep_len_mean          | 1         |
|    ep_rew_mean          | 4.71      |
| time/                   |           |
|    fps                  | 23        |
|    iterations           | 192       |
|    time_elapsed         | 16413     |
|    total_timesteps      | 393216    |
| train/                  |           |
|    approx_kl            | 1.8093865 |
|    clip_fraction        | 0.858     |
|    clip_range           | 0.2       |
|    entropy_loss         | -23.3     |
|    explained_variance   | 0.527     |
|    learning_rate        | 0.0003    |
|    loss                 | 0.0928    |
|    n_updates            | 1910      |
|    policy_gradient_loss | 0.132     |
|    std                  | 0.749     |
|    value_loss           | 0.0357    |
---------------------------------------
---------------------------------------
| rollout/                |           |
|    ep_len_mean          | 1         |
|    ep_rew_mean          | 4.72      |
| time/                   |           |
|    fps                  | 23        |
|    iterations           | 193       |
|    time_elapsed         | 16498     |
|    total_timesteps      | 395264    |
| train/                  |           |
|    approx_kl            | 1.7873988 |
|    clip_fraction        | 0.858     |
|    clip_range           | 0.2       |
|    entropy_loss         | -23.3     |
|    explained_variance   | 0.537     |
|    learning_rate        | 0.0003    |
|    loss                 | 0.0647    |
|    n_updates            | 1920      |
|    policy_gradient_loss | 0.156     |
|    std                  | 0.748     |
|    value_loss           | 0.0338    |
---------------------------------------
---------------------------------------
| rollout/                |           |
|    ep_len_mean          | 1         |
|    ep_rew_mean          | 4.65      |
| time/                   |           |
|    fps                  | 23        |
|    iterations           | 194       |
|    time_elapsed         | 16584     |
|    total_timesteps      | 397312    |
| train/                  |           |
|    approx_kl            | 2.0161865 |
|    clip_fraction        | 0.849     |
|    clip_range           | 0.2       |
|    entropy_loss         | -23.3     |
|    explained_variance   | 0.509     |
|    learning_rate        | 0.0003    |
|    loss                 | 0.123     |
|    n_updates            | 1930      |
|    policy_gradient_loss | 0.108     |
|    std                  | 0.747     |
|    value_loss           | 0.0383    |
---------------------------------------
--------------------------------------
| rollout/                |          |
|    ep_len_mean          | 1        |
|    ep_rew_mean          | 4.72     |
| time/                   |          |
|    fps                  | 23       |
|    iterations           | 195      |
|    time_elapsed         | 16668    |
|    total_timesteps      | 399360   |
| train/                  |          |
|    approx_kl            | 2.263987 |
|    clip_fraction        | 0.891    |
|    clip_range           | 0.2      |
|    entropy_loss         | -23.4    |
|    explained_variance   | 0.472    |
|    learning_rate        | 0.0003   |
|    loss                 | 0.227    |
|    n_updates            | 1940     |
|    policy_gradient_loss | 0.189    |
|    std                  | 0.75     |
|    value_loss           | 0.0342   |
--------------------------------------
Eval num_timesteps=400000, episode_reward=4.75 +/- 0.15
Episode length: 1.00 +/- 0.00
---------------------------------------
| eval/                   |           |
|    mean_ep_length       | 1         |
|    mean_reward          | 4.75      |
| time/                   |           |
|    total_timesteps      | 400000    |
| train/                  |           |
|    approx_kl            | 2.1956966 |
|    clip_fraction        | 0.883     |
|    clip_range           | 0.2       |
|    entropy_loss         | -23.4     |
|    explained_variance   | 0.554     |
|    learning_rate        | 0.0003    |
|    loss                 | 0.0698    |
|    n_updates            | 1950      |
|    policy_gradient_loss | 0.175     |
|    std                  | 0.752     |
|    value_loss           | 0.0326    |
---------------------------------------
---------------------------------
| rollout/           |          |
|    ep_len_mean     | 1        |
|    ep_rew_mean     | 4.69     |
| time/              |          |
|    fps             | 23       |
|    iterations      | 196      |
|    time_elapsed    | 16754    |
|    total_timesteps | 401408   |
---------------------------------
---------------------------------------
| rollout/                |           |
|    ep_len_mean          | 1         |
|    ep_rew_mean          | 4.64      |
| time/                   |           |
|    fps                  | 23        |
|    iterations           | 197       |
|    time_elapsed         | 16839     |
|    total_timesteps      | 403456    |
| train/                  |           |
|    approx_kl            | 2.2763166 |
|    clip_fraction        | 0.863     |
|    clip_range           | 0.2       |
|    entropy_loss         | -23.5     |
|    explained_variance   | 0.551     |
|    learning_rate        | 0.0003    |
|    loss                 | 0.215     |
|    n_updates            | 1960      |
|    policy_gradient_loss | 0.148     |
|    std                  | 0.751     |
|    value_loss           | 0.0337    |
---------------------------------------
--------------------------------------
| rollout/                |          |
|    ep_len_mean          | 1        |
|    ep_rew_mean          | 4.7      |
| time/                   |          |
|    fps                  | 23       |
|    iterations           | 198      |
|    time_elapsed         | 16924    |
|    total_timesteps      | 405504   |
| train/                  |          |
|    approx_kl            | 2.09935  |
|    clip_fraction        | 0.85     |
|    clip_range           | 0.2      |
|    entropy_loss         | -23.4    |
|    explained_variance   | 0.54     |
|    learning_rate        | 0.0003   |
|    loss                 | 0.0526   |
|    n_updates            | 1970     |
|    policy_gradient_loss | 0.123    |
|    std                  | 0.749    |
|    value_loss           | 0.035    |
--------------------------------------
--------------------------------------
| rollout/                |          |
|    ep_len_mean          | 1        |
|    ep_rew_mean          | 4.69     |
| time/                   |          |
|    fps                  | 23       |
|    iterations           | 199      |
|    time_elapsed         | 17009    |
|    total_timesteps      | 407552   |
| train/                  |          |
|    approx_kl            | 2.369278 |
|    clip_fraction        | 0.875    |
|    clip_range           | 0.2      |
|    entropy_loss         | -23.4    |
|    explained_variance   | 0.54     |
|    learning_rate        | 0.0003   |
|    loss                 | 0.168    |
|    n_updates            | 1980     |
|    policy_gradient_loss | 0.167    |
|    std                  | 0.75     |
|    value_loss           | 0.0376   |
--------------------------------------
--------------------------------------
| rollout/                |          |
|    ep_len_mean          | 1        |
|    ep_rew_mean          | 4.64     |
| time/                   |          |
|    fps                  | 23       |
|    iterations           | 200      |
|    time_elapsed         | 17095    |
|    total_timesteps      | 409600   |
| train/                  |          |
|    approx_kl            | 3.256113 |
|    clip_fraction        | 0.879    |
|    clip_range           | 0.2      |
|    entropy_loss         | -23.4    |
|    explained_variance   | 0.533    |
|    learning_rate        | 0.0003   |
|    loss                 | 0.221    |
|    n_updates            | 1990     |
|    policy_gradient_loss | 0.183    |
|    std                  | 0.748    |
|    value_loss           | 0.0379   |
--------------------------------------
Eval num_timesteps=410000, episode_reward=4.62 +/- 0.23
Episode length: 1.00 +/- 0.00
---------------------------------------
| eval/                   |           |
|    mean_ep_length       | 1         |
|    mean_reward          | 4.62      |
| time/                   |           |
|    total_timesteps      | 410000    |
| train/                  |           |
|    approx_kl            | 3.2641547 |
|    clip_fraction        | 0.902     |
|    clip_range           | 0.2       |
|    entropy_loss         | -23.3     |
|    explained_variance   | 0.562     |
|    learning_rate        | 0.0003    |
|    loss                 | 0.177     |
|    n_updates            | 2000      |
|    policy_gradient_loss | 0.19      |
|    std                  | 0.747     |
|    value_loss           | 0.0325    |
---------------------------------------
---------------------------------
| rollout/           |          |
|    ep_len_mean     | 1        |
|    ep_rew_mean     | 4.7      |
| time/              |          |
|    fps             | 23       |
|    iterations      | 201      |
|    time_elapsed    | 17180    |
|    total_timesteps | 411648   |
---------------------------------
--------------------------------------
| rollout/                |          |
|    ep_len_mean          | 1        |
|    ep_rew_mean          | 4.64     |
| time/                   |          |
|    fps                  | 23       |
|    iterations           | 202      |
|    time_elapsed         | 17266    |
|    total_timesteps      | 413696   |
| train/                  |          |
|    approx_kl            | 4.672242 |
|    clip_fraction        | 0.904    |
|    clip_range           | 0.2      |
|    entropy_loss         | -23.3    |
|    explained_variance   | 0.505    |
|    learning_rate        | 0.0003   |
|    loss                 | 0.146    |
|    n_updates            | 2010     |
|    policy_gradient_loss | 0.3      |
|    std                  | 0.749    |
|    value_loss           | 0.0354   |
--------------------------------------
---------------------------------------
| rollout/                |           |
|    ep_len_mean          | 1         |
|    ep_rew_mean          | 4.67      |
| time/                   |           |
|    fps                  | 23        |
|    iterations           | 203       |
|    time_elapsed         | 17350     |
|    total_timesteps      | 415744    |
| train/                  |           |
|    approx_kl            | 2.5256748 |
|    clip_fraction        | 0.892     |
|    clip_range           | 0.2       |
|    entropy_loss         | -23.4     |
|    explained_variance   | 0.478     |
|    learning_rate        | 0.0003    |
|    loss                 | 0.216     |
|    n_updates            | 2020      |
|    policy_gradient_loss | 0.298     |
|    std                  | 0.75      |
|    value_loss           | 0.035     |
---------------------------------------
---------------------------------------
| rollout/                |           |
|    ep_len_mean          | 1         |
|    ep_rew_mean          | 4.67      |
| time/                   |           |
|    fps                  | 23        |
|    iterations           | 204       |
|    time_elapsed         | 17435     |
|    total_timesteps      | 417792    |
| train/                  |           |
|    approx_kl            | 2.9069614 |
|    clip_fraction        | 0.858     |
|    clip_range           | 0.2       |
|    entropy_loss         | -23.4     |
|    explained_variance   | 0.541     |
|    learning_rate        | 0.0003    |
|    loss                 | 0.248     |
|    n_updates            | 2030      |
|    policy_gradient_loss | 0.168     |
|    std                  | 0.751     |
|    value_loss           | 0.0343    |
---------------------------------------
--------------------------------------
| rollout/                |          |
|    ep_len_mean          | 1        |
|    ep_rew_mean          | 4.64     |
| time/                   |          |
|    fps                  | 23       |
|    iterations           | 205      |
|    time_elapsed         | 17520    |
|    total_timesteps      | 419840   |
| train/                  |          |
|    approx_kl            | 2.417685 |
|    clip_fraction        | 0.861    |
|    clip_range           | 0.2      |
|    entropy_loss         | -23.4    |
|    explained_variance   | 0.567    |
|    learning_rate        | 0.0003   |
|    loss                 | 0.375    |
|    n_updates            | 2040     |
|    policy_gradient_loss | 0.145    |
|    std                  | 0.749    |
|    value_loss           | 0.037    |
--------------------------------------
Eval num_timesteps=420000, episode_reward=4.92 +/- 0.32
Episode length: 1.00 +/- 0.00
---------------------------------------
| eval/                   |           |
|    mean_ep_length       | 1         |
|    mean_reward          | 4.92      |
| time/                   |           |
|    total_timesteps      | 420000    |
| train/                  |           |
|    approx_kl            | 1.7695394 |
|    clip_fraction        | 0.869     |
|    clip_range           | 0.2       |
|    entropy_loss         | -23.3     |
|    explained_variance   | 0.59      |
|    learning_rate        | 0.0003    |
|    loss                 | 0.04      |
|    n_updates            | 2050      |
|    policy_gradient_loss | 0.124     |
|    std                  | 0.748     |
|    value_loss           | 0.0354    |
---------------------------------------
---------------------------------
| rollout/           |          |
|    ep_len_mean     | 1        |
|    ep_rew_mean     | 4.65     |
| time/              |          |
|    fps             | 23       |
|    iterations      | 206      |
|    time_elapsed    | 17607    |
|    total_timesteps | 421888   |
---------------------------------
---------------------------------------
| rollout/                |           |
|    ep_len_mean          | 1         |
|    ep_rew_mean          | 4.68      |
| time/                   |           |
|    fps                  | 23        |
|    iterations           | 207       |
|    time_elapsed         | 17691     |
|    total_timesteps      | 423936    |
| train/                  |           |
|    approx_kl            | 2.6458254 |
|    clip_fraction        | 0.861     |
|    clip_range           | 0.2       |
|    entropy_loss         | -23.3     |
|    explained_variance   | 0.574     |
|    learning_rate        | 0.0003    |
|    loss                 | 0.139     |
|    n_updates            | 2060      |
|    policy_gradient_loss | 0.14      |
|    std                  | 0.747     |
|    value_loss           | 0.0358    |
---------------------------------------
---------------------------------------
| rollout/                |           |
|    ep_len_mean          | 1         |
|    ep_rew_mean          | 4.68      |
| time/                   |           |
|    fps                  | 23        |
|    iterations           | 208       |
|    time_elapsed         | 17776     |
|    total_timesteps      | 425984    |
| train/                  |           |
|    approx_kl            | 1.6054353 |
|    clip_fraction        | 0.828     |
|    clip_range           | 0.2       |
|    entropy_loss         | -23.3     |
|    explained_variance   | 0.602     |
|    learning_rate        | 0.0003    |
|    loss                 | 0.108     |
|    n_updates            | 2070      |
|    policy_gradient_loss | 0.111     |
|    std                  | 0.746     |
|    value_loss           | 0.034     |
---------------------------------------
--------------------------------------
| rollout/                |          |
|    ep_len_mean          | 1        |
|    ep_rew_mean          | 4.71     |
| time/                   |          |
|    fps                  | 23       |
|    iterations           | 209      |
|    time_elapsed         | 17862    |
|    total_timesteps      | 428032   |
| train/                  |          |
|    approx_kl            | 2.030066 |
|    clip_fraction        | 0.876    |
|    clip_range           | 0.2      |
|    entropy_loss         | -23.2    |
|    explained_variance   | 0.566    |
|    learning_rate        | 0.0003   |
|    loss                 | 0.0849   |
|    n_updates            | 2080     |
|    policy_gradient_loss | 0.146    |
|    std                  | 0.743    |
|    value_loss           | 0.0329   |
--------------------------------------
Eval num_timesteps=430000, episode_reward=4.67 +/- 0.27
Episode length: 1.00 +/- 0.00
---------------------------------------
| eval/                   |           |
|    mean_ep_length       | 1         |
|    mean_reward          | 4.67      |
| time/                   |           |
|    total_timesteps      | 430000    |
| train/                  |           |
|    approx_kl            | 1.8993493 |
|    clip_fraction        | 0.868     |
|    clip_range           | 0.2       |
|    entropy_loss         | -23.1     |
|    explained_variance   | 0.592     |
|    learning_rate        | 0.0003    |
|    loss                 | 0.107     |
|    n_updates            | 2090      |
|    policy_gradient_loss | 0.168     |
|    std                  | 0.742     |
|    value_loss           | 0.0334    |
---------------------------------------
---------------------------------
| rollout/           |          |
|    ep_len_mean     | 1        |
|    ep_rew_mean     | 4.68     |
| time/              |          |
|    fps             | 23       |
|    iterations      | 210      |
|    time_elapsed    | 17947    |
|    total_timesteps | 430080   |
---------------------------------
