initializing coronagraph env. might take a minute.
initializing coronagraph env. might take a minute.
initializing coronagraph env. might take a minute.
Logging to /scratch/network/ak9088/NASA-RL-Wavefront-Control/RL/logs/20251106_141702/ppo-tm500000-ne1-m5-px64-ov1.0-na5-q2-ef10000-s42-noslopes
Using cuda device
---------------------------------
| rollout/           |          |
|    ep_len_mean     | 1        |
|    ep_rew_mean     | 5.94     |
| time/              |          |
|    fps             | 23       |
|    iterations      | 1        |
|    time_elapsed    | 85       |
|    total_timesteps | 2048     |
---------------------------------
-----------------------------------------
| rollout/                |             |
|    ep_len_mean          | 1           |
|    ep_rew_mean          | 6.01        |
| time/                   |             |
|    fps                  | 23          |
|    iterations           | 2           |
|    time_elapsed         | 172         |
|    total_timesteps      | 4096        |
| train/                  |             |
|    approx_kl            | 0.012935216 |
|    clip_fraction        | 0.0937      |
|    clip_range           | 0.2         |
|    entropy_loss         | -7.08       |
|    explained_variance   | 0.0328      |
|    learning_rate        | 0.0003      |
|    loss                 | 0.026       |
|    n_updates            | 10          |
|    policy_gradient_loss | -0.0106     |
|    std                  | 0.994       |
|    value_loss           | 6.21        |
-----------------------------------------
-----------------------------------------
| rollout/                |             |
|    ep_len_mean          | 1           |
|    ep_rew_mean          | 6.05        |
| time/                   |             |
|    fps                  | 23          |
|    iterations           | 3           |
|    time_elapsed         | 259         |
|    total_timesteps      | 6144        |
| train/                  |             |
|    approx_kl            | 0.050620455 |
|    clip_fraction        | 0.303       |
|    clip_range           | 0.2         |
|    entropy_loss         | -7.03       |
|    explained_variance   | 0.795       |
|    learning_rate        | 0.0003      |
|    loss                 | -0.0551     |
|    n_updates            | 20          |
|    policy_gradient_loss | -0.0503     |
|    std                  | 0.981       |
|    value_loss           | 0.0369      |
-----------------------------------------
----------------------------------------
| rollout/                |            |
|    ep_len_mean          | 1          |
|    ep_rew_mean          | 6.11       |
| time/                   |            |
|    fps                  | 23         |
|    iterations           | 4          |
|    time_elapsed         | 345        |
|    total_timesteps      | 8192       |
| train/                  |            |
|    approx_kl            | 0.11157926 |
|    clip_fraction        | 0.505      |
|    clip_range           | 0.2        |
|    entropy_loss         | -6.98      |
|    explained_variance   | 0.89       |
|    learning_rate        | 0.0003     |
|    loss                 | -0.0827    |
|    n_updates            | 30         |
|    policy_gradient_loss | -0.0891    |
|    std                  | 0.974      |
|    value_loss           | 0.0226     |
----------------------------------------
Eval num_timesteps=10000, episode_reward=18.16 +/- 24.19
Episode length: 2.80 +/- 3.60
----------------------------------------
| eval/                   |            |
|    mean_ep_length       | 2.8        |
|    mean_reward          | 18.2       |
| time/                   |            |
|    total_timesteps      | 10000      |
| train/                  |            |
|    approx_kl            | 0.13628703 |
|    clip_fraction        | 0.576      |
|    clip_range           | 0.2        |
|    entropy_loss         | -6.93      |
|    explained_variance   | 0.922      |
|    learning_rate        | 0.0003     |
|    loss                 | -0.101     |
|    n_updates            | 40         |
|    policy_gradient_loss | -0.104     |
|    std                  | 0.962      |
|    value_loss           | 0.0176     |
----------------------------------------
New best mean reward!
---------------------------------
| rollout/           |          |
|    ep_len_mean     | 1        |
|    ep_rew_mean     | 6.2      |
| time/              |          |
|    fps             | 23       |
|    iterations      | 5        |
|    time_elapsed    | 432      |
|    total_timesteps | 10240    |
---------------------------------
--------------------------------------
| rollout/                |          |
|    ep_len_mean          | 1        |
|    ep_rew_mean          | 6.24     |
| time/                   |          |
|    fps                  | 23       |
|    iterations           | 6        |
|    time_elapsed         | 518      |
|    total_timesteps      | 12288    |
| train/                  |          |
|    approx_kl            | 0.127642 |
|    clip_fraction        | 0.567    |
|    clip_range           | 0.2      |
|    entropy_loss         | -6.85    |
|    explained_variance   | 0.927    |
|    learning_rate        | 0.0003   |
|    loss                 | -0.114   |
|    n_updates            | 50       |
|    policy_gradient_loss | -0.107   |
|    std                  | 0.947    |
|    value_loss           | 0.0159   |
--------------------------------------
----------------------------------------
| rollout/                |            |
|    ep_len_mean          | 1          |
|    ep_rew_mean          | 6.35       |
| time/                   |            |
|    fps                  | 23         |
|    iterations           | 7          |
|    time_elapsed         | 605        |
|    total_timesteps      | 14336      |
| train/                  |            |
|    approx_kl            | 0.16358775 |
|    clip_fraction        | 0.619      |
|    clip_range           | 0.2        |
|    entropy_loss         | -6.77      |
|    explained_variance   | 0.935      |
|    learning_rate        | 0.0003     |
|    loss                 | -0.123     |
|    n_updates            | 60         |
|    policy_gradient_loss | -0.114     |
|    std                  | 0.933      |
|    value_loss           | 0.0147     |
----------------------------------------
----------------------------------------
| rollout/                |            |
|    ep_len_mean          | 1          |
|    ep_rew_mean          | 6.33       |
| time/                   |            |
|    fps                  | 23         |
|    iterations           | 8          |
|    time_elapsed         | 691        |
|    total_timesteps      | 16384      |
| train/                  |            |
|    approx_kl            | 0.14349553 |
|    clip_fraction        | 0.619      |
|    clip_range           | 0.2        |
|    entropy_loss         | -6.69      |
|    explained_variance   | 0.932      |
|    learning_rate        | 0.0003     |
|    loss                 | -0.107     |
|    n_updates            | 70         |
|    policy_gradient_loss | -0.112     |
|    std                  | 0.92       |
|    value_loss           | 0.0152     |
----------------------------------------
----------------------------------------
| rollout/                |            |
|    ep_len_mean          | 1          |
|    ep_rew_mean          | 6.29       |
| time/                   |            |
|    fps                  | 23         |
|    iterations           | 9          |
|    time_elapsed         | 779        |
|    total_timesteps      | 18432      |
| train/                  |            |
|    approx_kl            | 0.15967485 |
|    clip_fraction        | 0.602      |
|    clip_range           | 0.2        |
|    entropy_loss         | -6.62      |
|    explained_variance   | 0.934      |
|    learning_rate        | 0.0003     |
|    loss                 | -0.112     |
|    n_updates            | 80         |
|    policy_gradient_loss | -0.106     |
|    std                  | 0.91       |
|    value_loss           | 0.0145     |
----------------------------------------
Eval num_timesteps=20000, episode_reward=6.47 +/- 0.30
Episode length: 1.00 +/- 0.00
----------------------------------------
| eval/                   |            |
|    mean_ep_length       | 1          |
|    mean_reward          | 6.47       |
| time/                   |            |
|    total_timesteps      | 20000      |
| train/                  |            |
|    approx_kl            | 0.12974241 |
|    clip_fraction        | 0.618      |
|    clip_range           | 0.2        |
|    entropy_loss         | -6.55      |
|    explained_variance   | 0.935      |
|    learning_rate        | 0.0003     |
|    loss                 | -0.123     |
|    n_updates            | 90         |
|    policy_gradient_loss | -0.101     |
|    std                  | 0.901      |
|    value_loss           | 0.0136     |
----------------------------------------
---------------------------------
| rollout/           |          |
|    ep_len_mean     | 1        |
|    ep_rew_mean     | 6.41     |
| time/              |          |
|    fps             | 23       |
|    iterations      | 10       |
|    time_elapsed    | 865      |
|    total_timesteps | 20480    |
---------------------------------
----------------------------------------
| rollout/                |            |
|    ep_len_mean          | 1          |
|    ep_rew_mean          | 6.43       |
| time/                   |            |
|    fps                  | 23         |
|    iterations           | 11         |
|    time_elapsed         | 952        |
|    total_timesteps      | 22528      |
| train/                  |            |
|    approx_kl            | 0.15125066 |
|    clip_fraction        | 0.612      |
|    clip_range           | 0.2        |
|    entropy_loss         | -6.48      |
|    explained_variance   | 0.937      |
|    learning_rate        | 0.0003     |
|    loss                 | -0.114     |
|    n_updates            | 100        |
|    policy_gradient_loss | -0.0966    |
|    std                  | 0.891      |
|    value_loss           | 0.0135     |
----------------------------------------
----------------------------------------
| rollout/                |            |
|    ep_len_mean          | 1          |
|    ep_rew_mean          | 6.51       |
| time/                   |            |
|    fps                  | 23         |
|    iterations           | 12         |
|    time_elapsed         | 1039       |
|    total_timesteps      | 24576      |
| train/                  |            |
|    approx_kl            | 0.15593494 |
|    clip_fraction        | 0.63       |
|    clip_range           | 0.2        |
|    entropy_loss         | -6.42      |
|    explained_variance   | 0.94       |
|    learning_rate        | 0.0003     |
|    loss                 | -0.112     |
|    n_updates            | 110        |
|    policy_gradient_loss | -0.102     |
|    std                  | 0.882      |
|    value_loss           | 0.0128     |
----------------------------------------
---------------------------------------
| rollout/                |           |
|    ep_len_mean          | 1         |
|    ep_rew_mean          | 6.53      |
| time/                   |           |
|    fps                  | 23        |
|    iterations           | 13        |
|    time_elapsed         | 1126      |
|    total_timesteps      | 26624     |
| train/                  |           |
|    approx_kl            | 0.1186616 |
|    clip_fraction        | 0.618     |
|    clip_range           | 0.2       |
|    entropy_loss         | -6.36     |
|    explained_variance   | 0.946     |
|    learning_rate        | 0.0003    |
|    loss                 | -0.121    |
|    n_updates            | 120       |
|    policy_gradient_loss | -0.0922   |
|    std                  | 0.874     |
|    value_loss           | 0.0115    |
---------------------------------------
----------------------------------------
| rollout/                |            |
|    ep_len_mean          | 1          |
|    ep_rew_mean          | 6.52       |
| time/                   |            |
|    fps                  | 23         |
|    iterations           | 14         |
|    time_elapsed         | 1213       |
|    total_timesteps      | 28672      |
| train/                  |            |
|    approx_kl            | 0.12337209 |
|    clip_fraction        | 0.605      |
|    clip_range           | 0.2        |
|    entropy_loss         | -6.28      |
|    explained_variance   | 0.946      |
|    learning_rate        | 0.0003     |
|    loss                 | -0.116     |
|    n_updates            | 130        |
|    policy_gradient_loss | -0.0929    |
|    std                  | 0.861      |
|    value_loss           | 0.0113     |
----------------------------------------
Eval num_timesteps=30000, episode_reward=6.46 +/- 0.34
Episode length: 1.00 +/- 0.00
----------------------------------------
| eval/                   |            |
|    mean_ep_length       | 1          |
|    mean_reward          | 6.46       |
| time/                   |            |
|    total_timesteps      | 30000      |
| train/                  |            |
|    approx_kl            | 0.14132637 |
|    clip_fraction        | 0.637      |
|    clip_range           | 0.2        |
|    entropy_loss         | -6.2       |
|    explained_variance   | 0.942      |
|    learning_rate        | 0.0003     |
|    loss                 | -0.104     |
|    n_updates            | 140        |
|    policy_gradient_loss | -0.0906    |
|    std                  | 0.851      |
|    value_loss           | 0.0121     |
----------------------------------------
---------------------------------
| rollout/           |          |
|    ep_len_mean     | 1        |
|    ep_rew_mean     | 6.58     |
| time/              |          |
|    fps             | 23       |
|    iterations      | 15       |
|    time_elapsed    | 1299     |
|    total_timesteps | 30720    |
---------------------------------
----------------------------------------
| rollout/                |            |
|    ep_len_mean          | 1          |
|    ep_rew_mean          | 6.64       |
| time/                   |            |
|    fps                  | 23         |
|    iterations           | 16         |
|    time_elapsed         | 1386       |
|    total_timesteps      | 32768      |
| train/                  |            |
|    approx_kl            | 0.14076221 |
|    clip_fraction        | 0.642      |
|    clip_range           | 0.2        |
|    entropy_loss         | -6.13      |
|    explained_variance   | 0.947      |
|    learning_rate        | 0.0003     |
|    loss                 | -0.0592    |
|    n_updates            | 150        |
|    policy_gradient_loss | -0.089     |
|    std                  | 0.842      |
|    value_loss           | 0.0113     |
----------------------------------------
----------------------------------------
| rollout/                |            |
|    ep_len_mean          | 1          |
|    ep_rew_mean          | 6.67       |
| time/                   |            |
|    fps                  | 23         |
|    iterations           | 17         |
|    time_elapsed         | 1473       |
|    total_timesteps      | 34816      |
| train/                  |            |
|    approx_kl            | 0.18065074 |
|    clip_fraction        | 0.655      |
|    clip_range           | 0.2        |
|    entropy_loss         | -6.05      |
|    explained_variance   | 0.946      |
|    learning_rate        | 0.0003     |
|    loss                 | -0.0484    |
|    n_updates            | 160        |
|    policy_gradient_loss | -0.091     |
|    std                  | 0.829      |
|    value_loss           | 0.0111     |
----------------------------------------
----------------------------------------
| rollout/                |            |
|    ep_len_mean          | 1          |
|    ep_rew_mean          | 6.64       |
| time/                   |            |
|    fps                  | 23         |
|    iterations           | 18         |
|    time_elapsed         | 1559       |
|    total_timesteps      | 36864      |
| train/                  |            |
|    approx_kl            | 0.16243504 |
|    clip_fraction        | 0.651      |
|    clip_range           | 0.2        |
|    entropy_loss         | -5.97      |
|    explained_variance   | 0.947      |
|    learning_rate        | 0.0003     |
|    loss                 | -0.087     |
|    n_updates            | 170        |
|    policy_gradient_loss | -0.0875    |
|    std                  | 0.821      |
|    value_loss           | 0.0108     |
----------------------------------------
----------------------------------------
| rollout/                |            |
|    ep_len_mean          | 1          |
|    ep_rew_mean          | 6.72       |
| time/                   |            |
|    fps                  | 23         |
|    iterations           | 19         |
|    time_elapsed         | 1645       |
|    total_timesteps      | 38912      |
| train/                  |            |
|    approx_kl            | 0.18205486 |
|    clip_fraction        | 0.638      |
|    clip_range           | 0.2        |
|    entropy_loss         | -5.92      |
|    explained_variance   | 0.944      |
|    learning_rate        | 0.0003     |
|    loss                 | -0.101     |
|    n_updates            | 180        |
|    policy_gradient_loss | -0.0833    |
|    std                  | 0.815      |
|    value_loss           | 0.0112     |
----------------------------------------
Eval num_timesteps=40000, episode_reward=6.89 +/- 0.24
Episode length: 1.00 +/- 0.00
----------------------------------------
| eval/                   |            |
|    mean_ep_length       | 1          |
|    mean_reward          | 6.89       |
| time/                   |            |
|    total_timesteps      | 40000      |
| train/                  |            |
|    approx_kl            | 0.19465439 |
|    clip_fraction        | 0.656      |
|    clip_range           | 0.2        |
|    entropy_loss         | -5.84      |
|    explained_variance   | 0.94       |
|    learning_rate        | 0.0003     |
|    loss                 | -0.109     |
|    n_updates            | 190        |
|    policy_gradient_loss | -0.0926    |
|    std                  | 0.803      |
|    value_loss           | 0.0116     |
----------------------------------------
---------------------------------
| rollout/           |          |
|    ep_len_mean     | 1        |
|    ep_rew_mean     | 6.78     |
| time/              |          |
|    fps             | 23       |
|    iterations      | 20       |
|    time_elapsed    | 1733     |
|    total_timesteps | 40960    |
---------------------------------
--------------------------------------
| rollout/                |          |
|    ep_len_mean          | 1        |
|    ep_rew_mean          | 6.84     |
| time/                   |          |
|    fps                  | 23       |
|    iterations           | 21       |
|    time_elapsed         | 1820     |
|    total_timesteps      | 43008    |
| train/                  |          |
|    approx_kl            | 0.194429 |
|    clip_fraction        | 0.671    |
|    clip_range           | 0.2      |
|    entropy_loss         | -5.76    |
|    explained_variance   | 0.948    |
|    learning_rate        | 0.0003   |
|    loss                 | -0.0931  |
|    n_updates            | 200      |
|    policy_gradient_loss | -0.0867  |
|    std                  | 0.791    |
|    value_loss           | 0.0103   |
--------------------------------------
----------------------------------------
| rollout/                |            |
|    ep_len_mean          | 1          |
|    ep_rew_mean          | 6.83       |
| time/                   |            |
|    fps                  | 23         |
|    iterations           | 22         |
|    time_elapsed         | 1906       |
|    total_timesteps      | 45056      |
| train/                  |            |
|    approx_kl            | 0.17873414 |
|    clip_fraction        | 0.658      |
|    clip_range           | 0.2        |
|    entropy_loss         | -5.68      |
|    explained_variance   | 0.95       |
|    learning_rate        | 0.0003     |
|    loss                 | -0.11      |
|    n_updates            | 210        |
|    policy_gradient_loss | -0.0776    |
|    std                  | 0.783      |
|    value_loss           | 0.00967    |
----------------------------------------
----------------------------------------
| rollout/                |            |
|    ep_len_mean          | 1          |
|    ep_rew_mean          | 6.82       |
| time/                   |            |
|    fps                  | 23         |
|    iterations           | 23         |
|    time_elapsed         | 1993       |
|    total_timesteps      | 47104      |
| train/                  |            |
|    approx_kl            | 0.17294173 |
|    clip_fraction        | 0.663      |
|    clip_range           | 0.2        |
|    entropy_loss         | -5.61      |
|    explained_variance   | 0.952      |
|    learning_rate        | 0.0003     |
|    loss                 | -0.07      |
|    n_updates            | 220        |
|    policy_gradient_loss | -0.0781    |
|    std                  | 0.773      |
|    value_loss           | 0.00973    |
----------------------------------------
----------------------------------------
| rollout/                |            |
|    ep_len_mean          | 1          |
|    ep_rew_mean          | 6.9        |
| time/                   |            |
|    fps                  | 23         |
|    iterations           | 24         |
|    time_elapsed         | 2079       |
|    total_timesteps      | 49152      |
| train/                  |            |
|    approx_kl            | 0.16347352 |
|    clip_fraction        | 0.67       |
|    clip_range           | 0.2        |
|    entropy_loss         | -5.52      |
|    explained_variance   | 0.95       |
|    learning_rate        | 0.0003     |
|    loss                 | -0.0798    |
|    n_updates            | 230        |
|    policy_gradient_loss | -0.0778    |
|    std                  | 0.762      |
|    value_loss           | 0.00966    |
----------------------------------------
Eval num_timesteps=50000, episode_reward=6.65 +/- 0.29
Episode length: 1.00 +/- 0.00
----------------------------------------
| eval/                   |            |
|    mean_ep_length       | 1          |
|    mean_reward          | 6.65       |
| time/                   |            |
|    total_timesteps      | 50000      |
| train/                  |            |
|    approx_kl            | 0.20592275 |
|    clip_fraction        | 0.678      |
|    clip_range           | 0.2        |
|    entropy_loss         | -5.44      |
|    explained_variance   | 0.951      |
|    learning_rate        | 0.0003     |
|    loss                 | 0.000271   |
|    n_updates            | 240        |
|    policy_gradient_loss | -0.0779    |
|    std                  | 0.751      |
|    value_loss           | 0.00964    |
----------------------------------------
---------------------------------
| rollout/           |          |
|    ep_len_mean     | 1        |
|    ep_rew_mean     | 6.89     |
| time/              |          |
|    fps             | 23       |
|    iterations      | 25       |
|    time_elapsed    | 2166     |
|    total_timesteps | 51200    |
---------------------------------
----------------------------------------
| rollout/                |            |
|    ep_len_mean          | 1          |
|    ep_rew_mean          | 6.85       |
| time/                   |            |
|    fps                  | 23         |
|    iterations           | 26         |
|    time_elapsed         | 2253       |
|    total_timesteps      | 53248      |
| train/                  |            |
|    approx_kl            | 0.18876576 |
|    clip_fraction        | 0.682      |
|    clip_range           | 0.2        |
|    entropy_loss         | -5.39      |
|    explained_variance   | 0.954      |
|    learning_rate        | 0.0003     |
|    loss                 | -0.0686    |
|    n_updates            | 250        |
|    policy_gradient_loss | -0.0704    |
|    std                  | 0.75       |
|    value_loss           | 0.00919    |
----------------------------------------
----------------------------------------
| rollout/                |            |
|    ep_len_mean          | 1          |
|    ep_rew_mean          | 6.96       |
| time/                   |            |
|    fps                  | 23         |
|    iterations           | 27         |
|    time_elapsed         | 2340       |
|    total_timesteps      | 55296      |
| train/                  |            |
|    approx_kl            | 0.20182303 |
|    clip_fraction        | 0.684      |
|    clip_range           | 0.2        |
|    entropy_loss         | -5.34      |
|    explained_variance   | 0.954      |
|    learning_rate        | 0.0003     |
|    loss                 | -0.0468    |
|    n_updates            | 260        |
|    policy_gradient_loss | -0.0687    |
|    std                  | 0.74       |
|    value_loss           | 0.00938    |
----------------------------------------
----------------------------------------
| rollout/                |            |
|    ep_len_mean          | 1          |
|    ep_rew_mean          | 7.05       |
| time/                   |            |
|    fps                  | 23         |
|    iterations           | 28         |
|    time_elapsed         | 2427       |
|    total_timesteps      | 57344      |
| train/                  |            |
|    approx_kl            | 0.20952563 |
|    clip_fraction        | 0.675      |
|    clip_range           | 0.2        |
|    entropy_loss         | -5.27      |
|    explained_variance   | 0.952      |
|    learning_rate        | 0.0003     |
|    loss                 | -0.0714    |
|    n_updates            | 270        |
|    policy_gradient_loss | -0.0757    |
|    std                  | 0.732      |
|    value_loss           | 0.00924    |
----------------------------------------
----------------------------------------
| rollout/                |            |
|    ep_len_mean          | 1          |
|    ep_rew_mean          | 7.09       |
| time/                   |            |
|    fps                  | 23         |
|    iterations           | 29         |
|    time_elapsed         | 2515       |
|    total_timesteps      | 59392      |
| train/                  |            |
|    approx_kl            | 0.24143162 |
|    clip_fraction        | 0.696      |
|    clip_range           | 0.2        |
|    entropy_loss         | -5.2       |
|    explained_variance   | 0.951      |
|    learning_rate        | 0.0003     |
|    loss                 | -0.0778    |
|    n_updates            | 280        |
|    policy_gradient_loss | -0.0764    |
|    std                  | 0.722      |
|    value_loss           | 0.00946    |
----------------------------------------
Eval num_timesteps=60000, episode_reward=7.32 +/- 0.38
Episode length: 1.00 +/- 0.00
----------------------------------------
| eval/                   |            |
|    mean_ep_length       | 1          |
|    mean_reward          | 7.32       |
| time/                   |            |
|    total_timesteps      | 60000      |
| train/                  |            |
|    approx_kl            | 0.27110493 |
|    clip_fraction        | 0.717      |
|    clip_range           | 0.2        |
|    entropy_loss         | -5.12      |
|    explained_variance   | 0.951      |
|    learning_rate        | 0.0003     |
|    loss                 | -0.0426    |
|    n_updates            | 290        |
|    policy_gradient_loss | -0.0644    |
|    std                  | 0.712      |
|    value_loss           | 0.00873    |
----------------------------------------
---------------------------------
| rollout/           |          |
|    ep_len_mean     | 1        |
|    ep_rew_mean     | 7.07     |
| time/              |          |
|    fps             | 23       |
|    iterations      | 30       |
|    time_elapsed    | 2601     |
|    total_timesteps | 61440    |
---------------------------------
----------------------------------------
| rollout/                |            |
|    ep_len_mean          | 1          |
|    ep_rew_mean          | 7.07       |
| time/                   |            |
|    fps                  | 23         |
|    iterations           | 31         |
|    time_elapsed         | 2688       |
|    total_timesteps      | 63488      |
| train/                  |            |
|    approx_kl            | 0.25368333 |
|    clip_fraction        | 0.716      |
|    clip_range           | 0.2        |
|    entropy_loss         | -5.05      |
|    explained_variance   | 0.951      |
|    learning_rate        | 0.0003     |
|    loss                 | -0.0654    |
|    n_updates            | 300        |
|    policy_gradient_loss | -0.0681    |
|    std                  | 0.704      |
|    value_loss           | 0.0087     |
----------------------------------------
----------------------------------------
| rollout/                |            |
|    ep_len_mean          | 1          |
|    ep_rew_mean          | 7.16       |
| time/                   |            |
|    fps                  | 23         |
|    iterations           | 32         |
|    time_elapsed         | 2775       |
|    total_timesteps      | 65536      |
| train/                  |            |
|    approx_kl            | 0.34596696 |
|    clip_fraction        | 0.724      |
|    clip_range           | 0.2        |
|    entropy_loss         | -4.96      |
|    explained_variance   | 0.953      |
|    learning_rate        | 0.0003     |
|    loss                 | -0.0914    |
|    n_updates            | 310        |
|    policy_gradient_loss | -0.0609    |
|    std                  | 0.69       |
|    value_loss           | 0.00891    |
----------------------------------------
---------------------------------------
| rollout/                |           |
|    ep_len_mean          | 1         |
|    ep_rew_mean          | 7.22      |
| time/                   |           |
|    fps                  | 23        |
|    iterations           | 33        |
|    time_elapsed         | 2862      |
|    total_timesteps      | 67584     |
| train/                  |           |
|    approx_kl            | 0.4572657 |
|    clip_fraction        | 0.733     |
|    clip_range           | 0.2       |
|    entropy_loss         | -4.87     |
|    explained_variance   | 0.953     |
|    learning_rate        | 0.0003    |
|    loss                 | -0.0919   |
|    n_updates            | 320       |
|    policy_gradient_loss | -0.0484   |
|    std                  | 0.679     |
|    value_loss           | 0.00816   |
---------------------------------------
----------------------------------------
| rollout/                |            |
|    ep_len_mean          | 1          |
|    ep_rew_mean          | 7.21       |
| time/                   |            |
|    fps                  | 23         |
|    iterations           | 34         |
|    time_elapsed         | 2949       |
|    total_timesteps      | 69632      |
| train/                  |            |
|    approx_kl            | 0.35731298 |
|    clip_fraction        | 0.742      |
|    clip_range           | 0.2        |
|    entropy_loss         | -4.8       |
|    explained_variance   | 0.951      |
|    learning_rate        | 0.0003     |
|    loss                 | -0.0646    |
|    n_updates            | 330        |
|    policy_gradient_loss | -0.0456    |
|    std                  | 0.674      |
|    value_loss           | 0.00844    |
----------------------------------------
Eval num_timesteps=70000, episode_reward=7.57 +/- 0.16
Episode length: 1.00 +/- 0.00
----------------------------------------
| eval/                   |            |
|    mean_ep_length       | 1          |
|    mean_reward          | 7.57       |
| time/                   |            |
|    total_timesteps      | 70000      |
| train/                  |            |
|    approx_kl            | 0.46114784 |
|    clip_fraction        | 0.727      |
|    clip_range           | 0.2        |
|    entropy_loss         | -4.75      |
|    explained_variance   | 0.948      |
|    learning_rate        | 0.0003     |
|    loss                 | 0.0226     |
|    n_updates            | 340        |
|    policy_gradient_loss | -0.0305    |
|    std                  | 0.668      |
|    value_loss           | 0.00838    |
----------------------------------------
---------------------------------
| rollout/           |          |
|    ep_len_mean     | 1        |
|    ep_rew_mean     | 7.27     |
| time/              |          |
|    fps             | 23       |
|    iterations      | 35       |
|    time_elapsed    | 3036     |
|    total_timesteps | 71680    |
---------------------------------
----------------------------------------
| rollout/                |            |
|    ep_len_mean          | 1          |
|    ep_rew_mean          | 7.25       |
| time/                   |            |
|    fps                  | 23         |
|    iterations           | 36         |
|    time_elapsed         | 3122       |
|    total_timesteps      | 73728      |
| train/                  |            |
|    approx_kl            | 0.26380834 |
|    clip_fraction        | 0.736      |
|    clip_range           | 0.2        |
|    entropy_loss         | -4.68      |
|    explained_variance   | 0.951      |
|    learning_rate        | 0.0003     |
|    loss                 | -0.0375    |
|    n_updates            | 350        |
|    policy_gradient_loss | -0.0336    |
|    std                  | 0.655      |
|    value_loss           | 0.00835    |
----------------------------------------
----------------------------------------
| rollout/                |            |
|    ep_len_mean          | 1          |
|    ep_rew_mean          | 7.29       |
| time/                   |            |
|    fps                  | 23         |
|    iterations           | 37         |
|    time_elapsed         | 3209       |
|    total_timesteps      | 75776      |
| train/                  |            |
|    approx_kl            | 0.19563514 |
|    clip_fraction        | 0.703      |
|    clip_range           | 0.2        |
|    entropy_loss         | -4.58      |
|    explained_variance   | 0.952      |
|    learning_rate        | 0.0003     |
|    loss                 | -0.0761    |
|    n_updates            | 360        |
|    policy_gradient_loss | -0.0405    |
|    std                  | 0.643      |
|    value_loss           | 0.00803    |
----------------------------------------
----------------------------------------
| rollout/                |            |
|    ep_len_mean          | 1          |
|    ep_rew_mean          | 7.35       |
| time/                   |            |
|    fps                  | 23         |
|    iterations           | 38         |
|    time_elapsed         | 3295       |
|    total_timesteps      | 77824      |
| train/                  |            |
|    approx_kl            | 0.40329248 |
|    clip_fraction        | 0.751      |
|    clip_range           | 0.2        |
|    entropy_loss         | -4.49      |
|    explained_variance   | 0.956      |
|    learning_rate        | 0.0003     |
|    loss                 | -0.0577    |
|    n_updates            | 370        |
|    policy_gradient_loss | -0.00713   |
|    std                  | 0.633      |
|    value_loss           | 0.00766    |
----------------------------------------
----------------------------------------
| rollout/                |            |
|    ep_len_mean          | 1          |
|    ep_rew_mean          | 7.4        |
| time/                   |            |
|    fps                  | 23         |
|    iterations           | 39         |
|    time_elapsed         | 3381       |
|    total_timesteps      | 79872      |
| train/                  |            |
|    approx_kl            | 0.39599657 |
|    clip_fraction        | 0.749      |
|    clip_range           | 0.2        |
|    entropy_loss         | -4.4       |
|    explained_variance   | 0.952      |
|    learning_rate        | 0.0003     |
|    loss                 | -0.0348    |
|    n_updates            | 380        |
|    policy_gradient_loss | -0.0014    |
|    std                  | 0.622      |
|    value_loss           | 0.0079     |
----------------------------------------
Eval num_timesteps=80000, episode_reward=7.64 +/- 0.25
Episode length: 1.00 +/- 0.00
----------------------------------------
| eval/                   |            |
|    mean_ep_length       | 1          |
|    mean_reward          | 7.64       |
| time/                   |            |
|    total_timesteps      | 80000      |
| train/                  |            |
|    approx_kl            | 0.34636897 |
|    clip_fraction        | 0.73       |
|    clip_range           | 0.2        |
|    entropy_loss         | -4.32      |
|    explained_variance   | 0.956      |
|    learning_rate        | 0.0003     |
|    loss                 | -0.0432    |
|    n_updates            | 390        |
|    policy_gradient_loss | -0.0113    |
|    std                  | 0.614      |
|    value_loss           | 0.00734    |
----------------------------------------
---------------------------------
| rollout/           |          |
|    ep_len_mean     | 1        |
|    ep_rew_mean     | 7.38     |
| time/              |          |
|    fps             | 23       |
|    iterations      | 40       |
|    time_elapsed    | 3468     |
|    total_timesteps | 81920    |
---------------------------------
----------------------------------------
| rollout/                |            |
|    ep_len_mean          | 1          |
|    ep_rew_mean          | 7.34       |
| time/                   |            |
|    fps                  | 23         |
|    iterations           | 41         |
|    time_elapsed         | 3555       |
|    total_timesteps      | 83968      |
| train/                  |            |
|    approx_kl            | 0.30338788 |
|    clip_fraction        | 0.746      |
|    clip_range           | 0.2        |
|    entropy_loss         | -4.27      |
|    explained_variance   | 0.948      |
|    learning_rate        | 0.0003     |
|    loss                 | -0.0181    |
|    n_updates            | 400        |
|    policy_gradient_loss | -0.00195   |
|    std                  | 0.609      |
|    value_loss           | 0.00764    |
----------------------------------------
---------------------------------------
| rollout/                |           |
|    ep_len_mean          | 1         |
|    ep_rew_mean          | 7.45      |
| time/                   |           |
|    fps                  | 23        |
|    iterations           | 42        |
|    time_elapsed         | 3642      |
|    total_timesteps      | 86016     |
| train/                  |           |
|    approx_kl            | 0.4825889 |
|    clip_fraction        | 0.765     |
|    clip_range           | 0.2       |
|    entropy_loss         | -4.21     |
|    explained_variance   | 0.946     |
|    learning_rate        | 0.0003    |
|    loss                 | 0.0182    |
|    n_updates            | 410       |
|    policy_gradient_loss | 0.00851   |
|    std                  | 0.6       |
|    value_loss           | 0.00834   |
---------------------------------------
----------------------------------------
| rollout/                |            |
|    ep_len_mean          | 1          |
|    ep_rew_mean          | 7.46       |
| time/                   |            |
|    fps                  | 23         |
|    iterations           | 43         |
|    time_elapsed         | 3729       |
|    total_timesteps      | 88064      |
| train/                  |            |
|    approx_kl            | 0.55734307 |
|    clip_fraction        | 0.777      |
|    clip_range           | 0.2        |
|    entropy_loss         | -4.15      |
|    explained_variance   | 0.947      |
|    learning_rate        | 0.0003     |
|    loss                 | -0.0464    |
|    n_updates            | 420        |
|    policy_gradient_loss | 0.0165     |
|    std                  | 0.592      |
|    value_loss           | 0.00804    |
----------------------------------------
Eval num_timesteps=90000, episode_reward=7.89 +/- 0.04
Episode length: 1.00 +/- 0.00
----------------------------------------
| eval/                   |            |
|    mean_ep_length       | 1          |
|    mean_reward          | 7.89       |
| time/                   |            |
|    total_timesteps      | 90000      |
| train/                  |            |
|    approx_kl            | 0.45913213 |
|    clip_fraction        | 0.748      |
|    clip_range           | 0.2        |
|    entropy_loss         | -4.08      |
|    explained_variance   | 0.942      |
|    learning_rate        | 0.0003     |
|    loss                 | 0.069      |
|    n_updates            | 430        |
|    policy_gradient_loss | 0.0168     |
|    std                  | 0.584      |
|    value_loss           | 0.00831    |
----------------------------------------
---------------------------------
| rollout/           |          |
|    ep_len_mean     | 1        |
|    ep_rew_mean     | 7.49     |
| time/              |          |
|    fps             | 23       |
|    iterations      | 44       |
|    time_elapsed    | 3816     |
|    total_timesteps | 90112    |
---------------------------------
----------------------------------------
| rollout/                |            |
|    ep_len_mean          | 1          |
|    ep_rew_mean          | 7.54       |
| time/                   |            |
|    fps                  | 23         |
|    iterations           | 45         |
|    time_elapsed         | 3903       |
|    total_timesteps      | 92160      |
| train/                  |            |
|    approx_kl            | 0.27285406 |
|    clip_fraction        | 0.753      |
|    clip_range           | 0.2        |
|    entropy_loss         | -4.02      |
|    explained_variance   | 0.946      |
|    learning_rate        | 0.0003     |
|    loss                 | -0.00388   |
|    n_updates            | 440        |
|    policy_gradient_loss | 0.0374     |
|    std                  | 0.58       |
|    value_loss           | 0.00846    |
----------------------------------------
---------------------------------------
| rollout/                |           |
|    ep_len_mean          | 1         |
|    ep_rew_mean          | 7.52      |
| time/                   |           |
|    fps                  | 23        |
|    iterations           | 46        |
|    time_elapsed         | 3990      |
|    total_timesteps      | 94208     |
| train/                  |           |
|    approx_kl            | 0.5758723 |
|    clip_fraction        | 0.788     |
|    clip_range           | 0.2       |
|    entropy_loss         | -3.99     |
|    explained_variance   | 0.945     |
|    learning_rate        | 0.0003    |
|    loss                 | 0.015     |
|    n_updates            | 450       |
|    policy_gradient_loss | 0.0561    |
|    std                  | 0.577     |
|    value_loss           | 0.00821   |
---------------------------------------
---------------------------------------
| rollout/                |           |
|    ep_len_mean          | 1         |
|    ep_rew_mean          | 7.53      |
| time/                   |           |
|    fps                  | 23        |
|    iterations           | 47        |
|    time_elapsed         | 4077      |
|    total_timesteps      | 96256     |
| train/                  |           |
|    approx_kl            | 0.5216336 |
|    clip_fraction        | 0.776     |
|    clip_range           | 0.2       |
|    entropy_loss         | -3.96     |
|    explained_variance   | 0.941     |
|    learning_rate        | 0.0003    |
|    loss                 | -0.0272   |
|    n_updates            | 460       |
|    policy_gradient_loss | 0.0442    |
|    std                  | 0.574     |
|    value_loss           | 0.00864   |
---------------------------------------
---------------------------------------
| rollout/                |           |
|    ep_len_mean          | 1         |
|    ep_rew_mean          | 7.56      |
| time/                   |           |
|    fps                  | 23        |
|    iterations           | 48        |
|    time_elapsed         | 4165      |
|    total_timesteps      | 98304     |
| train/                  |           |
|    approx_kl            | 0.6315149 |
|    clip_fraction        | 0.767     |
|    clip_range           | 0.2       |
|    entropy_loss         | -3.93     |
|    explained_variance   | 0.942     |
|    learning_rate        | 0.0003    |
|    loss                 | 0.0715    |
|    n_updates            | 470       |
|    policy_gradient_loss | 0.0677    |
|    std                  | 0.568     |
|    value_loss           | 0.00876   |
---------------------------------------
Eval num_timesteps=100000, episode_reward=7.68 +/- 0.29
Episode length: 1.00 +/- 0.00
---------------------------------------
| eval/                   |           |
|    mean_ep_length       | 1         |
|    mean_reward          | 7.68      |
| time/                   |           |
|    total_timesteps      | 100000    |
| train/                  |           |
|    approx_kl            | 0.9237828 |
|    clip_fraction        | 0.794     |
|    clip_range           | 0.2       |
|    entropy_loss         | -3.91     |
|    explained_variance   | 0.937     |
|    learning_rate        | 0.0003    |
|    loss                 | 0.0357    |
|    n_updates            | 480       |
|    policy_gradient_loss | 0.0798    |
|    std                  | 0.566     |
|    value_loss           | 0.00981   |
---------------------------------------
---------------------------------
| rollout/           |          |
|    ep_len_mean     | 1        |
|    ep_rew_mean     | 7.61     |
| time/              |          |
|    fps             | 23       |
|    iterations      | 49       |
|    time_elapsed    | 4251     |
|    total_timesteps | 100352   |
---------------------------------
----------------------------------------
| rollout/                |            |
|    ep_len_mean          | 1          |
|    ep_rew_mean          | 7.6        |
| time/                   |            |
|    fps                  | 23         |
|    iterations           | 50         |
|    time_elapsed         | 4338       |
|    total_timesteps      | 102400     |
| train/                  |            |
|    approx_kl            | 0.43400252 |
|    clip_fraction        | 0.763      |
|    clip_range           | 0.2        |
|    entropy_loss         | -3.88      |
|    explained_variance   | 0.94       |
|    learning_rate        | 0.0003     |
|    loss                 | -0.00421   |
|    n_updates            | 490        |
|    policy_gradient_loss | 0.0651     |
|    std                  | 0.563      |
|    value_loss           | 0.00845    |
----------------------------------------
----------------------------------------
| rollout/                |            |
|    ep_len_mean          | 1          |
|    ep_rew_mean          | 7.57       |
| time/                   |            |
|    fps                  | 23         |
|    iterations           | 51         |
|    time_elapsed         | 4425       |
|    total_timesteps      | 104448     |
| train/                  |            |
|    approx_kl            | 0.47857928 |
|    clip_fraction        | 0.754      |
|    clip_range           | 0.2        |
|    entropy_loss         | -3.86      |
|    explained_variance   | 0.94       |
|    learning_rate        | 0.0003     |
|    loss                 | -3.81e-05  |
|    n_updates            | 500        |
|    policy_gradient_loss | 0.073      |
|    std                  | 0.563      |
|    value_loss           | 0.00881    |
----------------------------------------
----------------------------------------
| rollout/                |            |
|    ep_len_mean          | 1          |
|    ep_rew_mean          | 7.58       |
| time/                   |            |
|    fps                  | 23         |
|    iterations           | 52         |
|    time_elapsed         | 4512       |
|    total_timesteps      | 106496     |
| train/                  |            |
|    approx_kl            | 0.79509294 |
|    clip_fraction        | 0.773      |
|    clip_range           | 0.2        |
|    entropy_loss         | -3.85      |
|    explained_variance   | 0.945      |
|    learning_rate        | 0.0003     |
|    loss                 | -0.0117    |
|    n_updates            | 510        |
|    policy_gradient_loss | 0.0506     |
|    std                  | 0.559      |
|    value_loss           | 0.0089     |
----------------------------------------
----------------------------------------
| rollout/                |            |
|    ep_len_mean          | 1          |
|    ep_rew_mean          | 7.66       |
| time/                   |            |
|    fps                  | 23         |
|    iterations           | 53         |
|    time_elapsed         | 4599       |
|    total_timesteps      | 108544     |
| train/                  |            |
|    approx_kl            | 0.46071368 |
|    clip_fraction        | 0.778      |
|    clip_range           | 0.2        |
|    entropy_loss         | -3.82      |
|    explained_variance   | 0.94       |
|    learning_rate        | 0.0003     |
|    loss                 | 0.00922    |
|    n_updates            | 520        |
|    policy_gradient_loss | 0.104      |
|    std                  | 0.554      |
|    value_loss           | 0.00917    |
----------------------------------------
Eval num_timesteps=110000, episode_reward=7.80 +/- 0.12
Episode length: 1.00 +/- 0.00
---------------------------------------
| eval/                   |           |
|    mean_ep_length       | 1         |
|    mean_reward          | 7.8       |
| time/                   |           |
|    total_timesteps      | 110000    |
| train/                  |           |
|    approx_kl            | 1.0575842 |
|    clip_fraction        | 0.807     |
|    clip_range           | 0.2       |
|    entropy_loss         | -3.81     |
|    explained_variance   | 0.941     |
|    learning_rate        | 0.0003    |
|    loss                 | 0.105     |
|    n_updates            | 530       |
|    policy_gradient_loss | 0.122     |
|    std                  | 0.555     |
|    value_loss           | 0.00885   |
---------------------------------------
---------------------------------
| rollout/           |          |
|    ep_len_mean     | 1        |
|    ep_rew_mean     | 7.64     |
| time/              |          |
|    fps             | 23       |
|    iterations      | 54       |
|    time_elapsed    | 4686     |
|    total_timesteps | 110592   |
---------------------------------
----------------------------------------
| rollout/                |            |
|    ep_len_mean          | 1          |
|    ep_rew_mean          | 7.5        |
| time/                   |            |
|    fps                  | 23         |
|    iterations           | 55         |
|    time_elapsed         | 4772       |
|    total_timesteps      | 112640     |
| train/                  |            |
|    approx_kl            | 0.38813204 |
|    clip_fraction        | 0.739      |
|    clip_range           | 0.2        |
|    entropy_loss         | -3.77      |
|    explained_variance   | 0.943      |
|    learning_rate        | 0.0003     |
|    loss                 | 0.0252     |
|    n_updates            | 540        |
|    policy_gradient_loss | 0.0682     |
|    std                  | 0.547      |
|    value_loss           | 0.00872    |
----------------------------------------
---------------------------------------
| rollout/                |           |
|    ep_len_mean          | 1         |
|    ep_rew_mean          | 7.67      |
| time/                   |           |
|    fps                  | 23        |
|    iterations           | 56        |
|    time_elapsed         | 4858      |
|    total_timesteps      | 114688    |
| train/                  |           |
|    approx_kl            | 0.9842262 |
|    clip_fraction        | 0.759     |
|    clip_range           | 0.2       |
|    entropy_loss         | -3.67     |
|    explained_variance   | 0.941     |
|    learning_rate        | 0.0003    |
|    loss                 | 0.0528    |
|    n_updates            | 550       |
|    policy_gradient_loss | 0.0684    |
|    std                  | 0.533     |
|    value_loss           | 0.00847   |
---------------------------------------
---------------------------------------
| rollout/                |           |
|    ep_len_mean          | 1         |
|    ep_rew_mean          | 7.44      |
| time/                   |           |
|    fps                  | 23        |
|    iterations           | 57        |
|    time_elapsed         | 4945      |
|    total_timesteps      | 116736    |
| train/                  |           |
|    approx_kl            | 11.962526 |
|    clip_fraction        | 0.931     |
|    clip_range           | 0.2       |
|    entropy_loss         | -3.64     |
|    explained_variance   | 0.935     |
|    learning_rate        | 0.0003    |
|    loss                 | 0.276     |
|    n_updates            | 560       |
|    policy_gradient_loss | 0.332     |
|    std                  | 0.539     |
|    value_loss           | 0.0117    |
---------------------------------------
--------------------------------------
| rollout/                |          |
|    ep_len_mean          | 1        |
|    ep_rew_mean          | 7.57     |
| time/                   |          |
|    fps                  | 23       |
|    iterations           | 58       |
|    time_elapsed         | 5032     |
|    total_timesteps      | 118784   |
| train/                  |          |
|    approx_kl            | 0.895627 |
|    clip_fraction        | 0.798    |
|    clip_range           | 0.2      |
|    entropy_loss         | -3.68    |
|    explained_variance   | 0.702    |
|    learning_rate        | 0.0003   |
|    loss                 | 0.111    |
|    n_updates            | 570      |
|    policy_gradient_loss | 0.0786   |
|    std                  | 0.536    |
|    value_loss           | 0.0222   |
--------------------------------------
Eval num_timesteps=120000, episode_reward=7.67 +/- 0.14
Episode length: 1.00 +/- 0.00
--------------------------------------
| eval/                   |          |
|    mean_ep_length       | 1        |
|    mean_reward          | 7.67     |
| time/                   |          |
|    total_timesteps      | 120000   |
| train/                  |          |
|    approx_kl            | 2.654849 |
|    clip_fraction        | 0.865    |
|    clip_range           | 0.2      |
|    entropy_loss         | -3.66    |
|    explained_variance   | 0.866    |
|    learning_rate        | 0.0003   |
|    loss                 | 0.0505   |
|    n_updates            | 580      |
|    policy_gradient_loss | 0.0912   |
|    std                  | 0.531    |
|    value_loss           | 0.0154   |
--------------------------------------
---------------------------------
| rollout/           |          |
|    ep_len_mean     | 1        |
|    ep_rew_mean     | 7.54     |
| time/              |          |
|    fps             | 23       |
|    iterations      | 59       |
|    time_elapsed    | 5119     |
|    total_timesteps | 120832   |
---------------------------------
---------------------------------------
| rollout/                |           |
|    ep_len_mean          | 1         |
|    ep_rew_mean          | 7.53      |
| time/                   |           |
|    fps                  | 23        |
|    iterations           | 60        |
|    time_elapsed         | 5206      |
|    total_timesteps      | 122880    |
| train/                  |           |
|    approx_kl            | 2.6164565 |
|    clip_fraction        | 0.874     |
|    clip_range           | 0.2       |
|    entropy_loss         | -3.67     |
|    explained_variance   | 0.892     |
|    learning_rate        | 0.0003    |
|    loss                 | 0.0625    |
|    n_updates            | 590       |
|    policy_gradient_loss | 0.155     |
|    std                  | 0.534     |
|    value_loss           | 0.014     |
---------------------------------------
--------------------------------------
| rollout/                |          |
|    ep_len_mean          | 1        |
|    ep_rew_mean          | 7.55     |
| time/                   |          |
|    fps                  | 23       |
|    iterations           | 61       |
|    time_elapsed         | 5292     |
|    total_timesteps      | 124928   |
| train/                  |          |
|    approx_kl            | 1.803977 |
|    clip_fraction        | 0.819    |
|    clip_range           | 0.2      |
|    entropy_loss         | -3.67    |
|    explained_variance   | 0.904    |
|    learning_rate        | 0.0003   |
|    loss                 | 0.00534  |
|    n_updates            | 600      |
|    policy_gradient_loss | 0.0582   |
|    std                  | 0.529    |
|    value_loss           | 0.0134   |
--------------------------------------
----------------------------------------
| rollout/                |            |
|    ep_len_mean          | 1          |
|    ep_rew_mean          | 7.61       |
| time/                   |            |
|    fps                  | 23         |
|    iterations           | 62         |
|    time_elapsed         | 5379       |
|    total_timesteps      | 126976     |
| train/                  |            |
|    approx_kl            | 0.78320026 |
|    clip_fraction        | 0.791      |
|    clip_range           | 0.2        |
|    entropy_loss         | -3.64      |
|    explained_variance   | 0.919      |
|    learning_rate        | 0.0003     |
|    loss                 | 0.15       |
|    n_updates            | 610        |
|    policy_gradient_loss | 0.0849     |
|    std                  | 0.527      |
|    value_loss           | 0.0115     |
----------------------------------------
--------------------------------------
| rollout/                |          |
|    ep_len_mean          | 1        |
|    ep_rew_mean          | 7.7      |
| time/                   |          |
|    fps                  | 23       |
|    iterations           | 63       |
|    time_elapsed         | 5465     |
|    total_timesteps      | 129024   |
| train/                  |          |
|    approx_kl            | 0.61638  |
|    clip_fraction        | 0.801    |
|    clip_range           | 0.2      |
|    entropy_loss         | -3.64    |
|    explained_variance   | 0.914    |
|    learning_rate        | 0.0003   |
|    loss                 | -0.00433 |
|    n_updates            | 620      |
|    policy_gradient_loss | 0.0612   |
|    std                  | 0.528    |
|    value_loss           | 0.0116   |
--------------------------------------
Eval num_timesteps=130000, episode_reward=7.86 +/- 0.13
Episode length: 1.00 +/- 0.00
---------------------------------------
| eval/                   |           |
|    mean_ep_length       | 1         |
|    mean_reward          | 7.86      |
| time/                   |           |
|    total_timesteps      | 130000    |
| train/                  |           |
|    approx_kl            | 2.4564137 |
|    clip_fraction        | 0.829     |
|    clip_range           | 0.2       |
|    entropy_loss         | -3.62     |
|    explained_variance   | 0.925     |
|    learning_rate        | 0.0003    |
|    loss                 | 0.0766    |
|    n_updates            | 630       |
|    policy_gradient_loss | 0.132     |
|    std                  | 0.525     |
|    value_loss           | 0.0101    |
---------------------------------------
---------------------------------
| rollout/           |          |
|    ep_len_mean     | 1        |
|    ep_rew_mean     | 7.65     |
| time/              |          |
|    fps             | 23       |
|    iterations      | 64       |
|    time_elapsed    | 5551     |
|    total_timesteps | 131072   |
---------------------------------
----------------------------------------
| rollout/                |            |
|    ep_len_mean          | 1          |
|    ep_rew_mean          | 7.64       |
| time/                   |            |
|    fps                  | 23         |
|    iterations           | 65         |
|    time_elapsed         | 5636       |
|    total_timesteps      | 133120     |
| train/                  |            |
|    approx_kl            | 0.49413794 |
|    clip_fraction        | 0.778      |
|    clip_range           | 0.2        |
|    entropy_loss         | -3.6       |
|    explained_variance   | 0.927      |
|    learning_rate        | 0.0003     |
|    loss                 | 0.0242     |
|    n_updates            | 640        |
|    policy_gradient_loss | 0.0754     |
|    std                  | 0.525      |
|    value_loss           | 0.0095     |
----------------------------------------
---------------------------------------
| rollout/                |           |
|    ep_len_mean          | 1         |
|    ep_rew_mean          | 7.6       |
| time/                   |           |
|    fps                  | 23        |
|    iterations           | 66        |
|    time_elapsed         | 5722      |
|    total_timesteps      | 135168    |
| train/                  |           |
|    approx_kl            | 1.2205267 |
|    clip_fraction        | 0.795     |
|    clip_range           | 0.2       |
|    entropy_loss         | -3.61     |
|    explained_variance   | 0.94      |
|    learning_rate        | 0.0003    |
|    loss                 | 0.102     |
|    n_updates            | 650       |
|    policy_gradient_loss | 0.115     |
|    std                  | 0.528     |
|    value_loss           | 0.00862   |
---------------------------------------
---------------------------------------
| rollout/                |           |
|    ep_len_mean          | 1         |
|    ep_rew_mean          | 7.66      |
| time/                   |           |
|    fps                  | 23        |
|    iterations           | 67        |
|    time_elapsed         | 5809      |
|    total_timesteps      | 137216    |
| train/                  |           |
|    approx_kl            | 0.9957818 |
|    clip_fraction        | 0.823     |
|    clip_range           | 0.2       |
|    entropy_loss         | -3.63     |
|    explained_variance   | 0.938     |
|    learning_rate        | 0.0003    |
|    loss                 | 0.161     |
|    n_updates            | 660       |
|    policy_gradient_loss | 0.13      |
|    std                  | 0.529     |
|    value_loss           | 0.00895   |
---------------------------------------
---------------------------------------
| rollout/                |           |
|    ep_len_mean          | 1         |
|    ep_rew_mean          | 7.65      |
| time/                   |           |
|    fps                  | 23        |
|    iterations           | 68        |
|    time_elapsed         | 5894      |
|    total_timesteps      | 139264    |
| train/                  |           |
|    approx_kl            | 1.0674334 |
|    clip_fraction        | 0.812     |
|    clip_range           | 0.2       |
|    entropy_loss         | -3.63     |
|    explained_variance   | 0.935     |
|    learning_rate        | 0.0003    |
|    loss                 | 0.0286    |
|    n_updates            | 670       |
|    policy_gradient_loss | 0.111     |
|    std                  | 0.531     |
|    value_loss           | 0.00873   |
---------------------------------------
Eval num_timesteps=140000, episode_reward=7.88 +/- 0.07
Episode length: 1.00 +/- 0.00
---------------------------------------
| eval/                   |           |
|    mean_ep_length       | 1         |
|    mean_reward          | 7.88      |
| time/                   |           |
|    total_timesteps      | 140000    |
| train/                  |           |
|    approx_kl            | 1.3922405 |
|    clip_fraction        | 0.802     |
|    clip_range           | 0.2       |
|    entropy_loss         | -3.65     |
|    explained_variance   | 0.941     |
|    learning_rate        | 0.0003    |
|    loss                 | -0.028    |
|    n_updates            | 680       |
|    policy_gradient_loss | 0.175     |
|    std                  | 0.53      |
|    value_loss           | 0.00843   |
---------------------------------------
---------------------------------
| rollout/           |          |
|    ep_len_mean     | 1        |
|    ep_rew_mean     | 7.68     |
| time/              |          |
|    fps             | 23       |
|    iterations      | 69       |
|    time_elapsed    | 5979     |
|    total_timesteps | 141312   |
---------------------------------
---------------------------------------
| rollout/                |           |
|    ep_len_mean          | 1         |
|    ep_rew_mean          | 7.66      |
| time/                   |           |
|    fps                  | 23        |
|    iterations           | 70        |
|    time_elapsed         | 6064      |
|    total_timesteps      | 143360    |
| train/                  |           |
|    approx_kl            | 0.8981841 |
|    clip_fraction        | 0.765     |
|    clip_range           | 0.2       |
|    entropy_loss         | -3.62     |
|    explained_variance   | 0.936     |
|    learning_rate        | 0.0003    |
|    loss                 | 0.208     |
|    n_updates            | 690       |
|    policy_gradient_loss | 0.117     |
|    std                  | 0.527     |
|    value_loss           | 0.00851   |
---------------------------------------
----------------------------------------
| rollout/                |            |
|    ep_len_mean          | 1          |
|    ep_rew_mean          | 7.68       |
| time/                   |            |
|    fps                  | 23         |
|    iterations           | 71         |
|    time_elapsed         | 6149       |
|    total_timesteps      | 145408     |
| train/                  |            |
|    approx_kl            | 0.77541995 |
|    clip_fraction        | 0.768      |
|    clip_range           | 0.2        |
|    entropy_loss         | -3.58      |
|    explained_variance   | 0.944      |
|    learning_rate        | 0.0003     |
|    loss                 | 0.0528     |
|    n_updates            | 700        |
|    policy_gradient_loss | 0.123      |
|    std                  | 0.523      |
|    value_loss           | 0.00815    |
----------------------------------------
---------------------------------------
| rollout/                |           |
|    ep_len_mean          | 1         |
|    ep_rew_mean          | 7.61      |
| time/                   |           |
|    fps                  | 23        |
|    iterations           | 72        |
|    time_elapsed         | 6235      |
|    total_timesteps      | 147456    |
| train/                  |           |
|    approx_kl            | 0.7987907 |
|    clip_fraction        | 0.774     |
|    clip_range           | 0.2       |
|    entropy_loss         | -3.55     |
|    explained_variance   | 0.943     |
|    learning_rate        | 0.0003    |
|    loss                 | 0.0166    |
|    n_updates            | 710       |
|    policy_gradient_loss | 0.0955    |
|    std                  | 0.522     |
|    value_loss           | 0.00817   |
---------------------------------------
---------------------------------------
| rollout/                |           |
|    ep_len_mean          | 1         |
|    ep_rew_mean          | 7.66      |
| time/                   |           |
|    fps                  | 23        |
|    iterations           | 73        |
|    time_elapsed         | 6321      |
|    total_timesteps      | 149504    |
| train/                  |           |
|    approx_kl            | 1.1234226 |
|    clip_fraction        | 0.779     |
|    clip_range           | 0.2       |
|    entropy_loss         | -3.54     |
|    explained_variance   | 0.948     |
|    learning_rate        | 0.0003    |
|    loss                 | 0.309     |
|    n_updates            | 720       |
|    policy_gradient_loss | 0.133     |
|    std                  | 0.521     |
|    value_loss           | 0.00808   |
---------------------------------------
Eval num_timesteps=150000, episode_reward=7.74 +/- 0.14
Episode length: 1.00 +/- 0.00
---------------------------------------
| eval/                   |           |
|    mean_ep_length       | 1         |
|    mean_reward          | 7.74      |
| time/                   |           |
|    total_timesteps      | 150000    |
| train/                  |           |
|    approx_kl            | 3.4918098 |
|    clip_fraction        | 0.874     |
|    clip_range           | 0.2       |
|    entropy_loss         | -3.55     |
|    explained_variance   | 0.943     |
|    learning_rate        | 0.0003    |
|    loss                 | 0.055     |
|    n_updates            | 730       |
|    policy_gradient_loss | 0.221     |
|    std                  | 0.522     |
|    value_loss           | 0.00852   |
---------------------------------------
---------------------------------
| rollout/           |          |
|    ep_len_mean     | 1        |
|    ep_rew_mean     | 7.69     |
| time/              |          |
|    fps             | 23       |
|    iterations      | 74       |
|    time_elapsed    | 6406     |
|    total_timesteps | 151552   |
---------------------------------
---------------------------------------
| rollout/                |           |
|    ep_len_mean          | 1         |
|    ep_rew_mean          | 7.67      |
| time/                   |           |
|    fps                  | 23        |
|    iterations           | 75        |
|    time_elapsed         | 6492      |
|    total_timesteps      | 153600    |
| train/                  |           |
|    approx_kl            | 1.7986869 |
|    clip_fraction        | 0.844     |
|    clip_range           | 0.2       |
|    entropy_loss         | -3.56     |
|    explained_variance   | 0.93      |
|    learning_rate        | 0.0003    |
|    loss                 | 0.0271    |
|    n_updates            | 740       |
|    policy_gradient_loss | 0.148     |
|    std                  | 0.522     |
|    value_loss           | 0.00948   |
---------------------------------------
----------------------------------------
| rollout/                |            |
|    ep_len_mean          | 1          |
|    ep_rew_mean          | 7.73       |
| time/                   |            |
|    fps                  | 23         |
|    iterations           | 76         |
|    time_elapsed         | 6577       |
|    total_timesteps      | 155648     |
| train/                  |            |
|    approx_kl            | 0.75844216 |
|    clip_fraction        | 0.783      |
|    clip_range           | 0.2        |
|    entropy_loss         | -3.53      |
|    explained_variance   | 0.935      |
|    learning_rate        | 0.0003     |
|    loss                 | 0.0596     |
|    n_updates            | 750        |
|    policy_gradient_loss | 0.149      |
|    std                  | 0.52       |
|    value_loss           | 0.00796    |
----------------------------------------
----------------------------------------
| rollout/                |            |
|    ep_len_mean          | 1          |
|    ep_rew_mean          | 7.65       |
| time/                   |            |
|    fps                  | 23         |
|    iterations           | 77         |
|    time_elapsed         | 6662       |
|    total_timesteps      | 157696     |
| train/                  |            |
|    approx_kl            | 0.87879133 |
|    clip_fraction        | 0.785      |
|    clip_range           | 0.2        |
|    entropy_loss         | -3.52      |
|    explained_variance   | 0.946      |
|    learning_rate        | 0.0003     |
|    loss                 | 0.263      |
|    n_updates            | 760        |
|    policy_gradient_loss | 0.105      |
|    std                  | 0.518      |
|    value_loss           | 0.00753    |
----------------------------------------
---------------------------------------
| rollout/                |           |
|    ep_len_mean          | 1         |
|    ep_rew_mean          | 7.67      |
| time/                   |           |
|    fps                  | 23        |
|    iterations           | 78        |
|    time_elapsed         | 6747      |
|    total_timesteps      | 159744    |
| train/                  |           |
|    approx_kl            | 1.8497732 |
|    clip_fraction        | 0.821     |
|    clip_range           | 0.2       |
|    entropy_loss         | -3.5      |
|    explained_variance   | 0.953     |
|    learning_rate        | 0.0003    |
|    loss                 | 0.0521    |
|    n_updates            | 770       |
|    policy_gradient_loss | 0.192     |
|    std                  | 0.518     |
|    value_loss           | 0.00739   |
---------------------------------------
Eval num_timesteps=160000, episode_reward=7.89 +/- 0.31
Episode length: 1.00 +/- 0.00
---------------------------------------
| eval/                   |           |
|    mean_ep_length       | 1         |
|    mean_reward          | 7.89      |
| time/                   |           |
|    total_timesteps      | 160000    |
| train/                  |           |
|    approx_kl            | 0.7143913 |
|    clip_fraction        | 0.783     |
|    clip_range           | 0.2       |
|    entropy_loss         | -3.46     |
|    explained_variance   | 0.94      |
|    learning_rate        | 0.0003    |
|    loss                 | 0.0074    |
|    n_updates            | 780       |
|    policy_gradient_loss | 0.109     |
|    std                  | 0.511     |
|    value_loss           | 0.00822   |
---------------------------------------
---------------------------------
| rollout/           |          |
|    ep_len_mean     | 1        |
|    ep_rew_mean     | 7.66     |
| time/              |          |
|    fps             | 23       |
|    iterations      | 79       |
|    time_elapsed    | 6833     |
|    total_timesteps | 161792   |
---------------------------------
---------------------------------------
| rollout/                |           |
|    ep_len_mean          | 1         |
|    ep_rew_mean          | 7.74      |
| time/                   |           |
|    fps                  | 23        |
|    iterations           | 80        |
|    time_elapsed         | 6918      |
|    total_timesteps      | 163840    |
| train/                  |           |
|    approx_kl            | 0.7883261 |
|    clip_fraction        | 0.767     |
|    clip_range           | 0.2       |
|    entropy_loss         | -3.41     |
|    explained_variance   | 0.945     |
|    learning_rate        | 0.0003    |
|    loss                 | 0.266     |
|    n_updates            | 790       |
|    policy_gradient_loss | 0.132     |
|    std                  | 0.509     |
|    value_loss           | 0.00764   |
---------------------------------------
---------------------------------------
| rollout/                |           |
|    ep_len_mean          | 1         |
|    ep_rew_mean          | 7.74      |
| time/                   |           |
|    fps                  | 23        |
|    iterations           | 81        |
|    time_elapsed         | 7003      |
|    total_timesteps      | 165888    |
| train/                  |           |
|    approx_kl            | 2.5895019 |
|    clip_fraction        | 0.823     |
|    clip_range           | 0.2       |
|    entropy_loss         | -3.41     |
|    explained_variance   | 0.949     |
|    learning_rate        | 0.0003    |
|    loss                 | 0.143     |
|    n_updates            | 800       |
|    policy_gradient_loss | 0.171     |
|    std                  | 0.509     |
|    value_loss           | 0.00726   |
---------------------------------------
---------------------------------------
| rollout/                |           |
|    ep_len_mean          | 1         |
|    ep_rew_mean          | 7.77      |
| time/                   |           |
|    fps                  | 23        |
|    iterations           | 82        |
|    time_elapsed         | 7089      |
|    total_timesteps      | 167936    |
| train/                  |           |
|    approx_kl            | 0.8622745 |
|    clip_fraction        | 0.813     |
|    clip_range           | 0.2       |
|    entropy_loss         | -3.41     |
|    explained_variance   | 0.947     |
|    learning_rate        | 0.0003    |
|    loss                 | 0.146     |
|    n_updates            | 810       |
|    policy_gradient_loss | 0.129     |
|    std                  | 0.512     |
|    value_loss           | 0.00796   |
---------------------------------------
---------------------------------------
| rollout/                |           |
|    ep_len_mean          | 1         |
|    ep_rew_mean          | 7.7       |
| time/                   |           |
|    fps                  | 23        |
|    iterations           | 83        |
|    time_elapsed         | 7174      |
|    total_timesteps      | 169984    |
| train/                  |           |
|    approx_kl            | 1.3451579 |
|    clip_fraction        | 0.838     |
|    clip_range           | 0.2       |
|    entropy_loss         | -3.42     |
|    explained_variance   | 0.943     |
|    learning_rate        | 0.0003    |
|    loss                 | 0.109     |
|    n_updates            | 820       |
|    policy_gradient_loss | 0.191     |
|    std                  | 0.511     |
|    value_loss           | 0.00736   |
---------------------------------------
Eval num_timesteps=170000, episode_reward=7.76 +/- 0.13
Episode length: 1.00 +/- 0.00
--------------------------------------
| eval/                   |          |
|    mean_ep_length       | 1        |
|    mean_reward          | 7.76     |
| time/                   |          |
|    total_timesteps      | 170000   |
| train/                  |          |
|    approx_kl            | 2.496251 |
|    clip_fraction        | 0.887    |
|    clip_range           | 0.2      |
|    entropy_loss         | -3.42    |
|    explained_variance   | 0.949    |
|    learning_rate        | 0.0003   |
|    loss                 | 0.0771   |
|    n_updates            | 830      |
|    policy_gradient_loss | 0.241    |
|    std                  | 0.511    |
|    value_loss           | 0.00925  |
--------------------------------------
---------------------------------
| rollout/           |          |
|    ep_len_mean     | 1        |
|    ep_rew_mean     | 7.72     |
| time/              |          |
|    fps             | 23       |
|    iterations      | 84       |
|    time_elapsed    | 7260     |
|    total_timesteps | 172032   |
---------------------------------
---------------------------------------
| rollout/                |           |
|    ep_len_mean          | 1         |
|    ep_rew_mean          | 7.7       |
| time/                   |           |
|    fps                  | 23        |
|    iterations           | 85        |
|    time_elapsed         | 7346      |
|    total_timesteps      | 174080    |
| train/                  |           |
|    approx_kl            | 2.0300648 |
|    clip_fraction        | 0.85      |
|    clip_range           | 0.2       |
|    entropy_loss         | -3.43     |
|    explained_variance   | 0.941     |
|    learning_rate        | 0.0003    |
|    loss                 | 0.0626    |
|    n_updates            | 840       |
|    policy_gradient_loss | 0.184     |
|    std                  | 0.51      |
|    value_loss           | 0.00765   |
---------------------------------------
----------------------------------------
| rollout/                |            |
|    ep_len_mean          | 1          |
|    ep_rew_mean          | 7.73       |
| time/                   |            |
|    fps                  | 23         |
|    iterations           | 86         |
|    time_elapsed         | 7432       |
|    total_timesteps      | 176128     |
| train/                  |            |
|    approx_kl            | 0.99459344 |
|    clip_fraction        | 0.804      |
|    clip_range           | 0.2        |
|    entropy_loss         | -3.42      |
|    explained_variance   | 0.953      |
|    learning_rate        | 0.0003     |
|    loss                 | 0.332      |
|    n_updates            | 850        |
|    policy_gradient_loss | 0.143      |
|    std                  | 0.509      |
|    value_loss           | 0.00725    |
----------------------------------------
---------------------------------------
| rollout/                |           |
|    ep_len_mean          | 1         |
|    ep_rew_mean          | 7.72      |
| time/                   |           |
|    fps                  | 23        |
|    iterations           | 87        |
|    time_elapsed         | 7517      |
|    total_timesteps      | 178176    |
| train/                  |           |
|    approx_kl            | 1.3363041 |
|    clip_fraction        | 0.77      |
|    clip_range           | 0.2       |
|    entropy_loss         | -3.39     |
|    explained_variance   | 0.946     |
|    learning_rate        | 0.0003    |
|    loss                 | 0.0522    |
|    n_updates            | 860       |
|    policy_gradient_loss | 0.09      |
|    std                  | 0.505     |
|    value_loss           | 0.00783   |
---------------------------------------
Eval num_timesteps=180000, episode_reward=7.54 +/- 0.42
Episode length: 1.00 +/- 0.00
--------------------------------------
| eval/                   |          |
|    mean_ep_length       | 1        |
|    mean_reward          | 7.54     |
| time/                   |          |
|    total_timesteps      | 180000   |
| train/                  |          |
|    approx_kl            | 7.218233 |
|    clip_fraction        | 0.893    |
|    clip_range           | 0.2      |
|    entropy_loss         | -3.39    |
|    explained_variance   | 0.948    |
|    learning_rate        | 0.0003   |
|    loss                 | 0.758    |
|    n_updates            | 870      |
|    policy_gradient_loss | 0.28     |
|    std                  | 0.511    |
|    value_loss           | 0.00778  |
--------------------------------------
---------------------------------
| rollout/           |          |
|    ep_len_mean     | 1        |
|    ep_rew_mean     | 7.61     |
| time/              |          |
|    fps             | 23       |
|    iterations      | 88       |
|    time_elapsed    | 7602     |
|    total_timesteps | 180224   |
---------------------------------
---------------------------------------
| rollout/                |           |
|    ep_len_mean          | 1         |
|    ep_rew_mean          | 7.7       |
| time/                   |           |
|    fps                  | 23        |
|    iterations           | 89        |
|    time_elapsed         | 7688      |
|    total_timesteps      | 182272    |
| train/                  |           |
|    approx_kl            | 3.2455306 |
|    clip_fraction        | 0.859     |
|    clip_range           | 0.2       |
|    entropy_loss         | -3.43     |
|    explained_variance   | 0.918     |
|    learning_rate        | 0.0003    |
|    loss                 | 0.121     |
|    n_updates            | 880       |
|    policy_gradient_loss | 0.117     |
|    std                  | 0.513     |
|    value_loss           | 0.0106    |
---------------------------------------
---------------------------------------
| rollout/                |           |
|    ep_len_mean          | 1         |
|    ep_rew_mean          | 7.69      |
| time/                   |           |
|    fps                  | 23        |
|    iterations           | 90        |
|    time_elapsed         | 7774      |
|    total_timesteps      | 184320    |
| train/                  |           |
|    approx_kl            | 2.7440615 |
|    clip_fraction        | 0.783     |
|    clip_range           | 0.2       |
|    entropy_loss         | -3.42     |
|    explained_variance   | 0.93      |
|    learning_rate        | 0.0003    |
|    loss                 | 0.06      |
|    n_updates            | 890       |
|    policy_gradient_loss | 0.0694    |
|    std                  | 0.509     |
|    value_loss           | 0.00885   |
---------------------------------------
---------------------------------------
| rollout/                |           |
|    ep_len_mean          | 1         |
|    ep_rew_mean          | 7.67      |
| time/                   |           |
|    fps                  | 23        |
|    iterations           | 91        |
|    time_elapsed         | 7859      |
|    total_timesteps      | 186368    |
| train/                  |           |
|    approx_kl            | 0.9885253 |
|    clip_fraction        | 0.782     |
|    clip_range           | 0.2       |
|    entropy_loss         | -3.39     |
|    explained_variance   | 0.93      |
|    learning_rate        | 0.0003    |
|    loss                 | 0.0129    |
|    n_updates            | 900       |
|    policy_gradient_loss | 0.0993    |
|    std                  | 0.506     |
|    value_loss           | 0.00774   |
---------------------------------------
---------------------------------------
| rollout/                |           |
|    ep_len_mean          | 1         |
|    ep_rew_mean          | 7.75      |
| time/                   |           |
|    fps                  | 23        |
|    iterations           | 92        |
|    time_elapsed         | 7945      |
|    total_timesteps      | 188416    |
| train/                  |           |
|    approx_kl            | 0.8153722 |
|    clip_fraction        | 0.774     |
|    clip_range           | 0.2       |
|    entropy_loss         | -3.39     |
|    explained_variance   | 0.948     |
|    learning_rate        | 0.0003    |
|    loss                 | 0.156     |
|    n_updates            | 910       |
|    policy_gradient_loss | 0.144     |
|    std                  | 0.51      |
|    value_loss           | 0.00769   |
---------------------------------------
Eval num_timesteps=190000, episode_reward=7.92 +/- 0.17
Episode length: 1.00 +/- 0.00
----------------------------------------
| eval/                   |            |
|    mean_ep_length       | 1          |
|    mean_reward          | 7.92       |
| time/                   |            |
|    total_timesteps      | 190000     |
| train/                  |            |
|    approx_kl            | 0.98972714 |
|    clip_fraction        | 0.829      |
|    clip_range           | 0.2        |
|    entropy_loss         | -3.41      |
|    explained_variance   | 0.953      |
|    learning_rate        | 0.0003     |
|    loss                 | 0.0736     |
|    n_updates            | 920        |
|    policy_gradient_loss | 0.155      |
|    std                  | 0.511      |
|    value_loss           | 0.0075     |
----------------------------------------
---------------------------------
| rollout/           |          |
|    ep_len_mean     | 1        |
|    ep_rew_mean     | 7.7      |
| time/              |          |
|    fps             | 23       |
|    iterations      | 93       |
|    time_elapsed    | 8031     |
|    total_timesteps | 190464   |
---------------------------------
----------------------------------------
| rollout/                |            |
|    ep_len_mean          | 1          |
|    ep_rew_mean          | 7.76       |
| time/                   |            |
|    fps                  | 23         |
|    iterations           | 94         |
|    time_elapsed         | 8116       |
|    total_timesteps      | 192512     |
| train/                  |            |
|    approx_kl            | 0.91408515 |
|    clip_fraction        | 0.767      |
|    clip_range           | 0.2        |
|    entropy_loss         | -3.41      |
|    explained_variance   | 0.95       |
|    learning_rate        | 0.0003     |
|    loss                 | 0.168      |
|    n_updates            | 930        |
|    policy_gradient_loss | 0.123      |
|    std                  | 0.509      |
|    value_loss           | 0.00735    |
----------------------------------------
---------------------------------------
| rollout/                |           |
|    ep_len_mean          | 1         |
|    ep_rew_mean          | 7.68      |
| time/                   |           |
|    fps                  | 23        |
|    iterations           | 95        |
|    time_elapsed         | 8201      |
|    total_timesteps      | 194560    |
| train/                  |           |
|    approx_kl            | 1.5790201 |
|    clip_fraction        | 0.833     |
|    clip_range           | 0.2       |
|    entropy_loss         | -3.41     |
|    explained_variance   | 0.95      |
|    learning_rate        | 0.0003    |
|    loss                 | 0.14      |
|    n_updates            | 940       |
|    policy_gradient_loss | 0.163     |
|    std                  | 0.511     |
|    value_loss           | 0.00707   |
---------------------------------------
---------------------------------------
| rollout/                |           |
|    ep_len_mean          | 1         |
|    ep_rew_mean          | 7.57      |
| time/                   |           |
|    fps                  | 23        |
|    iterations           | 96        |
|    time_elapsed         | 8286      |
|    total_timesteps      | 196608    |
| train/                  |           |
|    approx_kl            | 18.823568 |
|    clip_fraction        | 0.947     |
|    clip_range           | 0.2       |
|    entropy_loss         | -3.46     |
|    explained_variance   | 0.952     |
|    learning_rate        | 0.0003    |
|    loss                 | 0.225     |
|    n_updates            | 950       |
|    policy_gradient_loss | 0.349     |
|    std                  | 0.518     |
|    value_loss           | 0.00911   |
---------------------------------------
--------------------------------------
| rollout/                |          |
|    ep_len_mean          | 1        |
|    ep_rew_mean          | 7.69     |
| time/                   |          |
|    fps                  | 23       |
|    iterations           | 97       |
|    time_elapsed         | 8372     |
|    total_timesteps      | 198656   |
| train/                  |          |
|    approx_kl            | 2.81537  |
|    clip_fraction        | 0.762    |
|    clip_range           | 0.2      |
|    entropy_loss         | -3.48    |
|    explained_variance   | 0.802    |
|    learning_rate        | 0.0003   |
|    loss                 | 0.0619   |
|    n_updates            | 960      |
|    policy_gradient_loss | 0.00895  |
|    std                  | 0.514    |
|    value_loss           | 0.0167   |
--------------------------------------
Eval num_timesteps=200000, episode_reward=7.92 +/- 0.11
Episode length: 1.00 +/- 0.00
---------------------------------------
| eval/                   |           |
|    mean_ep_length       | 1         |
|    mean_reward          | 7.92      |
| time/                   |           |
|    total_timesteps      | 200000    |
| train/                  |           |
|    approx_kl            | 0.9546063 |
|    clip_fraction        | 0.782     |
|    clip_range           | 0.2       |
|    entropy_loss         | -3.47     |
|    explained_variance   | 0.88      |
|    learning_rate        | 0.0003    |
|    loss                 | 0.157     |
|    n_updates            | 970       |
|    policy_gradient_loss | 0.144     |
|    std                  | 0.518     |
|    value_loss           | 0.0108    |
---------------------------------------
---------------------------------
| rollout/           |          |
|    ep_len_mean     | 1        |
|    ep_rew_mean     | 7.6      |
| time/              |          |
|    fps             | 23       |
|    iterations      | 98       |
|    time_elapsed    | 8458     |
|    total_timesteps | 200704   |
---------------------------------
---------------------------------------
| rollout/                |           |
|    ep_len_mean          | 1         |
|    ep_rew_mean          | 7.72      |
| time/                   |           |
|    fps                  | 23        |
|    iterations           | 99        |
|    time_elapsed         | 8544      |
|    total_timesteps      | 202752    |
| train/                  |           |
|    approx_kl            | 1.1051055 |
|    clip_fraction        | 0.828     |
|    clip_range           | 0.2       |
|    entropy_loss         | -3.49     |
|    explained_variance   | 0.943     |
|    learning_rate        | 0.0003    |
|    loss                 | 0.135     |
|    n_updates            | 980       |
|    policy_gradient_loss | 0.165     |
|    std                  | 0.519     |
|    value_loss           | 0.00794   |
---------------------------------------
----------------------------------------
| rollout/                |            |
|    ep_len_mean          | 1          |
|    ep_rew_mean          | 7.73       |
| time/                   |            |
|    fps                  | 23         |
|    iterations           | 100        |
|    time_elapsed         | 8629       |
|    total_timesteps      | 204800     |
| train/                  |            |
|    approx_kl            | 0.96103466 |
|    clip_fraction        | 0.781      |
|    clip_range           | 0.2        |
|    entropy_loss         | -3.49      |
|    explained_variance   | 0.943      |
|    learning_rate        | 0.0003     |
|    loss                 | 0.129      |
|    n_updates            | 990        |
|    policy_gradient_loss | 0.0958     |
|    std                  | 0.517      |
|    value_loss           | 0.00819    |
----------------------------------------
---------------------------------------
| rollout/                |           |
|    ep_len_mean          | 1         |
|    ep_rew_mean          | 7.68      |
| time/                   |           |
|    fps                  | 23        |
|    iterations           | 101       |
|    time_elapsed         | 8714      |
|    total_timesteps      | 206848    |
| train/                  |           |
|    approx_kl            | 0.9114412 |
|    clip_fraction        | 0.804     |
|    clip_range           | 0.2       |
|    entropy_loss         | -3.48     |
|    explained_variance   | 0.947     |
|    learning_rate        | 0.0003    |
|    loss                 | 0.0365    |
|    n_updates            | 1000      |
|    policy_gradient_loss | 0.149     |
|    std                  | 0.516     |
|    value_loss           | 0.00716   |
---------------------------------------
---------------------------------------
| rollout/                |           |
|    ep_len_mean          | 1         |
|    ep_rew_mean          | 7.76      |
| time/                   |           |
|    fps                  | 23        |
|    iterations           | 102       |
|    time_elapsed         | 8800      |
|    total_timesteps      | 208896    |
| train/                  |           |
|    approx_kl            | 1.0149645 |
|    clip_fraction        | 0.782     |
|    clip_range           | 0.2       |
|    entropy_loss         | -3.46     |
|    explained_variance   | 0.959     |
|    learning_rate        | 0.0003    |
|    loss                 | 0.0738    |
|    n_updates            | 1010      |
|    policy_gradient_loss | 0.112     |
|    std                  | 0.514     |
|    value_loss           | 0.00692   |
---------------------------------------
Eval num_timesteps=210000, episode_reward=7.96 +/- 0.16
Episode length: 1.00 +/- 0.00
----------------------------------------
| eval/                   |            |
|    mean_ep_length       | 1          |
|    mean_reward          | 7.96       |
| time/                   |            |
|    total_timesteps      | 210000     |
| train/                  |            |
|    approx_kl            | 0.73894644 |
|    clip_fraction        | 0.816      |
|    clip_range           | 0.2        |
|    entropy_loss         | -3.45      |
|    explained_variance   | 0.949      |
|    learning_rate        | 0.0003     |
|    loss                 | 0.181      |
|    n_updates            | 1020       |
|    policy_gradient_loss | 0.151      |
|    std                  | 0.514      |
|    value_loss           | 0.00681    |
----------------------------------------
---------------------------------
| rollout/           |          |
|    ep_len_mean     | 1        |
|    ep_rew_mean     | 7.73     |
| time/              |          |
|    fps             | 23       |
|    iterations      | 103      |
|    time_elapsed    | 8885     |
|    total_timesteps | 210944   |
---------------------------------
---------------------------------------
| rollout/                |           |
|    ep_len_mean          | 1         |
|    ep_rew_mean          | 7.68      |
| time/                   |           |
|    fps                  | 23        |
|    iterations           | 104       |
|    time_elapsed         | 8971      |
|    total_timesteps      | 212992    |
| train/                  |           |
|    approx_kl            | 0.9635529 |
|    clip_fraction        | 0.816     |
|    clip_range           | 0.2       |
|    entropy_loss         | -3.42     |
|    explained_variance   | 0.954     |
|    learning_rate        | 0.0003    |
|    loss                 | 0.027     |
|    n_updates            | 1030      |
|    policy_gradient_loss | 0.145     |
|    std                  | 0.509     |
|    value_loss           | 0.00691   |
---------------------------------------
----------------------------------------
| rollout/                |            |
|    ep_len_mean          | 1          |
|    ep_rew_mean          | 7.71       |
| time/                   |            |
|    fps                  | 23         |
|    iterations           | 105        |
|    time_elapsed         | 9057       |
|    total_timesteps      | 215040     |
| train/                  |            |
|    approx_kl            | 0.71344614 |
|    clip_fraction        | 0.786      |
|    clip_range           | 0.2        |
|    entropy_loss         | -3.38      |
|    explained_variance   | 0.955      |
|    learning_rate        | 0.0003     |
|    loss                 | -0.00548   |
|    n_updates            | 1040       |
|    policy_gradient_loss | 0.116      |
|    std                  | 0.505      |
|    value_loss           | 0.00655    |
----------------------------------------
---------------------------------------
| rollout/                |           |
|    ep_len_mean          | 1         |
|    ep_rew_mean          | 7.72      |
| time/                   |           |
|    fps                  | 23        |
|    iterations           | 106       |
|    time_elapsed         | 9143      |
|    total_timesteps      | 217088    |
| train/                  |           |
|    approx_kl            | 1.0028913 |
|    clip_fraction        | 0.819     |
|    clip_range           | 0.2       |
|    entropy_loss         | -3.36     |
|    explained_variance   | 0.953     |
|    learning_rate        | 0.0003    |
|    loss                 | 0.105     |
|    n_updates            | 1050      |
|    policy_gradient_loss | 0.192     |
|    std                  | 0.505     |
|    value_loss           | 0.00645   |
---------------------------------------
----------------------------------------
| rollout/                |            |
|    ep_len_mean          | 1          |
|    ep_rew_mean          | 7.66       |
| time/                   |            |
|    fps                  | 23         |
|    iterations           | 107        |
|    time_elapsed         | 9228       |
|    total_timesteps      | 219136     |
| train/                  |            |
|    approx_kl            | 0.72228056 |
|    clip_fraction        | 0.793      |
|    clip_range           | 0.2        |
|    entropy_loss         | -3.35      |
|    explained_variance   | 0.954      |
|    learning_rate        | 0.0003     |
|    loss                 | 0.0831     |
|    n_updates            | 1060       |
|    policy_gradient_loss | 0.132      |
|    std                  | 0.503      |
|    value_loss           | 0.00622    |
----------------------------------------
Eval num_timesteps=220000, episode_reward=7.88 +/- 0.18
Episode length: 1.00 +/- 0.00
---------------------------------------
| eval/                   |           |
|    mean_ep_length       | 1         |
|    mean_reward          | 7.88      |
| time/                   |           |
|    total_timesteps      | 220000    |
| train/                  |           |
|    approx_kl            | 1.3415043 |
|    clip_fraction        | 0.808     |
|    clip_range           | 0.2       |
|    entropy_loss         | -3.34     |
|    explained_variance   | 0.955     |
|    learning_rate        | 0.0003    |
|    loss                 | 0.0161    |
|    n_updates            | 1070      |
|    policy_gradient_loss | 0.129     |
|    std                  | 0.504     |
|    value_loss           | 0.00659   |
---------------------------------------
---------------------------------
| rollout/           |          |
|    ep_len_mean     | 1        |
|    ep_rew_mean     | 7.71     |
| time/              |          |
|    fps             | 23       |
|    iterations      | 108      |
|    time_elapsed    | 9313     |
|    total_timesteps | 221184   |
---------------------------------
---------------------------------------
| rollout/                |           |
|    ep_len_mean          | 1         |
|    ep_rew_mean          | 7.74      |
| time/                   |           |
|    fps                  | 23        |
|    iterations           | 109       |
|    time_elapsed         | 9399      |
|    total_timesteps      | 223232    |
| train/                  |           |
|    approx_kl            | 1.4504594 |
|    clip_fraction        | 0.82      |
|    clip_range           | 0.2       |
|    entropy_loss         | -3.35     |
|    explained_variance   | 0.952     |
|    learning_rate        | 0.0003    |
|    loss                 | 0.2       |
|    n_updates            | 1080      |
|    policy_gradient_loss | 0.116     |
|    std                  | 0.508     |
|    value_loss           | 0.007     |
---------------------------------------
---------------------------------------
| rollout/                |           |
|    ep_len_mean          | 1         |
|    ep_rew_mean          | 7.69      |
| time/                   |           |
|    fps                  | 23        |
|    iterations           | 110       |
|    time_elapsed         | 9484      |
|    total_timesteps      | 225280    |
| train/                  |           |
|    approx_kl            | 1.5739639 |
|    clip_fraction        | 0.813     |
|    clip_range           | 0.2       |
|    entropy_loss         | -3.34     |
|    explained_variance   | 0.953     |
|    learning_rate        | 0.0003    |
|    loss                 | 0.185     |
|    n_updates            | 1090      |
|    policy_gradient_loss | 0.125     |
|    std                  | 0.504     |
|    value_loss           | 0.00656   |
---------------------------------------
---------------------------------------
| rollout/                |           |
|    ep_len_mean          | 1         |
|    ep_rew_mean          | 7.69      |
| time/                   |           |
|    fps                  | 23        |
|    iterations           | 111       |
|    time_elapsed         | 9570      |
|    total_timesteps      | 227328    |
| train/                  |           |
|    approx_kl            | 1.1628311 |
|    clip_fraction        | 0.789     |
|    clip_range           | 0.2       |
|    entropy_loss         | -3.31     |
|    explained_variance   | 0.945     |
|    learning_rate        | 0.0003    |
|    loss                 | 0.0433    |
|    n_updates            | 1100      |
|    policy_gradient_loss | 0.109     |
|    std                  | 0.503     |
|    value_loss           | 0.0073    |
---------------------------------------
---------------------------------------
| rollout/                |           |
|    ep_len_mean          | 1         |
|    ep_rew_mean          | 7.64      |
| time/                   |           |
|    fps                  | 23        |
|    iterations           | 112       |
|    time_elapsed         | 9655      |
|    total_timesteps      | 229376    |
| train/                  |           |
|    approx_kl            | 0.7321793 |
|    clip_fraction        | 0.775     |
|    clip_range           | 0.2       |
|    entropy_loss         | -3.29     |
|    explained_variance   | 0.947     |
|    learning_rate        | 0.0003    |
|    loss                 | 0.143     |
|    n_updates            | 1110      |
|    policy_gradient_loss | 0.0926    |
|    std                  | 0.501     |
|    value_loss           | 0.00701   |
---------------------------------------
Eval num_timesteps=230000, episode_reward=7.67 +/- 0.21
Episode length: 1.00 +/- 0.00
----------------------------------------
| eval/                   |            |
|    mean_ep_length       | 1          |
|    mean_reward          | 7.67       |
| time/                   |            |
|    total_timesteps      | 230000     |
| train/                  |            |
|    approx_kl            | 11.7348795 |
|    clip_fraction        | 0.921      |
|    clip_range           | 0.2        |
|    entropy_loss         | -3.31      |
|    explained_variance   | 0.953      |
|    learning_rate        | 0.0003     |
|    loss                 | 0.362      |
|    n_updates            | 1120       |
|    policy_gradient_loss | 0.29       |
|    std                  | 0.507      |
|    value_loss           | 0.00788    |
----------------------------------------
---------------------------------
| rollout/           |          |
|    ep_len_mean     | 1        |
|    ep_rew_mean     | 7.63     |
| time/              |          |
|    fps             | 23       |
|    iterations      | 113      |
|    time_elapsed    | 9742     |
|    total_timesteps | 231424   |
---------------------------------
---------------------------------------
| rollout/                |           |
|    ep_len_mean          | 1         |
|    ep_rew_mean          | 7.67      |
| time/                   |           |
|    fps                  | 23        |
|    iterations           | 114       |
|    time_elapsed         | 9827      |
|    total_timesteps      | 233472    |
| train/                  |           |
|    approx_kl            | 1.3685321 |
|    clip_fraction        | 0.831     |
|    clip_range           | 0.2       |
|    entropy_loss         | -3.36     |
|    explained_variance   | 0.912     |
|    learning_rate        | 0.0003    |
|    loss                 | 0.0719    |
|    n_updates            | 1130      |
|    policy_gradient_loss | 0.0852    |
|    std                  | 0.509     |
|    value_loss           | 0.0118    |
---------------------------------------
---------------------------------------
| rollout/                |           |
|    ep_len_mean          | 1         |
|    ep_rew_mean          | 7.74      |
| time/                   |           |
|    fps                  | 23        |
|    iterations           | 115       |
|    time_elapsed         | 9912      |
|    total_timesteps      | 235520    |
| train/                  |           |
|    approx_kl            | 2.4193807 |
|    clip_fraction        | 0.85      |
|    clip_range           | 0.2       |
|    entropy_loss         | -3.38     |
|    explained_variance   | 0.941     |
|    learning_rate        | 0.0003    |
|    loss                 | 0.0976    |
|    n_updates            | 1140      |
|    policy_gradient_loss | 0.142     |
|    std                  | 0.513     |
|    value_loss           | 0.0085    |
---------------------------------------
---------------------------------------
| rollout/                |           |
|    ep_len_mean          | 1         |
|    ep_rew_mean          | 7.77      |
| time/                   |           |
|    fps                  | 23        |
|    iterations           | 116       |
|    time_elapsed         | 9998      |
|    total_timesteps      | 237568    |
| train/                  |           |
|    approx_kl            | 1.9064541 |
|    clip_fraction        | 0.839     |
|    clip_range           | 0.2       |
|    entropy_loss         | -3.4      |
|    explained_variance   | 0.939     |
|    learning_rate        | 0.0003    |
|    loss                 | -0.0123   |
|    n_updates            | 1150      |
|    policy_gradient_loss | 0.104     |
|    std                  | 0.514     |
|    value_loss           | 0.00812   |
---------------------------------------
---------------------------------------
| rollout/                |           |
|    ep_len_mean          | 1         |
|    ep_rew_mean          | 7.71      |
| time/                   |           |
|    fps                  | 23        |
|    iterations           | 117       |
|    time_elapsed         | 10083     |
|    total_timesteps      | 239616    |
| train/                  |           |
|    approx_kl            | 2.5935507 |
|    clip_fraction        | 0.818     |
|    clip_range           | 0.2       |
|    entropy_loss         | -3.37     |
|    explained_variance   | 0.949     |
|    learning_rate        | 0.0003    |
|    loss                 | 0.0376    |
|    n_updates            | 1160      |
|    policy_gradient_loss | 0.0997    |
|    std                  | 0.509     |
|    value_loss           | 0.00694   |
---------------------------------------
Eval num_timesteps=240000, episode_reward=7.85 +/- 0.18
Episode length: 1.00 +/- 0.00
----------------------------------------
| eval/                   |            |
|    mean_ep_length       | 1          |
|    mean_reward          | 7.85       |
| time/                   |            |
|    total_timesteps      | 240000     |
| train/                  |            |
|    approx_kl            | 0.71520984 |
|    clip_fraction        | 0.778      |
|    clip_range           | 0.2        |
|    entropy_loss         | -3.32      |
|    explained_variance   | 0.959      |
|    learning_rate        | 0.0003     |
|    loss                 | 0.041      |
|    n_updates            | 1170       |
|    policy_gradient_loss | 0.101      |
|    std                  | 0.507      |
|    value_loss           | 0.00594    |
----------------------------------------
---------------------------------
| rollout/           |          |
|    ep_len_mean     | 1        |
|    ep_rew_mean     | 7.7      |
| time/              |          |
|    fps             | 23       |
|    iterations      | 118      |
|    time_elapsed    | 10169    |
|    total_timesteps | 241664   |
---------------------------------
---------------------------------------
| rollout/                |           |
|    ep_len_mean          | 1         |
|    ep_rew_mean          | 7.68      |
| time/                   |           |
|    fps                  | 23        |
|    iterations           | 119       |
|    time_elapsed         | 10255     |
|    total_timesteps      | 243712    |
| train/                  |           |
|    approx_kl            | 2.3443909 |
|    clip_fraction        | 0.787     |
|    clip_range           | 0.2       |
|    entropy_loss         | -3.28     |
|    explained_variance   | 0.957     |
|    learning_rate        | 0.0003    |
|    loss                 | 0.167     |
|    n_updates            | 1180      |
|    policy_gradient_loss | 0.129     |
|    std                  | 0.503     |
|    value_loss           | 0.00591   |
---------------------------------------
---------------------------------------
| rollout/                |           |
|    ep_len_mean          | 1         |
|    ep_rew_mean          | 7.7       |
| time/                   |           |
|    fps                  | 23        |
|    iterations           | 120       |
|    time_elapsed         | 10341     |
|    total_timesteps      | 245760    |
| train/                  |           |
|    approx_kl            | 1.4192758 |
|    clip_fraction        | 0.818     |
|    clip_range           | 0.2       |
|    entropy_loss         | -3.26     |
|    explained_variance   | 0.961     |
|    learning_rate        | 0.0003    |
|    loss                 | 0.112     |
|    n_updates            | 1190      |
|    policy_gradient_loss | 0.121     |
|    std                  | 0.503     |
|    value_loss           | 0.00552   |
---------------------------------------
---------------------------------------
| rollout/                |           |
|    ep_len_mean          | 1         |
|    ep_rew_mean          | 7.74      |
| time/                   |           |
|    fps                  | 23        |
|    iterations           | 121       |
|    time_elapsed         | 10427     |
|    total_timesteps      | 247808    |
| train/                  |           |
|    approx_kl            | 1.8909638 |
|    clip_fraction        | 0.843     |
|    clip_range           | 0.2       |
|    entropy_loss         | -3.25     |
|    explained_variance   | 0.96      |
|    learning_rate        | 0.0003    |
|    loss                 | 0.0324    |
|    n_updates            | 1200      |
|    policy_gradient_loss | 0.146     |
|    std                  | 0.503     |
|    value_loss           | 0.00541   |
---------------------------------------
---------------------------------------
| rollout/                |           |
|    ep_len_mean          | 1         |
|    ep_rew_mean          | 7.71      |
| time/                   |           |
|    fps                  | 23        |
|    iterations           | 122       |
|    time_elapsed         | 10512     |
|    total_timesteps      | 249856    |
| train/                  |           |
|    approx_kl            | 0.7791434 |
|    clip_fraction        | 0.784     |
|    clip_range           | 0.2       |
|    entropy_loss         | -3.24     |
|    explained_variance   | 0.96      |
|    learning_rate        | 0.0003    |
|    loss                 | -0.0133   |
|    n_updates            | 1210      |
|    policy_gradient_loss | 0.133     |
|    std                  | 0.499     |
|    value_loss           | 0.00532   |
---------------------------------------
Eval num_timesteps=250000, episode_reward=7.57 +/- 0.40
Episode length: 1.00 +/- 0.00
---------------------------------------
| eval/                   |           |
|    mean_ep_length       | 1         |
|    mean_reward          | 7.57      |
| time/                   |           |
|    total_timesteps      | 250000    |
| train/                  |           |
|    approx_kl            | 1.5819552 |
|    clip_fraction        | 0.82      |
|    clip_range           | 0.2       |
|    entropy_loss         | -3.22     |
|    explained_variance   | 0.963     |
|    learning_rate        | 0.0003    |
|    loss                 | 0.0341    |
|    n_updates            | 1220      |
|    policy_gradient_loss | 0.149     |
|    std                  | 0.497     |
|    value_loss           | 0.00498   |
---------------------------------------
---------------------------------
| rollout/           |          |
|    ep_len_mean     | 1        |
|    ep_rew_mean     | 7.72     |
| time/              |          |
|    fps             | 23       |
|    iterations      | 123      |
|    time_elapsed    | 10597    |
|    total_timesteps | 251904   |
---------------------------------
--------------------------------------
| rollout/                |          |
|    ep_len_mean          | 1        |
|    ep_rew_mean          | 7.73     |
| time/                   |          |
|    fps                  | 23       |
|    iterations           | 124      |
|    time_elapsed         | 10683    |
|    total_timesteps      | 253952   |
| train/                  |          |
|    approx_kl            | 5.559346 |
|    clip_fraction        | 0.895    |
|    clip_range           | 0.2      |
|    entropy_loss         | -3.21    |
|    explained_variance   | 0.963    |
|    learning_rate        | 0.0003   |
|    loss                 | 0.225    |
|    n_updates            | 1230     |
|    policy_gradient_loss | 0.284    |
|    std                  | 0.5      |
|    value_loss           | 0.00572  |
--------------------------------------
--------------------------------------
| rollout/                |          |
|    ep_len_mean          | 1        |
|    ep_rew_mean          | 7.7      |
| time/                   |          |
|    fps                  | 23       |
|    iterations           | 125      |
|    time_elapsed         | 10768    |
|    total_timesteps      | 256000   |
| train/                  |          |
|    approx_kl            | 4.677346 |
|    clip_fraction        | 0.825    |
|    clip_range           | 0.2      |
|    entropy_loss         | -3.23    |
|    explained_variance   | 0.918    |
|    learning_rate        | 0.0003   |
|    loss                 | 0.00605  |
|    n_updates            | 1240     |
|    policy_gradient_loss | 0.0942   |
|    std                  | 0.496    |
|    value_loss           | 0.00712  |
--------------------------------------
---------------------------------------
| rollout/                |           |
|    ep_len_mean          | 1         |
|    ep_rew_mean          | 7.73      |
| time/                   |           |
|    fps                  | 23        |
|    iterations           | 126       |
|    time_elapsed         | 10853     |
|    total_timesteps      | 258048    |
| train/                  |           |
|    approx_kl            | 1.2277985 |
|    clip_fraction        | 0.782     |
|    clip_range           | 0.2       |
|    entropy_loss         | -3.18     |
|    explained_variance   | 0.946     |
|    learning_rate        | 0.0003    |
|    loss                 | 0.0692    |
|    n_updates            | 1250      |
|    policy_gradient_loss | 0.115     |
|    std                  | 0.496     |
|    value_loss           | 0.00763   |
---------------------------------------
Eval num_timesteps=260000, episode_reward=7.86 +/- 0.29
Episode length: 1.00 +/- 0.00
---------------------------------------
| eval/                   |           |
|    mean_ep_length       | 1         |
|    mean_reward          | 7.86      |
| time/                   |           |
|    total_timesteps      | 260000    |
| train/                  |           |
|    approx_kl            | 1.0620868 |
|    clip_fraction        | 0.82      |
|    clip_range           | 0.2       |
|    entropy_loss         | -3.17     |
|    explained_variance   | 0.958     |
|    learning_rate        | 0.0003    |
|    loss                 | -0.03     |
|    n_updates            | 1260      |
|    policy_gradient_loss | 0.154     |
|    std                  | 0.498     |
|    value_loss           | 0.00622   |
---------------------------------------
---------------------------------
| rollout/           |          |
|    ep_len_mean     | 1        |
|    ep_rew_mean     | 7.7      |
| time/              |          |
|    fps             | 23       |
|    iterations      | 127      |
|    time_elapsed    | 10939    |
|    total_timesteps | 260096   |
---------------------------------
---------------------------------------
| rollout/                |           |
|    ep_len_mean          | 1         |
|    ep_rew_mean          | 7.71      |
| time/                   |           |
|    fps                  | 23        |
|    iterations           | 128       |
|    time_elapsed         | 11024     |
|    total_timesteps      | 262144    |
| train/                  |           |
|    approx_kl            | 1.0044948 |
|    clip_fraction        | 0.801     |
|    clip_range           | 0.2       |
|    entropy_loss         | -3.18     |
|    explained_variance   | 0.953     |
|    learning_rate        | 0.0003    |
|    loss                 | 0.126     |
|    n_updates            | 1270      |
|    policy_gradient_loss | 0.174     |
|    std                  | 0.499     |
|    value_loss           | 0.00554   |
---------------------------------------
--------------------------------------
| rollout/                |          |
|    ep_len_mean          | 1        |
|    ep_rew_mean          | 7.65     |
| time/                   |          |
|    fps                  | 23       |
|    iterations           | 129      |
|    time_elapsed         | 11109    |
|    total_timesteps      | 264192   |
| train/                  |          |
|    approx_kl            | 8.643482 |
|    clip_fraction        | 0.945    |
|    clip_range           | 0.2      |
|    entropy_loss         | -3.23    |
|    explained_variance   | 0.963    |
|    learning_rate        | 0.0003   |
|    loss                 | 0.385    |
|    n_updates            | 1280     |
|    policy_gradient_loss | 0.327    |
|    std                  | 0.505    |
|    value_loss           | 0.00731  |
--------------------------------------
---------------------------------------
| rollout/                |           |
|    ep_len_mean          | 1         |
|    ep_rew_mean          | 7.68      |
| time/                   |           |
|    fps                  | 23        |
|    iterations           | 130       |
|    time_elapsed         | 11195     |
|    total_timesteps      | 266240    |
| train/                  |           |
|    approx_kl            | 1.7187142 |
|    clip_fraction        | 0.819     |
|    clip_range           | 0.2       |
|    entropy_loss         | -3.25     |
|    explained_variance   | 0.88      |
|    learning_rate        | 0.0003    |
|    loss                 | -0.0132   |
|    n_updates            | 1290      |
|    policy_gradient_loss | 0.0574    |
|    std                  | 0.502     |
|    value_loss           | 0.0122    |
---------------------------------------
---------------------------------------
| rollout/                |           |
|    ep_len_mean          | 1         |
|    ep_rew_mean          | 7.69      |
| time/                   |           |
|    fps                  | 23        |
|    iterations           | 131       |
|    time_elapsed         | 11280     |
|    total_timesteps      | 268288    |
| train/                  |           |
|    approx_kl            | 1.3277885 |
|    clip_fraction        | 0.829     |
|    clip_range           | 0.2       |
|    entropy_loss         | -3.25     |
|    explained_variance   | 0.928     |
|    learning_rate        | 0.0003    |
|    loss                 | 0.0445    |
|    n_updates            | 1300      |
|    policy_gradient_loss | 0.108     |
|    std                  | 0.504     |
|    value_loss           | 0.00787   |
---------------------------------------
Eval num_timesteps=270000, episode_reward=8.00 +/- 0.06
Episode length: 1.00 +/- 0.00
---------------------------------------
| eval/                   |           |
|    mean_ep_length       | 1         |
|    mean_reward          | 8         |
| time/                   |           |
|    total_timesteps      | 270000    |
| train/                  |           |
|    approx_kl            | 0.8112725 |
|    clip_fraction        | 0.79      |
|    clip_range           | 0.2       |
|    entropy_loss         | -3.22     |
|    explained_variance   | 0.943     |
|    learning_rate        | 0.0003    |
|    loss                 | 0.0534    |
|    n_updates            | 1310      |
|    policy_gradient_loss | 0.075     |
|    std                  | 0.499     |
|    value_loss           | 0.00715   |
---------------------------------------
---------------------------------
| rollout/           |          |
|    ep_len_mean     | 1        |
|    ep_rew_mean     | 7.73     |
| time/              |          |
|    fps             | 23       |
|    iterations      | 132      |
|    time_elapsed    | 11366    |
|    total_timesteps | 270336   |
---------------------------------
---------------------------------------
| rollout/                |           |
|    ep_len_mean          | 1         |
|    ep_rew_mean          | 7.72      |
| time/                   |           |
|    fps                  | 23        |
|    iterations           | 133       |
|    time_elapsed         | 11451     |
|    total_timesteps      | 272384    |
| train/                  |           |
|    approx_kl            | 1.5881182 |
|    clip_fraction        | 0.818     |
|    clip_range           | 0.2       |
|    entropy_loss         | -3.18     |
|    explained_variance   | 0.954     |
|    learning_rate        | 0.0003    |
|    loss                 | 0.131     |
|    n_updates            | 1320      |
|    policy_gradient_loss | 0.0891    |
|    std                  | 0.498     |
|    value_loss           | 0.00605   |
---------------------------------------
--------------------------------------
| rollout/                |          |
|    ep_len_mean          | 1        |
|    ep_rew_mean          | 7.79     |
| time/                   |          |
|    fps                  | 23       |
|    iterations           | 134      |
|    time_elapsed         | 11536    |
|    total_timesteps      | 274432   |
| train/                  |          |
|    approx_kl            | 1.36384  |
|    clip_fraction        | 0.81     |
|    clip_range           | 0.2      |
|    entropy_loss         | -3.18    |
|    explained_variance   | 0.958    |
|    learning_rate        | 0.0003   |
|    loss                 | 0.0617   |
|    n_updates            | 1330     |
|    policy_gradient_loss | 0.128    |
|    std                  | 0.497    |
|    value_loss           | 0.0057   |
--------------------------------------
---------------------------------------
| rollout/                |           |
|    ep_len_mean          | 1         |
|    ep_rew_mean          | 7.69      |
| time/                   |           |
|    fps                  | 23        |
|    iterations           | 135       |
|    time_elapsed         | 11622     |
|    total_timesteps      | 276480    |
| train/                  |           |
|    approx_kl            | 1.3635712 |
|    clip_fraction        | 0.856     |
|    clip_range           | 0.2       |
|    entropy_loss         | -3.23     |
|    explained_variance   | 0.959     |
|    learning_rate        | 0.0003    |
|    loss                 | 0.248     |
|    n_updates            | 1340      |
|    policy_gradient_loss | 0.233     |
|    std                  | 0.505     |
|    value_loss           | 0.0056    |
---------------------------------------
---------------------------------------
| rollout/                |           |
|    ep_len_mean          | 1         |
|    ep_rew_mean          | 7.75      |
| time/                   |           |
|    fps                  | 23        |
|    iterations           | 136       |
|    time_elapsed         | 11708     |
|    total_timesteps      | 278528    |
| train/                  |           |
|    approx_kl            | 2.2105193 |
|    clip_fraction        | 0.81      |
|    clip_range           | 0.2       |
|    entropy_loss         | -3.25     |
|    explained_variance   | 0.959     |
|    learning_rate        | 0.0003    |
|    loss                 | 0.114     |
|    n_updates            | 1350      |
|    policy_gradient_loss | 0.087     |
|    std                  | 0.501     |
|    value_loss           | 0.00605   |
---------------------------------------
Eval num_timesteps=280000, episode_reward=7.81 +/- 0.35
Episode length: 1.00 +/- 0.00
--------------------------------------
| eval/                   |          |
|    mean_ep_length       | 1        |
|    mean_reward          | 7.81     |
| time/                   |          |
|    total_timesteps      | 280000   |
| train/                  |          |
|    approx_kl            | 2.861846 |
|    clip_fraction        | 0.81     |
|    clip_range           | 0.2      |
|    entropy_loss         | -3.22    |
|    explained_variance   | 0.943    |
|    learning_rate        | 0.0003   |
|    loss                 | -0.00606 |
|    n_updates            | 1360     |
|    policy_gradient_loss | 0.0771   |
|    std                  | 0.502    |
|    value_loss           | 0.00717  |
--------------------------------------
---------------------------------
| rollout/           |          |
|    ep_len_mean     | 1        |
|    ep_rew_mean     | 7.69     |
| time/              |          |
|    fps             | 23       |
|    iterations      | 137      |
|    time_elapsed    | 11794    |
|    total_timesteps | 280576   |
---------------------------------
----------------------------------------
| rollout/                |            |
|    ep_len_mean          | 1          |
|    ep_rew_mean          | 7.73       |
| time/                   |            |
|    fps                  | 23         |
|    iterations           | 138        |
|    time_elapsed         | 11880      |
|    total_timesteps      | 282624     |
| train/                  |            |
|    approx_kl            | 0.98861897 |
|    clip_fraction        | 0.803      |
|    clip_range           | 0.2        |
|    entropy_loss         | -3.21      |
|    explained_variance   | 0.957      |
|    learning_rate        | 0.0003     |
|    loss                 | 0.074      |
|    n_updates            | 1370       |
|    policy_gradient_loss | 0.11       |
|    std                  | 0.501      |
|    value_loss           | 0.00633    |
----------------------------------------
----------------------------------------
| rollout/                |            |
|    ep_len_mean          | 1          |
|    ep_rew_mean          | 7.64       |
| time/                   |            |
|    fps                  | 23         |
|    iterations           | 139        |
|    time_elapsed         | 11965      |
|    total_timesteps      | 284672     |
| train/                  |            |
|    approx_kl            | 0.70149493 |
|    clip_fraction        | 0.813      |
|    clip_range           | 0.2        |
|    entropy_loss         | -3.23      |
|    explained_variance   | 0.964      |
|    learning_rate        | 0.0003     |
|    loss                 | 0.13       |
|    n_updates            | 1380       |
|    policy_gradient_loss | 0.135      |
|    std                  | 0.502      |
|    value_loss           | 0.00554    |
----------------------------------------
--------------------------------------
| rollout/                |          |
|    ep_len_mean          | 1        |
|    ep_rew_mean          | 7.72     |
| time/                   |          |
|    fps                  | 23       |
|    iterations           | 140      |
|    time_elapsed         | 12051    |
|    total_timesteps      | 286720   |
| train/                  |          |
|    approx_kl            | 5.304371 |
|    clip_fraction        | 0.836    |
|    clip_range           | 0.2      |
|    entropy_loss         | -3.22    |
|    explained_variance   | 0.969    |
|    learning_rate        | 0.0003   |
|    loss                 | 0.259    |
|    n_updates            | 1390     |
|    policy_gradient_loss | 0.212    |
|    std                  | 0.501    |
|    value_loss           | 0.00558  |
--------------------------------------
--------------------------------------
| rollout/                |          |
|    ep_len_mean          | 1        |
|    ep_rew_mean          | 7.7      |
| time/                   |          |
|    fps                  | 23       |
|    iterations           | 141      |
|    time_elapsed         | 12136    |
|    total_timesteps      | 288768   |
| train/                  |          |
|    approx_kl            | 2.215982 |
|    clip_fraction        | 0.826    |
|    clip_range           | 0.2      |
|    entropy_loss         | -3.21    |
|    explained_variance   | 0.933    |
|    learning_rate        | 0.0003   |
|    loss                 | 0.0254   |
|    n_updates            | 1400     |
|    policy_gradient_loss | 0.0554   |
|    std                  | 0.497    |
|    value_loss           | 0.0076   |
--------------------------------------
Eval num_timesteps=290000, episode_reward=8.05 +/- 0.08
Episode length: 1.00 +/- 0.00
---------------------------------------
| eval/                   |           |
|    mean_ep_length       | 1         |
|    mean_reward          | 8.05      |
| time/                   |           |
|    total_timesteps      | 290000    |
| train/                  |           |
|    approx_kl            | 1.3897376 |
|    clip_fraction        | 0.83      |
|    clip_range           | 0.2       |
|    entropy_loss         | -3.18     |
|    explained_variance   | 0.948     |
|    learning_rate        | 0.0003    |
|    loss                 | -0.00241  |
|    n_updates            | 1410      |
|    policy_gradient_loss | 0.0771    |
|    std                  | 0.495     |
|    value_loss           | 0.00649   |
---------------------------------------
---------------------------------
| rollout/           |          |
|    ep_len_mean     | 1        |
|    ep_rew_mean     | 7.73     |
| time/              |          |
|    fps             | 23       |
|    iterations      | 142      |
|    time_elapsed    | 12222    |
|    total_timesteps | 290816   |
---------------------------------
---------------------------------------
| rollout/                |           |
|    ep_len_mean          | 1         |
|    ep_rew_mean          | 7.75      |
| time/                   |           |
|    fps                  | 23        |
|    iterations           | 143       |
|    time_elapsed         | 12307     |
|    total_timesteps      | 292864    |
| train/                  |           |
|    approx_kl            | 2.3479624 |
|    clip_fraction        | 0.9       |
|    clip_range           | 0.2       |
|    entropy_loss         | -3.18     |
|    explained_variance   | 0.962     |
|    learning_rate        | 0.0003    |
|    loss                 | 0.187     |
|    n_updates            | 1420      |
|    policy_gradient_loss | 0.228     |
|    std                  | 0.495     |
|    value_loss           | 0.00533   |
---------------------------------------
----------------------------------------
| rollout/                |            |
|    ep_len_mean          | 1          |
|    ep_rew_mean          | 7.75       |
| time/                   |            |
|    fps                  | 23         |
|    iterations           | 144        |
|    time_elapsed         | 12392      |
|    total_timesteps      | 294912     |
| train/                  |            |
|    approx_kl            | 0.88981277 |
|    clip_fraction        | 0.831      |
|    clip_range           | 0.2        |
|    entropy_loss         | -3.21      |
|    explained_variance   | 0.949      |
|    learning_rate        | 0.0003     |
|    loss                 | 0.0382     |
|    n_updates            | 1430       |
|    policy_gradient_loss | 0.126      |
|    std                  | 0.495      |
|    value_loss           | 0.00723    |
----------------------------------------
---------------------------------------
| rollout/                |           |
|    ep_len_mean          | 1         |
|    ep_rew_mean          | 7.73      |
| time/                   |           |
|    fps                  | 23        |
|    iterations           | 145       |
|    time_elapsed         | 12477     |
|    total_timesteps      | 296960    |
| train/                  |           |
|    approx_kl            | 1.8075426 |
|    clip_fraction        | 0.8       |
|    clip_range           | 0.2       |
|    entropy_loss         | -3.21     |
|    explained_variance   | 0.959     |
|    learning_rate        | 0.0003    |
|    loss                 | 0.00863   |
|    n_updates            | 1440      |
|    policy_gradient_loss | 0.0829    |
|    std                  | 0.497     |
|    value_loss           | 0.00555   |
---------------------------------------
----------------------------------------
| rollout/                |            |
|    ep_len_mean          | 1          |
|    ep_rew_mean          | 7.79       |
| time/                   |            |
|    fps                  | 23         |
|    iterations           | 146        |
|    time_elapsed         | 12562      |
|    total_timesteps      | 299008     |
| train/                  |            |
|    approx_kl            | 0.65362227 |
|    clip_fraction        | 0.766      |
|    clip_range           | 0.2        |
|    entropy_loss         | -3.2       |
|    explained_variance   | 0.962      |
|    learning_rate        | 0.0003     |
|    loss                 | 0.252      |
|    n_updates            | 1450       |
|    policy_gradient_loss | 0.105      |
|    std                  | 0.499      |
|    value_loss           | 0.00559    |
----------------------------------------
Eval num_timesteps=300000, episode_reward=7.86 +/- 0.25
Episode length: 1.00 +/- 0.00
----------------------------------------
| eval/                   |            |
|    mean_ep_length       | 1          |
|    mean_reward          | 7.86       |
| time/                   |            |
|    total_timesteps      | 300000     |
| train/                  |            |
|    approx_kl            | 0.78566223 |
|    clip_fraction        | 0.761      |
|    clip_range           | 0.2        |
|    entropy_loss         | -3.2       |
|    explained_variance   | 0.965      |
|    learning_rate        | 0.0003     |
|    loss                 | 0.0909     |
|    n_updates            | 1460       |
|    policy_gradient_loss | 0.112      |
|    std                  | 0.499      |
|    value_loss           | 0.00501    |
----------------------------------------
---------------------------------
| rollout/           |          |
|    ep_len_mean     | 1        |
|    ep_rew_mean     | 7.7      |
| time/              |          |
|    fps             | 23       |
|    iterations      | 147      |
|    time_elapsed    | 12648    |
|    total_timesteps | 301056   |
---------------------------------
---------------------------------------
| rollout/                |           |
|    ep_len_mean          | 1         |
|    ep_rew_mean          | 7.7       |
| time/                   |           |
|    fps                  | 23        |
|    iterations           | 148       |
|    time_elapsed         | 12733     |
|    total_timesteps      | 303104    |
| train/                  |           |
|    approx_kl            | 1.4037008 |
|    clip_fraction        | 0.784     |
|    clip_range           | 0.2       |
|    entropy_loss         | -3.18     |
|    explained_variance   | 0.969     |
|    learning_rate        | 0.0003    |
|    loss                 | 0.0567    |
|    n_updates            | 1470      |
|    policy_gradient_loss | 0.116     |
|    std                  | 0.499     |
|    value_loss           | 0.00502   |
---------------------------------------
--------------------------------------
| rollout/                |          |
|    ep_len_mean          | 1        |
|    ep_rew_mean          | 7.8      |
| time/                   |          |
|    fps                  | 23       |
|    iterations           | 149      |
|    time_elapsed         | 12819    |
|    total_timesteps      | 305152   |
| train/                  |          |
|    approx_kl            | 1.716253 |
|    clip_fraction        | 0.815    |
|    clip_range           | 0.2      |
|    entropy_loss         | -3.17    |
|    explained_variance   | 0.967    |
|    learning_rate        | 0.0003   |
|    loss                 | 0.156    |
|    n_updates            | 1480     |
|    policy_gradient_loss | 0.135    |
|    std                  | 0.498    |
|    value_loss           | 0.00483  |
--------------------------------------
--------------------------------------
| rollout/                |          |
|    ep_len_mean          | 1        |
|    ep_rew_mean          | 7.76     |
| time/                   |          |
|    fps                  | 23       |
|    iterations           | 150      |
|    time_elapsed         | 12904    |
|    total_timesteps      | 307200   |
| train/                  |          |
|    approx_kl            | 1.438723 |
|    clip_fraction        | 0.836    |
|    clip_range           | 0.2      |
|    entropy_loss         | -3.15    |
|    explained_variance   | 0.967    |
|    learning_rate        | 0.0003   |
|    loss                 | 0.067    |
|    n_updates            | 1490     |
|    policy_gradient_loss | 0.16     |
|    std                  | 0.495    |
|    value_loss           | 0.00487  |
--------------------------------------
---------------------------------------
| rollout/                |           |
|    ep_len_mean          | 1         |
|    ep_rew_mean          | 7.79      |
| time/                   |           |
|    fps                  | 23        |
|    iterations           | 151       |
|    time_elapsed         | 12989     |
|    total_timesteps      | 309248    |
| train/                  |           |
|    approx_kl            | 0.7212764 |
|    clip_fraction        | 0.783     |
|    clip_range           | 0.2       |
|    entropy_loss         | -3.13     |
|    explained_variance   | 0.967     |
|    learning_rate        | 0.0003    |
|    loss                 | 0.0536    |
|    n_updates            | 1500      |
|    policy_gradient_loss | 0.114     |
|    std                  | 0.494     |
|    value_loss           | 0.00479   |
---------------------------------------
Eval num_timesteps=310000, episode_reward=7.85 +/- 0.25
Episode length: 1.00 +/- 0.00
---------------------------------------
| eval/                   |           |
|    mean_ep_length       | 1         |
|    mean_reward          | 7.85      |
| time/                   |           |
|    total_timesteps      | 310000    |
| train/                  |           |
|    approx_kl            | 1.6444553 |
|    clip_fraction        | 0.83      |
|    clip_range           | 0.2       |
|    entropy_loss         | -3.11     |
|    explained_variance   | 0.964     |
|    learning_rate        | 0.0003    |
|    loss                 | 0.124     |
|    n_updates            | 1510      |
|    policy_gradient_loss | 0.16      |
|    std                  | 0.495     |
|    value_loss           | 0.00483   |
---------------------------------------
---------------------------------
| rollout/           |          |
|    ep_len_mean     | 1        |
|    ep_rew_mean     | 7.82     |
| time/              |          |
|    fps             | 23       |
|    iterations      | 152      |
|    time_elapsed    | 13075    |
|    total_timesteps | 311296   |
---------------------------------
---------------------------------------
| rollout/                |           |
|    ep_len_mean          | 1         |
|    ep_rew_mean          | 7.79      |
| time/                   |           |
|    fps                  | 23        |
|    iterations           | 153       |
|    time_elapsed         | 13160     |
|    total_timesteps      | 313344    |
| train/                  |           |
|    approx_kl            | 1.1491001 |
|    clip_fraction        | 0.822     |
|    clip_range           | 0.2       |
|    entropy_loss         | -3.11     |
|    explained_variance   | 0.964     |
|    learning_rate        | 0.0003    |
|    loss                 | 0.159     |
|    n_updates            | 1520      |
|    policy_gradient_loss | 0.137     |
|    std                  | 0.493     |
|    value_loss           | 0.00488   |
---------------------------------------
---------------------------------------
| rollout/                |           |
|    ep_len_mean          | 1         |
|    ep_rew_mean          | 7.74      |
| time/                   |           |
|    fps                  | 23        |
|    iterations           | 154       |
|    time_elapsed         | 13245     |
|    total_timesteps      | 315392    |
| train/                  |           |
|    approx_kl            | 1.3835194 |
|    clip_fraction        | 0.87      |
|    clip_range           | 0.2       |
|    entropy_loss         | -3.11     |
|    explained_variance   | 0.966     |
|    learning_rate        | 0.0003    |
|    loss                 | 0.0518    |
|    n_updates            | 1530      |
|    policy_gradient_loss | 0.316     |
|    std                  | 0.496     |
|    value_loss           | 0.0047    |
---------------------------------------
----------------------------------------
| rollout/                |            |
|    ep_len_mean          | 1          |
|    ep_rew_mean          | 7.73       |
| time/                   |            |
|    fps                  | 23         |
|    iterations           | 155        |
|    time_elapsed         | 13330      |
|    total_timesteps      | 317440     |
| train/                  |            |
|    approx_kl            | 0.75898755 |
|    clip_fraction        | 0.779      |
|    clip_range           | 0.2        |
|    entropy_loss         | -3.13      |
|    explained_variance   | 0.96       |
|    learning_rate        | 0.0003     |
|    loss                 | 0.0122     |
|    n_updates            | 1540       |
|    policy_gradient_loss | 0.0769     |
|    std                  | 0.496      |
|    value_loss           | 0.00525    |
----------------------------------------
--------------------------------------
| rollout/                |          |
|    ep_len_mean          | 1        |
|    ep_rew_mean          | 7.7      |
| time/                   |          |
|    fps                  | 23       |
|    iterations           | 156      |
|    time_elapsed         | 13415    |
|    total_timesteps      | 319488   |
| train/                  |          |
|    approx_kl            | 1.259783 |
|    clip_fraction        | 0.811    |
|    clip_range           | 0.2      |
|    entropy_loss         | -3.11    |
|    explained_variance   | 0.965    |
|    learning_rate        | 0.0003   |
|    loss                 | 0.0878   |
|    n_updates            | 1550     |
|    policy_gradient_loss | 0.0957   |
|    std                  | 0.493    |
|    value_loss           | 0.00535  |
--------------------------------------
Eval num_timesteps=320000, episode_reward=7.78 +/- 0.57
Episode length: 1.00 +/- 0.00
---------------------------------------
| eval/                   |           |
|    mean_ep_length       | 1         |
|    mean_reward          | 7.78      |
| time/                   |           |
|    total_timesteps      | 320000    |
| train/                  |           |
|    approx_kl            | 0.9039172 |
|    clip_fraction        | 0.778     |
|    clip_range           | 0.2       |
|    entropy_loss         | -3.08     |
|    explained_variance   | 0.967     |
|    learning_rate        | 0.0003    |
|    loss                 | 0.0965    |
|    n_updates            | 1560      |
|    policy_gradient_loss | 0.0941    |
|    std                  | 0.491     |
|    value_loss           | 0.0049    |
---------------------------------------
---------------------------------
| rollout/           |          |
|    ep_len_mean     | 1        |
|    ep_rew_mean     | 7.77     |
| time/              |          |
|    fps             | 23       |
|    iterations      | 157      |
|    time_elapsed    | 13501    |
|    total_timesteps | 321536   |
---------------------------------
---------------------------------------
| rollout/                |           |
|    ep_len_mean          | 1         |
|    ep_rew_mean          | 7.67      |
| time/                   |           |
|    fps                  | 23        |
|    iterations           | 158       |
|    time_elapsed         | 13586     |
|    total_timesteps      | 323584    |
| train/                  |           |
|    approx_kl            | 1.4806437 |
|    clip_fraction        | 0.807     |
|    clip_range           | 0.2       |
|    entropy_loss         | -3.04     |
|    explained_variance   | 0.97      |
|    learning_rate        | 0.0003    |
|    loss                 | 0.0411    |
|    n_updates            | 1570      |
|    policy_gradient_loss | 0.135     |
|    std                  | 0.487     |
|    value_loss           | 0.00435   |
---------------------------------------
---------------------------------------
| rollout/                |           |
|    ep_len_mean          | 1         |
|    ep_rew_mean          | 7.71      |
| time/                   |           |
|    fps                  | 23        |
|    iterations           | 159       |
|    time_elapsed         | 13671     |
|    total_timesteps      | 325632    |
| train/                  |           |
|    approx_kl            | 1.2869205 |
|    clip_fraction        | 0.809     |
|    clip_range           | 0.2       |
|    entropy_loss         | -3.02     |
|    explained_variance   | 0.968     |
|    learning_rate        | 0.0003    |
|    loss                 | 0.101     |
|    n_updates            | 1580      |
|    policy_gradient_loss | 0.11      |
|    std                  | 0.487     |
|    value_loss           | 0.00426   |
---------------------------------------
----------------------------------------
| rollout/                |            |
|    ep_len_mean          | 1          |
|    ep_rew_mean          | 7.79       |
| time/                   |            |
|    fps                  | 23         |
|    iterations           | 160        |
|    time_elapsed         | 13757      |
|    total_timesteps      | 327680     |
| train/                  |            |
|    approx_kl            | 0.93222266 |
|    clip_fraction        | 0.825      |
|    clip_range           | 0.2        |
|    entropy_loss         | -3.01      |
|    explained_variance   | 0.969      |
|    learning_rate        | 0.0003     |
|    loss                 | 0.0383     |
|    n_updates            | 1590       |
|    policy_gradient_loss | 0.142      |
|    std                  | 0.484      |
|    value_loss           | 0.00465    |
----------------------------------------
---------------------------------------
| rollout/                |           |
|    ep_len_mean          | 1         |
|    ep_rew_mean          | 7.73      |
| time/                   |           |
|    fps                  | 23        |
|    iterations           | 161       |
|    time_elapsed         | 13843     |
|    total_timesteps      | 329728    |
| train/                  |           |
|    approx_kl            | 0.9046123 |
|    clip_fraction        | 0.807     |
|    clip_range           | 0.2       |
|    entropy_loss         | -2.99     |
|    explained_variance   | 0.972     |
|    learning_rate        | 0.0003    |
|    loss                 | 0.117     |
|    n_updates            | 1600      |
|    policy_gradient_loss | 0.127     |
|    std                  | 0.485     |
|    value_loss           | 0.00424   |
---------------------------------------
Eval num_timesteps=330000, episode_reward=8.02 +/- 0.07
Episode length: 1.00 +/- 0.00
---------------------------------------
| eval/                   |           |
|    mean_ep_length       | 1         |
|    mean_reward          | 8.02      |
| time/                   |           |
|    total_timesteps      | 330000    |
| train/                  |           |
|    approx_kl            | 1.7703178 |
|    clip_fraction        | 0.806     |
|    clip_range           | 0.2       |
|    entropy_loss         | -3        |
|    explained_variance   | 0.971     |
|    learning_rate        | 0.0003    |
|    loss                 | 0.0585    |
|    n_updates            | 1610      |
|    policy_gradient_loss | 0.125     |
|    std                  | 0.486     |
|    value_loss           | 0.00418   |
---------------------------------------
---------------------------------
| rollout/           |          |
|    ep_len_mean     | 1        |
|    ep_rew_mean     | 7.69     |
| time/              |          |
|    fps             | 23       |
|    iterations      | 162      |
|    time_elapsed    | 13928    |
|    total_timesteps | 331776   |
---------------------------------
--------------------------------------
| rollout/                |          |
|    ep_len_mean          | 1        |
|    ep_rew_mean          | 7.77     |
| time/                   |          |
|    fps                  | 23       |
|    iterations           | 163      |
|    time_elapsed         | 14014    |
|    total_timesteps      | 333824   |
| train/                  |          |
|    approx_kl            | 3.271584 |
|    clip_fraction        | 0.888    |
|    clip_range           | 0.2      |
|    entropy_loss         | -3       |
|    explained_variance   | 0.971    |
|    learning_rate        | 0.0003   |
|    loss                 | 0.0764   |
|    n_updates            | 1620     |
|    policy_gradient_loss | 0.243    |
|    std                  | 0.482    |
|    value_loss           | 0.0046   |
--------------------------------------
---------------------------------------
| rollout/                |           |
|    ep_len_mean          | 1         |
|    ep_rew_mean          | 7.71      |
| time/                   |           |
|    fps                  | 23        |
|    iterations           | 164       |
|    time_elapsed         | 14099     |
|    total_timesteps      | 335872    |
| train/                  |           |
|    approx_kl            | 1.5664804 |
|    clip_fraction        | 0.824     |
|    clip_range           | 0.2       |
|    entropy_loss         | -3.02     |
|    explained_variance   | 0.967     |
|    learning_rate        | 0.0003    |
|    loss                 | 0.0306    |
|    n_updates            | 1630      |
|    policy_gradient_loss | 0.146     |
|    std                  | 0.483     |
|    value_loss           | 0.00424   |
---------------------------------------
---------------------------------------
| rollout/                |           |
|    ep_len_mean          | 1         |
|    ep_rew_mean          | 7.84      |
| time/                   |           |
|    fps                  | 23        |
|    iterations           | 165       |
|    time_elapsed         | 14185     |
|    total_timesteps      | 337920    |
| train/                  |           |
|    approx_kl            | 1.4247042 |
|    clip_fraction        | 0.814     |
|    clip_range           | 0.2       |
|    entropy_loss         | -2.99     |
|    explained_variance   | 0.968     |
|    learning_rate        | 0.0003    |
|    loss                 | 0.0834    |
|    n_updates            | 1640      |
|    policy_gradient_loss | 0.141     |
|    std                  | 0.481     |
|    value_loss           | 0.0045    |
---------------------------------------
--------------------------------------
| rollout/                |          |
|    ep_len_mean          | 1        |
|    ep_rew_mean          | 7.67     |
| time/                   |          |
|    fps                  | 23       |
|    iterations           | 166      |
|    time_elapsed         | 14270    |
|    total_timesteps      | 339968   |
| train/                  |          |
|    approx_kl            | 1.905155 |
|    clip_fraction        | 0.819    |
|    clip_range           | 0.2      |
|    entropy_loss         | -2.96    |
|    explained_variance   | 0.972    |
|    learning_rate        | 0.0003   |
|    loss                 | 0.117    |
|    n_updates            | 1650     |
|    policy_gradient_loss | 0.173    |
|    std                  | 0.476    |
|    value_loss           | 0.00422  |
--------------------------------------
Eval num_timesteps=340000, episode_reward=7.97 +/- 0.06
Episode length: 1.00 +/- 0.00
---------------------------------------
| eval/                   |           |
|    mean_ep_length       | 1         |
|    mean_reward          | 7.97      |
| time/                   |           |
|    total_timesteps      | 340000    |
| train/                  |           |
|    approx_kl            | 1.2570583 |
|    clip_fraction        | 0.822     |
|    clip_range           | 0.2       |
|    entropy_loss         | -2.96     |
|    explained_variance   | 0.969     |
|    learning_rate        | 0.0003    |
|    loss                 | 0.00978   |
|    n_updates            | 1660      |
|    policy_gradient_loss | 0.126     |
|    std                  | 0.48      |
|    value_loss           | 0.0042    |
---------------------------------------
---------------------------------
| rollout/           |          |
|    ep_len_mean     | 1        |
|    ep_rew_mean     | 7.71     |
| time/              |          |
|    fps             | 23       |
|    iterations      | 167      |
|    time_elapsed    | 14357    |
|    total_timesteps | 342016   |
---------------------------------
---------------------------------------
| rollout/                |           |
|    ep_len_mean          | 1         |
|    ep_rew_mean          | 7.72      |
| time/                   |           |
|    fps                  | 23        |
|    iterations           | 168       |
|    time_elapsed         | 14442     |
|    total_timesteps      | 344064    |
| train/                  |           |
|    approx_kl            | 6.9952664 |
|    clip_fraction        | 0.904     |
|    clip_range           | 0.2       |
|    entropy_loss         | -2.97     |
|    explained_variance   | 0.97      |
|    learning_rate        | 0.0003    |
|    loss                 | 0.231     |
|    n_updates            | 1670      |
|    policy_gradient_loss | 0.269     |
|    std                  | 0.481     |
|    value_loss           | 0.00602   |
---------------------------------------
---------------------------------------
| rollout/                |           |
|    ep_len_mean          | 1         |
|    ep_rew_mean          | 7.69      |
| time/                   |           |
|    fps                  | 23        |
|    iterations           | 169       |
|    time_elapsed         | 14529     |
|    total_timesteps      | 346112    |
| train/                  |           |
|    approx_kl            | 2.0603938 |
|    clip_fraction        | 0.823     |
|    clip_range           | 0.2       |
|    entropy_loss         | -3.01     |
|    explained_variance   | 0.927     |
|    learning_rate        | 0.0003    |
|    loss                 | 0.0391    |
|    n_updates            | 1680      |
|    policy_gradient_loss | 0.0608    |
|    std                  | 0.48      |
|    value_loss           | 0.00842   |
---------------------------------------
---------------------------------------
| rollout/                |           |
|    ep_len_mean          | 1         |
|    ep_rew_mean          | 7.75      |
| time/                   |           |
|    fps                  | 23        |
|    iterations           | 170       |
|    time_elapsed         | 14614     |
|    total_timesteps      | 348160    |
| train/                  |           |
|    approx_kl            | 0.8696048 |
|    clip_fraction        | 0.829     |
|    clip_range           | 0.2       |
|    entropy_loss         | -3        |
|    explained_variance   | 0.954     |
|    learning_rate        | 0.0003    |
|    loss                 | 0.059     |
|    n_updates            | 1690      |
|    policy_gradient_loss | 0.121     |
|    std                  | 0.48      |
|    value_loss           | 0.00671   |
---------------------------------------
Eval num_timesteps=350000, episode_reward=7.58 +/- 0.39
Episode length: 1.00 +/- 0.00
---------------------------------------
| eval/                   |           |
|    mean_ep_length       | 1         |
|    mean_reward          | 7.58      |
| time/                   |           |
|    total_timesteps      | 350000    |
| train/                  |           |
|    approx_kl            | 1.6378584 |
|    clip_fraction        | 0.806     |
|    clip_range           | 0.2       |
|    entropy_loss         | -2.98     |
|    explained_variance   | 0.96      |
|    learning_rate        | 0.0003    |
|    loss                 | 0.0396    |
|    n_updates            | 1700      |
|    policy_gradient_loss | 0.0914    |
|    std                  | 0.477     |
|    value_loss           | 0.00559   |
---------------------------------------
---------------------------------
| rollout/           |          |
|    ep_len_mean     | 1        |
|    ep_rew_mean     | 7.79     |
| time/              |          |
|    fps             | 23       |
|    iterations      | 171      |
|    time_elapsed    | 14701    |
|    total_timesteps | 350208   |
---------------------------------
----------------------------------------
| rollout/                |            |
|    ep_len_mean          | 1          |
|    ep_rew_mean          | 7.74       |
| time/                   |            |
|    fps                  | 23         |
|    iterations           | 172        |
|    time_elapsed         | 14786      |
|    total_timesteps      | 352256     |
| train/                  |            |
|    approx_kl            | 0.95748407 |
|    clip_fraction        | 0.817      |
|    clip_range           | 0.2        |
|    entropy_loss         | -2.96      |
|    explained_variance   | 0.962      |
|    learning_rate        | 0.0003     |
|    loss                 | 0.0943     |
|    n_updates            | 1710       |
|    policy_gradient_loss | 0.128      |
|    std                  | 0.478      |
|    value_loss           | 0.00461    |
----------------------------------------
--------------------------------------
| rollout/                |          |
|    ep_len_mean          | 1        |
|    ep_rew_mean          | 7.8      |
| time/                   |          |
|    fps                  | 23       |
|    iterations           | 173      |
|    time_elapsed         | 14872    |
|    total_timesteps      | 354304   |
| train/                  |          |
|    approx_kl            | 1.623454 |
|    clip_fraction        | 0.781    |
|    clip_range           | 0.2      |
|    entropy_loss         | -2.95    |
|    explained_variance   | 0.966    |
|    learning_rate        | 0.0003   |
|    loss                 | -0.0181  |
|    n_updates            | 1720     |
|    policy_gradient_loss | 0.0594   |
|    std                  | 0.475    |
|    value_loss           | 0.00438  |
--------------------------------------
---------------------------------------
| rollout/                |           |
|    ep_len_mean          | 1         |
|    ep_rew_mean          | 7.76      |
| time/                   |           |
|    fps                  | 23        |
|    iterations           | 174       |
|    time_elapsed         | 14957     |
|    total_timesteps      | 356352    |
| train/                  |           |
|    approx_kl            | 1.2985665 |
|    clip_fraction        | 0.79      |
|    clip_range           | 0.2       |
|    entropy_loss         | -2.92     |
|    explained_variance   | 0.97      |
|    learning_rate        | 0.0003    |
|    loss                 | 0.29      |
|    n_updates            | 1730      |
|    policy_gradient_loss | 0.14      |
|    std                  | 0.473     |
|    value_loss           | 0.00405   |
---------------------------------------
---------------------------------------
| rollout/                |           |
|    ep_len_mean          | 1         |
|    ep_rew_mean          | 7.72      |
| time/                   |           |
|    fps                  | 23        |
|    iterations           | 175       |
|    time_elapsed         | 15043     |
|    total_timesteps      | 358400    |
| train/                  |           |
|    approx_kl            | 1.2871432 |
|    clip_fraction        | 0.856     |
|    clip_range           | 0.2       |
|    entropy_loss         | -2.94     |
|    explained_variance   | 0.972     |
|    learning_rate        | 0.0003    |
|    loss                 | 0.193     |
|    n_updates            | 1740      |
|    policy_gradient_loss | 0.177     |
|    std                  | 0.476     |
|    value_loss           | 0.00394   |
---------------------------------------
Eval num_timesteps=360000, episode_reward=7.84 +/- 0.26
Episode length: 1.00 +/- 0.00
---------------------------------------
| eval/                   |           |
|    mean_ep_length       | 1         |
|    mean_reward          | 7.84      |
| time/                   |           |
|    total_timesteps      | 360000    |
| train/                  |           |
|    approx_kl            | 1.7131735 |
|    clip_fraction        | 0.82      |
|    clip_range           | 0.2       |
|    entropy_loss         | -2.94     |
|    explained_variance   | 0.964     |
|    learning_rate        | 0.0003    |
|    loss                 | 0.136     |
|    n_updates            | 1750      |
|    policy_gradient_loss | 0.107     |
|    std                  | 0.474     |
|    value_loss           | 0.00481   |
---------------------------------------
---------------------------------
| rollout/           |          |
|    ep_len_mean     | 1        |
|    ep_rew_mean     | 7.77     |
| time/              |          |
|    fps             | 23       |
|    iterations      | 176      |
|    time_elapsed    | 15129    |
|    total_timesteps | 360448   |
---------------------------------
----------------------------------------
| rollout/                |            |
|    ep_len_mean          | 1          |
|    ep_rew_mean          | 7.69       |
| time/                   |            |
|    fps                  | 23         |
|    iterations           | 177        |
|    time_elapsed         | 15214      |
|    total_timesteps      | 362496     |
| train/                  |            |
|    approx_kl            | 0.96224463 |
|    clip_fraction        | 0.811      |
|    clip_range           | 0.2        |
|    entropy_loss         | -2.91      |
|    explained_variance   | 0.968      |
|    learning_rate        | 0.0003     |
|    loss                 | 0.147      |
|    n_updates            | 1760       |
|    policy_gradient_loss | 0.706      |
|    std                  | 0.471      |
|    value_loss           | 0.0043     |
----------------------------------------
---------------------------------------
| rollout/                |           |
|    ep_len_mean          | 1         |
|    ep_rew_mean          | 7.78      |
| time/                   |           |
|    fps                  | 23        |
|    iterations           | 178       |
|    time_elapsed         | 15300     |
|    total_timesteps      | 364544    |
| train/                  |           |
|    approx_kl            | 1.3994021 |
|    clip_fraction        | 0.839     |
|    clip_range           | 0.2       |
|    entropy_loss         | -2.89     |
|    explained_variance   | 0.969     |
|    learning_rate        | 0.0003    |
|    loss                 | 0.103     |
|    n_updates            | 1770      |
|    policy_gradient_loss | 0.163     |
|    std                  | 0.471     |
|    value_loss           | 0.00393   |
---------------------------------------
---------------------------------------
| rollout/                |           |
|    ep_len_mean          | 1         |
|    ep_rew_mean          | 7.77      |
| time/                   |           |
|    fps                  | 23        |
|    iterations           | 179       |
|    time_elapsed         | 15386     |
|    total_timesteps      | 366592    |
| train/                  |           |
|    approx_kl            | 1.1561298 |
|    clip_fraction        | 0.835     |
|    clip_range           | 0.2       |
|    entropy_loss         | -2.91     |
|    explained_variance   | 0.971     |
|    learning_rate        | 0.0003    |
|    loss                 | 0.0661    |
|    n_updates            | 1780      |
|    policy_gradient_loss | 0.218     |
|    std                  | 0.472     |
|    value_loss           | 0.00404   |
---------------------------------------
---------------------------------------
| rollout/                |           |
|    ep_len_mean          | 1         |
|    ep_rew_mean          | 7.73      |
| time/                   |           |
|    fps                  | 23        |
|    iterations           | 180       |
|    time_elapsed         | 15471     |
|    total_timesteps      | 368640    |
| train/                  |           |
|    approx_kl            | 0.5238509 |
|    clip_fraction        | 0.772     |
|    clip_range           | 0.2       |
|    entropy_loss         | -2.9      |
|    explained_variance   | 0.97      |
|    learning_rate        | 0.0003    |
|    loss                 | -0.0205   |
|    n_updates            | 1790      |
|    policy_gradient_loss | 0.107     |
|    std                  | 0.468     |
|    value_loss           | 0.00386   |
---------------------------------------
Eval num_timesteps=370000, episode_reward=7.61 +/- 0.25
Episode length: 1.00 +/- 0.00
---------------------------------------
| eval/                   |           |
|    mean_ep_length       | 1         |
|    mean_reward          | 7.61      |
| time/                   |           |
|    total_timesteps      | 370000    |
| train/                  |           |
|    approx_kl            | 1.2914414 |
|    clip_fraction        | 0.811     |
|    clip_range           | 0.2       |
|    entropy_loss         | -2.88     |
|    explained_variance   | 0.972     |
|    learning_rate        | 0.0003    |
|    loss                 | 0.0368    |
|    n_updates            | 1800      |
|    policy_gradient_loss | 0.15      |
|    std                  | 0.467     |
|    value_loss           | 0.00381   |
---------------------------------------
---------------------------------
| rollout/           |          |
|    ep_len_mean     | 1        |
|    ep_rew_mean     | 7.73     |
| time/              |          |
|    fps             | 23       |
|    iterations      | 181      |
|    time_elapsed    | 15556    |
|    total_timesteps | 370688   |
---------------------------------
---------------------------------------
| rollout/                |           |
|    ep_len_mean          | 1         |
|    ep_rew_mean          | 7.81      |
| time/                   |           |
|    fps                  | 23        |
|    iterations           | 182       |
|    time_elapsed         | 15641     |
|    total_timesteps      | 372736    |
| train/                  |           |
|    approx_kl            | 1.8951018 |
|    clip_fraction        | 0.879     |
|    clip_range           | 0.2       |
|    entropy_loss         | -2.87     |
|    explained_variance   | 0.973     |
|    learning_rate        | 0.0003    |
|    loss                 | 0.293     |
|    n_updates            | 1810      |
|    policy_gradient_loss | 0.254     |
|    std                  | 0.468     |
|    value_loss           | 0.00399   |
---------------------------------------
---------------------------------------
| rollout/                |           |
|    ep_len_mean          | 1         |
|    ep_rew_mean          | 7.77      |
| time/                   |           |
|    fps                  | 23        |
|    iterations           | 183       |
|    time_elapsed         | 15726     |
|    total_timesteps      | 374784    |
| train/                  |           |
|    approx_kl            | 1.2457862 |
|    clip_fraction        | 0.817     |
|    clip_range           | 0.2       |
|    entropy_loss         | -2.89     |
|    explained_variance   | 0.968     |
|    learning_rate        | 0.0003    |
|    loss                 | 0.0128    |
|    n_updates            | 1820      |
|    policy_gradient_loss | 0.108     |
|    std                  | 0.469     |
|    value_loss           | 0.00461   |
---------------------------------------
---------------------------------------
| rollout/                |           |
|    ep_len_mean          | 1         |
|    ep_rew_mean          | 7.77      |
| time/                   |           |
|    fps                  | 23        |
|    iterations           | 184       |
|    time_elapsed         | 15811     |
|    total_timesteps      | 376832    |
| train/                  |           |
|    approx_kl            | 1.4906765 |
|    clip_fraction        | 0.819     |
|    clip_range           | 0.2       |
|    entropy_loss         | -2.89     |
|    explained_variance   | 0.973     |
|    learning_rate        | 0.0003    |
|    loss                 | 0.0794    |
|    n_updates            | 1830      |
|    policy_gradient_loss | 0.197     |
|    std                  | 0.468     |
|    value_loss           | 0.0043    |
---------------------------------------
---------------------------------------
| rollout/                |           |
|    ep_len_mean          | 1         |
|    ep_rew_mean          | 7.8       |
| time/                   |           |
|    fps                  | 23        |
|    iterations           | 185       |
|    time_elapsed         | 15897     |
|    total_timesteps      | 378880    |
| train/                  |           |
|    approx_kl            | 1.0873549 |
|    clip_fraction        | 0.806     |
|    clip_range           | 0.2       |
|    entropy_loss         | -2.86     |
|    explained_variance   | 0.97      |
|    learning_rate        | 0.0003    |
|    loss                 | 0.0746    |
|    n_updates            | 1840      |
|    policy_gradient_loss | 0.118     |
|    std                  | 0.465     |
|    value_loss           | 0.00399   |
---------------------------------------
Eval num_timesteps=380000, episode_reward=7.95 +/- 0.13
Episode length: 1.00 +/- 0.00
--------------------------------------
| eval/                   |          |
|    mean_ep_length       | 1        |
|    mean_reward          | 7.95     |
| time/                   |          |
|    total_timesteps      | 380000   |
| train/                  |          |
|    approx_kl            | 1.501961 |
|    clip_fraction        | 0.806    |
|    clip_range           | 0.2      |
|    entropy_loss         | -2.85    |
|    explained_variance   | 0.973    |
|    learning_rate        | 0.0003   |
|    loss                 | 0.16     |
|    n_updates            | 1850     |
|    policy_gradient_loss | 0.128    |
|    std                  | 0.464    |
|    value_loss           | 0.00387  |
--------------------------------------
---------------------------------
| rollout/           |          |
|    ep_len_mean     | 1        |
|    ep_rew_mean     | 7.76     |
| time/              |          |
|    fps             | 23       |
|    iterations      | 186      |
|    time_elapsed    | 15983    |
|    total_timesteps | 380928   |
---------------------------------
---------------------------------------
| rollout/                |           |
|    ep_len_mean          | 1         |
|    ep_rew_mean          | 7.78      |
| time/                   |           |
|    fps                  | 23        |
|    iterations           | 187       |
|    time_elapsed         | 16068     |
|    total_timesteps      | 382976    |
| train/                  |           |
|    approx_kl            | 2.0405164 |
|    clip_fraction        | 0.893     |
|    clip_range           | 0.2       |
|    entropy_loss         | -2.88     |
|    explained_variance   | 0.973     |
|    learning_rate        | 0.0003    |
|    loss                 | 0.112     |
|    n_updates            | 1860      |
|    policy_gradient_loss | 0.228     |
|    std                  | 0.468     |
|    value_loss           | 0.00398   |
---------------------------------------
---------------------------------------
| rollout/                |           |
|    ep_len_mean          | 1         |
|    ep_rew_mean          | 7.78      |
| time/                   |           |
|    fps                  | 23        |
|    iterations           | 188       |
|    time_elapsed         | 16154     |
|    total_timesteps      | 385024    |
| train/                  |           |
|    approx_kl            | 3.3516896 |
|    clip_fraction        | 0.839     |
|    clip_range           | 0.2       |
|    entropy_loss         | -2.9      |
|    explained_variance   | 0.966     |
|    learning_rate        | 0.0003    |
|    loss                 | 0.0418    |
|    n_updates            | 1870      |
|    policy_gradient_loss | 0.132     |
|    std                  | 0.468     |
|    value_loss           | 0.00449   |
---------------------------------------
---------------------------------------
| rollout/                |           |
|    ep_len_mean          | 1         |
|    ep_rew_mean          | 7.74      |
| time/                   |           |
|    fps                  | 23        |
|    iterations           | 189       |
|    time_elapsed         | 16240     |
|    total_timesteps      | 387072    |
| train/                  |           |
|    approx_kl            | 2.8574774 |
|    clip_fraction        | 0.839     |
|    clip_range           | 0.2       |
|    entropy_loss         | -2.88     |
|    explained_variance   | 0.964     |
|    learning_rate        | 0.0003    |
|    loss                 | 0.0247    |
|    n_updates            | 1880      |
|    policy_gradient_loss | 0.165     |
|    std                  | 0.466     |
|    value_loss           | 0.00462   |
---------------------------------------
---------------------------------------
| rollout/                |           |
|    ep_len_mean          | 1         |
|    ep_rew_mean          | 7.75      |
| time/                   |           |
|    fps                  | 23        |
|    iterations           | 190       |
|    time_elapsed         | 16326     |
|    total_timesteps      | 389120    |
| train/                  |           |
|    approx_kl            | 1.3991978 |
|    clip_fraction        | 0.803     |
|    clip_range           | 0.2       |
|    entropy_loss         | -2.86     |
|    explained_variance   | 0.967     |
|    learning_rate        | 0.0003    |
|    loss                 | 0.0951    |
|    n_updates            | 1890      |
|    policy_gradient_loss | 0.134     |
|    std                  | 0.464     |
|    value_loss           | 0.00459   |
---------------------------------------
Eval num_timesteps=390000, episode_reward=7.83 +/- 0.19
Episode length: 1.00 +/- 0.00
---------------------------------------
| eval/                   |           |
|    mean_ep_length       | 1         |
|    mean_reward          | 7.83      |
| time/                   |           |
|    total_timesteps      | 390000    |
| train/                  |           |
|    approx_kl            | 0.6851636 |
|    clip_fraction        | 0.801     |
|    clip_range           | 0.2       |
|    entropy_loss         | -2.84     |
|    explained_variance   | 0.968     |
|    learning_rate        | 0.0003    |
|    loss                 | 0.126     |
|    n_updates            | 1900      |
|    policy_gradient_loss | 0.132     |
|    std                  | 0.459     |
|    value_loss           | 0.00436   |
---------------------------------------
---------------------------------
| rollout/           |          |
|    ep_len_mean     | 1        |
|    ep_rew_mean     | 7.73     |
| time/              |          |
|    fps             | 23       |
|    iterations      | 191      |
|    time_elapsed    | 16412    |
|    total_timesteps | 391168   |
---------------------------------
---------------------------------------
| rollout/                |           |
|    ep_len_mean          | 1         |
|    ep_rew_mean          | 7.78      |
| time/                   |           |
|    fps                  | 23        |
|    iterations           | 192       |
|    time_elapsed         | 16499     |
|    total_timesteps      | 393216    |
| train/                  |           |
|    approx_kl            | 2.3452601 |
|    clip_fraction        | 0.861     |
|    clip_range           | 0.2       |
|    entropy_loss         | -2.82     |
|    explained_variance   | 0.971     |
|    learning_rate        | 0.0003    |
|    loss                 | 0.103     |
|    n_updates            | 1910      |
|    policy_gradient_loss | 0.195     |
|    std                  | 0.459     |
|    value_loss           | 0.00428   |
---------------------------------------
---------------------------------------
| rollout/                |           |
|    ep_len_mean          | 1         |
|    ep_rew_mean          | 7.74      |
| time/                   |           |
|    fps                  | 23        |
|    iterations           | 193       |
|    time_elapsed         | 16585     |
|    total_timesteps      | 395264    |
| train/                  |           |
|    approx_kl            | 1.4675643 |
|    clip_fraction        | 0.808     |
|    clip_range           | 0.2       |
|    entropy_loss         | -2.8      |
|    explained_variance   | 0.967     |
|    learning_rate        | 0.0003    |
|    loss                 | 0.0523    |
|    n_updates            | 1920      |
|    policy_gradient_loss | 0.114     |
|    std                  | 0.455     |
|    value_loss           | 0.00451   |
---------------------------------------
---------------------------------------
| rollout/                |           |
|    ep_len_mean          | 1         |
|    ep_rew_mean          | 7.73      |
| time/                   |           |
|    fps                  | 23        |
|    iterations           | 194       |
|    time_elapsed         | 16671     |
|    total_timesteps      | 397312    |
| train/                  |           |
|    approx_kl            | 1.2832606 |
|    clip_fraction        | 0.827     |
|    clip_range           | 0.2       |
|    entropy_loss         | -2.77     |
|    explained_variance   | 0.97      |
|    learning_rate        | 0.0003    |
|    loss                 | 0.0304    |
|    n_updates            | 1930      |
|    policy_gradient_loss | 0.143     |
|    std                  | 0.455     |
|    value_loss           | 0.00437   |
---------------------------------------
---------------------------------------
| rollout/                |           |
|    ep_len_mean          | 1         |
|    ep_rew_mean          | 7.85      |
| time/                   |           |
|    fps                  | 23        |
|    iterations           | 195       |
|    time_elapsed         | 16757     |
|    total_timesteps      | 399360    |
| train/                  |           |
|    approx_kl            | 1.6894732 |
|    clip_fraction        | 0.848     |
|    clip_range           | 0.2       |
|    entropy_loss         | -2.8      |
|    explained_variance   | 0.971     |
|    learning_rate        | 0.0003    |
|    loss                 | 0.134     |
|    n_updates            | 1940      |
|    policy_gradient_loss | 0.168     |
|    std                  | 0.46      |
|    value_loss           | 0.0045    |
---------------------------------------
Eval num_timesteps=400000, episode_reward=7.80 +/- 0.30
Episode length: 1.00 +/- 0.00
--------------------------------------
| eval/                   |          |
|    mean_ep_length       | 1        |
|    mean_reward          | 7.8      |
| time/                   |          |
|    total_timesteps      | 400000   |
| train/                  |          |
|    approx_kl            | 1.285006 |
|    clip_fraction        | 0.821    |
|    clip_range           | 0.2      |
|    entropy_loss         | -2.81    |
|    explained_variance   | 0.965    |
|    learning_rate        | 0.0003   |
|    loss                 | 0.0957   |
|    n_updates            | 1950     |
|    policy_gradient_loss | 0.11     |
|    std                  | 0.461    |
|    value_loss           | 0.00451  |
--------------------------------------
---------------------------------
| rollout/           |          |
|    ep_len_mean     | 1        |
|    ep_rew_mean     | 7.76     |
| time/              |          |
|    fps             | 23       |
|    iterations      | 196      |
|    time_elapsed    | 16842    |
|    total_timesteps | 401408   |
---------------------------------
---------------------------------------
| rollout/                |           |
|    ep_len_mean          | 1         |
|    ep_rew_mean          | 7.78      |
| time/                   |           |
|    fps                  | 23        |
|    iterations           | 197       |
|    time_elapsed         | 16928     |
|    total_timesteps      | 403456    |
| train/                  |           |
|    approx_kl            | 1.8170497 |
|    clip_fraction        | 0.856     |
|    clip_range           | 0.2       |
|    entropy_loss         | -2.81     |
|    explained_variance   | 0.971     |
|    learning_rate        | 0.0003    |
|    loss                 | 0.0671    |
|    n_updates            | 1960      |
|    policy_gradient_loss | 0.249     |
|    std                  | 0.46      |
|    value_loss           | 0.00391   |
---------------------------------------
---------------------------------------
| rollout/                |           |
|    ep_len_mean          | 1         |
|    ep_rew_mean          | 7.77      |
| time/                   |           |
|    fps                  | 23        |
|    iterations           | 198       |
|    time_elapsed         | 17013     |
|    total_timesteps      | 405504    |
| train/                  |           |
|    approx_kl            | 1.1164074 |
|    clip_fraction        | 0.8       |
|    clip_range           | 0.2       |
|    entropy_loss         | -2.79     |
|    explained_variance   | 0.97      |
|    learning_rate        | 0.0003    |
|    loss                 | 0.352     |
|    n_updates            | 1970      |
|    policy_gradient_loss | 0.103     |
|    std                  | 0.455     |
|    value_loss           | 0.00431   |
---------------------------------------
---------------------------------------
| rollout/                |           |
|    ep_len_mean          | 1         |
|    ep_rew_mean          | 7.73      |
| time/                   |           |
|    fps                  | 23        |
|    iterations           | 199       |
|    time_elapsed         | 17099     |
|    total_timesteps      | 407552    |
| train/                  |           |
|    approx_kl            | 1.0320307 |
|    clip_fraction        | 0.8       |
|    clip_range           | 0.2       |
|    entropy_loss         | -2.75     |
|    explained_variance   | 0.969     |
|    learning_rate        | 0.0003    |
|    loss                 | 0.168     |
|    n_updates            | 1980      |
|    policy_gradient_loss | 0.125     |
|    std                  | 0.453     |
|    value_loss           | 0.00421   |
---------------------------------------
---------------------------------------
| rollout/                |           |
|    ep_len_mean          | 1         |
|    ep_rew_mean          | 7.76      |
| time/                   |           |
|    fps                  | 23        |
|    iterations           | 200       |
|    time_elapsed         | 17185     |
|    total_timesteps      | 409600    |
| train/                  |           |
|    approx_kl            | 1.0260024 |
|    clip_fraction        | 0.802     |
|    clip_range           | 0.2       |
|    entropy_loss         | -2.75     |
|    explained_variance   | 0.97      |
|    learning_rate        | 0.0003    |
|    loss                 | 0.113     |
|    n_updates            | 1990      |
|    policy_gradient_loss | 0.111     |
|    std                  | 0.454     |
|    value_loss           | 0.00422   |
---------------------------------------
Eval num_timesteps=410000, episode_reward=7.78 +/- 0.33
Episode length: 1.00 +/- 0.00
--------------------------------------
| eval/                   |          |
|    mean_ep_length       | 1        |
|    mean_reward          | 7.78     |
| time/                   |          |
|    total_timesteps      | 410000   |
| train/                  |          |
|    approx_kl            | 1.998699 |
|    clip_fraction        | 0.837    |
|    clip_range           | 0.2      |
|    entropy_loss         | -2.74    |
|    explained_variance   | 0.972    |
|    learning_rate        | 0.0003   |
|    loss                 | 0.0275   |
|    n_updates            | 2000     |
|    policy_gradient_loss | 0.133    |
|    std                  | 0.455    |
|    value_loss           | 0.00453  |
--------------------------------------
---------------------------------
| rollout/           |          |
|    ep_len_mean     | 1        |
|    ep_rew_mean     | 7.71     |
| time/              |          |
|    fps             | 23       |
|    iterations      | 201      |
|    time_elapsed    | 17270    |
|    total_timesteps | 411648   |
---------------------------------
---------------------------------------
| rollout/                |           |
|    ep_len_mean          | 1         |
|    ep_rew_mean          | 7.75      |
| time/                   |           |
|    fps                  | 23        |
|    iterations           | 202       |
|    time_elapsed         | 17355     |
|    total_timesteps      | 413696    |
| train/                  |           |
|    approx_kl            | 1.8206005 |
|    clip_fraction        | 0.859     |
|    clip_range           | 0.2       |
|    entropy_loss         | -2.75     |
|    explained_variance   | 0.974     |
|    learning_rate        | 0.0003    |
|    loss                 | 0.191     |
|    n_updates            | 2010      |
|    policy_gradient_loss | 0.201     |
|    std                  | 0.458     |
|    value_loss           | 0.00383   |
---------------------------------------
----------------------------------------
| rollout/                |            |
|    ep_len_mean          | 1          |
|    ep_rew_mean          | 7.73       |
| time/                   |            |
|    fps                  | 23         |
|    iterations           | 203        |
|    time_elapsed         | 17441      |
|    total_timesteps      | 415744     |
| train/                  |            |
|    approx_kl            | 0.89019334 |
|    clip_fraction        | 0.822      |
|    clip_range           | 0.2        |
|    entropy_loss         | -2.8       |
|    explained_variance   | 0.966      |
|    learning_rate        | 0.0003     |
|    loss                 | 0.12       |
|    n_updates            | 2020       |
|    policy_gradient_loss | 0.169      |
|    std                  | 0.462      |
|    value_loss           | 0.00449    |
----------------------------------------
--------------------------------------
| rollout/                |          |
|    ep_len_mean          | 1        |
|    ep_rew_mean          | 7.79     |
| time/                   |          |
|    fps                  | 23       |
|    iterations           | 204      |
|    time_elapsed         | 17526    |
|    total_timesteps      | 417792   |
| train/                  |          |
|    approx_kl            | 2.407673 |
|    clip_fraction        | 0.842    |
|    clip_range           | 0.2      |
|    entropy_loss         | -2.83    |
|    explained_variance   | 0.973    |
|    learning_rate        | 0.0003   |
|    loss                 | 0.193    |
|    n_updates            | 2030     |
|    policy_gradient_loss | 0.139    |
|    std                  | 0.465    |
|    value_loss           | 0.00426  |
--------------------------------------
---------------------------------------
| rollout/                |           |
|    ep_len_mean          | 1         |
|    ep_rew_mean          | 7.75      |
| time/                   |           |
|    fps                  | 23        |
|    iterations           | 205       |
|    time_elapsed         | 17612     |
|    total_timesteps      | 419840    |
| train/                  |           |
|    approx_kl            | 2.4173872 |
|    clip_fraction        | 0.818     |
|    clip_range           | 0.2       |
|    entropy_loss         | -2.84     |
|    explained_variance   | 0.971     |
|    learning_rate        | 0.0003    |
|    loss                 | 0.129     |
|    n_updates            | 2040      |
|    policy_gradient_loss | 0.114     |
|    std                  | 0.466     |
|    value_loss           | 0.00467   |
---------------------------------------
Eval num_timesteps=420000, episode_reward=7.75 +/- 0.46
Episode length: 1.00 +/- 0.00
----------------------------------------
| eval/                   |            |
|    mean_ep_length       | 1          |
|    mean_reward          | 7.75       |
| time/                   |            |
|    total_timesteps      | 420000     |
| train/                  |            |
|    approx_kl            | 0.73938364 |
|    clip_fraction        | 0.798      |
|    clip_range           | 0.2        |
|    entropy_loss         | -2.85      |
|    explained_variance   | 0.966      |
|    learning_rate        | 0.0003     |
|    loss                 | 0.084      |
|    n_updates            | 2050       |
|    policy_gradient_loss | 0.138      |
|    std                  | 0.468      |
|    value_loss           | 0.00437    |
----------------------------------------
---------------------------------
| rollout/           |          |
|    ep_len_mean     | 1        |
|    ep_rew_mean     | 7.81     |
| time/              |          |
|    fps             | 23       |
|    iterations      | 206      |
|    time_elapsed    | 17699    |
|    total_timesteps | 421888   |
---------------------------------
---------------------------------------
| rollout/                |           |
|    ep_len_mean          | 1         |
|    ep_rew_mean          | 7.8       |
| time/                   |           |
|    fps                  | 23        |
|    iterations           | 207       |
|    time_elapsed         | 17785     |
|    total_timesteps      | 423936    |
| train/                  |           |
|    approx_kl            | 1.2093923 |
|    clip_fraction        | 0.807     |
|    clip_range           | 0.2       |
|    entropy_loss         | -2.84     |
|    explained_variance   | 0.973     |
|    learning_rate        | 0.0003    |
|    loss                 | 0.077     |
|    n_updates            | 2060      |
|    policy_gradient_loss | 0.12      |
|    std                  | 0.467     |
|    value_loss           | 0.00401   |
---------------------------------------
---------------------------------------
| rollout/                |           |
|    ep_len_mean          | 1         |
|    ep_rew_mean          | 7.77      |
| time/                   |           |
|    fps                  | 23        |
|    iterations           | 208       |
|    time_elapsed         | 17870     |
|    total_timesteps      | 425984    |
| train/                  |           |
|    approx_kl            | 1.3230655 |
|    clip_fraction        | 0.864     |
|    clip_range           | 0.2       |
|    entropy_loss         | -2.85     |
|    explained_variance   | 0.969     |
|    learning_rate        | 0.0003    |
|    loss                 | 0.132     |
|    n_updates            | 2070      |
|    policy_gradient_loss | 0.204     |
|    std                  | 0.467     |
|    value_loss           | 0.00412   |
---------------------------------------
---------------------------------------
| rollout/                |           |
|    ep_len_mean          | 1         |
|    ep_rew_mean          | 7.73      |
| time/                   |           |
|    fps                  | 23        |
|    iterations           | 209       |
|    time_elapsed         | 17956     |
|    total_timesteps      | 428032    |
| train/                  |           |
|    approx_kl            | 1.8259008 |
|    clip_fraction        | 0.824     |
|    clip_range           | 0.2       |
|    entropy_loss         | -2.83     |
|    explained_variance   | 0.97      |
|    learning_rate        | 0.0003    |
|    loss                 | 0.109     |
|    n_updates            | 2080      |
|    policy_gradient_loss | 0.126     |
|    std                  | 0.466     |
|    value_loss           | 0.00423   |
---------------------------------------
