=== sweep sweep_linear_e0.001_a2e-8: image_scale=linear ent_coef=0.001 action_scale=2e-8 ===
Using cpu device
Logging to logs/sweep_linear_e0.001_a2e-8/sweep_linear_e0.001_a2e-8_1
/scratch/network/ak9088/anaconda3/envs/dmrl2/lib/python3.12/site-packages/stable_baselines3/common/callbacks.py:418: UserWarning: Training and eval env are not of the same type<stable_baselines3.common.vec_env.subproc_vec_env.SubprocVecEnv object at 0x14b3824b3770> != <stable_baselines3.common.vec_env.dummy_vec_env.DummyVecEnv object at 0x14b38150aa50>
  warnings.warn("Training and eval env are not of the same type" f"{self.training_env} != {self.eval_env}")
---------------------------------
| env/               |          |
|    strehl          | 0.267    |
| rollout/           |          |
|    ep_len_mean     | 8        |
|    ep_rew_mean     | -6.98    |
| time/              |          |
|    fps             | 325      |
|    iterations      | 1        |
|    time_elapsed    | 1        |
|    total_timesteps | 512      |
---------------------------------
-----------------------------------------
| env/                    |             |
|    strehl               | 0.293       |
| rollout/                |             |
|    ep_len_mean          | 8           |
|    ep_rew_mean          | -6.99       |
| time/                   |             |
|    fps                  | 241         |
|    iterations           | 2           |
|    time_elapsed         | 4           |
|    total_timesteps      | 1024        |
| train/                  |             |
|    approx_kl            | 0.014956128 |
|    clip_fraction        | 0.0816      |
|    clip_range           | 0.2         |
|    entropy_loss         | -8.8        |
|    explained_variance   | 0.00124     |
|    learning_rate        | 0.0003      |
|    loss                 | 2.26        |
|    n_updates            | 10          |
|    policy_gradient_loss | -0.0271     |
|    std                  | 0.368       |
|    value_loss           | 9.59        |
-----------------------------------------
-----------------------------------------
| env/                    |             |
|    strehl               | 0.203       |
| rollout/                |             |
|    ep_len_mean          | 8           |
|    ep_rew_mean          | -6.94       |
| time/                   |             |
|    fps                  | 223         |
|    iterations           | 3           |
|    time_elapsed         | 6           |
|    total_timesteps      | 1536        |
| train/                  |             |
|    approx_kl            | 0.012040956 |
|    clip_fraction        | 0.0605      |
|    clip_range           | 0.2         |
|    entropy_loss         | -8.8        |
|    explained_variance   | 0.0239      |
|    learning_rate        | 0.0003      |
|    loss                 | 1.43        |
|    n_updates            | 20          |
|    policy_gradient_loss | -0.0179     |
|    std                  | 0.368       |
|    value_loss           | 5.66        |
-----------------------------------------
----------------------------------------
| env/                    |            |
|    strehl               | 0.229      |
| rollout/                |            |
|    ep_len_mean          | 8          |
|    ep_rew_mean          | -6.98      |
| time/                   |            |
|    fps                  | 214        |
|    iterations           | 4          |
|    time_elapsed         | 9          |
|    total_timesteps      | 2048       |
| train/                  |            |
|    approx_kl            | 0.01147914 |
|    clip_fraction        | 0.0314     |
|    clip_range           | 0.2        |
|    entropy_loss         | -8.8       |
|    explained_variance   | 0.0607     |
|    learning_rate        | 0.0003     |
|    loss                 | 1.02       |
|    n_updates            | 30         |
|    policy_gradient_loss | -0.0123    |
|    std                  | 0.368      |
|    value_loss           | 5.57       |
----------------------------------------
-----------------------------------------
| env/                    |             |
|    strehl               | 0.268       |
| rollout/                |             |
|    ep_len_mean          | 8           |
|    ep_rew_mean          | -6.91       |
| time/                   |             |
|    fps                  | 207         |
|    iterations           | 5           |
|    time_elapsed         | 12          |
|    total_timesteps      | 2560        |
| train/                  |             |
|    approx_kl            | 0.010376286 |
|    clip_fraction        | 0.0781      |
|    clip_range           | 0.2         |
|    entropy_loss         | -8.81       |
|    explained_variance   | 0.0981      |
|    learning_rate        | 0.0003      |
|    loss                 | 0.965       |
|    n_updates            | 40          |
|    policy_gradient_loss | -0.00964    |
|    std                  | 0.368       |
|    value_loss           | 4.49        |
-----------------------------------------
------------------------------------------
| env/                    |              |
|    strehl               | 0.245        |
| rollout/                |              |
|    ep_len_mean          | 8            |
|    ep_rew_mean          | -6.93        |
| time/                   |              |
|    fps                  | 204          |
|    iterations           | 6            |
|    time_elapsed         | 15           |
|    total_timesteps      | 3072         |
| train/                  |              |
|    approx_kl            | 0.0077648545 |
|    clip_fraction        | 0.0352       |
|    clip_range           | 0.2          |
|    entropy_loss         | -8.81        |
|    explained_variance   | 0.0942       |
|    learning_rate        | 0.0003       |
|    loss                 | 0.777        |
|    n_updates            | 50           |
|    policy_gradient_loss | -0.005       |
|    std                  | 0.368        |
|    value_loss           | 4.72         |
------------------------------------------
-----------------------------------------
| env/                    |             |
|    strehl               | 0.26        |
| rollout/                |             |
|    ep_len_mean          | 8           |
|    ep_rew_mean          | -6.99       |
| time/                   |             |
|    fps                  | 202         |
|    iterations           | 7           |
|    time_elapsed         | 17          |
|    total_timesteps      | 3584        |
| train/                  |             |
|    approx_kl            | 0.007911977 |
|    clip_fraction        | 0.0756      |
|    clip_range           | 0.2         |
|    entropy_loss         | -8.8        |
|    explained_variance   | 0.084       |
|    learning_rate        | 0.0003      |
|    loss                 | 0.737       |
|    n_updates            | 60          |
|    policy_gradient_loss | -0.0104     |
|    std                  | 0.368       |
|    value_loss           | 3.78        |
-----------------------------------------
-----------------------------------------
| env/                    |             |
|    strehl               | 0.244       |
| rollout/                |             |
|    ep_len_mean          | 8           |
|    ep_rew_mean          | -6.99       |
| time/                   |             |
|    fps                  | 201         |
|    iterations           | 8           |
|    time_elapsed         | 20          |
|    total_timesteps      | 4096        |
| train/                  |             |
|    approx_kl            | 0.011732029 |
|    clip_fraction        | 0.106       |
|    clip_range           | 0.2         |
|    entropy_loss         | -8.8        |
|    explained_variance   | 0.0822      |
|    learning_rate        | 0.0003      |
|    loss                 | 0.939       |
|    n_updates            | 70          |
|    policy_gradient_loss | -0.0017     |
|    std                  | 0.368       |
|    value_loss           | 4.55        |
-----------------------------------------
-----------------------------------------
| env/                    |             |
|    strehl               | 0.312       |
| rollout/                |             |
|    ep_len_mean          | 8           |
|    ep_rew_mean          | -6.93       |
| time/                   |             |
|    fps                  | 200         |
|    iterations           | 9           |
|    time_elapsed         | 23          |
|    total_timesteps      | 4608        |
| train/                  |             |
|    approx_kl            | 0.004274735 |
|    clip_fraction        | 0.00508     |
|    clip_range           | 0.2         |
|    entropy_loss         | -8.79       |
|    explained_variance   | 0.0611      |
|    learning_rate        | 0.0003      |
|    loss                 | 0.767       |
|    n_updates            | 80          |
|    policy_gradient_loss | -0.00966    |
|    std                  | 0.368       |
|    value_loss           | 4.01        |
-----------------------------------------
-----------------------------------------
| env/                    |             |
|    strehl               | 0.228       |
| rollout/                |             |
|    ep_len_mean          | 8           |
|    ep_rew_mean          | -6.91       |
| time/                   |             |
|    fps                  | 199         |
|    iterations           | 10          |
|    time_elapsed         | 25          |
|    total_timesteps      | 5120        |
| train/                  |             |
|    approx_kl            | 0.009648489 |
|    clip_fraction        | 0.0301      |
|    clip_range           | 0.2         |
|    entropy_loss         | -8.79       |
|    explained_variance   | 0.0553      |
|    learning_rate        | 0.0003      |
|    loss                 | 0.751       |
|    n_updates            | 90          |
|    policy_gradient_loss | -0.00968    |
|    std                  | 0.368       |
|    value_loss           | 3.76        |
-----------------------------------------
------------------------------------------
| env/                    |              |
|    strehl               | 0.326        |
| rollout/                |              |
|    ep_len_mean          | 8            |
|    ep_rew_mean          | -6.95        |
| time/                   |              |
|    fps                  | 198          |
|    iterations           | 11           |
|    time_elapsed         | 28           |
|    total_timesteps      | 5632         |
| train/                  |              |
|    approx_kl            | 0.0054924022 |
|    clip_fraction        | 0.00742      |
|    clip_range           | 0.2          |
|    entropy_loss         | -8.79        |
|    explained_variance   | 0.0359       |
|    learning_rate        | 0.0003       |
|    loss                 | 0.738        |
|    n_updates            | 100          |
|    policy_gradient_loss | -0.00742     |
|    std                  | 0.368        |
|    value_loss           | 3.75         |
------------------------------------------
-----------------------------------------
| env/                    |             |
|    strehl               | 0.265       |
| rollout/                |             |
|    ep_len_mean          | 8           |
|    ep_rew_mean          | -6.95       |
| time/                   |             |
|    fps                  | 198         |
|    iterations           | 12          |
|    time_elapsed         | 31          |
|    total_timesteps      | 6144        |
| train/                  |             |
|    approx_kl            | 0.005497407 |
|    clip_fraction        | 0.0109      |
|    clip_range           | 0.2         |
|    entropy_loss         | -8.79       |
|    explained_variance   | 0.0343      |
|    learning_rate        | 0.0003      |
|    loss                 | 0.701       |
|    n_updates            | 110         |
|    policy_gradient_loss | -0.00837    |
|    std                  | 0.368       |
|    value_loss           | 3.52        |
-----------------------------------------
------------------------------------------
| env/                    |              |
|    strehl               | 0.311        |
| rollout/                |              |
|    ep_len_mean          | 8            |
|    ep_rew_mean          | -6.95        |
| time/                   |              |
|    fps                  | 197          |
|    iterations           | 13           |
|    time_elapsed         | 33           |
|    total_timesteps      | 6656         |
| train/                  |              |
|    approx_kl            | 0.0036691665 |
|    clip_fraction        | 0.00293      |
|    clip_range           | 0.2          |
|    entropy_loss         | -8.79        |
|    explained_variance   | 0.0346       |
|    learning_rate        | 0.0003       |
|    loss                 | 0.693        |
|    n_updates            | 120          |
|    policy_gradient_loss | -0.0075      |
|    std                  | 0.368        |
|    value_loss           | 3.43         |
------------------------------------------
----------------------------------------
| env/                    |            |
|    strehl               | 0.237      |
| rollout/                |            |
|    ep_len_mean          | 8          |
|    ep_rew_mean          | -6.98      |
| time/                   |            |
|    fps                  | 196        |
|    iterations           | 14         |
|    time_elapsed         | 36         |
|    total_timesteps      | 7168       |
| train/                  |            |
|    approx_kl            | 0.00958101 |
|    clip_fraction        | 0.041      |
|    clip_range           | 0.2        |
|    entropy_loss         | -8.79      |
|    explained_variance   | 0.029      |
|    learning_rate        | 0.0003     |
|    loss                 | 0.555      |
|    n_updates            | 130        |
|    policy_gradient_loss | -0.0112    |
|    std                  | 0.368      |
|    value_loss           | 3.11       |
----------------------------------------
-----------------------------------------
| env/                    |             |
|    strehl               | 0.254       |
| rollout/                |             |
|    ep_len_mean          | 8           |
|    ep_rew_mean          | -6.94       |
| time/                   |             |
|    fps                  | 196         |
|    iterations           | 15          |
|    time_elapsed         | 39          |
|    total_timesteps      | 7680        |
| train/                  |             |
|    approx_kl            | 0.010012915 |
|    clip_fraction        | 0.034       |
|    clip_range           | 0.2         |
|    entropy_loss         | -8.78       |
|    explained_variance   | 0.0283      |
|    learning_rate        | 0.0003      |
|    loss                 | 0.572       |
|    n_updates            | 140         |
|    policy_gradient_loss | -0.012      |
|    std                  | 0.368       |
|    value_loss           | 3           |
-----------------------------------------
-----------------------------------------
| env/                    |             |
|    strehl               | 0.273       |
| rollout/                |             |
|    ep_len_mean          | 8           |
|    ep_rew_mean          | -6.96       |
| time/                   |             |
|    fps                  | 195         |
|    iterations           | 16          |
|    time_elapsed         | 41          |
|    total_timesteps      | 8192        |
| train/                  |             |
|    approx_kl            | 0.009234245 |
|    clip_fraction        | 0.0332      |
|    clip_range           | 0.2         |
|    entropy_loss         | -8.77       |
|    explained_variance   | 0.0259      |
|    learning_rate        | 0.0003      |
|    loss                 | 0.492       |
|    n_updates            | 150         |
|    policy_gradient_loss | -0.0123     |
|    std                  | 0.367       |
|    value_loss           | 2.7         |
-----------------------------------------
----------------------------------------
| env/                    |            |
|    strehl               | 0.305      |
| rollout/                |            |
|    ep_len_mean          | 8          |
|    ep_rew_mean          | -6.99      |
| time/                   |            |
|    fps                  | 195        |
|    iterations           | 17         |
|    time_elapsed         | 44         |
|    total_timesteps      | 8704       |
| train/                  |            |
|    approx_kl            | 0.01333413 |
|    clip_fraction        | 0.105      |
|    clip_range           | 0.2        |
|    entropy_loss         | -8.76      |
|    explained_variance   | 0.023      |
|    learning_rate        | 0.0003     |
|    loss                 | 0.491      |
|    n_updates            | 160        |
|    policy_gradient_loss | -0.0158    |
|    std                  | 0.367      |
|    value_loss           | 2.62       |
----------------------------------------
-----------------------------------------
| env/                    |             |
|    strehl               | 0.251       |
| rollout/                |             |
|    ep_len_mean          | 8           |
|    ep_rew_mean          | -6.94       |
| time/                   |             |
|    fps                  | 195         |
|    iterations           | 18          |
|    time_elapsed         | 47          |
|    total_timesteps      | 9216        |
| train/                  |             |
|    approx_kl            | 0.014663807 |
|    clip_fraction        | 0.085       |
|    clip_range           | 0.2         |
|    entropy_loss         | -8.76       |
|    explained_variance   | 0.0236      |
|    learning_rate        | 0.0003      |
|    loss                 | 0.444       |
|    n_updates            | 170         |
|    policy_gradient_loss | -0.0174     |
|    std                  | 0.367       |
|    value_loss           | 2.41        |
-----------------------------------------
-----------------------------------------
| env/                    |             |
|    strehl               | 0.319       |
| rollout/                |             |
|    ep_len_mean          | 8           |
|    ep_rew_mean          | -6.9        |
| time/                   |             |
|    fps                  | 195         |
|    iterations           | 19          |
|    time_elapsed         | 49          |
|    total_timesteps      | 9728        |
| train/                  |             |
|    approx_kl            | 0.013806472 |
|    clip_fraction        | 0.0693      |
|    clip_range           | 0.2         |
|    entropy_loss         | -8.76       |
|    explained_variance   | 0.0133      |
|    learning_rate        | 0.0003      |
|    loss                 | 0.408       |
|    n_updates            | 180         |
|    policy_gradient_loss | -0.0182     |
|    std                  | 0.367       |
|    value_loss           | 2.17        |
-----------------------------------------
-----------------------------------------
| env/                    |             |
|    strehl               | 0.23        |
| rollout/                |             |
|    ep_len_mean          | 8           |
|    ep_rew_mean          | -6.93       |
| time/                   |             |
|    fps                  | 194         |
|    iterations           | 20          |
|    time_elapsed         | 52          |
|    total_timesteps      | 10240       |
| train/                  |             |
|    approx_kl            | 0.012874007 |
|    clip_fraction        | 0.0857      |
|    clip_range           | 0.2         |
|    entropy_loss         | -8.76       |
|    explained_variance   | 0.0145      |
|    learning_rate        | 0.0003      |
|    loss                 | 0.319       |
|    n_updates            | 190         |
|    policy_gradient_loss | -0.0199     |
|    std                  | 0.367       |
|    value_loss           | 1.92        |
-----------------------------------------
----------------------------------------
| env/                    |            |
|    strehl               | 0.267      |
| rollout/                |            |
|    ep_len_mean          | 8          |
|    ep_rew_mean          | -6.99      |
| time/                   |            |
|    fps                  | 194        |
|    iterations           | 21         |
|    time_elapsed         | 55         |
|    total_timesteps      | 10752      |
| train/                  |            |
|    approx_kl            | 0.01786837 |
|    clip_fraction        | 0.117      |
|    clip_range           | 0.2        |
|    entropy_loss         | -8.75      |
|    explained_variance   | 0.0229     |
|    learning_rate        | 0.0003     |
|    loss                 | 0.311      |
|    n_updates            | 200        |
|    policy_gradient_loss | -0.0218    |
|    std                  | 0.367      |
|    value_loss           | 1.83       |
----------------------------------------
-----------------------------------------
| env/                    |             |
|    strehl               | 0.233       |
| rollout/                |             |
|    ep_len_mean          | 8           |
|    ep_rew_mean          | -6.93       |
| time/                   |             |
|    fps                  | 194         |
|    iterations           | 22          |
|    time_elapsed         | 57          |
|    total_timesteps      | 11264       |
| train/                  |             |
|    approx_kl            | 0.015992152 |
|    clip_fraction        | 0.131       |
|    clip_range           | 0.2         |
|    entropy_loss         | -8.73       |
|    explained_variance   | 0.0123      |
|    learning_rate        | 0.0003      |
|    loss                 | 0.285       |
|    n_updates            | 210         |
|    policy_gradient_loss | -0.0213     |
|    std                  | 0.367       |
|    value_loss           | 1.73        |
-----------------------------------------
-----------------------------------------
| env/                    |             |
|    strehl               | 0.218       |
| rollout/                |             |
|    ep_len_mean          | 8           |
|    ep_rew_mean          | -6.95       |
| time/                   |             |
|    fps                  | 194         |
|    iterations           | 23          |
|    time_elapsed         | 60          |
|    total_timesteps      | 11776       |
| train/                  |             |
|    approx_kl            | 0.014770896 |
|    clip_fraction        | 0.149       |
|    clip_range           | 0.2         |
|    entropy_loss         | -8.73       |
|    explained_variance   | 0.0112      |
|    learning_rate        | 0.0003      |
|    loss                 | 0.245       |
|    n_updates            | 220         |
|    policy_gradient_loss | -0.0232     |
|    std                  | 0.367       |
|    value_loss           | 1.49        |
-----------------------------------------
-----------------------------------------
| env/                    |             |
|    strehl               | 0.253       |
| rollout/                |             |
|    ep_len_mean          | 8           |
|    ep_rew_mean          | -6.92       |
| time/                   |             |
|    fps                  | 194         |
|    iterations           | 24          |
|    time_elapsed         | 63          |
|    total_timesteps      | 12288       |
| train/                  |             |
|    approx_kl            | 0.012063369 |
|    clip_fraction        | 0.109       |
|    clip_range           | 0.2         |
|    entropy_loss         | -8.7        |
|    explained_variance   | 0.0116      |
|    learning_rate        | 0.0003      |
|    loss                 | 0.222       |
|    n_updates            | 230         |
|    policy_gradient_loss | -0.0149     |
|    std                  | 0.366       |
|    value_loss           | 1.43        |
-----------------------------------------
-----------------------------------------
| env/                    |             |
|    strehl               | 0.253       |
| rollout/                |             |
|    ep_len_mean          | 8           |
|    ep_rew_mean          | -7.03       |
| time/                   |             |
|    fps                  | 194         |
|    iterations           | 25          |
|    time_elapsed         | 65          |
|    total_timesteps      | 12800       |
| train/                  |             |
|    approx_kl            | 0.012650613 |
|    clip_fraction        | 0.156       |
|    clip_range           | 0.2         |
|    entropy_loss         | -8.69       |
|    explained_variance   | 0.0113      |
|    learning_rate        | 0.0003      |
|    loss                 | 0.198       |
|    n_updates            | 240         |
|    policy_gradient_loss | -0.0124     |
|    std                  | 0.366       |
|    value_loss           | 1.27        |
-----------------------------------------
-----------------------------------------
| env/                    |             |
|    strehl               | 0.296       |
| rollout/                |             |
|    ep_len_mean          | 8           |
|    ep_rew_mean          | -6.96       |
| time/                   |             |
|    fps                  | 194         |
|    iterations           | 26          |
|    time_elapsed         | 68          |
|    total_timesteps      | 13312       |
| train/                  |             |
|    approx_kl            | 0.016902275 |
|    clip_fraction        | 0.235       |
|    clip_range           | 0.2         |
|    entropy_loss         | -8.69       |
|    explained_variance   | 0.0127      |
|    learning_rate        | 0.0003      |
|    loss                 | 0.186       |
|    n_updates            | 250         |
|    policy_gradient_loss | -0.0134     |
|    std                  | 0.366       |
|    value_loss           | 1.29        |
-----------------------------------------
-----------------------------------------
| env/                    |             |
|    strehl               | 0.229       |
| rollout/                |             |
|    ep_len_mean          | 8           |
|    ep_rew_mean          | -6.97       |
| time/                   |             |
|    fps                  | 194         |
|    iterations           | 27          |
|    time_elapsed         | 71          |
|    total_timesteps      | 13824       |
| train/                  |             |
|    approx_kl            | 0.021523671 |
|    clip_fraction        | 0.199       |
|    clip_range           | 0.2         |
|    entropy_loss         | -8.7        |
|    explained_variance   | 0.00994     |
|    learning_rate        | 0.0003      |
|    loss                 | 0.148       |
|    n_updates            | 260         |
|    policy_gradient_loss | -0.0201     |
|    std                  | 0.366       |
|    value_loss           | 0.996       |
-----------------------------------------
-----------------------------------------
| env/                    |             |
|    strehl               | 0.258       |
| rollout/                |             |
|    ep_len_mean          | 8           |
|    ep_rew_mean          | -6.96       |
| time/                   |             |
|    fps                  | 194         |
|    iterations           | 28          |
|    time_elapsed         | 73          |
|    total_timesteps      | 14336       |
| train/                  |             |
|    approx_kl            | 0.022900732 |
|    clip_fraction        | 0.201       |
|    clip_range           | 0.2         |
|    entropy_loss         | -8.72       |
|    explained_variance   | 0.0145      |
|    learning_rate        | 0.0003      |
|    loss                 | 0.162       |
|    n_updates            | 270         |
|    policy_gradient_loss | -0.0148     |
|    std                  | 0.367       |
|    value_loss           | 1.15        |
-----------------------------------------
-----------------------------------------
| env/                    |             |
|    strehl               | 0.187       |
| rollout/                |             |
|    ep_len_mean          | 8           |
|    ep_rew_mean          | -6.98       |
| time/                   |             |
|    fps                  | 193         |
|    iterations           | 29          |
|    time_elapsed         | 76          |
|    total_timesteps      | 14848       |
| train/                  |             |
|    approx_kl            | 0.019887729 |
|    clip_fraction        | 0.129       |
|    clip_range           | 0.2         |
|    entropy_loss         | -8.72       |
|    explained_variance   | 0.0103      |
|    learning_rate        | 0.0003      |
|    loss                 | 0.118       |
|    n_updates            | 280         |
|    policy_gradient_loss | -0.0211     |
|    std                  | 0.366       |
|    value_loss           | 0.832       |
-----------------------------------------
----------------------------------------
| env/                    |            |
|    strehl               | 0.232      |
| rollout/                |            |
|    ep_len_mean          | 8          |
|    ep_rew_mean          | -7.06      |
| time/                   |            |
|    fps                  | 193        |
|    iterations           | 30         |
|    time_elapsed         | 79         |
|    total_timesteps      | 15360      |
| train/                  |            |
|    approx_kl            | 0.01883128 |
|    clip_fraction        | 0.173      |
|    clip_range           | 0.2        |
|    entropy_loss         | -8.7       |
|    explained_variance   | 0.0111     |
|    learning_rate        | 0.0003     |
|    loss                 | 0.132      |
|    n_updates            | 290        |
|    policy_gradient_loss | -0.0118    |
|    std                  | 0.366      |
|    value_loss           | 1.01       |
----------------------------------------
----------------------------------------
| env/                    |            |
|    strehl               | 0.296      |
| rollout/                |            |
|    ep_len_mean          | 8          |
|    ep_rew_mean          | -7         |
| time/                   |            |
|    fps                  | 194        |
|    iterations           | 31         |
|    time_elapsed         | 81         |
|    total_timesteps      | 15872      |
| train/                  |            |
|    approx_kl            | 0.02102907 |
|    clip_fraction        | 0.146      |
|    clip_range           | 0.2        |
|    entropy_loss         | -8.7       |
|    explained_variance   | 0.0122     |
|    learning_rate        | 0.0003     |
|    loss                 | 0.12       |
|    n_updates            | 300        |
|    policy_gradient_loss | -0.0216    |
|    std                  | 0.366      |
|    value_loss           | 0.806      |
----------------------------------------
-----------------------------------------
| env/                    |             |
|    strehl               | 0.223       |
| rollout/                |             |
|    ep_len_mean          | 8           |
|    ep_rew_mean          | -7.03       |
| time/                   |             |
|    fps                  | 194         |
|    iterations           | 32          |
|    time_elapsed         | 84          |
|    total_timesteps      | 16384       |
| train/                  |             |
|    approx_kl            | 0.017945396 |
|    clip_fraction        | 0.251       |
|    clip_range           | 0.2         |
|    entropy_loss         | -8.72       |
|    explained_variance   | 0.013       |
|    learning_rate        | 0.0003      |
|    loss                 | 0.0959      |
|    n_updates            | 310         |
|    policy_gradient_loss | -0.0141     |
|    std                  | 0.367       |
|    value_loss           | 0.755       |
-----------------------------------------
----------------------------------------
| env/                    |            |
|    strehl               | 0.245      |
| rollout/                |            |
|    ep_len_mean          | 8          |
|    ep_rew_mean          | -7.04      |
| time/                   |            |
|    fps                  | 194        |
|    iterations           | 33         |
|    time_elapsed         | 86         |
|    total_timesteps      | 16896      |
| train/                  |            |
|    approx_kl            | 0.02561353 |
|    clip_fraction        | 0.232      |
|    clip_range           | 0.2        |
|    entropy_loss         | -8.71      |
|    explained_variance   | 0.0165     |
|    learning_rate        | 0.0003     |
|    loss                 | 0.0919     |
|    n_updates            | 320        |
|    policy_gradient_loss | -0.0173    |
|    std                  | 0.367      |
|    value_loss           | 0.663      |
----------------------------------------
-----------------------------------------
| env/                    |             |
|    strehl               | 0.267       |
| rollout/                |             |
|    ep_len_mean          | 8           |
|    ep_rew_mean          | -7.03       |
| time/                   |             |
|    fps                  | 194         |
|    iterations           | 34          |
|    time_elapsed         | 89          |
|    total_timesteps      | 17408       |
| train/                  |             |
|    approx_kl            | 0.018487953 |
|    clip_fraction        | 0.159       |
|    clip_range           | 0.2         |
|    entropy_loss         | -8.73       |
|    explained_variance   | 0.00956     |
|    learning_rate        | 0.0003      |
|    loss                 | 0.0653      |
|    n_updates            | 330         |
|    policy_gradient_loss | -0.0192     |
|    std                  | 0.367       |
|    value_loss           | 0.661       |
-----------------------------------------
-----------------------------------------
| env/                    |             |
|    strehl               | 0.194       |
| rollout/                |             |
|    ep_len_mean          | 8           |
|    ep_rew_mean          | -7.04       |
| time/                   |             |
|    fps                  | 194         |
|    iterations           | 35          |
|    time_elapsed         | 92          |
|    total_timesteps      | 17920       |
| train/                  |             |
|    approx_kl            | 0.023624007 |
|    clip_fraction        | 0.17        |
|    clip_range           | 0.2         |
|    entropy_loss         | -8.75       |
|    explained_variance   | 0.0102      |
|    learning_rate        | 0.0003      |
|    loss                 | 0.0603      |
|    n_updates            | 340         |
|    policy_gradient_loss | -0.0178     |
|    std                  | 0.367       |
|    value_loss           | 0.563       |
-----------------------------------------
-----------------------------------------
| env/                    |             |
|    strehl               | 0.2         |
| rollout/                |             |
|    ep_len_mean          | 8           |
|    ep_rew_mean          | -7.02       |
| time/                   |             |
|    fps                  | 194         |
|    iterations           | 36          |
|    time_elapsed         | 94          |
|    total_timesteps      | 18432       |
| train/                  |             |
|    approx_kl            | 0.022703249 |
|    clip_fraction        | 0.207       |
|    clip_range           | 0.2         |
|    entropy_loss         | -8.74       |
|    explained_variance   | 0.00845     |
|    learning_rate        | 0.0003      |
|    loss                 | 0.0441      |
|    n_updates            | 350         |
|    policy_gradient_loss | -0.0282     |
|    std                  | 0.367       |
|    value_loss           | 0.565       |
-----------------------------------------
----------------------------------------
| env/                    |            |
|    strehl               | 0.263      |
| rollout/                |            |
|    ep_len_mean          | 8          |
|    ep_rew_mean          | -6.94      |
| time/                   |            |
|    fps                  | 194        |
|    iterations           | 37         |
|    time_elapsed         | 97         |
|    total_timesteps      | 18944      |
| train/                  |            |
|    approx_kl            | 0.02764355 |
|    clip_fraction        | 0.231      |
|    clip_range           | 0.2        |
|    entropy_loss         | -8.73      |
|    explained_variance   | 0.00787    |
|    learning_rate        | 0.0003     |
|    loss                 | 0.0413     |
|    n_updates            | 360        |
|    policy_gradient_loss | -0.0279    |
|    std                  | 0.367      |
|    value_loss           | 0.444      |
----------------------------------------
-----------------------------------------
| env/                    |             |
|    strehl               | 0.197       |
| rollout/                |             |
|    ep_len_mean          | 8           |
|    ep_rew_mean          | -6.99       |
| time/                   |             |
|    fps                  | 194         |
|    iterations           | 38          |
|    time_elapsed         | 100         |
|    total_timesteps      | 19456       |
| train/                  |             |
|    approx_kl            | 0.017678203 |
|    clip_fraction        | 0.169       |
|    clip_range           | 0.2         |
|    entropy_loss         | -8.72       |
|    explained_variance   | 0.00443     |
|    learning_rate        | 0.0003      |
|    loss                 | 0.0204      |
|    n_updates            | 370         |
|    policy_gradient_loss | -0.0215     |
|    std                  | 0.367       |
|    value_loss           | 0.454       |
-----------------------------------------
-----------------------------------------
| env/                    |             |
|    strehl               | 0.219       |
| rollout/                |             |
|    ep_len_mean          | 8           |
|    ep_rew_mean          | -6.97       |
| time/                   |             |
|    fps                  | 194         |
|    iterations           | 39          |
|    time_elapsed         | 102         |
|    total_timesteps      | 19968       |
| train/                  |             |
|    approx_kl            | 0.027937263 |
|    clip_fraction        | 0.19        |
|    clip_range           | 0.2         |
|    entropy_loss         | -8.73       |
|    explained_variance   | 0.0102      |
|    learning_rate        | 0.0003      |
|    loss                 | 0.0207      |
|    n_updates            | 380         |
|    policy_gradient_loss | -0.023      |
|    std                  | 0.367       |
|    value_loss           | 0.369       |
-----------------------------------------
----------------------------------------
| env/                    |            |
|    strehl               | 0.288      |
| rollout/                |            |
|    ep_len_mean          | 8          |
|    ep_rew_mean          | -6.96      |
| time/                   |            |
|    fps                  | 194        |
|    iterations           | 40         |
|    time_elapsed         | 105        |
|    total_timesteps      | 20480      |
| train/                  |            |
|    approx_kl            | 0.02207347 |
|    clip_fraction        | 0.203      |
|    clip_range           | 0.2        |
|    entropy_loss         | -8.74      |
|    explained_variance   | -0.000208  |
|    learning_rate        | 0.0003     |
|    loss                 | 0.02       |
|    n_updates            | 390        |
|    policy_gradient_loss | -0.0259    |
|    std                  | 0.367      |
|    value_loss           | 0.392      |
----------------------------------------
----------------------------------------
| env/                    |            |
|    strehl               | 0.284      |
| rollout/                |            |
|    ep_len_mean          | 8          |
|    ep_rew_mean          | -6.99      |
| time/                   |            |
|    fps                  | 194        |
|    iterations           | 41         |
|    time_elapsed         | 107        |
|    total_timesteps      | 20992      |
| train/                  |            |
|    approx_kl            | 0.02886335 |
|    clip_fraction        | 0.233      |
|    clip_range           | 0.2        |
|    entropy_loss         | -8.74      |
|    explained_variance   | -0.00101   |
|    learning_rate        | 0.0003     |
|    loss                 | 0.00113    |
|    n_updates            | 400        |
|    policy_gradient_loss | -0.0298    |
|    std                  | 0.367      |
|    value_loss           | 0.334      |
----------------------------------------
-----------------------------------------
| env/                    |             |
|    strehl               | 0.237       |
| rollout/                |             |
|    ep_len_mean          | 8           |
|    ep_rew_mean          | -7.03       |
| time/                   |             |
|    fps                  | 194         |
|    iterations           | 42          |
|    time_elapsed         | 110         |
|    total_timesteps      | 21504       |
| train/                  |             |
|    approx_kl            | 0.019169524 |
|    clip_fraction        | 0.196       |
|    clip_range           | 0.2         |
|    entropy_loss         | -8.74       |
|    explained_variance   | 0.0105      |
|    learning_rate        | 0.0003      |
|    loss                 | 0.0205      |
|    n_updates            | 410         |
|    policy_gradient_loss | -0.0216     |
|    std                  | 0.367       |
|    value_loss           | 0.353       |
-----------------------------------------
-----------------------------------------
| env/                    |             |
|    strehl               | 0.27        |
| rollout/                |             |
|    ep_len_mean          | 8           |
|    ep_rew_mean          | -7.02       |
| time/                   |             |
|    fps                  | 194         |
|    iterations           | 43          |
|    time_elapsed         | 113         |
|    total_timesteps      | 22016       |
| train/                  |             |
|    approx_kl            | 0.026754355 |
|    clip_fraction        | 0.166       |
|    clip_range           | 0.2         |
|    entropy_loss         | -8.75       |
|    explained_variance   | 0.00698     |
|    learning_rate        | 0.0003      |
|    loss                 | -0.00617    |
|    n_updates            | 420         |
|    policy_gradient_loss | -0.0315     |
|    std                  | 0.367       |
|    value_loss           | 0.287       |
-----------------------------------------
-----------------------------------------
| env/                    |             |
|    strehl               | 0.231       |
| rollout/                |             |
|    ep_len_mean          | 8           |
|    ep_rew_mean          | -6.93       |
| time/                   |             |
|    fps                  | 194         |
|    iterations           | 44          |
|    time_elapsed         | 115         |
|    total_timesteps      | 22528       |
| train/                  |             |
|    approx_kl            | 0.025943577 |
|    clip_fraction        | 0.156       |
|    clip_range           | 0.2         |
|    entropy_loss         | -8.76       |
|    explained_variance   | 0.00227     |
|    learning_rate        | 0.0003      |
|    loss                 | -0.0234     |
|    n_updates            | 430         |
|    policy_gradient_loss | -0.0332     |
|    std                  | 0.367       |
|    value_loss           | 0.284       |
-----------------------------------------
-----------------------------------------
| env/                    |             |
|    strehl               | 0.225       |
| rollout/                |             |
|    ep_len_mean          | 8           |
|    ep_rew_mean          | -7          |
| time/                   |             |
|    fps                  | 194         |
|    iterations           | 45          |
|    time_elapsed         | 118         |
|    total_timesteps      | 23040       |
| train/                  |             |
|    approx_kl            | 0.037601866 |
|    clip_fraction        | 0.24        |
|    clip_range           | 0.2         |
|    entropy_loss         | -8.77       |
|    explained_variance   | 0.00231     |
|    learning_rate        | 0.0003      |
|    loss                 | -0.032      |
|    n_updates            | 440         |
|    policy_gradient_loss | -0.0421     |
|    std                  | 0.367       |
|    value_loss           | 0.231       |
-----------------------------------------
-----------------------------------------
| env/                    |             |
|    strehl               | 0.179       |
| rollout/                |             |
|    ep_len_mean          | 8           |
|    ep_rew_mean          | -7.02       |
| time/                   |             |
|    fps                  | 194         |
|    iterations           | 46          |
|    time_elapsed         | 120         |
|    total_timesteps      | 23552       |
| train/                  |             |
|    approx_kl            | 0.031476676 |
|    clip_fraction        | 0.207       |
|    clip_range           | 0.2         |
|    entropy_loss         | -8.76       |
|    explained_variance   | 0.0182      |
|    learning_rate        | 0.0003      |
|    loss                 | -0.0397     |
|    n_updates            | 450         |
|    policy_gradient_loss | -0.0335     |
|    std                  | 0.367       |
|    value_loss           | 0.247       |
-----------------------------------------
----------------------------------------
| env/                    |            |
|    strehl               | 0.249      |
| rollout/                |            |
|    ep_len_mean          | 8          |
|    ep_rew_mean          | -7.01      |
| time/                   |            |
|    fps                  | 194        |
|    iterations           | 47         |
|    time_elapsed         | 123        |
|    total_timesteps      | 24064      |
| train/                  |            |
|    approx_kl            | 0.03031914 |
|    clip_fraction        | 0.191      |
|    clip_range           | 0.2        |
|    entropy_loss         | -8.75      |
|    explained_variance   | 0.000153   |
|    learning_rate        | 0.0003     |
|    loss                 | -0.0264    |
|    n_updates            | 460        |
|    policy_gradient_loss | -0.0381    |
|    std                  | 0.367      |
|    value_loss           | 0.2        |
----------------------------------------
-----------------------------------------
| env/                    |             |
|    strehl               | 0.216       |
| rollout/                |             |
|    ep_len_mean          | 8           |
|    ep_rew_mean          | -7.07       |
| time/                   |             |
|    fps                  | 194         |
|    iterations           | 48          |
|    time_elapsed         | 126         |
|    total_timesteps      | 24576       |
| train/                  |             |
|    approx_kl            | 0.024805611 |
|    clip_fraction        | 0.2         |
|    clip_range           | 0.2         |
|    entropy_loss         | -8.75       |
|    explained_variance   | 0.00504     |
|    learning_rate        | 0.0003      |
|    loss                 | -0.0238     |
|    n_updates            | 470         |
|    policy_gradient_loss | -0.0351     |
|    std                  | 0.367       |
|    value_loss           | 0.217       |
-----------------------------------------
Eval num_timesteps=25000, episode_reward=-6.59 +/- 0.50
Episode length: 8.00 +/- 0.00
-----------------------------------------
| env/                    |             |
|    strehl               | 0.291       |
| eval/                   |             |
|    mean_ep_length       | 8           |
|    mean_reward          | -6.59       |
| time/                   |             |
|    total_timesteps      | 25000       |
| train/                  |             |
|    approx_kl            | 0.040282458 |
|    clip_fraction        | 0.27        |
|    clip_range           | 0.2         |
|    entropy_loss         | -8.73       |
|    explained_variance   | 0.00577     |
|    learning_rate        | 0.0003      |
|    loss                 | -0.041      |
|    n_updates            | 480         |
|    policy_gradient_loss | -0.046      |
|    std                  | 0.367       |
|    value_loss           | 0.179       |
-----------------------------------------
New best mean reward!
---------------------------------
| env/               |          |
|    strehl          | 0.204    |
| rollout/           |          |
|    ep_len_mean     | 8        |
|    ep_rew_mean     | -7.03    |
| time/              |          |
|    fps             | 193      |
|    iterations      | 49       |
|    time_elapsed    | 129      |
|    total_timesteps | 25088    |
---------------------------------
-----------------------------------------
| env/                    |             |
|    strehl               | 0.181       |
| rollout/                |             |
|    ep_len_mean          | 8           |
|    ep_rew_mean          | -7.04       |
| time/                   |             |
|    fps                  | 193         |
|    iterations           | 50          |
|    time_elapsed         | 132         |
|    total_timesteps      | 25600       |
| train/                  |             |
|    approx_kl            | 0.028935324 |
|    clip_fraction        | 0.165       |
|    clip_range           | 0.2         |
|    entropy_loss         | -8.72       |
|    explained_variance   | 0.00154     |
|    learning_rate        | 0.0003      |
|    loss                 | -0.0444     |
|    n_updates            | 490         |
|    policy_gradient_loss | -0.0375     |
|    std                  | 0.367       |
|    value_loss           | 0.17        |
-----------------------------------------
-----------------------------------------
| env/                    |             |
|    strehl               | 0.267       |
| rollout/                |             |
|    ep_len_mean          | 8           |
|    ep_rew_mean          | -6.99       |
| time/                   |             |
|    fps                  | 193         |
|    iterations           | 51          |
|    time_elapsed         | 134         |
|    total_timesteps      | 26112       |
| train/                  |             |
|    approx_kl            | 0.029456329 |
|    clip_fraction        | 0.188       |
|    clip_range           | 0.2         |
|    entropy_loss         | -8.72       |
|    explained_variance   | 0.00439     |
|    learning_rate        | 0.0003      |
|    loss                 | -0.0534     |
|    n_updates            | 500         |
|    policy_gradient_loss | -0.037      |
|    std                  | 0.366       |
|    value_loss           | 0.147       |
-----------------------------------------
----------------------------------------
| env/                    |            |
|    strehl               | 0.293      |
| rollout/                |            |
|    ep_len_mean          | 8          |
|    ep_rew_mean          | -6.93      |
| time/                   |            |
|    fps                  | 193        |
|    iterations           | 52         |
|    time_elapsed         | 137        |
|    total_timesteps      | 26624      |
| train/                  |            |
|    approx_kl            | 0.03156155 |
|    clip_fraction        | 0.191      |
|    clip_range           | 0.2        |
|    entropy_loss         | -8.7       |
|    explained_variance   | -0.00916   |
|    learning_rate        | 0.0003     |
|    loss                 | -0.063     |
|    n_updates            | 510        |
|    policy_gradient_loss | -0.0421    |
|    std                  | 0.366      |
|    value_loss           | 0.132      |
----------------------------------------
----------------------------------------
| env/                    |            |
|    strehl               | 0.271      |
| rollout/                |            |
|    ep_len_mean          | 8          |
|    ep_rew_mean          | -6.95      |
| time/                   |            |
|    fps                  | 193        |
|    iterations           | 53         |
|    time_elapsed         | 140        |
|    total_timesteps      | 27136      |
| train/                  |            |
|    approx_kl            | 0.05680042 |
|    clip_fraction        | 0.261      |
|    clip_range           | 0.2        |
|    entropy_loss         | -8.69      |
|    explained_variance   | -0.00704   |
|    learning_rate        | 0.0003     |
|    loss                 | -0.0654    |
|    n_updates            | 520        |
|    policy_gradient_loss | -0.0548    |
|    std                  | 0.366      |
|    value_loss           | 0.13       |
----------------------------------------
-----------------------------------------
| env/                    |             |
|    strehl               | 0.243       |
| rollout/                |             |
|    ep_len_mean          | 8           |
|    ep_rew_mean          | -6.95       |
| time/                   |             |
|    fps                  | 193         |
|    iterations           | 54          |
|    time_elapsed         | 142         |
|    total_timesteps      | 27648       |
| train/                  |             |
|    approx_kl            | 0.034646377 |
|    clip_fraction        | 0.219       |
|    clip_range           | 0.2         |
|    entropy_loss         | -8.69       |
|    explained_variance   | -0.00725    |
|    learning_rate        | 0.0003      |
|    loss                 | -0.045      |
|    n_updates            | 530         |
|    policy_gradient_loss | -0.0418     |
|    std                  | 0.366       |
|    value_loss           | 0.121       |
-----------------------------------------
----------------------------------------
| env/                    |            |
|    strehl               | 0.27       |
| rollout/                |            |
|    ep_len_mean          | 8          |
|    ep_rew_mean          | -6.93      |
| time/                   |            |
|    fps                  | 193        |
|    iterations           | 55         |
|    time_elapsed         | 145        |
|    total_timesteps      | 28160      |
| train/                  |            |
|    approx_kl            | 0.03554523 |
|    clip_fraction        | 0.254      |
|    clip_range           | 0.2        |
|    entropy_loss         | -8.69      |
|    explained_variance   | -0.0219    |
|    learning_rate        | 0.0003     |
|    loss                 | -0.0608    |
|    n_updates            | 540        |
|    policy_gradient_loss | -0.0451    |
|    std                  | 0.366      |
|    value_loss           | 0.118      |
----------------------------------------
----------------------------------------
| env/                    |            |
|    strehl               | 0.201      |
| rollout/                |            |
|    ep_len_mean          | 8          |
|    ep_rew_mean          | -6.94      |
| time/                   |            |
|    fps                  | 193        |
|    iterations           | 56         |
|    time_elapsed         | 147        |
|    total_timesteps      | 28672      |
| train/                  |            |
|    approx_kl            | 0.03292336 |
|    clip_fraction        | 0.218      |
|    clip_range           | 0.2        |
|    entropy_loss         | -8.69      |
|    explained_variance   | -0.0172    |
|    learning_rate        | 0.0003     |
|    loss                 | -0.0708    |
|    n_updates            | 550        |
|    policy_gradient_loss | -0.0488    |
|    std                  | 0.366      |
|    value_loss           | 0.108      |
----------------------------------------
----------------------------------------
| env/                    |            |
|    strehl               | 0.282      |
| rollout/                |            |
|    ep_len_mean          | 8          |
|    ep_rew_mean          | -6.89      |
| time/                   |            |
|    fps                  | 193        |
|    iterations           | 57         |
|    time_elapsed         | 150        |
|    total_timesteps      | 29184      |
| train/                  |            |
|    approx_kl            | 0.04187972 |
|    clip_fraction        | 0.244      |
|    clip_range           | 0.2        |
|    entropy_loss         | -8.7       |
|    explained_variance   | -0.0134    |
|    learning_rate        | 0.0003     |
|    loss                 | -0.0708    |
|    n_updates            | 560        |
|    policy_gradient_loss | -0.0492    |
|    std                  | 0.366      |
|    value_loss           | 0.109      |
----------------------------------------
-----------------------------------------
| env/                    |             |
|    strehl               | 0.308       |
| rollout/                |             |
|    ep_len_mean          | 8           |
|    ep_rew_mean          | -6.87       |
| time/                   |             |
|    fps                  | 193         |
|    iterations           | 58          |
|    time_elapsed         | 153         |
|    total_timesteps      | 29696       |
| train/                  |             |
|    approx_kl            | 0.045447946 |
|    clip_fraction        | 0.311       |
|    clip_range           | 0.2         |
|    entropy_loss         | -8.69       |
|    explained_variance   | -0.0208     |
|    learning_rate        | 0.0003      |
|    loss                 | -0.0728     |
|    n_updates            | 570         |
|    policy_gradient_loss | -0.0539     |
|    std                  | 0.366       |
|    value_loss           | 0.0935      |
-----------------------------------------
----------------------------------------
| env/                    |            |
|    strehl               | 0.284      |
| rollout/                |            |
|    ep_len_mean          | 8          |
|    ep_rew_mean          | -6.91      |
| time/                   |            |
|    fps                  | 193        |
|    iterations           | 59         |
|    time_elapsed         | 155        |
|    total_timesteps      | 30208      |
| train/                  |            |
|    approx_kl            | 0.02912052 |
|    clip_fraction        | 0.193      |
|    clip_range           | 0.2        |
|    entropy_loss         | -8.68      |
|    explained_variance   | -0.0178    |
|    learning_rate        | 0.0003     |
|    loss                 | -0.052     |
|    n_updates            | 580        |
|    policy_gradient_loss | -0.0429    |
|    std                  | 0.366      |
|    value_loss           | 0.102      |
----------------------------------------
-----------------------------------------
| env/                    |             |
|    strehl               | 0.19        |
| rollout/                |             |
|    ep_len_mean          | 8           |
|    ep_rew_mean          | -6.94       |
| time/                   |             |
|    fps                  | 193         |
|    iterations           | 60          |
|    time_elapsed         | 158         |
|    total_timesteps      | 30720       |
| train/                  |             |
|    approx_kl            | 0.041423462 |
|    clip_fraction        | 0.238       |
|    clip_range           | 0.2         |
|    entropy_loss         | -8.66       |
|    explained_variance   | -0.0222     |
|    learning_rate        | 0.0003      |
|    loss                 | -0.0802     |
|    n_updates            | 590         |
|    policy_gradient_loss | -0.0508     |
|    std                  | 0.366       |
|    value_loss           | 0.0897      |
-----------------------------------------
-----------------------------------------
| env/                    |             |
|    strehl               | 0.219       |
| rollout/                |             |
|    ep_len_mean          | 8           |
|    ep_rew_mean          | -6.92       |
| time/                   |             |
|    fps                  | 193         |
|    iterations           | 61          |
|    time_elapsed         | 161         |
|    total_timesteps      | 31232       |
| train/                  |             |
|    approx_kl            | 0.036967605 |
|    clip_fraction        | 0.251       |
|    clip_range           | 0.2         |
|    entropy_loss         | -8.66       |
|    explained_variance   | -0.0113     |
|    learning_rate        | 0.0003      |
|    loss                 | -0.0712     |
|    n_updates            | 600         |
|    policy_gradient_loss | -0.0463     |
|    std                  | 0.366       |
|    value_loss           | 0.082       |
-----------------------------------------
-----------------------------------------
| env/                    |             |
|    strehl               | 0.191       |
| rollout/                |             |
|    ep_len_mean          | 8           |
|    ep_rew_mean          | -7.02       |
| time/                   |             |
|    fps                  | 193         |
|    iterations           | 62          |
|    time_elapsed         | 163         |
|    total_timesteps      | 31744       |
| train/                  |             |
|    approx_kl            | 0.049589675 |
|    clip_fraction        | 0.305       |
|    clip_range           | 0.2         |
|    entropy_loss         | -8.66       |
|    explained_variance   | -0.025      |
|    learning_rate        | 0.0003      |
|    loss                 | -0.0776     |
|    n_updates            | 610         |
|    policy_gradient_loss | -0.0529     |
|    std                  | 0.366       |
|    value_loss           | 0.0728      |
-----------------------------------------
-----------------------------------------
| env/                    |             |
|    strehl               | 0.27        |
| rollout/                |             |
|    ep_len_mean          | 8           |
|    ep_rew_mean          | -6.98       |
| time/                   |             |
|    fps                  | 193         |
|    iterations           | 63          |
|    time_elapsed         | 166         |
|    total_timesteps      | 32256       |
| train/                  |             |
|    approx_kl            | 0.028355137 |
|    clip_fraction        | 0.21        |
|    clip_range           | 0.2         |
|    entropy_loss         | -8.67       |
|    explained_variance   | -0.0118     |
|    learning_rate        | 0.0003      |
|    loss                 | -0.0602     |
|    n_updates            | 620         |
|    policy_gradient_loss | -0.0424     |
|    std                  | 0.366       |
|    value_loss           | 0.0864      |
-----------------------------------------
-----------------------------------------
| env/                    |             |
|    strehl               | 0.258       |
| rollout/                |             |
|    ep_len_mean          | 8           |
|    ep_rew_mean          | -6.98       |
| time/                   |             |
|    fps                  | 193         |
|    iterations           | 64          |
|    time_elapsed         | 169         |
|    total_timesteps      | 32768       |
| train/                  |             |
|    approx_kl            | 0.041607194 |
|    clip_fraction        | 0.245       |
|    clip_range           | 0.2         |
|    entropy_loss         | -8.67       |
|    explained_variance   | -0.0246     |
|    learning_rate        | 0.0003      |
|    loss                 | -0.0773     |
|    n_updates            | 630         |
|    policy_gradient_loss | -0.049      |
|    std                  | 0.365       |
|    value_loss           | 0.0699      |
-----------------------------------------
-----------------------------------------
| env/                    |             |
|    strehl               | 0.174       |
| rollout/                |             |
|    ep_len_mean          | 8           |
|    ep_rew_mean          | -6.98       |
| time/                   |             |
|    fps                  | 193         |
|    iterations           | 65          |
|    time_elapsed         | 171         |
|    total_timesteps      | 33280       |
| train/                  |             |
|    approx_kl            | 0.037459433 |
|    clip_fraction        | 0.242       |
|    clip_range           | 0.2         |
|    entropy_loss         | -8.63       |
|    explained_variance   | -0.00523    |
|    learning_rate        | 0.0003      |
|    loss                 | -0.0878     |
|    n_updates            | 640         |
|    policy_gradient_loss | -0.0517     |
|    std                  | 0.365       |
|    value_loss           | 0.0738      |
-----------------------------------------
-----------------------------------------
| env/                    |             |
|    strehl               | 0.188       |
| rollout/                |             |
|    ep_len_mean          | 8           |
|    ep_rew_mean          | -7.05       |
| time/                   |             |
|    fps                  | 193         |
|    iterations           | 66          |
|    time_elapsed         | 174         |
|    total_timesteps      | 33792       |
| train/                  |             |
|    approx_kl            | 0.036433216 |
|    clip_fraction        | 0.261       |
|    clip_range           | 0.2         |
|    entropy_loss         | -8.61       |
|    explained_variance   | -0.0178     |
|    learning_rate        | 0.0003      |
|    loss                 | -0.0855     |
|    n_updates            | 650         |
|    policy_gradient_loss | -0.0514     |
|    std                  | 0.365       |
|    value_loss           | 0.0663      |
-----------------------------------------
-----------------------------------------
| env/                    |             |
|    strehl               | 0.277       |
| rollout/                |             |
|    ep_len_mean          | 8           |
|    ep_rew_mean          | -6.91       |
| time/                   |             |
|    fps                  | 193         |
|    iterations           | 67          |
|    time_elapsed         | 177         |
|    total_timesteps      | 34304       |
| train/                  |             |
|    approx_kl            | 0.041300595 |
|    clip_fraction        | 0.269       |
|    clip_range           | 0.2         |
|    entropy_loss         | -8.62       |
|    explained_variance   | -0.0146     |
|    learning_rate        | 0.0003      |
|    loss                 | -0.0798     |
|    n_updates            | 660         |
|    policy_gradient_loss | -0.0513     |
|    std                  | 0.365       |
|    value_loss           | 0.0799      |
-----------------------------------------
-----------------------------------------
| env/                    |             |
|    strehl               | 0.249       |
| rollout/                |             |
|    ep_len_mean          | 8           |
|    ep_rew_mean          | -6.99       |
| time/                   |             |
|    fps                  | 193         |
|    iterations           | 68          |
|    time_elapsed         | 179         |
|    total_timesteps      | 34816       |
| train/                  |             |
|    approx_kl            | 0.058419306 |
|    clip_fraction        | 0.34        |
|    clip_range           | 0.2         |
|    entropy_loss         | -8.63       |
|    explained_variance   | -0.0286     |
|    learning_rate        | 0.0003      |
|    loss                 | -0.078      |
|    n_updates            | 670         |
|    policy_gradient_loss | -0.0614     |
|    std                  | 0.365       |
|    value_loss           | 0.0674      |
-----------------------------------------
-----------------------------------------
| env/                    |             |
|    strehl               | 0.317       |
| rollout/                |             |
|    ep_len_mean          | 8           |
|    ep_rew_mean          | -6.93       |
| time/                   |             |
|    fps                  | 193         |
|    iterations           | 69          |
|    time_elapsed         | 182         |
|    total_timesteps      | 35328       |
| train/                  |             |
|    approx_kl            | 0.042190604 |
|    clip_fraction        | 0.287       |
|    clip_range           | 0.2         |
|    entropy_loss         | -8.64       |
|    explained_variance   | -0.0251     |
|    learning_rate        | 0.0003      |
|    loss                 | -0.0761     |
|    n_updates            | 680         |
|    policy_gradient_loss | -0.05       |
|    std                  | 0.365       |
|    value_loss           | 0.0606      |
-----------------------------------------
----------------------------------------
| env/                    |            |
|    strehl               | 0.278      |
| rollout/                |            |
|    ep_len_mean          | 8          |
|    ep_rew_mean          | -6.89      |
| time/                   |            |
|    fps                  | 193        |
|    iterations           | 70         |
|    time_elapsed         | 185        |
|    total_timesteps      | 35840      |
| train/                  |            |
|    approx_kl            | 0.04737775 |
|    clip_fraction        | 0.313      |
|    clip_range           | 0.2        |
|    entropy_loss         | -8.64      |
|    explained_variance   | -0.0152    |
|    learning_rate        | 0.0003     |
|    loss                 | -0.0651    |
|    n_updates            | 690        |
|    policy_gradient_loss | -0.0514    |
|    std                  | 0.366      |
|    value_loss           | 0.0684     |
----------------------------------------
-----------------------------------------
| env/                    |             |
|    strehl               | 0.232       |
| rollout/                |             |
|    ep_len_mean          | 8           |
|    ep_rew_mean          | -6.92       |
| time/                   |             |
|    fps                  | 193         |
|    iterations           | 71          |
|    time_elapsed         | 187         |
|    total_timesteps      | 36352       |
| train/                  |             |
|    approx_kl            | 0.045320325 |
|    clip_fraction        | 0.344       |
|    clip_range           | 0.2         |
|    entropy_loss         | -8.67       |
|    explained_variance   | -0.0171     |
|    learning_rate        | 0.0003      |
|    loss                 | -0.0905     |
|    n_updates            | 700         |
|    policy_gradient_loss | -0.0594     |
|    std                  | 0.366       |
|    value_loss           | 0.057       |
-----------------------------------------
----------------------------------------
| env/                    |            |
|    strehl               | 0.291      |
| rollout/                |            |
|    ep_len_mean          | 8          |
|    ep_rew_mean          | -6.94      |
| time/                   |            |
|    fps                  | 193        |
|    iterations           | 72         |
|    time_elapsed         | 190        |
|    total_timesteps      | 36864      |
| train/                  |            |
|    approx_kl            | 0.03650661 |
|    clip_fraction        | 0.296      |
|    clip_range           | 0.2        |
|    entropy_loss         | -8.68      |
|    explained_variance   | -0.0248    |
|    learning_rate        | 0.0003     |
|    loss                 | -0.0814    |
|    n_updates            | 710        |
|    policy_gradient_loss | -0.0498    |
|    std                  | 0.366      |
|    value_loss           | 0.0494     |
----------------------------------------
-----------------------------------------
| env/                    |             |
|    strehl               | 0.243       |
| rollout/                |             |
|    ep_len_mean          | 8           |
|    ep_rew_mean          | -6.95       |
| time/                   |             |
|    fps                  | 193         |
|    iterations           | 73          |
|    time_elapsed         | 192         |
|    total_timesteps      | 37376       |
| train/                  |             |
|    approx_kl            | 0.040811855 |
|    clip_fraction        | 0.324       |
|    clip_range           | 0.2         |
|    entropy_loss         | -8.67       |
|    explained_variance   | -0.0165     |
|    learning_rate        | 0.0003      |
|    loss                 | -0.0823     |
|    n_updates            | 720         |
|    policy_gradient_loss | -0.0544     |
|    std                  | 0.365       |
|    value_loss           | 0.065       |
-----------------------------------------
-----------------------------------------
| env/                    |             |
|    strehl               | 0.23        |
| rollout/                |             |
|    ep_len_mean          | 8           |
|    ep_rew_mean          | -6.92       |
| time/                   |             |
|    fps                  | 193         |
|    iterations           | 74          |
|    time_elapsed         | 195         |
|    total_timesteps      | 37888       |
| train/                  |             |
|    approx_kl            | 0.056018922 |
|    clip_fraction        | 0.334       |
|    clip_range           | 0.2         |
|    entropy_loss         | -8.64       |
|    explained_variance   | -0.018      |
|    learning_rate        | 0.0003      |
|    loss                 | -0.0775     |
|    n_updates            | 730         |
|    policy_gradient_loss | -0.0581     |
|    std                  | 0.365       |
|    value_loss           | 0.07        |
-----------------------------------------
----------------------------------------
| env/                    |            |
|    strehl               | 0.332      |
| rollout/                |            |
|    ep_len_mean          | 8          |
|    ep_rew_mean          | -6.91      |
| time/                   |            |
|    fps                  | 193        |
|    iterations           | 75         |
|    time_elapsed         | 198        |
|    total_timesteps      | 38400      |
| train/                  |            |
|    approx_kl            | 0.05211056 |
|    clip_fraction        | 0.336      |
|    clip_range           | 0.2        |
|    entropy_loss         | -8.63      |
|    explained_variance   | -0.0167    |
|    learning_rate        | 0.0003     |
|    loss                 | -0.0796    |
|    n_updates            | 740        |
|    policy_gradient_loss | -0.0579    |
|    std                  | 0.365      |
|    value_loss           | 0.0692     |
----------------------------------------
----------------------------------------
| env/                    |            |
|    strehl               | 0.262      |
| rollout/                |            |
|    ep_len_mean          | 8          |
|    ep_rew_mean          | -6.89      |
| time/                   |            |
|    fps                  | 193        |
|    iterations           | 76         |
|    time_elapsed         | 200        |
|    total_timesteps      | 38912      |
| train/                  |            |
|    approx_kl            | 0.06604086 |
|    clip_fraction        | 0.373      |
|    clip_range           | 0.2        |
|    entropy_loss         | -8.61      |
|    explained_variance   | -0.0142    |
|    learning_rate        | 0.0003     |
|    loss                 | -0.0864    |
|    n_updates            | 750        |
|    policy_gradient_loss | -0.066     |
|    std                  | 0.365      |
|    value_loss           | 0.0617     |
----------------------------------------
-----------------------------------------
| env/                    |             |
|    strehl               | 0.245       |
| rollout/                |             |
|    ep_len_mean          | 8           |
|    ep_rew_mean          | -6.94       |
| time/                   |             |
|    fps                  | 193         |
|    iterations           | 77          |
|    time_elapsed         | 203         |
|    total_timesteps      | 39424       |
| train/                  |             |
|    approx_kl            | 0.054542936 |
|    clip_fraction        | 0.335       |
|    clip_range           | 0.2         |
|    entropy_loss         | -8.6        |
|    explained_variance   | -0.018      |
|    learning_rate        | 0.0003      |
|    loss                 | -0.0834     |
|    n_updates            | 760         |
|    policy_gradient_loss | -0.057      |
|    std                  | 0.364       |
|    value_loss           | 0.0678      |
-----------------------------------------
-----------------------------------------
| env/                    |             |
|    strehl               | 0.241       |
| rollout/                |             |
|    ep_len_mean          | 8           |
|    ep_rew_mean          | -6.95       |
| time/                   |             |
|    fps                  | 193         |
|    iterations           | 78          |
|    time_elapsed         | 205         |
|    total_timesteps      | 39936       |
| train/                  |             |
|    approx_kl            | 0.062471617 |
|    clip_fraction        | 0.32        |
|    clip_range           | 0.2         |
|    entropy_loss         | -8.58       |
|    explained_variance   | -0.0133     |
|    learning_rate        | 0.0003      |
|    loss                 | -0.0966     |
|    n_updates            | 770         |
|    policy_gradient_loss | -0.0648     |
|    std                  | 0.364       |
|    value_loss           | 0.0493      |
-----------------------------------------
---------------------------------------
| env/                    |           |
|    strehl               | 0.268     |
| rollout/                |           |
|    ep_len_mean          | 8         |
|    ep_rew_mean          | -6.93     |
| time/                   |           |
|    fps                  | 193       |
|    iterations           | 79        |
|    time_elapsed         | 208       |
|    total_timesteps      | 40448     |
| train/                  |           |
|    approx_kl            | 0.0582515 |
|    clip_fraction        | 0.336     |
|    clip_range           | 0.2       |
|    entropy_loss         | -8.56     |
|    explained_variance   | -0.0204   |
|    learning_rate        | 0.0003    |
|    loss                 | -0.0722   |
|    n_updates            | 780       |
|    policy_gradient_loss | -0.0613   |
|    std                  | 0.364     |
|    value_loss           | 0.0799    |
---------------------------------------
----------------------------------------
| env/                    |            |
|    strehl               | 0.24       |
| rollout/                |            |
|    ep_len_mean          | 8          |
|    ep_rew_mean          | -6.91      |
| time/                   |            |
|    fps                  | 193        |
|    iterations           | 80         |
|    time_elapsed         | 211        |
|    total_timesteps      | 40960      |
| train/                  |            |
|    approx_kl            | 0.06163244 |
|    clip_fraction        | 0.358      |
|    clip_range           | 0.2        |
|    entropy_loss         | -8.56      |
|    explained_variance   | -0.0225    |
|    learning_rate        | 0.0003     |
|    loss                 | -0.0858    |
|    n_updates            | 790        |
|    policy_gradient_loss | -0.0608    |
|    std                  | 0.364      |
|    value_loss           | 0.0459     |
----------------------------------------
-----------------------------------------
| env/                    |             |
|    strehl               | 0.232       |
| rollout/                |             |
|    ep_len_mean          | 8           |
|    ep_rew_mean          | -6.91       |
| time/                   |             |
|    fps                  | 194         |
|    iterations           | 81          |
|    time_elapsed         | 213         |
|    total_timesteps      | 41472       |
| train/                  |             |
|    approx_kl            | 0.055617034 |
|    clip_fraction        | 0.344       |
|    clip_range           | 0.2         |
|    entropy_loss         | -8.59       |
|    explained_variance   | -0.018      |
|    learning_rate        | 0.0003      |
|    loss                 | -0.0996     |
|    n_updates            | 800         |
|    policy_gradient_loss | -0.0581     |
|    std                  | 0.364       |
|    value_loss           | 0.0442      |
-----------------------------------------
-----------------------------------------
| env/                    |             |
|    strehl               | 0.226       |
| rollout/                |             |
|    ep_len_mean          | 8           |
|    ep_rew_mean          | -6.95       |
| time/                   |             |
|    fps                  | 194         |
|    iterations           | 82          |
|    time_elapsed         | 216         |
|    total_timesteps      | 41984       |
| train/                  |             |
|    approx_kl            | 0.056364916 |
|    clip_fraction        | 0.352       |
|    clip_range           | 0.2         |
|    entropy_loss         | -8.59       |
|    explained_variance   | -0.0223     |
|    learning_rate        | 0.0003      |
|    loss                 | -0.0896     |
|    n_updates            | 810         |
|    policy_gradient_loss | -0.0622     |
|    std                  | 0.364       |
|    value_loss           | 0.0529      |
-----------------------------------------
---------------------------------------
| env/                    |           |
|    strehl               | 0.27      |
| rollout/                |           |
|    ep_len_mean          | 8         |
|    ep_rew_mean          | -6.92     |
| time/                   |           |
|    fps                  | 194       |
|    iterations           | 83        |
|    time_elapsed         | 218       |
|    total_timesteps      | 42496     |
| train/                  |           |
|    approx_kl            | 0.0586705 |
|    clip_fraction        | 0.341     |
|    clip_range           | 0.2       |
|    entropy_loss         | -8.6      |
|    explained_variance   | -0.0164   |
|    learning_rate        | 0.0003    |
|    loss                 | -0.112    |
|    n_updates            | 820       |
|    policy_gradient_loss | -0.0691   |
|    std                  | 0.365     |
|    value_loss           | 0.0449    |
---------------------------------------
----------------------------------------
| env/                    |            |
|    strehl               | 0.278      |
| rollout/                |            |
|    ep_len_mean          | 8          |
|    ep_rew_mean          | -6.92      |
| time/                   |            |
|    fps                  | 194        |
|    iterations           | 84         |
|    time_elapsed         | 221        |
|    total_timesteps      | 43008      |
| train/                  |            |
|    approx_kl            | 0.06875028 |
|    clip_fraction        | 0.4        |
|    clip_range           | 0.2        |
|    entropy_loss         | -8.61      |
|    explained_variance   | -0.0207    |
|    learning_rate        | 0.0003     |
|    loss                 | -0.0979    |
|    n_updates            | 830        |
|    policy_gradient_loss | -0.0694    |
|    std                  | 0.365      |
|    value_loss           | 0.0507     |
----------------------------------------
Early stopping at step 9 due to reaching max kl: 0.08
----------------------------------------
| env/                    |            |
|    strehl               | 0.285      |
| rollout/                |            |
|    ep_len_mean          | 8          |
|    ep_rew_mean          | -6.86      |
| time/                   |            |
|    fps                  | 194        |
|    iterations           | 85         |
|    time_elapsed         | 224        |
|    total_timesteps      | 43520      |
| train/                  |            |
|    approx_kl            | 0.07538888 |
|    clip_fraction        | 0.375      |
|    clip_range           | 0.2        |
|    entropy_loss         | -8.61      |
|    explained_variance   | -0.017     |
|    learning_rate        | 0.0003     |
|    loss                 | -0.0924    |
|    n_updates            | 840        |
|    policy_gradient_loss | -0.0687    |
|    std                  | 0.365      |
|    value_loss           | 0.071      |
----------------------------------------
Early stopping at step 9 due to reaching max kl: 0.08
---------------------------------------
| env/                    |           |
|    strehl               | 0.286     |
| rollout/                |           |
|    ep_len_mean          | 8         |
|    ep_rew_mean          | -6.84     |
| time/                   |           |
|    fps                  | 194       |
|    iterations           | 86        |
|    time_elapsed         | 226       |
|    total_timesteps      | 44032     |
| train/                  |           |
|    approx_kl            | 0.0732631 |
|    clip_fraction        | 0.414     |
|    clip_range           | 0.2       |
|    entropy_loss         | -8.61     |
|    explained_variance   | -0.0183   |
|    learning_rate        | 0.0003    |
|    loss                 | -0.0901   |
|    n_updates            | 850       |
|    policy_gradient_loss | -0.0681   |
|    std                  | 0.365     |
|    value_loss           | 0.0578    |
---------------------------------------
----------------------------------------
| env/                    |            |
|    strehl               | 0.338      |
| rollout/                |            |
|    ep_len_mean          | 8          |
|    ep_rew_mean          | -6.91      |
| time/                   |            |
|    fps                  | 194        |
|    iterations           | 87         |
|    time_elapsed         | 229        |
|    total_timesteps      | 44544      |
| train/                  |            |
|    approx_kl            | 0.05043797 |
|    clip_fraction        | 0.35       |
|    clip_range           | 0.2        |
|    entropy_loss         | -8.6       |
|    explained_variance   | -0.0193    |
|    learning_rate        | 0.0003     |
|    loss                 | -0.0859    |
|    n_updates            | 860        |
|    policy_gradient_loss | -0.0616    |
|    std                  | 0.364      |
|    value_loss           | 0.0604     |
----------------------------------------
----------------------------------------
| env/                    |            |
|    strehl               | 0.275      |
| rollout/                |            |
|    ep_len_mean          | 8          |
|    ep_rew_mean          | -6.9       |
| time/                   |            |
|    fps                  | 194        |
|    iterations           | 88         |
|    time_elapsed         | 231        |
|    total_timesteps      | 45056      |
| train/                  |            |
|    approx_kl            | 0.06523752 |
|    clip_fraction        | 0.418      |
|    clip_range           | 0.2        |
|    entropy_loss         | -8.55      |
|    explained_variance   | -0.0114    |
|    learning_rate        | 0.0003     |
|    loss                 | -0.0863    |
|    n_updates            | 870        |
|    policy_gradient_loss | -0.066     |
|    std                  | 0.363      |
|    value_loss           | 0.0482     |
----------------------------------------
-----------------------------------------
| env/                    |             |
|    strehl               | 0.273       |
| rollout/                |             |
|    ep_len_mean          | 8           |
|    ep_rew_mean          | -6.98       |
| time/                   |             |
|    fps                  | 194         |
|    iterations           | 89          |
|    time_elapsed         | 234         |
|    total_timesteps      | 45568       |
| train/                  |             |
|    approx_kl            | 0.056897357 |
|    clip_fraction        | 0.382       |
|    clip_range           | 0.2         |
|    entropy_loss         | -8.51       |
|    explained_variance   | -0.0139     |
|    learning_rate        | 0.0003      |
|    loss                 | -0.0972     |
|    n_updates            | 880         |
|    policy_gradient_loss | -0.0681     |
|    std                  | 0.363       |
|    value_loss           | 0.0453      |
-----------------------------------------
----------------------------------------
| env/                    |            |
|    strehl               | 0.392      |
| rollout/                |            |
|    ep_len_mean          | 8          |
|    ep_rew_mean          | -6.87      |
| time/                   |            |
|    fps                  | 194        |
|    iterations           | 90         |
|    time_elapsed         | 237        |
|    total_timesteps      | 46080      |
| train/                  |            |
|    approx_kl            | 0.06437601 |
|    clip_fraction        | 0.384      |
|    clip_range           | 0.2        |
|    entropy_loss         | -8.5       |
|    explained_variance   | -0.0126    |
|    learning_rate        | 0.0003     |
|    loss                 | -0.0871    |
|    n_updates            | 890        |
|    policy_gradient_loss | -0.0694    |
|    std                  | 0.363      |
|    value_loss           | 0.0705     |
----------------------------------------
-----------------------------------------
| env/                    |             |
|    strehl               | 0.323       |
| rollout/                |             |
|    ep_len_mean          | 8           |
|    ep_rew_mean          | -6.81       |
| time/                   |             |
|    fps                  | 194         |
|    iterations           | 91          |
|    time_elapsed         | 239         |
|    total_timesteps      | 46592       |
| train/                  |             |
|    approx_kl            | 0.068266794 |
|    clip_fraction        | 0.394       |
|    clip_range           | 0.2         |
|    entropy_loss         | -8.51       |
|    explained_variance   | -0.00895    |
|    learning_rate        | 0.0003      |
|    loss                 | -0.0847     |
|    n_updates            | 900         |
|    policy_gradient_loss | -0.0688     |
|    std                  | 0.363       |
|    value_loss           | 0.0579      |
-----------------------------------------
-----------------------------------------
| env/                    |             |
|    strehl               | 0.235       |
| rollout/                |             |
|    ep_len_mean          | 8           |
|    ep_rew_mean          | -6.86       |
| time/                   |             |
|    fps                  | 194         |
|    iterations           | 92          |
|    time_elapsed         | 242         |
|    total_timesteps      | 47104       |
| train/                  |             |
|    approx_kl            | 0.064824685 |
|    clip_fraction        | 0.358       |
|    clip_range           | 0.2         |
|    entropy_loss         | -8.52       |
|    explained_variance   | -0.0239     |
|    learning_rate        | 0.0003      |
|    loss                 | -0.0935     |
|    n_updates            | 910         |
|    policy_gradient_loss | -0.0626     |
|    std                  | 0.363       |
|    value_loss           | 0.0385      |
-----------------------------------------
Early stopping at step 9 due to reaching max kl: 0.08
----------------------------------------
| env/                    |            |
|    strehl               | 0.227      |
| rollout/                |            |
|    ep_len_mean          | 8          |
|    ep_rew_mean          | -6.91      |
| time/                   |            |
|    fps                  | 194        |
|    iterations           | 93         |
|    time_elapsed         | 245        |
|    total_timesteps      | 47616      |
| train/                  |            |
|    approx_kl            | 0.07556297 |
|    clip_fraction        | 0.372      |
|    clip_range           | 0.2        |
|    entropy_loss         | -8.52      |
|    explained_variance   | -0.0136    |
|    learning_rate        | 0.0003     |
|    loss                 | -0.0873    |
|    n_updates            | 920        |
|    policy_gradient_loss | -0.0602    |
|    std                  | 0.363      |
|    value_loss           | 0.0489     |
----------------------------------------
-----------------------------------------
| env/                    |             |
|    strehl               | 0.288       |
| rollout/                |             |
|    ep_len_mean          | 8           |
|    ep_rew_mean          | -6.87       |
| time/                   |             |
|    fps                  | 194         |
|    iterations           | 94          |
|    time_elapsed         | 247         |
|    total_timesteps      | 48128       |
| train/                  |             |
|    approx_kl            | 0.060103927 |
|    clip_fraction        | 0.348       |
|    clip_range           | 0.2         |
|    entropy_loss         | -8.5        |
|    explained_variance   | -0.013      |
|    learning_rate        | 0.0003      |
|    loss                 | -0.0967     |
|    n_updates            | 930         |
|    policy_gradient_loss | -0.0686     |
|    std                  | 0.363       |
|    value_loss           | 0.0556      |
-----------------------------------------
Early stopping at step 8 due to reaching max kl: 0.08
----------------------------------------
| env/                    |            |
|    strehl               | 0.317      |
| rollout/                |            |
|    ep_len_mean          | 8          |
|    ep_rew_mean          | -6.89      |
| time/                   |            |
|    fps                  | 194        |
|    iterations           | 95         |
|    time_elapsed         | 250        |
|    total_timesteps      | 48640      |
| train/                  |            |
|    approx_kl            | 0.07052745 |
|    clip_fraction        | 0.368      |
|    clip_range           | 0.2        |
|    entropy_loss         | -8.49      |
|    explained_variance   | -0.0122    |
|    learning_rate        | 0.0003     |
|    loss                 | -0.0925    |
|    n_updates            | 939        |
|    policy_gradient_loss | -0.0667    |
|    std                  | 0.363      |
|    value_loss           | 0.0518     |
----------------------------------------
Early stopping at step 8 due to reaching max kl: 0.08
---------------------------------------
| env/                    |           |
|    strehl               | 0.265     |
| rollout/                |           |
|    ep_len_mean          | 8         |
|    ep_rew_mean          | -6.88     |
| time/                   |           |
|    fps                  | 194       |
|    iterations           | 96        |
|    time_elapsed         | 252       |
|    total_timesteps      | 49152     |
| train/                  |           |
|    approx_kl            | 0.0831602 |
|    clip_fraction        | 0.34      |
|    clip_range           | 0.2       |
|    entropy_loss         | -8.49     |
|    explained_variance   | -0.0145   |
|    learning_rate        | 0.0003    |
|    loss                 | -0.0883   |
|    n_updates            | 948       |
|    policy_gradient_loss | -0.0562   |
|    std                  | 0.363     |
|    value_loss           | 0.0594    |
---------------------------------------
Early stopping at step 9 due to reaching max kl: 0.08
----------------------------------------
| env/                    |            |
|    strehl               | 0.323      |
| rollout/                |            |
|    ep_len_mean          | 8          |
|    ep_rew_mean          | -6.85      |
| time/                   |            |
|    fps                  | 194        |
|    iterations           | 97         |
|    time_elapsed         | 255        |
|    total_timesteps      | 49664      |
| train/                  |            |
|    approx_kl            | 0.07573342 |
|    clip_fraction        | 0.396      |
|    clip_range           | 0.2        |
|    entropy_loss         | -8.49      |
|    explained_variance   | -0.0141    |
|    learning_rate        | 0.0003     |
|    loss                 | -0.0768    |
|    n_updates            | 958        |
|    policy_gradient_loss | -0.0655    |
|    std                  | 0.362      |
|    value_loss           | 0.0633     |
----------------------------------------
Eval num_timesteps=50000, episode_reward=-6.12 +/- 0.54
Episode length: 8.00 +/- 0.00
-----------------------------------------
| env/                    |             |
|    strehl               | 0.398       |
| eval/                   |             |
|    mean_ep_length       | 8           |
|    mean_reward          | -6.12       |
| time/                   |             |
|    total_timesteps      | 50000       |
| train/                  |             |
|    approx_kl            | 0.058879144 |
|    clip_fraction        | 0.379       |
|    clip_range           | 0.2         |
|    entropy_loss         | -8.46       |
|    explained_variance   | -0.0215     |
|    learning_rate        | 0.0003      |
|    loss                 | -0.0925     |
|    n_updates            | 968         |
|    policy_gradient_loss | -0.0675     |
|    std                  | 0.362       |
|    value_loss           | 0.0629      |
-----------------------------------------
New best mean reward!
---------------------------------
| env/               |          |
|    strehl          | 0.322    |
| rollout/           |          |
|    ep_len_mean     | 8        |
|    ep_rew_mean     | -6.84    |
| time/              |          |
|    fps             | 193      |
|    iterations      | 98       |
|    time_elapsed    | 258      |
|    total_timesteps | 50176    |
---------------------------------
-----------------------------------------
| env/                    |             |
|    strehl               | 0.329       |
| rollout/                |             |
|    ep_len_mean          | 8           |
|    ep_rew_mean          | -6.85       |
| time/                   |             |
|    fps                  | 193         |
|    iterations           | 99          |
|    time_elapsed         | 261         |
|    total_timesteps      | 50688       |
| train/                  |             |
|    approx_kl            | 0.057178248 |
|    clip_fraction        | 0.412       |
|    clip_range           | 0.2         |
|    entropy_loss         | -8.42       |
|    explained_variance   | -0.0122     |
|    learning_rate        | 0.0003      |
|    loss                 | -0.0841     |
|    n_updates            | 978         |
|    policy_gradient_loss | -0.0631     |
|    std                  | 0.361       |
|    value_loss           | 0.058       |
-----------------------------------------
-----------------------------------------
| env/                    |             |
|    strehl               | 0.309       |
| rollout/                |             |
|    ep_len_mean          | 8           |
|    ep_rew_mean          | -6.85       |
| time/                   |             |
|    fps                  | 193         |
|    iterations           | 100         |
|    time_elapsed         | 263         |
|    total_timesteps      | 51200       |
| train/                  |             |
|    approx_kl            | 0.071260184 |
|    clip_fraction        | 0.393       |
|    clip_range           | 0.2         |
|    entropy_loss         | -8.4        |
|    explained_variance   | -0.0116     |
|    learning_rate        | 0.0003      |
|    loss                 | -0.0971     |
|    n_updates            | 988         |
|    policy_gradient_loss | -0.0717     |
|    std                  | 0.361       |
|    value_loss           | 0.0444      |
-----------------------------------------
Early stopping at step 8 due to reaching max kl: 0.08
----------------------------------------
| env/                    |            |
|    strehl               | 0.297      |
| rollout/                |            |
|    ep_len_mean          | 8          |
|    ep_rew_mean          | -6.85      |
| time/                   |            |
|    fps                  | 194        |
|    iterations           | 101        |
|    time_elapsed         | 266        |
|    total_timesteps      | 51712      |
| train/                  |            |
|    approx_kl            | 0.07303287 |
|    clip_fraction        | 0.384      |
|    clip_range           | 0.2        |
|    entropy_loss         | -8.4       |
|    explained_variance   | -0.0167    |
|    learning_rate        | 0.0003     |
|    loss                 | -0.0919    |
|    n_updates            | 997        |
|    policy_gradient_loss | -0.0689    |
|    std                  | 0.361      |
|    value_loss           | 0.0559     |
----------------------------------------
-----------------------------------------
| env/                    |             |
|    strehl               | 0.345       |
| rollout/                |             |
|    ep_len_mean          | 8           |
|    ep_rew_mean          | -6.85       |
| time/                   |             |
|    fps                  | 194         |
|    iterations           | 102         |
|    time_elapsed         | 269         |
|    total_timesteps      | 52224       |
| train/                  |             |
|    approx_kl            | 0.050606806 |
|    clip_fraction        | 0.334       |
|    clip_range           | 0.2         |
|    entropy_loss         | -8.39       |
|    explained_variance   | -0.0159     |
|    learning_rate        | 0.0003      |
|    loss                 | -0.0833     |
|    n_updates            | 1007        |
|    policy_gradient_loss | -0.0551     |
|    std                  | 0.361       |
|    value_loss           | 0.047       |
-----------------------------------------
----------------------------------------
| env/                    |            |
|    strehl               | 0.266      |
| rollout/                |            |
|    ep_len_mean          | 8          |
|    ep_rew_mean          | -6.85      |
| time/                   |            |
|    fps                  | 194        |
|    iterations           | 103        |
|    time_elapsed         | 271        |
|    total_timesteps      | 52736      |
| train/                  |            |
|    approx_kl            | 0.05470887 |
|    clip_fraction        | 0.35       |
|    clip_range           | 0.2        |
|    entropy_loss         | -8.36      |
|    explained_variance   | -0.0188    |
|    learning_rate        | 0.0003     |
|    loss                 | -0.0908    |
|    n_updates            | 1017       |
|    policy_gradient_loss | -0.0673    |
|    std                  | 0.36       |
|    value_loss           | 0.0544     |
----------------------------------------
Early stopping at step 9 due to reaching max kl: 0.08
----------------------------------------
| env/                    |            |
|    strehl               | 0.299      |
| rollout/                |            |
|    ep_len_mean          | 8          |
|    ep_rew_mean          | -6.89      |
| time/                   |            |
|    fps                  | 194        |
|    iterations           | 104        |
|    time_elapsed         | 274        |
|    total_timesteps      | 53248      |
| train/                  |            |
|    approx_kl            | 0.07354669 |
|    clip_fraction        | 0.365      |
|    clip_range           | 0.2        |
|    entropy_loss         | -8.35      |
|    explained_variance   | -0.0156    |
|    learning_rate        | 0.0003     |
|    loss                 | -0.108     |
|    n_updates            | 1027       |
|    policy_gradient_loss | -0.0755    |
|    std                  | 0.36       |
|    value_loss           | 0.0444     |
----------------------------------------
Early stopping at step 9 due to reaching max kl: 0.09
----------------------------------------
| env/                    |            |
|    strehl               | 0.27       |
| rollout/                |            |
|    ep_len_mean          | 8          |
|    ep_rew_mean          | -6.87      |
| time/                   |            |
|    fps                  | 194        |
|    iterations           | 105        |
|    time_elapsed         | 276        |
|    total_timesteps      | 53760      |
| train/                  |            |
|    approx_kl            | 0.07902184 |
|    clip_fraction        | 0.385      |
|    clip_range           | 0.2        |
|    entropy_loss         | -8.35      |
|    explained_variance   | -0.0135    |
|    learning_rate        | 0.0003     |
|    loss                 | -0.101     |
|    n_updates            | 1037       |
|    policy_gradient_loss | -0.0653    |
|    std                  | 0.36       |
|    value_loss           | 0.0357     |
----------------------------------------
----------------------------------------
| env/                    |            |
|    strehl               | 0.316      |
| rollout/                |            |
|    ep_len_mean          | 8          |
|    ep_rew_mean          | -6.83      |
| time/                   |            |
|    fps                  | 194        |
|    iterations           | 106        |
|    time_elapsed         | 279        |
|    total_timesteps      | 54272      |
| train/                  |            |
|    approx_kl            | 0.06518156 |
|    clip_fraction        | 0.388      |
|    clip_range           | 0.2        |
|    entropy_loss         | -8.35      |
|    explained_variance   | -0.0132    |
|    learning_rate        | 0.0003     |
|    loss                 | -0.0927    |
|    n_updates            | 1047       |
|    policy_gradient_loss | -0.0694    |
|    std                  | 0.36       |
|    value_loss           | 0.0411     |
----------------------------------------
-----------------------------------------
| env/                    |             |
|    strehl               | 0.289       |
| rollout/                |             |
|    ep_len_mean          | 8           |
|    ep_rew_mean          | -6.85       |
| time/                   |             |
|    fps                  | 194         |
|    iterations           | 107         |
|    time_elapsed         | 282         |
|    total_timesteps      | 54784       |
| train/                  |             |
|    approx_kl            | 0.054784678 |
|    clip_fraction        | 0.346       |
|    clip_range           | 0.2         |
|    entropy_loss         | -8.36       |
|    explained_variance   | -0.0103     |
|    learning_rate        | 0.0003      |
|    loss                 | -0.0855     |
|    n_updates            | 1057        |
|    policy_gradient_loss | -0.0635     |
|    std                  | 0.361       |
|    value_loss           | 0.0621      |
-----------------------------------------
-----------------------------------------
| env/                    |             |
|    strehl               | 0.337       |
| rollout/                |             |
|    ep_len_mean          | 8           |
|    ep_rew_mean          | -6.82       |
| time/                   |             |
|    fps                  | 194         |
|    iterations           | 108         |
|    time_elapsed         | 284         |
|    total_timesteps      | 55296       |
| train/                  |             |
|    approx_kl            | 0.066175625 |
|    clip_fraction        | 0.395       |
|    clip_range           | 0.2         |
|    entropy_loss         | -8.37       |
|    explained_variance   | -0.0129     |
|    learning_rate        | 0.0003      |
|    loss                 | -0.0995     |
|    n_updates            | 1067        |
|    policy_gradient_loss | -0.0715     |
|    std                  | 0.36        |
|    value_loss           | 0.0486      |
-----------------------------------------
----------------------------------------
| env/                    |            |
|    strehl               | 0.348      |
| rollout/                |            |
|    ep_len_mean          | 8          |
|    ep_rew_mean          | -6.79      |
| time/                   |            |
|    fps                  | 194        |
|    iterations           | 109        |
|    time_elapsed         | 287        |
|    total_timesteps      | 55808      |
| train/                  |            |
|    approx_kl            | 0.06802092 |
|    clip_fraction        | 0.387      |
|    clip_range           | 0.2        |
|    entropy_loss         | -8.36      |
|    explained_variance   | -0.0175    |
|    learning_rate        | 0.0003     |
|    loss                 | -0.0957    |
|    n_updates            | 1077       |
|    policy_gradient_loss | -0.0721    |
|    std                  | 0.36       |
|    value_loss           | 0.0715     |
----------------------------------------
----------------------------------------
| env/                    |            |
|    strehl               | 0.339      |
| rollout/                |            |
|    ep_len_mean          | 8          |
|    ep_rew_mean          | -6.7       |
| time/                   |            |
|    fps                  | 194        |
|    iterations           | 110        |
|    time_elapsed         | 290        |
|    total_timesteps      | 56320      |
| train/                  |            |
|    approx_kl            | 0.06776686 |
|    clip_fraction        | 0.407      |
|    clip_range           | 0.2        |
|    entropy_loss         | -8.35      |
|    explained_variance   | -0.0165    |
|    learning_rate        | 0.0003     |
|    loss                 | -0.0958    |
|    n_updates            | 1087       |
|    policy_gradient_loss | -0.0713    |
|    std                  | 0.36       |
|    value_loss           | 0.0621     |
----------------------------------------
Early stopping at step 9 due to reaching max kl: 0.08
-----------------------------------------
| env/                    |             |
|    strehl               | 0.345       |
| rollout/                |             |
|    ep_len_mean          | 8           |
|    ep_rew_mean          | -6.73       |
| time/                   |             |
|    fps                  | 194         |
|    iterations           | 111         |
|    time_elapsed         | 292         |
|    total_timesteps      | 56832       |
| train/                  |             |
|    approx_kl            | 0.064690396 |
|    clip_fraction        | 0.393       |
|    clip_range           | 0.2         |
|    entropy_loss         | -8.32       |
|    explained_variance   | -0.0107     |
|    learning_rate        | 0.0003      |
|    loss                 | -0.0983     |
|    n_updates            | 1097        |
|    policy_gradient_loss | -0.0714     |
|    std                  | 0.36        |
|    value_loss           | 0.0485      |
-----------------------------------------
-----------------------------------------
| env/                    |             |
|    strehl               | 0.315       |
| rollout/                |             |
|    ep_len_mean          | 8           |
|    ep_rew_mean          | -6.73       |
| time/                   |             |
|    fps                  | 194         |
|    iterations           | 112         |
|    time_elapsed         | 295         |
|    total_timesteps      | 57344       |
| train/                  |             |
|    approx_kl            | 0.056809314 |
|    clip_fraction        | 0.349       |
|    clip_range           | 0.2         |
|    entropy_loss         | -8.3        |
|    explained_variance   | -0.0163     |
|    learning_rate        | 0.0003      |
|    loss                 | -0.103      |
|    n_updates            | 1107        |
|    policy_gradient_loss | -0.0647     |
|    std                  | 0.359       |
|    value_loss           | 0.0471      |
-----------------------------------------
-----------------------------------------
| env/                    |             |
|    strehl               | 0.331       |
| rollout/                |             |
|    ep_len_mean          | 8           |
|    ep_rew_mean          | -6.72       |
| time/                   |             |
|    fps                  | 194         |
|    iterations           | 113         |
|    time_elapsed         | 298         |
|    total_timesteps      | 57856       |
| train/                  |             |
|    approx_kl            | 0.060156688 |
|    clip_fraction        | 0.362       |
|    clip_range           | 0.2         |
|    entropy_loss         | -8.29       |
|    explained_variance   | -0.013      |
|    learning_rate        | 0.0003      |
|    loss                 | -0.0835     |
|    n_updates            | 1117        |
|    policy_gradient_loss | -0.0678     |
|    std                  | 0.359       |
|    value_loss           | 0.0728      |
-----------------------------------------
Early stopping at step 8 due to reaching max kl: 0.09
----------------------------------------
| env/                    |            |
|    strehl               | 0.271      |
| rollout/                |            |
|    ep_len_mean          | 8          |
|    ep_rew_mean          | -6.7       |
| time/                   |            |
|    fps                  | 194        |
|    iterations           | 114        |
|    time_elapsed         | 300        |
|    total_timesteps      | 58368      |
| train/                  |            |
|    approx_kl            | 0.08134958 |
|    clip_fraction        | 0.373      |
|    clip_range           | 0.2        |
|    entropy_loss         | -8.29      |
|    explained_variance   | -0.0106    |
|    learning_rate        | 0.0003     |
|    loss                 | -0.0878    |
|    n_updates            | 1126       |
|    policy_gradient_loss | -0.0694    |
|    std                  | 0.359      |
|    value_loss           | 0.0569     |
----------------------------------------
---------------------------------------
| env/                    |           |
|    strehl               | 0.313     |
| rollout/                |           |
|    ep_len_mean          | 8         |
|    ep_rew_mean          | -6.73     |
| time/                   |           |
|    fps                  | 193       |
|    iterations           | 115       |
|    time_elapsed         | 303       |
|    total_timesteps      | 58880     |
| train/                  |           |
|    approx_kl            | 0.0678596 |
|    clip_fraction        | 0.376     |
|    clip_range           | 0.2       |
|    entropy_loss         | -8.29     |
|    explained_variance   | -0.0115   |
|    learning_rate        | 0.0003    |
|    loss                 | -0.09     |
|    n_updates            | 1136      |
|    policy_gradient_loss | -0.0693   |
|    std                  | 0.359     |
|    value_loss           | 0.0626    |
---------------------------------------
----------------------------------------
| env/                    |            |
|    strehl               | 0.337      |
| rollout/                |            |
|    ep_len_mean          | 8          |
|    ep_rew_mean          | -6.7       |
| time/                   |            |
|    fps                  | 193        |
|    iterations           | 116        |
|    time_elapsed         | 306        |
|    total_timesteps      | 59392      |
| train/                  |            |
|    approx_kl            | 0.06672458 |
|    clip_fraction        | 0.376      |
|    clip_range           | 0.2        |
|    entropy_loss         | -8.28      |
|    explained_variance   | -0.0131    |
|    learning_rate        | 0.0003     |
|    loss                 | -0.0952    |
|    n_updates            | 1146       |
|    policy_gradient_loss | -0.0719    |
|    std                  | 0.359      |
|    value_loss           | 0.0628     |
----------------------------------------
Early stopping at step 9 due to reaching max kl: 0.09
-----------------------------------------
| env/                    |             |
|    strehl               | 0.338       |
| rollout/                |             |
|    ep_len_mean          | 8           |
|    ep_rew_mean          | -6.73       |
| time/                   |             |
|    fps                  | 193         |
|    iterations           | 117         |
|    time_elapsed         | 308         |
|    total_timesteps      | 59904       |
| train/                  |             |
|    approx_kl            | 0.074300565 |
|    clip_fraction        | 0.361       |
|    clip_range           | 0.2         |
|    entropy_loss         | -8.26       |
|    explained_variance   | -0.00771    |
|    learning_rate        | 0.0003      |
|    loss                 | -0.0807     |
|    n_updates            | 1156        |
|    policy_gradient_loss | -0.0709     |
|    std                  | 0.359       |
|    value_loss           | 0.0621      |
-----------------------------------------
-----------------------------------------
| env/                    |             |
|    strehl               | 0.345       |
| rollout/                |             |
|    ep_len_mean          | 8           |
|    ep_rew_mean          | -6.71       |
| time/                   |             |
|    fps                  | 193         |
|    iterations           | 118         |
|    time_elapsed         | 311         |
|    total_timesteps      | 60416       |
| train/                  |             |
|    approx_kl            | 0.071884215 |
|    clip_fraction        | 0.353       |
|    clip_range           | 0.2         |
|    entropy_loss         | -8.26       |
|    explained_variance   | -0.0121     |
|    learning_rate        | 0.0003      |
|    loss                 | -0.0836     |
|    n_updates            | 1166        |
|    policy_gradient_loss | -0.0662     |
|    std                  | 0.359       |
|    value_loss           | 0.0609      |
-----------------------------------------
----------------------------------------
| env/                    |            |
|    strehl               | 0.369      |
| rollout/                |            |
|    ep_len_mean          | 8          |
|    ep_rew_mean          | -6.74      |
| time/                   |            |
|    fps                  | 193        |
|    iterations           | 119        |
|    time_elapsed         | 314        |
|    total_timesteps      | 60928      |
| train/                  |            |
|    approx_kl            | 0.05671738 |
|    clip_fraction        | 0.404      |
|    clip_range           | 0.2        |
|    entropy_loss         | -8.24      |
|    explained_variance   | -0.0105    |
|    learning_rate        | 0.0003     |
|    loss                 | -0.0869    |
|    n_updates            | 1176       |
|    policy_gradient_loss | -0.071     |
|    std                  | 0.358      |
|    value_loss           | 0.0533     |
----------------------------------------
-----------------------------------------
| env/                    |             |
|    strehl               | 0.308       |
| rollout/                |             |
|    ep_len_mean          | 8           |
|    ep_rew_mean          | -6.74       |
| time/                   |             |
|    fps                  | 193         |
|    iterations           | 120         |
|    time_elapsed         | 317         |
|    total_timesteps      | 61440       |
| train/                  |             |
|    approx_kl            | 0.056625783 |
|    clip_fraction        | 0.37        |
|    clip_range           | 0.2         |
|    entropy_loss         | -8.23       |
|    explained_variance   | -0.011      |
|    learning_rate        | 0.0003      |
|    loss                 | -0.103      |
|    n_updates            | 1186        |
|    policy_gradient_loss | -0.0612     |
|    std                  | 0.358       |
|    value_loss           | 0.046       |
-----------------------------------------
Early stopping at step 8 due to reaching max kl: 0.08
----------------------------------------
| env/                    |            |
|    strehl               | 0.404      |
| rollout/                |            |
|    ep_len_mean          | 8          |
|    ep_rew_mean          | -6.74      |
| time/                   |            |
|    fps                  | 193        |
|    iterations           | 121        |
|    time_elapsed         | 319        |
|    total_timesteps      | 61952      |
| train/                  |            |
|    approx_kl            | 0.08009179 |
|    clip_fraction        | 0.339      |
|    clip_range           | 0.2        |
|    entropy_loss         | -8.22      |
|    explained_variance   | -0.0127    |
|    learning_rate        | 0.0003     |
|    loss                 | -0.0954    |
|    n_updates            | 1195       |
|    policy_gradient_loss | -0.0617    |
|    std                  | 0.358      |
|    value_loss           | 0.0682     |
----------------------------------------
Early stopping at step 9 due to reaching max kl: 0.08
----------------------------------------
| env/                    |            |
|    strehl               | 0.291      |
| rollout/                |            |
|    ep_len_mean          | 8          |
|    ep_rew_mean          | -6.82      |
| time/                   |            |
|    fps                  | 193        |
|    iterations           | 122        |
|    time_elapsed         | 322        |
|    total_timesteps      | 62464      |
| train/                  |            |
|    approx_kl            | 0.07524627 |
|    clip_fraction        | 0.382      |
|    clip_range           | 0.2        |
|    entropy_loss         | -8.21      |
|    explained_variance   | -0.00745   |
|    learning_rate        | 0.0003     |
|    loss                 | -0.0972    |
|    n_updates            | 1205       |
|    policy_gradient_loss | -0.0711    |
|    std                  | 0.358      |
|    value_loss           | 0.0518     |
----------------------------------------
Early stopping at step 9 due to reaching max kl: 0.08
-----------------------------------------
| env/                    |             |
|    strehl               | 0.338       |
| rollout/                |             |
|    ep_len_mean          | 8           |
|    ep_rew_mean          | -6.83       |
| time/                   |             |
|    fps                  | 193         |
|    iterations           | 123         |
|    time_elapsed         | 324         |
|    total_timesteps      | 62976       |
| train/                  |             |
|    approx_kl            | 0.069435254 |
|    clip_fraction        | 0.358       |
|    clip_range           | 0.2         |
|    entropy_loss         | -8.2        |
|    explained_variance   | -0.00907    |
|    learning_rate        | 0.0003      |
|    loss                 | -0.0909     |
|    n_updates            | 1215        |
|    policy_gradient_loss | -0.0676     |
|    std                  | 0.357       |
|    value_loss           | 0.0541      |
-----------------------------------------
Early stopping at step 7 due to reaching max kl: 0.08
----------------------------------------
| env/                    |            |
|    strehl               | 0.376      |
| rollout/                |            |
|    ep_len_mean          | 8          |
|    ep_rew_mean          | -6.63      |
| time/                   |            |
|    fps                  | 194        |
|    iterations           | 124        |
|    time_elapsed         | 327        |
|    total_timesteps      | 63488      |
| train/                  |            |
|    approx_kl            | 0.07256183 |
|    clip_fraction        | 0.348      |
|    clip_range           | 0.2        |
|    entropy_loss         | -8.19      |
|    explained_variance   | -0.0127    |
|    learning_rate        | 0.0003     |
|    loss                 | -0.0769    |
|    n_updates            | 1223       |
|    policy_gradient_loss | -0.0618    |
|    std                  | 0.357      |
|    value_loss           | 0.058      |
----------------------------------------
----------------------------------------
| env/                    |            |
|    strehl               | 0.293      |
| rollout/                |            |
|    ep_len_mean          | 8          |
|    ep_rew_mean          | -6.67      |
| time/                   |            |
|    fps                  | 194        |
|    iterations           | 125        |
|    time_elapsed         | 329        |
|    total_timesteps      | 64000      |
| train/                  |            |
|    approx_kl            | 0.06988491 |
|    clip_fraction        | 0.382      |
|    clip_range           | 0.2        |
|    entropy_loss         | -8.19      |
|    explained_variance   | -0.00973   |
|    learning_rate        | 0.0003     |
|    loss                 | -0.0945    |
|    n_updates            | 1233       |
|    policy_gradient_loss | -0.0727    |
|    std                  | 0.357      |
|    value_loss           | 0.0722     |
----------------------------------------
Early stopping at step 9 due to reaching max kl: 0.09
----------------------------------------
| env/                    |            |
|    strehl               | 0.343      |
| rollout/                |            |
|    ep_len_mean          | 8          |
|    ep_rew_mean          | -6.7       |
| time/                   |            |
|    fps                  | 194        |
|    iterations           | 126        |
|    time_elapsed         | 332        |
|    total_timesteps      | 64512      |
| train/                  |            |
|    approx_kl            | 0.08605183 |
|    clip_fraction        | 0.419      |
|    clip_range           | 0.2        |
|    entropy_loss         | -8.18      |
|    explained_variance   | -0.0121    |
|    learning_rate        | 0.0003     |
|    loss                 | -0.102     |
|    n_updates            | 1243       |
|    policy_gradient_loss | -0.069     |
|    std                  | 0.357      |
|    value_loss           | 0.0553     |
----------------------------------------
Early stopping at step 9 due to reaching max kl: 0.08
----------------------------------------
| env/                    |            |
|    strehl               | 0.366      |
| rollout/                |            |
|    ep_len_mean          | 8          |
|    ep_rew_mean          | -6.72      |
| time/                   |            |
|    fps                  | 194        |
|    iterations           | 127        |
|    time_elapsed         | 334        |
|    total_timesteps      | 65024      |
| train/                  |            |
|    approx_kl            | 0.07066517 |
|    clip_fraction        | 0.434      |
|    clip_range           | 0.2        |
|    entropy_loss         | -8.18      |
|    explained_variance   | -0.00665   |
|    learning_rate        | 0.0003     |
|    loss                 | -0.0864    |
|    n_updates            | 1253       |
|    policy_gradient_loss | -0.0665    |
|    std                  | 0.357      |
|    value_loss           | 0.0487     |
----------------------------------------
-----------------------------------------
| env/                    |             |
|    strehl               | 0.393       |
| rollout/                |             |
|    ep_len_mean          | 8           |
|    ep_rew_mean          | -6.75       |
| time/                   |             |
|    fps                  | 194         |
|    iterations           | 128         |
|    time_elapsed         | 337         |
|    total_timesteps      | 65536       |
| train/                  |             |
|    approx_kl            | 0.060022652 |
|    clip_fraction        | 0.353       |
|    clip_range           | 0.2         |
|    entropy_loss         | -8.17       |
|    explained_variance   | -0.00876    |
|    learning_rate        | 0.0003      |
|    loss                 | -0.0933     |
|    n_updates            | 1263        |
|    policy_gradient_loss | -0.0679     |
|    std                  | 0.357       |
|    value_loss           | 0.0599      |
-----------------------------------------
Early stopping at step 8 due to reaching max kl: 0.08
----------------------------------------
| env/                    |            |
|    strehl               | 0.341      |
| rollout/                |            |
|    ep_len_mean          | 8          |
|    ep_rew_mean          | -6.72      |
| time/                   |            |
|    fps                  | 194        |
|    iterations           | 129        |
|    time_elapsed         | 340        |
|    total_timesteps      | 66048      |
| train/                  |            |
|    approx_kl            | 0.07255361 |
|    clip_fraction        | 0.406      |
|    clip_range           | 0.2        |
|    entropy_loss         | -8.17      |
|    explained_variance   | -0.00647   |
|    learning_rate        | 0.0003     |
|    loss                 | -0.0839    |
|    n_updates            | 1272       |
|    policy_gradient_loss | -0.0699    |
|    std                  | 0.357      |
|    value_loss           | 0.055      |
----------------------------------------
Early stopping at step 9 due to reaching max kl: 0.08
-----------------------------------------
| env/                    |             |
|    strehl               | 0.347       |
| rollout/                |             |
|    ep_len_mean          | 8           |
|    ep_rew_mean          | -6.68       |
| time/                   |             |
|    fps                  | 194         |
|    iterations           | 130         |
|    time_elapsed         | 342         |
|    total_timesteps      | 66560       |
| train/                  |             |
|    approx_kl            | 0.077102415 |
|    clip_fraction        | 0.383       |
|    clip_range           | 0.2         |
|    entropy_loss         | -8.16       |
|    explained_variance   | -0.0109     |
|    learning_rate        | 0.0003      |
|    loss                 | -0.0922     |
|    n_updates            | 1282        |
|    policy_gradient_loss | -0.0654     |
|    std                  | 0.357       |
|    value_loss           | 0.0579      |
-----------------------------------------
Early stopping at step 8 due to reaching max kl: 0.08
----------------------------------------
| env/                    |            |
|    strehl               | 0.292      |
| rollout/                |            |
|    ep_len_mean          | 8          |
|    ep_rew_mean          | -6.71      |
| time/                   |            |
|    fps                  | 194        |
|    iterations           | 131        |
|    time_elapsed         | 345        |
|    total_timesteps      | 67072      |
| train/                  |            |
|    approx_kl            | 0.07804667 |
|    clip_fraction        | 0.354      |
|    clip_range           | 0.2        |
|    entropy_loss         | -8.15      |
|    explained_variance   | -0.00815   |
|    learning_rate        | 0.0003     |
|    loss                 | -0.0998    |
|    n_updates            | 1291       |
|    policy_gradient_loss | -0.0654    |
|    std                  | 0.357      |
|    value_loss           | 0.0434     |
----------------------------------------
Early stopping at step 9 due to reaching max kl: 0.08
----------------------------------------
| env/                    |            |
|    strehl               | 0.352      |
| rollout/                |            |
|    ep_len_mean          | 8          |
|    ep_rew_mean          | -6.73      |
| time/                   |            |
|    fps                  | 194        |
|    iterations           | 132        |
|    time_elapsed         | 347        |
|    total_timesteps      | 67584      |
| train/                  |            |
|    approx_kl            | 0.07587278 |
|    clip_fraction        | 0.363      |
|    clip_range           | 0.2        |
|    entropy_loss         | -8.14      |
|    explained_variance   | -0.0107    |
|    learning_rate        | 0.0003     |
|    loss                 | -0.0928    |
|    n_updates            | 1301       |
|    policy_gradient_loss | -0.0687    |
|    std                  | 0.357      |
|    value_loss           | 0.0557     |
----------------------------------------
Early stopping at step 7 due to reaching max kl: 0.08
----------------------------------------
| env/                    |            |
|    strehl               | 0.326      |
| rollout/                |            |
|    ep_len_mean          | 8          |
|    ep_rew_mean          | -6.7       |
| time/                   |            |
|    fps                  | 194        |
|    iterations           | 133        |
|    time_elapsed         | 350        |
|    total_timesteps      | 68096      |
| train/                  |            |
|    approx_kl            | 0.06982899 |
|    clip_fraction        | 0.319      |
|    clip_range           | 0.2        |
|    entropy_loss         | -8.13      |
|    explained_variance   | -0.01      |
|    learning_rate        | 0.0003     |
|    loss                 | -0.0853    |
|    n_updates            | 1309       |
|    policy_gradient_loss | -0.0632    |
|    std                  | 0.356      |
|    value_loss           | 0.0656     |
----------------------------------------
----------------------------------------
| env/                    |            |
|    strehl               | 0.363      |
| rollout/                |            |
|    ep_len_mean          | 8          |
|    ep_rew_mean          | -6.71      |
| time/                   |            |
|    fps                  | 194        |
|    iterations           | 134        |
|    time_elapsed         | 352        |
|    total_timesteps      | 68608      |
| train/                  |            |
|    approx_kl            | 0.06670544 |
|    clip_fraction        | 0.346      |
|    clip_range           | 0.2        |
|    entropy_loss         | -8.12      |
|    explained_variance   | -0.00973   |
|    learning_rate        | 0.0003     |
|    loss                 | -0.0991    |
|    n_updates            | 1319       |
|    policy_gradient_loss | -0.0621    |
|    std                  | 0.357      |
|    value_loss           | 0.0499     |
----------------------------------------
Early stopping at step 7 due to reaching max kl: 0.08
----------------------------------------
| env/                    |            |
|    strehl               | 0.386      |
| rollout/                |            |
|    ep_len_mean          | 8          |
|    ep_rew_mean          | -6.66      |
| time/                   |            |
|    fps                  | 194        |
|    iterations           | 135        |
|    time_elapsed         | 354        |
|    total_timesteps      | 69120      |
| train/                  |            |
|    approx_kl            | 0.07051029 |
|    clip_fraction        | 0.395      |
|    clip_range           | 0.2        |
|    entropy_loss         | -8.14      |
|    explained_variance   | -0.00851   |
|    learning_rate        | 0.0003     |
|    loss                 | -0.105     |
|    n_updates            | 1327       |
|    policy_gradient_loss | -0.0692    |
|    std                  | 0.357      |
|    value_loss           | 0.0429     |
----------------------------------------
Early stopping at step 8 due to reaching max kl: 0.08
-----------------------------------------
| env/                    |             |
|    strehl               | 0.356       |
| rollout/                |             |
|    ep_len_mean          | 8           |
|    ep_rew_mean          | -6.71       |
| time/                   |             |
|    fps                  | 194         |
|    iterations           | 136         |
|    time_elapsed         | 357         |
|    total_timesteps      | 69632       |
| train/                  |             |
|    approx_kl            | 0.076951966 |
|    clip_fraction        | 0.343       |
|    clip_range           | 0.2         |
|    entropy_loss         | -8.15       |
|    explained_variance   | -0.00901    |
|    learning_rate        | 0.0003      |
|    loss                 | -0.0915     |
|    n_updates            | 1336        |
|    policy_gradient_loss | -0.063      |
|    std                  | 0.357       |
|    value_loss           | 0.0654      |
-----------------------------------------
----------------------------------------
| env/                    |            |
|    strehl               | 0.385      |
| rollout/                |            |
|    ep_len_mean          | 8          |
|    ep_rew_mean          | -6.71      |
| time/                   |            |
|    fps                  | 194        |
|    iterations           | 137        |
|    time_elapsed         | 360        |
|    total_timesteps      | 70144      |
| train/                  |            |
|    approx_kl            | 0.06981753 |
|    clip_fraction        | 0.414      |
|    clip_range           | 0.2        |
|    entropy_loss         | -8.16      |
|    explained_variance   | -0.0094    |
|    learning_rate        | 0.0003     |
|    loss                 | -0.0989    |
|    n_updates            | 1346       |
|    policy_gradient_loss | -0.068     |
|    std                  | 0.357      |
|    value_loss           | 0.0454     |
----------------------------------------
----------------------------------------
| env/                    |            |
|    strehl               | 0.351      |
| rollout/                |            |
|    ep_len_mean          | 8          |
|    ep_rew_mean          | -6.72      |
| time/                   |            |
|    fps                  | 194        |
|    iterations           | 138        |
|    time_elapsed         | 362        |
|    total_timesteps      | 70656      |
| train/                  |            |
|    approx_kl            | 0.06812696 |
|    clip_fraction        | 0.335      |
|    clip_range           | 0.2        |
|    entropy_loss         | -8.17      |
|    explained_variance   | -0.00851   |
|    learning_rate        | 0.0003     |
|    loss                 | -0.0904    |
|    n_updates            | 1356       |
|    policy_gradient_loss | -0.0667    |
|    std                  | 0.357      |
|    value_loss           | 0.0566     |
----------------------------------------
-----------------------------------------
| env/                    |             |
|    strehl               | 0.334       |
| rollout/                |             |
|    ep_len_mean          | 8           |
|    ep_rew_mean          | -6.64       |
| time/                   |             |
|    fps                  | 194         |
|    iterations           | 139         |
|    time_elapsed         | 365         |
|    total_timesteps      | 71168       |
| train/                  |             |
|    approx_kl            | 0.065668344 |
|    clip_fraction        | 0.36        |
|    clip_range           | 0.2         |
|    entropy_loss         | -8.18       |
|    explained_variance   | -0.00919    |
|    learning_rate        | 0.0003      |
|    loss                 | -0.0855     |
|    n_updates            | 1366        |
|    policy_gradient_loss | -0.0678     |
|    std                  | 0.357       |
|    value_loss           | 0.0676      |
-----------------------------------------
Early stopping at step 8 due to reaching max kl: 0.09
-----------------------------------------
| env/                    |             |
|    strehl               | 0.279       |
| rollout/                |             |
|    ep_len_mean          | 8           |
|    ep_rew_mean          | -6.74       |
| time/                   |             |
|    fps                  | 194         |
|    iterations           | 140         |
|    time_elapsed         | 367         |
|    total_timesteps      | 71680       |
| train/                  |             |
|    approx_kl            | 0.078820184 |
|    clip_fraction        | 0.387       |
|    clip_range           | 0.2         |
|    entropy_loss         | -8.18       |
|    explained_variance   | -0.00685    |
|    learning_rate        | 0.0003      |
|    loss                 | -0.0766     |
|    n_updates            | 1375        |
|    policy_gradient_loss | -0.0621     |
|    std                  | 0.357       |
|    value_loss           | 0.0774      |
-----------------------------------------
Early stopping at step 9 due to reaching max kl: 0.08
----------------------------------------
| env/                    |            |
|    strehl               | 0.374      |
| rollout/                |            |
|    ep_len_mean          | 8          |
|    ep_rew_mean          | -6.74      |
| time/                   |            |
|    fps                  | 194        |
|    iterations           | 141        |
|    time_elapsed         | 370        |
|    total_timesteps      | 72192      |
| train/                  |            |
|    approx_kl            | 0.07723583 |
|    clip_fraction        | 0.395      |
|    clip_range           | 0.2        |
|    entropy_loss         | -8.18      |
|    explained_variance   | -0.00817   |
|    learning_rate        | 0.0003     |
|    loss                 | -0.0806    |
|    n_updates            | 1385       |
|    policy_gradient_loss | -0.0638    |
|    std                  | 0.357      |
|    value_loss           | 0.039      |
----------------------------------------
Early stopping at step 7 due to reaching max kl: 0.08
----------------------------------------
| env/                    |            |
|    strehl               | 0.322      |
| rollout/                |            |
|    ep_len_mean          | 8          |
|    ep_rew_mean          | -6.7       |
| time/                   |            |
|    fps                  | 194        |
|    iterations           | 142        |
|    time_elapsed         | 372        |
|    total_timesteps      | 72704      |
| train/                  |            |
|    approx_kl            | 0.07530631 |
|    clip_fraction        | 0.334      |
|    clip_range           | 0.2        |
|    entropy_loss         | -8.17      |
|    explained_variance   | -0.00946   |
|    learning_rate        | 0.0003     |
|    loss                 | -0.0791    |
|    n_updates            | 1393       |
|    policy_gradient_loss | -0.0621    |
|    std                  | 0.357      |
|    value_loss           | 0.0642     |
----------------------------------------
Early stopping at step 9 due to reaching max kl: 0.08
----------------------------------------
| env/                    |            |
|    strehl               | 0.304      |
| rollout/                |            |
|    ep_len_mean          | 8          |
|    ep_rew_mean          | -6.63      |
| time/                   |            |
|    fps                  | 194        |
|    iterations           | 143        |
|    time_elapsed         | 375        |
|    total_timesteps      | 73216      |
| train/                  |            |
|    approx_kl            | 0.07186486 |
|    clip_fraction        | 0.38       |
|    clip_range           | 0.2        |
|    entropy_loss         | -8.16      |
|    explained_variance   | -0.0118    |
|    learning_rate        | 0.0003     |
|    loss                 | -0.0982    |
|    n_updates            | 1403       |
|    policy_gradient_loss | -0.0649    |
|    std                  | 0.357      |
|    value_loss           | 0.043      |
----------------------------------------
Early stopping at step 8 due to reaching max kl: 0.08
----------------------------------------
| env/                    |            |
|    strehl               | 0.395      |
| rollout/                |            |
|    ep_len_mean          | 8          |
|    ep_rew_mean          | -6.63      |
| time/                   |            |
|    fps                  | 195        |
|    iterations           | 144        |
|    time_elapsed         | 378        |
|    total_timesteps      | 73728      |
| train/                  |            |
|    approx_kl            | 0.07867533 |
|    clip_fraction        | 0.334      |
|    clip_range           | 0.2        |
|    entropy_loss         | -8.15      |
|    explained_variance   | -0.0106    |
|    learning_rate        | 0.0003     |
|    loss                 | -0.0878    |
|    n_updates            | 1412       |
|    policy_gradient_loss | -0.0598    |
|    std                  | 0.357      |
|    value_loss           | 0.0531     |
----------------------------------------
Early stopping at step 9 due to reaching max kl: 0.08
-----------------------------------------
| env/                    |             |
|    strehl               | 0.39        |
| rollout/                |             |
|    ep_len_mean          | 8           |
|    ep_rew_mean          | -6.63       |
| time/                   |             |
|    fps                  | 195         |
|    iterations           | 145         |
|    time_elapsed         | 380         |
|    total_timesteps      | 74240       |
| train/                  |             |
|    approx_kl            | 0.076783836 |
|    clip_fraction        | 0.403       |
|    clip_range           | 0.2         |
|    entropy_loss         | -8.15       |
|    explained_variance   | -0.00758    |
|    learning_rate        | 0.0003      |
|    loss                 | -0.0868     |
|    n_updates            | 1422        |
|    policy_gradient_loss | -0.0736     |
|    std                  | 0.357       |
|    value_loss           | 0.0713      |
-----------------------------------------
----------------------------------------
| env/                    |            |
|    strehl               | 0.366      |
| rollout/                |            |
|    ep_len_mean          | 8          |
|    ep_rew_mean          | -6.61      |
| time/                   |            |
|    fps                  | 195        |
|    iterations           | 146        |
|    time_elapsed         | 383        |
|    total_timesteps      | 74752      |
| train/                  |            |
|    approx_kl            | 0.06801314 |
|    clip_fraction        | 0.388      |
|    clip_range           | 0.2        |
|    entropy_loss         | -8.15      |
|    explained_variance   | -0.00861   |
|    learning_rate        | 0.0003     |
|    loss                 | -0.0802    |
|    n_updates            | 1432       |
|    policy_gradient_loss | -0.0637    |
|    std                  | 0.357      |
|    value_loss           | 0.0601     |
----------------------------------------
Early stopping at step 9 due to reaching max kl: 0.09
Eval num_timesteps=75000, episode_reward=-6.66 +/- 0.36
Episode length: 8.00 +/- 0.00
----------------------------------------
| env/                    |            |
|    strehl               | 0.275      |
| eval/                   |            |
|    mean_ep_length       | 8          |
|    mean_reward          | -6.66      |
| time/                   |            |
|    total_timesteps      | 75000      |
| train/                  |            |
|    approx_kl            | 0.08157408 |
|    clip_fraction        | 0.418      |
|    clip_range           | 0.2        |
|    entropy_loss         | -8.15      |
|    explained_variance   | -0.00707   |
|    learning_rate        | 0.0003     |
|    loss                 | -0.0771    |
|    n_updates            | 1442       |
|    policy_gradient_loss | -0.0609    |
|    std                  | 0.357      |
|    value_loss           | 0.0733     |
----------------------------------------
---------------------------------
| env/               |          |
|    strehl          | 0.334    |
| rollout/           |          |
|    ep_len_mean     | 8        |
|    ep_rew_mean     | -6.71    |
| time/              |          |
|    fps             | 194      |
|    iterations      | 147      |
|    time_elapsed    | 386      |
|    total_timesteps | 75264    |
---------------------------------
-----------------------------------------
| env/                    |             |
|    strehl               | 0.373       |
| rollout/                |             |
|    ep_len_mean          | 8           |
|    ep_rew_mean          | -6.63       |
| time/                   |             |
|    fps                  | 194         |
|    iterations           | 148         |
|    time_elapsed         | 389         |
|    total_timesteps      | 75776       |
| train/                  |             |
|    approx_kl            | 0.054027114 |
|    clip_fraction        | 0.382       |
|    clip_range           | 0.2         |
|    entropy_loss         | -8.14       |
|    explained_variance   | -0.00922    |
|    learning_rate        | 0.0003      |
|    loss                 | -0.1        |
|    n_updates            | 1452        |
|    policy_gradient_loss | -0.0693     |
|    std                  | 0.357       |
|    value_loss           | 0.0522      |
-----------------------------------------
Early stopping at step 9 due to reaching max kl: 0.08
----------------------------------------
| env/                    |            |
|    strehl               | 0.349      |
| rollout/                |            |
|    ep_len_mean          | 8          |
|    ep_rew_mean          | -6.65      |
| time/                   |            |
|    fps                  | 194        |
|    iterations           | 149        |
|    time_elapsed         | 392        |
|    total_timesteps      | 76288      |
| train/                  |            |
|    approx_kl            | 0.07586652 |
|    clip_fraction        | 0.392      |
|    clip_range           | 0.2        |
|    entropy_loss         | -8.12      |
|    explained_variance   | -0.0077    |
|    learning_rate        | 0.0003     |
|    loss                 | -0.0751    |
|    n_updates            | 1462       |
|    policy_gradient_loss | -0.064     |
|    std                  | 0.356      |
|    value_loss           | 0.0739     |
----------------------------------------
-----------------------------------------
| env/                    |             |
|    strehl               | 0.308       |
| rollout/                |             |
|    ep_len_mean          | 8           |
|    ep_rew_mean          | -6.63       |
| time/                   |             |
|    fps                  | 194         |
|    iterations           | 150         |
|    time_elapsed         | 394         |
|    total_timesteps      | 76800       |
| train/                  |             |
|    approx_kl            | 0.058970977 |
|    clip_fraction        | 0.373       |
|    clip_range           | 0.2         |
|    entropy_loss         | -8.11       |
|    explained_variance   | -0.00705    |
|    learning_rate        | 0.0003      |
|    loss                 | -0.0895     |
|    n_updates            | 1472        |
|    policy_gradient_loss | -0.0585     |
|    std                  | 0.356       |
|    value_loss           | 0.0578      |
-----------------------------------------
-----------------------------------------
| env/                    |             |
|    strehl               | 0.347       |
| rollout/                |             |
|    ep_len_mean          | 8           |
|    ep_rew_mean          | -6.62       |
| time/                   |             |
|    fps                  | 194         |
|    iterations           | 151         |
|    time_elapsed         | 397         |
|    total_timesteps      | 77312       |
| train/                  |             |
|    approx_kl            | 0.062495045 |
|    clip_fraction        | 0.375       |
|    clip_range           | 0.2         |
|    entropy_loss         | -8.11       |
|    explained_variance   | -0.00668    |
|    learning_rate        | 0.0003      |
|    loss                 | -0.0879     |
|    n_updates            | 1482        |
|    policy_gradient_loss | -0.0702     |
|    std                  | 0.356       |
|    value_loss           | 0.0733      |
-----------------------------------------
Early stopping at step 9 due to reaching max kl: 0.08
----------------------------------------
| env/                    |            |
|    strehl               | 0.365      |
| rollout/                |            |
|    ep_len_mean          | 8          |
|    ep_rew_mean          | -6.61      |
| time/                   |            |
|    fps                  | 194        |
|    iterations           | 152        |
|    time_elapsed         | 400        |
|    total_timesteps      | 77824      |
| train/                  |            |
|    approx_kl            | 0.07264027 |
|    clip_fraction        | 0.437      |
|    clip_range           | 0.2        |
|    entropy_loss         | -8.1       |
|    explained_variance   | -0.00628   |
|    learning_rate        | 0.0003     |
|    loss                 | -0.0886    |
|    n_updates            | 1492       |
|    policy_gradient_loss | -0.0652    |
|    std                  | 0.356      |
|    value_loss           | 0.059      |
----------------------------------------
Early stopping at step 8 due to reaching max kl: 0.08
---------------------------------------
| env/                    |           |
|    strehl               | 0.456     |
| rollout/                |           |
|    ep_len_mean          | 8         |
|    ep_rew_mean          | -6.62     |
| time/                   |           |
|    fps                  | 194       |
|    iterations           | 153       |
|    time_elapsed         | 402       |
|    total_timesteps      | 78336     |
| train/                  |           |
|    approx_kl            | 0.0691168 |
|    clip_fraction        | 0.384     |
|    clip_range           | 0.2       |
|    entropy_loss         | -8.1      |
|    explained_variance   | -0.0058   |
|    learning_rate        | 0.0003    |
|    loss                 | -0.0896   |
|    n_updates            | 1501      |
|    policy_gradient_loss | -0.071    |
|    std                  | 0.356     |
|    value_loss           | 0.066     |
---------------------------------------
Early stopping at step 8 due to reaching max kl: 0.09
---------------------------------------
| env/                    |           |
|    strehl               | 0.376     |
| rollout/                |           |
|    ep_len_mean          | 8         |
|    ep_rew_mean          | -6.6      |
| time/                   |           |
|    fps                  | 194       |
|    iterations           | 154       |
|    time_elapsed         | 405       |
|    total_timesteps      | 78848     |
| train/                  |           |
|    approx_kl            | 0.0738121 |
|    clip_fraction        | 0.396     |
|    clip_range           | 0.2       |
|    entropy_loss         | -8.09     |
|    explained_variance   | -0.00631  |
|    learning_rate        | 0.0003    |
|    loss                 | -0.0969   |
|    n_updates            | 1510      |
|    policy_gradient_loss | -0.0636   |
|    std                  | 0.356     |
|    value_loss           | 0.0494    |
---------------------------------------
-----------------------------------------
| env/                    |             |
|    strehl               | 0.372       |
| rollout/                |             |
|    ep_len_mean          | 8           |
|    ep_rew_mean          | -6.62       |
| time/                   |             |
|    fps                  | 194         |
|    iterations           | 155         |
|    time_elapsed         | 407         |
|    total_timesteps      | 79360       |
| train/                  |             |
|    approx_kl            | 0.054257862 |
|    clip_fraction        | 0.363       |
|    clip_range           | 0.2         |
|    entropy_loss         | -8.08       |
|    explained_variance   | -0.00732    |
|    learning_rate        | 0.0003      |
|    loss                 | -0.0931     |
|    n_updates            | 1520        |
|    policy_gradient_loss | -0.0665     |
|    std                  | 0.356       |
|    value_loss           | 0.0386      |
-----------------------------------------
Early stopping at step 9 due to reaching max kl: 0.09
---------------------------------------
| env/                    |           |
|    strehl               | 0.342     |
| rollout/                |           |
|    ep_len_mean          | 8         |
|    ep_rew_mean          | -6.63     |
| time/                   |           |
|    fps                  | 194       |
|    iterations           | 156       |
|    time_elapsed         | 410       |
|    total_timesteps      | 79872     |
| train/                  |           |
|    approx_kl            | 0.0757866 |
|    clip_fraction        | 0.386     |
|    clip_range           | 0.2       |
|    entropy_loss         | -8.08     |
|    explained_variance   | -0.00584  |
|    learning_rate        | 0.0003    |
|    loss                 | -0.0891   |
|    n_updates            | 1530      |
|    policy_gradient_loss | -0.0689   |
|    std                  | 0.356     |
|    value_loss           | 0.0632    |
---------------------------------------
-----------------------------------------
| env/                    |             |
|    strehl               | 0.391       |
| rollout/                |             |
|    ep_len_mean          | 8           |
|    ep_rew_mean          | -6.61       |
| time/                   |             |
|    fps                  | 194         |
|    iterations           | 157         |
|    time_elapsed         | 412         |
|    total_timesteps      | 80384       |
| train/                  |             |
|    approx_kl            | 0.066278666 |
|    clip_fraction        | 0.387       |
|    clip_range           | 0.2         |
|    entropy_loss         | -8.07       |
|    explained_variance   | -0.00733    |
|    learning_rate        | 0.0003      |
|    loss                 | -0.0942     |
|    n_updates            | 1540        |
|    policy_gradient_loss | -0.0702     |
|    std                  | 0.356       |
|    value_loss           | 0.0642      |
-----------------------------------------
Early stopping at step 7 due to reaching max kl: 0.08
----------------------------------------
| env/                    |            |
|    strehl               | 0.319      |
| rollout/                |            |
|    ep_len_mean          | 8          |
|    ep_rew_mean          | -6.57      |
| time/                   |            |
|    fps                  | 194        |
|    iterations           | 158        |
|    time_elapsed         | 415        |
|    total_timesteps      | 80896      |
| train/                  |            |
|    approx_kl            | 0.06840526 |
|    clip_fraction        | 0.3        |
|    clip_range           | 0.2        |
|    entropy_loss         | -8.07      |
|    explained_variance   | -0.00805   |
|    learning_rate        | 0.0003     |
|    loss                 | -0.085     |
|    n_updates            | 1548       |
|    policy_gradient_loss | -0.056     |
|    std                  | 0.355      |
|    value_loss           | 0.0647     |
----------------------------------------
Early stopping at step 8 due to reaching max kl: 0.08
----------------------------------------
| env/                    |            |
|    strehl               | 0.345      |
| rollout/                |            |
|    ep_len_mean          | 8          |
|    ep_rew_mean          | -6.62      |
| time/                   |            |
|    fps                  | 194        |
|    iterations           | 159        |
|    time_elapsed         | 417        |
|    total_timesteps      | 81408      |
| train/                  |            |
|    approx_kl            | 0.07921423 |
|    clip_fraction        | 0.338      |
|    clip_range           | 0.2        |
|    entropy_loss         | -8.05      |
|    explained_variance   | -0.00651   |
|    learning_rate        | 0.0003     |
|    loss                 | -0.0998    |
|    n_updates            | 1557       |
|    policy_gradient_loss | -0.0681    |
|    std                  | 0.355      |
|    value_loss           | 0.0507     |
----------------------------------------
Early stopping at step 9 due to reaching max kl: 0.08
----------------------------------------
| env/                    |            |
|    strehl               | 0.337      |
| rollout/                |            |
|    ep_len_mean          | 8          |
|    ep_rew_mean          | -6.6       |
| time/                   |            |
|    fps                  | 194        |
|    iterations           | 160        |
|    time_elapsed         | 420        |
|    total_timesteps      | 81920      |
| train/                  |            |
|    approx_kl            | 0.07110269 |
|    clip_fraction        | 0.399      |
|    clip_range           | 0.2        |
|    entropy_loss         | -8.04      |
|    explained_variance   | -0.00684   |
|    learning_rate        | 0.0003     |
|    loss                 | -0.0865    |
|    n_updates            | 1567       |
|    policy_gradient_loss | -0.0683    |
|    std                  | 0.355      |
|    value_loss           | 0.0739     |
----------------------------------------
----------------------------------------
| env/                    |            |
|    strehl               | 0.393      |
| rollout/                |            |
|    ep_len_mean          | 8          |
|    ep_rew_mean          | -6.58      |
| time/                   |            |
|    fps                  | 194        |
|    iterations           | 161        |
|    time_elapsed         | 423        |
|    total_timesteps      | 82432      |
| train/                  |            |
|    approx_kl            | 0.07420454 |
|    clip_fraction        | 0.384      |
|    clip_range           | 0.2        |
|    entropy_loss         | -8.03      |
|    explained_variance   | -0.00735   |
|    learning_rate        | 0.0003     |
|    loss                 | -0.0839    |
|    n_updates            | 1577       |
|    policy_gradient_loss | -0.0727    |
|    std                  | 0.355      |
|    value_loss           | 0.0846     |
----------------------------------------
-----------------------------------------
| env/                    |             |
|    strehl               | 0.394       |
| rollout/                |             |
|    ep_len_mean          | 8           |
|    ep_rew_mean          | -6.52       |
| time/                   |             |
|    fps                  | 194         |
|    iterations           | 162         |
|    time_elapsed         | 425         |
|    total_timesteps      | 82944       |
| train/                  |             |
|    approx_kl            | 0.071283475 |
|    clip_fraction        | 0.384       |
|    clip_range           | 0.2         |
|    entropy_loss         | -8.02       |
|    explained_variance   | -0.00639    |
|    learning_rate        | 0.0003      |
|    loss                 | -0.0833     |
|    n_updates            | 1587        |
|    policy_gradient_loss | -0.0636     |
|    std                  | 0.355       |
|    value_loss           | 0.0697      |
-----------------------------------------
Early stopping at step 7 due to reaching max kl: 0.08
---------------------------------------
| env/                    |           |
|    strehl               | 0.437     |
| rollout/                |           |
|    ep_len_mean          | 8         |
|    ep_rew_mean          | -6.55     |
| time/                   |           |
|    fps                  | 194       |
|    iterations           | 163       |
|    time_elapsed         | 428       |
|    total_timesteps      | 83456     |
| train/                  |           |
|    approx_kl            | 0.0815862 |
|    clip_fraction        | 0.33      |
|    clip_range           | 0.2       |
|    entropy_loss         | -8.02     |
|    explained_variance   | -0.00541  |
|    learning_rate        | 0.0003    |
|    loss                 | -0.0793   |
|    n_updates            | 1595      |
|    policy_gradient_loss | -0.0631   |
|    std                  | 0.355     |
|    value_loss           | 0.0716    |
---------------------------------------
Early stopping at step 8 due to reaching max kl: 0.08
-----------------------------------------
| env/                    |             |
|    strehl               | 0.407       |
| rollout/                |             |
|    ep_len_mean          | 8           |
|    ep_rew_mean          | -6.56       |
| time/                   |             |
|    fps                  | 194         |
|    iterations           | 164         |
|    time_elapsed         | 430         |
|    total_timesteps      | 83968       |
| train/                  |             |
|    approx_kl            | 0.078202605 |
|    clip_fraction        | 0.419       |
|    clip_range           | 0.2         |
|    entropy_loss         | -7.99       |
|    explained_variance   | -0.00811    |
|    learning_rate        | 0.0003      |
|    loss                 | -0.0848     |
|    n_updates            | 1604        |
|    policy_gradient_loss | -0.0677     |
|    std                  | 0.354       |
|    value_loss           | 0.0663      |
-----------------------------------------
Early stopping at step 8 due to reaching max kl: 0.09
----------------------------------------
| env/                    |            |
|    strehl               | 0.418      |
| rollout/                |            |
|    ep_len_mean          | 8          |
|    ep_rew_mean          | -6.61      |
| time/                   |            |
|    fps                  | 195        |
|    iterations           | 165        |
|    time_elapsed         | 433        |
|    total_timesteps      | 84480      |
| train/                  |            |
|    approx_kl            | 0.07526785 |
|    clip_fraction        | 0.392      |
|    clip_range           | 0.2        |
|    entropy_loss         | -7.98      |
|    explained_variance   | -0.0057    |
|    learning_rate        | 0.0003     |
|    loss                 | -0.0849    |
|    n_updates            | 1613       |
|    policy_gradient_loss | -0.0573    |
|    std                  | 0.354      |
|    value_loss           | 0.0634     |
----------------------------------------
Early stopping at step 9 due to reaching max kl: 0.09
----------------------------------------
| env/                    |            |
|    strehl               | 0.426      |
| rollout/                |            |
|    ep_len_mean          | 8          |
|    ep_rew_mean          | -6.55      |
| time/                   |            |
|    fps                  | 195        |
|    iterations           | 166        |
|    time_elapsed         | 435        |
|    total_timesteps      | 84992      |
| train/                  |            |
|    approx_kl            | 0.07652494 |
|    clip_fraction        | 0.406      |
|    clip_range           | 0.2        |
|    entropy_loss         | -7.97      |
|    explained_variance   | -0.00577   |
|    learning_rate        | 0.0003     |
|    loss                 | -0.0761    |
|    n_updates            | 1623       |
|    policy_gradient_loss | -0.0689    |
|    std                  | 0.354      |
|    value_loss           | 0.0784     |
----------------------------------------
-----------------------------------------
| env/                    |             |
|    strehl               | 0.33        |
| rollout/                |             |
|    ep_len_mean          | 8           |
|    ep_rew_mean          | -6.6        |
| time/                   |             |
|    fps                  | 195         |
|    iterations           | 167         |
|    time_elapsed         | 438         |
|    total_timesteps      | 85504       |
| train/                  |             |
|    approx_kl            | 0.068070754 |
|    clip_fraction        | 0.423       |
|    clip_range           | 0.2         |
|    entropy_loss         | -7.97       |
|    explained_variance   | -0.0063     |
|    learning_rate        | 0.0003      |
|    loss                 | -0.0952     |
|    n_updates            | 1633        |
|    policy_gradient_loss | -0.0656     |
|    std                  | 0.354       |
|    value_loss           | 0.0588      |
-----------------------------------------
----------------------------------------
| env/                    |            |
|    strehl               | 0.362      |
| rollout/                |            |
|    ep_len_mean          | 8          |
|    ep_rew_mean          | -6.64      |
| time/                   |            |
|    fps                  | 195        |
|    iterations           | 168        |
|    time_elapsed         | 441        |
|    total_timesteps      | 86016      |
| train/                  |            |
|    approx_kl            | 0.07205175 |
|    clip_fraction        | 0.411      |
|    clip_range           | 0.2        |
|    entropy_loss         | -7.96      |
|    explained_variance   | -0.00599   |
|    learning_rate        | 0.0003     |
|    loss                 | -0.0989    |
|    n_updates            | 1643       |
|    policy_gradient_loss | -0.0712    |
|    std                  | 0.354      |
|    value_loss           | 0.0467     |
----------------------------------------
Early stopping at step 7 due to reaching max kl: 0.08
----------------------------------------
| env/                    |            |
|    strehl               | 0.375      |
| rollout/                |            |
|    ep_len_mean          | 8          |
|    ep_rew_mean          | -6.59      |
| time/                   |            |
|    fps                  | 195        |
|    iterations           | 169        |
|    time_elapsed         | 443        |
|    total_timesteps      | 86528      |
| train/                  |            |
|    approx_kl            | 0.08150312 |
|    clip_fraction        | 0.333      |
|    clip_range           | 0.2        |
|    entropy_loss         | -7.96      |
|    explained_variance   | -0.00526   |
|    learning_rate        | 0.0003     |
|    loss                 | -0.0881    |
|    n_updates            | 1651       |
|    policy_gradient_loss | -0.0649    |
|    std                  | 0.354      |
|    value_loss           | 0.0561     |
----------------------------------------
Early stopping at step 8 due to reaching max kl: 0.08
----------------------------------------
| env/                    |            |
|    strehl               | 0.39       |
| rollout/                |            |
|    ep_len_mean          | 8          |
|    ep_rew_mean          | -6.6       |
| time/                   |            |
|    fps                  | 195        |
|    iterations           | 170        |
|    time_elapsed         | 445        |
|    total_timesteps      | 87040      |
| train/                  |            |
|    approx_kl            | 0.06966432 |
|    clip_fraction        | 0.398      |
|    clip_range           | 0.2        |
|    entropy_loss         | -7.97      |
|    explained_variance   | -0.00443   |
|    learning_rate        | 0.0003     |
|    loss                 | -0.0875    |
|    n_updates            | 1660       |
|    policy_gradient_loss | -0.0663    |
|    std                  | 0.354      |
|    value_loss           | 0.0683     |
----------------------------------------
Early stopping at step 7 due to reaching max kl: 0.08
----------------------------------------
| env/                    |            |
|    strehl               | 0.399      |
| rollout/                |            |
|    ep_len_mean          | 8          |
|    ep_rew_mean          | -6.56      |
| time/                   |            |
|    fps                  | 195        |
|    iterations           | 171        |
|    time_elapsed         | 448        |
|    total_timesteps      | 87552      |
| train/                  |            |
|    approx_kl            | 0.07196521 |
|    clip_fraction        | 0.375      |
|    clip_range           | 0.2        |
|    entropy_loss         | -7.97      |
|    explained_variance   | -0.00598   |
|    learning_rate        | 0.0003     |
|    loss                 | -0.0861    |
|    n_updates            | 1668       |
|    policy_gradient_loss | -0.0626    |
|    std                  | 0.354      |
|    value_loss           | 0.0673     |
----------------------------------------
Early stopping at step 7 due to reaching max kl: 0.08
----------------------------------------
| env/                    |            |
|    strehl               | 0.361      |
| rollout/                |            |
|    ep_len_mean          | 8          |
|    ep_rew_mean          | -6.51      |
| time/                   |            |
|    fps                  | 195        |
|    iterations           | 172        |
|    time_elapsed         | 450        |
|    total_timesteps      | 88064      |
| train/                  |            |
|    approx_kl            | 0.07966042 |
|    clip_fraction        | 0.348      |
|    clip_range           | 0.2        |
|    entropy_loss         | -7.97      |
|    explained_variance   | -0.00506   |
|    learning_rate        | 0.0003     |
|    loss                 | -0.0769    |
|    n_updates            | 1676       |
|    policy_gradient_loss | -0.0594    |
|    std                  | 0.354      |
|    value_loss           | 0.0642     |
----------------------------------------
-----------------------------------------
| env/                    |             |
|    strehl               | 0.371       |
| rollout/                |             |
|    ep_len_mean          | 8           |
|    ep_rew_mean          | -6.58       |
| time/                   |             |
|    fps                  | 195         |
|    iterations           | 173         |
|    time_elapsed         | 453         |
|    total_timesteps      | 88576       |
| train/                  |             |
|    approx_kl            | 0.067452535 |
|    clip_fraction        | 0.413       |
|    clip_range           | 0.2         |
|    entropy_loss         | -7.96       |
|    explained_variance   | -0.00737    |
|    learning_rate        | 0.0003      |
|    loss                 | -0.0912     |
|    n_updates            | 1686        |
|    policy_gradient_loss | -0.063      |
|    std                  | 0.354       |
|    value_loss           | 0.0507      |
-----------------------------------------
Early stopping at step 7 due to reaching max kl: 0.08
-----------------------------------------
| env/                    |             |
|    strehl               | 0.303       |
| rollout/                |             |
|    ep_len_mean          | 8           |
|    ep_rew_mean          | -6.61       |
| time/                   |             |
|    fps                  | 195         |
|    iterations           | 174         |
|    time_elapsed         | 455         |
|    total_timesteps      | 89088       |
| train/                  |             |
|    approx_kl            | 0.077336885 |
|    clip_fraction        | 0.328       |
|    clip_range           | 0.2         |
|    entropy_loss         | -7.95       |
|    explained_variance   | -0.00712    |
|    learning_rate        | 0.0003      |
|    loss                 | -0.0842     |
|    n_updates            | 1694        |
|    policy_gradient_loss | -0.0622     |
|    std                  | 0.354       |
|    value_loss           | 0.0719      |
-----------------------------------------
Early stopping at step 9 due to reaching max kl: 0.08
----------------------------------------
| env/                    |            |
|    strehl               | 0.365      |
| rollout/                |            |
|    ep_len_mean          | 8          |
|    ep_rew_mean          | -6.52      |
| time/                   |            |
|    fps                  | 195        |
|    iterations           | 175        |
|    time_elapsed         | 457        |
|    total_timesteps      | 89600      |
| train/                  |            |
|    approx_kl            | 0.07883374 |
|    clip_fraction        | 0.373      |
|    clip_range           | 0.2        |
|    entropy_loss         | -7.95      |
|    explained_variance   | -0.00442   |
|    learning_rate        | 0.0003     |
|    loss                 | -0.094     |
|    n_updates            | 1704       |
|    policy_gradient_loss | -0.0635    |
|    std                  | 0.354      |
|    value_loss           | 0.0449     |
----------------------------------------
Early stopping at step 8 due to reaching max kl: 0.08
---------------------------------------
| env/                    |           |
|    strehl               | 0.405     |
| rollout/                |           |
|    ep_len_mean          | 8         |
|    ep_rew_mean          | -6.5      |
| time/                   |           |
|    fps                  | 195       |
|    iterations           | 176       |
|    time_elapsed         | 460       |
|    total_timesteps      | 90112     |
| train/                  |           |
|    approx_kl            | 0.0707396 |
|    clip_fraction        | 0.362     |
|    clip_range           | 0.2       |
|    entropy_loss         | -7.94     |
|    explained_variance   | -0.00682  |
|    learning_rate        | 0.0003    |
|    loss                 | -0.0787   |
|    n_updates            | 1713      |
|    policy_gradient_loss | -0.0667   |
|    std                  | 0.353     |
|    value_loss           | 0.0658    |
---------------------------------------
Early stopping at step 7 due to reaching max kl: 0.08
----------------------------------------
| env/                    |            |
|    strehl               | 0.363      |
| rollout/                |            |
|    ep_len_mean          | 8          |
|    ep_rew_mean          | -6.54      |
| time/                   |            |
|    fps                  | 195        |
|    iterations           | 177        |
|    time_elapsed         | 462        |
|    total_timesteps      | 90624      |
| train/                  |            |
|    approx_kl            | 0.07240415 |
|    clip_fraction        | 0.363      |
|    clip_range           | 0.2        |
|    entropy_loss         | -7.92      |
|    explained_variance   | -0.00598   |
|    learning_rate        | 0.0003     |
|    loss                 | -0.0685    |
|    n_updates            | 1721       |
|    policy_gradient_loss | -0.0602    |
|    std                  | 0.353      |
|    value_loss           | 0.0725     |
----------------------------------------
Early stopping at step 7 due to reaching max kl: 0.09
----------------------------------------
| env/                    |            |
|    strehl               | 0.376      |
| rollout/                |            |
|    ep_len_mean          | 8          |
|    ep_rew_mean          | -6.57      |
| time/                   |            |
|    fps                  | 195        |
|    iterations           | 178        |
|    time_elapsed         | 465        |
|    total_timesteps      | 91136      |
| train/                  |            |
|    approx_kl            | 0.07380918 |
|    clip_fraction        | 0.369      |
|    clip_range           | 0.2        |
|    entropy_loss         | -7.91      |
|    explained_variance   | -0.00455   |
|    learning_rate        | 0.0003     |
|    loss                 | -0.0472    |
|    n_updates            | 1729       |
|    policy_gradient_loss | -0.0483    |
|    std                  | 0.353      |
|    value_loss           | 0.0677     |
----------------------------------------
Early stopping at step 9 due to reaching max kl: 0.08
----------------------------------------
| env/                    |            |
|    strehl               | 0.359      |
| rollout/                |            |
|    ep_len_mean          | 8          |
|    ep_rew_mean          | -6.56      |
| time/                   |            |
|    fps                  | 195        |
|    iterations           | 179        |
|    time_elapsed         | 467        |
|    total_timesteps      | 91648      |
| train/                  |            |
|    approx_kl            | 0.08470626 |
|    clip_fraction        | 0.375      |
|    clip_range           | 0.2        |
|    entropy_loss         | -7.91      |
|    explained_variance   | -0.00583   |
|    learning_rate        | 0.0003     |
|    loss                 | -0.0897    |
|    n_updates            | 1739       |
|    policy_gradient_loss | -0.0672    |
|    std                  | 0.353      |
|    value_loss           | 0.0609     |
----------------------------------------
Early stopping at step 9 due to reaching max kl: 0.10
----------------------------------------
| env/                    |            |
|    strehl               | 0.349      |
| rollout/                |            |
|    ep_len_mean          | 8          |
|    ep_rew_mean          | -6.61      |
| time/                   |            |
|    fps                  | 195        |
|    iterations           | 180        |
|    time_elapsed         | 470        |
|    total_timesteps      | 92160      |
| train/                  |            |
|    approx_kl            | 0.08139469 |
|    clip_fraction        | 0.434      |
|    clip_range           | 0.2        |
|    entropy_loss         | -7.91      |
|    explained_variance   | -0.00542   |
|    learning_rate        | 0.0003     |
|    loss                 | -0.0911    |
|    n_updates            | 1749       |
|    policy_gradient_loss | -0.0702    |
|    std                  | 0.353      |
|    value_loss           | 0.0601     |
----------------------------------------
Early stopping at step 6 due to reaching max kl: 0.08
----------------------------------------
| env/                    |            |
|    strehl               | 0.397      |
| rollout/                |            |
|    ep_len_mean          | 8          |
|    ep_rew_mean          | -6.51      |
| time/                   |            |
|    fps                  | 196        |
|    iterations           | 181        |
|    time_elapsed         | 472        |
|    total_timesteps      | 92672      |
| train/                  |            |
|    approx_kl            | 0.07630199 |
|    clip_fraction        | 0.34       |
|    clip_range           | 0.2        |
|    entropy_loss         | -7.91      |
|    explained_variance   | -0.00646   |
|    learning_rate        | 0.0003     |
|    loss                 | -0.0724    |
|    n_updates            | 1756       |
|    policy_gradient_loss | -0.053     |
|    std                  | 0.353      |
|    value_loss           | 0.0479     |
----------------------------------------
Early stopping at step 7 due to reaching max kl: 0.08
-----------------------------------------
| env/                    |             |
|    strehl               | 0.388       |
| rollout/                |             |
|    ep_len_mean          | 8           |
|    ep_rew_mean          | -6.47       |
| time/                   |             |
|    fps                  | 196         |
|    iterations           | 182         |
|    time_elapsed         | 474         |
|    total_timesteps      | 93184       |
| train/                  |             |
|    approx_kl            | 0.068857275 |
|    clip_fraction        | 0.329       |
|    clip_range           | 0.2         |
|    entropy_loss         | -7.91       |
|    explained_variance   | -0.00631    |
|    learning_rate        | 0.0003      |
|    loss                 | -0.0781     |
|    n_updates            | 1764        |
|    policy_gradient_loss | -0.0607     |
|    std                  | 0.353       |
|    value_loss           | 0.0612      |
-----------------------------------------
Early stopping at step 8 due to reaching max kl: 0.08
----------------------------------------
| env/                    |            |
|    strehl               | 0.336      |
| rollout/                |            |
|    ep_len_mean          | 8          |
|    ep_rew_mean          | -6.55      |
| time/                   |            |
|    fps                  | 196        |
|    iterations           | 183        |
|    time_elapsed         | 477        |
|    total_timesteps      | 93696      |
| train/                  |            |
|    approx_kl            | 0.07802587 |
|    clip_fraction        | 0.369      |
|    clip_range           | 0.2        |
|    entropy_loss         | -7.91      |
|    explained_variance   | -0.00855   |
|    learning_rate        | 0.0003     |
|    loss                 | -0.0855    |
|    n_updates            | 1773       |
|    policy_gradient_loss | -0.0675    |
|    std                  | 0.353      |
|    value_loss           | 0.0641     |
----------------------------------------
Early stopping at step 8 due to reaching max kl: 0.08
----------------------------------------
| env/                    |            |
|    strehl               | 0.363      |
| rollout/                |            |
|    ep_len_mean          | 8          |
|    ep_rew_mean          | -6.56      |
| time/                   |            |
|    fps                  | 196        |
|    iterations           | 184        |
|    time_elapsed         | 479        |
|    total_timesteps      | 94208      |
| train/                  |            |
|    approx_kl            | 0.07648593 |
|    clip_fraction        | 0.387      |
|    clip_range           | 0.2        |
|    entropy_loss         | -7.9       |
|    explained_variance   | -0.00569   |
|    learning_rate        | 0.0003     |
|    loss                 | -0.0873    |
|    n_updates            | 1782       |
|    policy_gradient_loss | -0.0681    |
|    std                  | 0.353      |
|    value_loss           | 0.0686     |
----------------------------------------
Early stopping at step 8 due to reaching max kl: 0.08
----------------------------------------
| env/                    |            |
|    strehl               | 0.37       |
| rollout/                |            |
|    ep_len_mean          | 8          |
|    ep_rew_mean          | -6.57      |
| time/                   |            |
|    fps                  | 196        |
|    iterations           | 185        |
|    time_elapsed         | 482        |
|    total_timesteps      | 94720      |
| train/                  |            |
|    approx_kl            | 0.07146916 |
|    clip_fraction        | 0.371      |
|    clip_range           | 0.2        |
|    entropy_loss         | -7.89      |
|    explained_variance   | -0.00503   |
|    learning_rate        | 0.0003     |
|    loss                 | -0.0758    |
|    n_updates            | 1791       |
|    policy_gradient_loss | -0.0654    |
|    std                  | 0.352      |
|    value_loss           | 0.0738     |
----------------------------------------
Early stopping at step 9 due to reaching max kl: 0.08
----------------------------------------
| env/                    |            |
|    strehl               | 0.404      |
| rollout/                |            |
|    ep_len_mean          | 8          |
|    ep_rew_mean          | -6.52      |
| time/                   |            |
|    fps                  | 196        |
|    iterations           | 186        |
|    time_elapsed         | 484        |
|    total_timesteps      | 95232      |
| train/                  |            |
|    approx_kl            | 0.07695682 |
|    clip_fraction        | 0.399      |
|    clip_range           | 0.2        |
|    entropy_loss         | -7.87      |
|    explained_variance   | -0.00411   |
|    learning_rate        | 0.0003     |
|    loss                 | -0.0894    |
|    n_updates            | 1801       |
|    policy_gradient_loss | -0.0713    |
|    std                  | 0.352      |
|    value_loss           | 0.0684     |
----------------------------------------
Early stopping at step 8 due to reaching max kl: 0.08
----------------------------------------
| env/                    |            |
|    strehl               | 0.362      |
| rollout/                |            |
|    ep_len_mean          | 8          |
|    ep_rew_mean          | -6.53      |
| time/                   |            |
|    fps                  | 196        |
|    iterations           | 187        |
|    time_elapsed         | 487        |
|    total_timesteps      | 95744      |
| train/                  |            |
|    approx_kl            | 0.07625151 |
|    clip_fraction        | 0.366      |
|    clip_range           | 0.2        |
|    entropy_loss         | -7.86      |
|    explained_variance   | -0.00396   |
|    learning_rate        | 0.0003     |
|    loss                 | -0.0924    |
|    n_updates            | 1810       |
|    policy_gradient_loss | -0.0636    |
|    std                  | 0.352      |
|    value_loss           | 0.0561     |
----------------------------------------
Early stopping at step 7 due to reaching max kl: 0.08
-----------------------------------------
| env/                    |             |
|    strehl               | 0.377       |
| rollout/                |             |
|    ep_len_mean          | 8           |
|    ep_rew_mean          | -6.58       |
| time/                   |             |
|    fps                  | 196         |
|    iterations           | 188         |
|    time_elapsed         | 489         |
|    total_timesteps      | 96256       |
| train/                  |             |
|    approx_kl            | 0.076835275 |
|    clip_fraction        | 0.361       |
|    clip_range           | 0.2         |
|    entropy_loss         | -7.85       |
|    explained_variance   | -0.0033     |
|    learning_rate        | 0.0003      |
|    loss                 | -0.0862     |
|    n_updates            | 1818        |
|    policy_gradient_loss | -0.0636     |
|    std                  | 0.352       |
|    value_loss           | 0.0611      |
-----------------------------------------
-----------------------------------------
| env/                    |             |
|    strehl               | 0.392       |
| rollout/                |             |
|    ep_len_mean          | 8           |
|    ep_rew_mean          | -6.51       |
| time/                   |             |
|    fps                  | 196         |
|    iterations           | 189         |
|    time_elapsed         | 492         |
|    total_timesteps      | 96768       |
| train/                  |             |
|    approx_kl            | 0.069946855 |
|    clip_fraction        | 0.427       |
|    clip_range           | 0.2         |
|    entropy_loss         | -7.86       |
|    explained_variance   | -0.00547    |
|    learning_rate        | 0.0003      |
|    loss                 | -0.0895     |
|    n_updates            | 1828        |
|    policy_gradient_loss | -0.0705     |
|    std                  | 0.352       |
|    value_loss           | 0.0631      |
-----------------------------------------
Early stopping at step 9 due to reaching max kl: 0.08
----------------------------------------
| env/                    |            |
|    strehl               | 0.326      |
| rollout/                |            |
|    ep_len_mean          | 8          |
|    ep_rew_mean          | -6.52      |
| time/                   |            |
|    fps                  | 196        |
|    iterations           | 190        |
|    time_elapsed         | 494        |
|    total_timesteps      | 97280      |
| train/                  |            |
|    approx_kl            | 0.07666609 |
|    clip_fraction        | 0.372      |
|    clip_range           | 0.2        |
|    entropy_loss         | -7.87      |
|    explained_variance   | -0.00477   |
|    learning_rate        | 0.0003     |
|    loss                 | -0.0905    |
|    n_updates            | 1838       |
|    policy_gradient_loss | -0.0654    |
|    std                  | 0.352      |
|    value_loss           | 0.0801     |
----------------------------------------
Early stopping at step 7 due to reaching max kl: 0.09
-----------------------------------------
| env/                    |             |
|    strehl               | 0.38        |
| rollout/                |             |
|    ep_len_mean          | 8           |
|    ep_rew_mean          | -6.58       |
| time/                   |             |
|    fps                  | 196         |
|    iterations           | 191         |
|    time_elapsed         | 497         |
|    total_timesteps      | 97792       |
| train/                  |             |
|    approx_kl            | 0.091417074 |
|    clip_fraction        | 0.368       |
|    clip_range           | 0.2         |
|    entropy_loss         | -7.86       |
|    explained_variance   | -0.00538    |
|    learning_rate        | 0.0003      |
|    loss                 | -0.0744     |
|    n_updates            | 1846        |
|    policy_gradient_loss | -0.0609     |
|    std                  | 0.352       |
|    value_loss           | 0.0656      |
-----------------------------------------
----------------------------------------
| env/                    |            |
|    strehl               | 0.499      |
| rollout/                |            |
|    ep_len_mean          | 8          |
|    ep_rew_mean          | -6.51      |
| time/                   |            |
|    fps                  | 196        |
|    iterations           | 192        |
|    time_elapsed         | 499        |
|    total_timesteps      | 98304      |
| train/                  |            |
|    approx_kl            | 0.07328838 |
|    clip_fraction        | 0.378      |
|    clip_range           | 0.2        |
|    entropy_loss         | -7.85      |
|    explained_variance   | -0.00455   |
|    learning_rate        | 0.0003     |
|    loss                 | -0.0882    |
|    n_updates            | 1856       |
|    policy_gradient_loss | -0.0718    |
|    std                  | 0.352      |
|    value_loss           | 0.0652     |
----------------------------------------
Early stopping at step 7 due to reaching max kl: 0.08
----------------------------------------
| env/                    |            |
|    strehl               | 0.385      |
| rollout/                |            |
|    ep_len_mean          | 8          |
|    ep_rew_mean          | -6.51      |
| time/                   |            |
|    fps                  | 196        |
|    iterations           | 193        |
|    time_elapsed         | 502        |
|    total_timesteps      | 98816      |
| train/                  |            |
|    approx_kl            | 0.07537688 |
|    clip_fraction        | 0.351      |
|    clip_range           | 0.2        |
|    entropy_loss         | -7.83      |
|    explained_variance   | -0.00497   |
|    learning_rate        | 0.0003     |
|    loss                 | -0.078     |
|    n_updates            | 1864       |
|    policy_gradient_loss | -0.0606    |
|    std                  | 0.352      |
|    value_loss           | 0.0722     |
----------------------------------------
Early stopping at step 5 due to reaching max kl: 0.08
----------------------------------------
| env/                    |            |
|    strehl               | 0.324      |
| rollout/                |            |
|    ep_len_mean          | 8          |
|    ep_rew_mean          | -6.49      |
| time/                   |            |
|    fps                  | 196        |
|    iterations           | 194        |
|    time_elapsed         | 504        |
|    total_timesteps      | 99328      |
| train/                  |            |
|    approx_kl            | 0.06848833 |
|    clip_fraction        | 0.303      |
|    clip_range           | 0.2        |
|    entropy_loss         | -7.84      |
|    explained_variance   | -0.00399   |
|    learning_rate        | 0.0003     |
|    loss                 | -0.0706    |
|    n_updates            | 1870       |
|    policy_gradient_loss | -0.0532    |
|    std                  | 0.352      |
|    value_loss           | 0.0814     |
----------------------------------------
Early stopping at step 7 due to reaching max kl: 0.09
----------------------------------------
| env/                    |            |
|    strehl               | 0.367      |
| rollout/                |            |
|    ep_len_mean          | 8          |
|    ep_rew_mean          | -6.44      |
| time/                   |            |
|    fps                  | 197        |
|    iterations           | 195        |
|    time_elapsed         | 506        |
|    total_timesteps      | 99840      |
| train/                  |            |
|    approx_kl            | 0.07758966 |
|    clip_fraction        | 0.385      |
|    clip_range           | 0.2        |
|    entropy_loss         | -7.84      |
|    explained_variance   | -0.0067    |
|    learning_rate        | 0.0003     |
|    loss                 | -0.0885    |
|    n_updates            | 1878       |
|    policy_gradient_loss | -0.0628    |
|    std                  | 0.352      |
|    value_loss           | 0.0586     |
----------------------------------------
Early stopping at step 8 due to reaching max kl: 0.08
Eval num_timesteps=100000, episode_reward=-6.26 +/- 0.34
Episode length: 8.00 +/- 0.00
----------------------------------------
| env/                    |            |
|    strehl               | 0.363      |
| eval/                   |            |
|    mean_ep_length       | 8          |
|    mean_reward          | -6.26      |
| time/                   |            |
|    total_timesteps      | 100000     |
| train/                  |            |
|    approx_kl            | 0.07812848 |
|    clip_fraction        | 0.372      |
|    clip_range           | 0.2        |
|    entropy_loss         | -7.83      |
|    explained_variance   | -0.0067    |
|    learning_rate        | 0.0003     |
|    loss                 | -0.0932    |
|    n_updates            | 1887       |
|    policy_gradient_loss | -0.0674    |
|    std                  | 0.352      |
|    value_loss           | 0.0627     |
----------------------------------------
---------------------------------
| env/               |          |
|    strehl          | 0.391    |
| rollout/           |          |
|    ep_len_mean     | 8        |
|    ep_rew_mean     | -6.45    |
| time/              |          |
|    fps             | 196      |
|    iterations      | 196      |
|    time_elapsed    | 509      |
|    total_timesteps | 100352   |
---------------------------------
-----------------------------------------
| env/                    |             |
|    strehl               | 0.405       |
| rollout/                |             |
|    ep_len_mean          | 8           |
|    ep_rew_mean          | -6.52       |
| time/                   |             |
|    fps                  | 196         |
|    iterations           | 197         |
|    time_elapsed         | 512         |
|    total_timesteps      | 100864      |
| train/                  |             |
|    approx_kl            | 0.067782864 |
|    clip_fraction        | 0.396       |
|    clip_range           | 0.2         |
|    entropy_loss         | -7.83       |
|    explained_variance   | -0.00396    |
|    learning_rate        | 0.0003      |
|    loss                 | -0.0933     |
|    n_updates            | 1897        |
|    policy_gradient_loss | -0.0709     |
|    std                  | 0.351       |
|    value_loss           | 0.0658      |
-----------------------------------------
Early stopping at step 7 due to reaching max kl: 0.08
-----------------------------------------
| env/                    |             |
|    strehl               | 0.357       |
| rollout/                |             |
|    ep_len_mean          | 8           |
|    ep_rew_mean          | -6.5        |
| time/                   |             |
|    fps                  | 196         |
|    iterations           | 198         |
|    time_elapsed         | 514         |
|    total_timesteps      | 101376      |
| train/                  |             |
|    approx_kl            | 0.072993964 |
|    clip_fraction        | 0.359       |
|    clip_range           | 0.2         |
|    entropy_loss         | -7.82       |
|    explained_variance   | -0.00632    |
|    learning_rate        | 0.0003      |
|    loss                 | -0.0857     |
|    n_updates            | 1905        |
|    policy_gradient_loss | -0.0674     |
|    std                  | 0.351       |
|    value_loss           | 0.06        |
-----------------------------------------
Early stopping at step 7 due to reaching max kl: 0.09
----------------------------------------
| env/                    |            |
|    strehl               | 0.348      |
| rollout/                |            |
|    ep_len_mean          | 8          |
|    ep_rew_mean          | -6.56      |
| time/                   |            |
|    fps                  | 197        |
|    iterations           | 199        |
|    time_elapsed         | 517        |
|    total_timesteps      | 101888     |
| train/                  |            |
|    approx_kl            | 0.07409599 |
|    clip_fraction        | 0.368      |
|    clip_range           | 0.2        |
|    entropy_loss         | -7.82      |
|    explained_variance   | -0.00484   |
|    learning_rate        | 0.0003     |
|    loss                 | -0.0894    |
|    n_updates            | 1913       |
|    policy_gradient_loss | -0.0693    |
|    std                  | 0.351      |
|    value_loss           | 0.0673     |
----------------------------------------
Early stopping at step 6 due to reaching max kl: 0.08
-----------------------------------------
| env/                    |             |
|    strehl               | 0.374       |
| rollout/                |             |
|    ep_len_mean          | 8           |
|    ep_rew_mean          | -6.6        |
| time/                   |             |
|    fps                  | 197         |
|    iterations           | 200         |
|    time_elapsed         | 519         |
|    total_timesteps      | 102400      |
| train/                  |             |
|    approx_kl            | 0.062224813 |
|    clip_fraction        | 0.363       |
|    clip_range           | 0.2         |
|    entropy_loss         | -7.81       |
|    explained_variance   | -0.00542    |
|    learning_rate        | 0.0003      |
|    loss                 | -0.0792     |
|    n_updates            | 1920        |
|    policy_gradient_loss | -0.0578     |
|    std                  | 0.351       |
|    value_loss           | 0.0495      |
-----------------------------------------
Early stopping at step 8 due to reaching max kl: 0.08
-----------------------------------------
| env/                    |             |
|    strehl               | 0.368       |
| rollout/                |             |
|    ep_len_mean          | 8           |
|    ep_rew_mean          | -6.47       |
| time/                   |             |
|    fps                  | 197         |
|    iterations           | 201         |
|    time_elapsed         | 522         |
|    total_timesteps      | 102912      |
| train/                  |             |
|    approx_kl            | 0.073294945 |
|    clip_fraction        | 0.389       |
|    clip_range           | 0.2         |
|    entropy_loss         | -7.81       |
|    explained_variance   | -0.00514    |
|    learning_rate        | 0.0003      |
|    loss                 | -0.0926     |
|    n_updates            | 1929        |
|    policy_gradient_loss | -0.0654     |
|    std                  | 0.351       |
|    value_loss           | 0.0592      |
-----------------------------------------
----------------------------------------
| env/                    |            |
|    strehl               | 0.37       |
| rollout/                |            |
|    ep_len_mean          | 8          |
|    ep_rew_mean          | -6.47      |
| time/                   |            |
|    fps                  | 197        |
|    iterations           | 202        |
|    time_elapsed         | 524        |
|    total_timesteps      | 103424     |
| train/                  |            |
|    approx_kl            | 0.06843287 |
|    clip_fraction        | 0.401      |
|    clip_range           | 0.2        |
|    entropy_loss         | -7.81      |
|    explained_variance   | -0.0036    |
|    learning_rate        | 0.0003     |
|    loss                 | -0.092     |
|    n_updates            | 1939       |
|    policy_gradient_loss | -0.0668    |
|    std                  | 0.351      |
|    value_loss           | 0.0629     |
----------------------------------------
Early stopping at step 8 due to reaching max kl: 0.08
---------------------------------------
| env/                    |           |
|    strehl               | 0.419     |
| rollout/                |           |
|    ep_len_mean          | 8         |
|    ep_rew_mean          | -6.48     |
| time/                   |           |
|    fps                  | 197       |
|    iterations           | 203       |
|    time_elapsed         | 527       |
|    total_timesteps      | 103936    |
| train/                  |           |
|    approx_kl            | 0.0724448 |
|    clip_fraction        | 0.398     |
|    clip_range           | 0.2       |
|    entropy_loss         | -7.81     |
|    explained_variance   | -0.00419  |
|    learning_rate        | 0.0003    |
|    loss                 | -0.0852   |
|    n_updates            | 1948      |
|    policy_gradient_loss | -0.0643   |
|    std                  | 0.351     |
|    value_loss           | 0.0699    |
---------------------------------------
Early stopping at step 6 due to reaching max kl: 0.09
----------------------------------------
| env/                    |            |
|    strehl               | 0.353      |
| rollout/                |            |
|    ep_len_mean          | 8          |
|    ep_rew_mean          | -6.54      |
| time/                   |            |
|    fps                  | 197        |
|    iterations           | 204        |
|    time_elapsed         | 529        |
|    total_timesteps      | 104448     |
| train/                  |            |
|    approx_kl            | 0.07913967 |
|    clip_fraction        | 0.331      |
|    clip_range           | 0.2        |
|    entropy_loss         | -7.8       |
|    explained_variance   | -0.00772   |
|    learning_rate        | 0.0003     |
|    loss                 | -0.0823    |
|    n_updates            | 1955       |
|    policy_gradient_loss | -0.0605    |
|    std                  | 0.351      |
|    value_loss           | 0.0518     |
----------------------------------------
Early stopping at step 9 due to reaching max kl: 0.08
----------------------------------------
| env/                    |            |
|    strehl               | 0.427      |
| rollout/                |            |
|    ep_len_mean          | 8          |
|    ep_rew_mean          | -6.49      |
| time/                   |            |
|    fps                  | 197        |
|    iterations           | 205        |
|    time_elapsed         | 531        |
|    total_timesteps      | 104960     |
| train/                  |            |
|    approx_kl            | 0.08100684 |
|    clip_fraction        | 0.382      |
|    clip_range           | 0.2        |
|    entropy_loss         | -7.79      |
|    explained_variance   | -0.00477   |
|    learning_rate        | 0.0003     |
|    loss                 | -0.097     |
|    n_updates            | 1965       |
|    policy_gradient_loss | -0.0718    |
|    std                  | 0.351      |
|    value_loss           | 0.0708     |
----------------------------------------
Early stopping at step 6 due to reaching max kl: 0.08
---------------------------------------
| env/                    |           |
|    strehl               | 0.36      |
| rollout/                |           |
|    ep_len_mean          | 8         |
|    ep_rew_mean          | -6.39     |
| time/                   |           |
|    fps                  | 197       |
|    iterations           | 206       |
|    time_elapsed         | 534       |
|    total_timesteps      | 105472    |
| train/                  |           |
|    approx_kl            | 0.0779251 |
|    clip_fraction        | 0.337     |
|    clip_range           | 0.2       |
|    entropy_loss         | -7.79     |
|    explained_variance   | -0.00346  |
|    learning_rate        | 0.0003    |
|    loss                 | -0.0643   |
|    n_updates            | 1972      |
|    policy_gradient_loss | -0.0473   |
|    std                  | 0.351     |
|    value_loss           | 0.0705    |
---------------------------------------
Early stopping at step 7 due to reaching max kl: 0.08
---------------------------------------
| env/                    |           |
|    strehl               | 0.391     |
| rollout/                |           |
|    ep_len_mean          | 8         |
|    ep_rew_mean          | -6.43     |
| time/                   |           |
|    fps                  | 197       |
|    iterations           | 207       |
|    time_elapsed         | 536       |
|    total_timesteps      | 105984    |
| train/                  |           |
|    approx_kl            | 0.0681417 |
|    clip_fraction        | 0.367     |
|    clip_range           | 0.2       |
|    entropy_loss         | -7.79     |
|    explained_variance   | -0.00454  |
|    learning_rate        | 0.0003    |
|    loss                 | -0.0797   |
|    n_updates            | 1980      |
|    policy_gradient_loss | -0.0607   |
|    std                  | 0.351     |
|    value_loss           | 0.0797    |
---------------------------------------
Early stopping at step 7 due to reaching max kl: 0.08
-----------------------------------------
| env/                    |             |
|    strehl               | 0.372       |
| rollout/                |             |
|    ep_len_mean          | 8           |
|    ep_rew_mean          | -6.45       |
| time/                   |             |
|    fps                  | 197         |
|    iterations           | 208         |
|    time_elapsed         | 539         |
|    total_timesteps      | 106496      |
| train/                  |             |
|    approx_kl            | 0.070501655 |
|    clip_fraction        | 0.387       |
|    clip_range           | 0.2         |
|    entropy_loss         | -7.79       |
|    explained_variance   | -0.00559    |
|    learning_rate        | 0.0003      |
|    loss                 | -0.081      |
|    n_updates            | 1988        |
|    policy_gradient_loss | -0.0584     |
|    std                  | 0.351       |
|    value_loss           | 0.0538      |
-----------------------------------------
Early stopping at step 8 due to reaching max kl: 0.08
----------------------------------------
| env/                    |            |
|    strehl               | 0.409      |
| rollout/                |            |
|    ep_len_mean          | 8          |
|    ep_rew_mean          | -6.4       |
| time/                   |            |
|    fps                  | 197        |
|    iterations           | 209        |
|    time_elapsed         | 541        |
|    total_timesteps      | 107008     |
| train/                  |            |
|    approx_kl            | 0.07274704 |
|    clip_fraction        | 0.389      |
|    clip_range           | 0.2        |
|    entropy_loss         | -7.79      |
|    explained_variance   | -0.00475   |
|    learning_rate        | 0.0003     |
|    loss                 | -0.081     |
|    n_updates            | 1997       |
|    policy_gradient_loss | -0.0617    |
|    std                  | 0.351      |
|    value_loss           | 0.0532     |
----------------------------------------
Early stopping at step 7 due to reaching max kl: 0.08
----------------------------------------
| env/                    |            |
|    strehl               | 0.397      |
| rollout/                |            |
|    ep_len_mean          | 8          |
|    ep_rew_mean          | -6.36      |
| time/                   |            |
|    fps                  | 197        |
|    iterations           | 210        |
|    time_elapsed         | 544        |
|    total_timesteps      | 107520     |
| train/                  |            |
|    approx_kl            | 0.07166788 |
|    clip_fraction        | 0.385      |
|    clip_range           | 0.2        |
|    entropy_loss         | -7.78      |
|    explained_variance   | -0.00524   |
|    learning_rate        | 0.0003     |
|    loss                 | -0.0903    |
|    n_updates            | 2005       |
|    policy_gradient_loss | -0.0632    |
|    std                  | 0.351      |
|    value_loss           | 0.051      |
----------------------------------------
Early stopping at step 7 due to reaching max kl: 0.08
----------------------------------------
| env/                    |            |
|    strehl               | 0.394      |
| rollout/                |            |
|    ep_len_mean          | 8          |
|    ep_rew_mean          | -6.31      |
| time/                   |            |
|    fps                  | 197        |
|    iterations           | 211        |
|    time_elapsed         | 546        |
|    total_timesteps      | 108032     |
| train/                  |            |
|    approx_kl            | 0.07299285 |
|    clip_fraction        | 0.382      |
|    clip_range           | 0.2        |
|    entropy_loss         | -7.78      |
|    explained_variance   | -0.00519   |
|    learning_rate        | 0.0003     |
|    loss                 | -0.0956    |
|    n_updates            | 2013       |
|    policy_gradient_loss | -0.0649    |
|    std                  | 0.351      |
|    value_loss           | 0.058      |
----------------------------------------
Early stopping at step 9 due to reaching max kl: 0.08
----------------------------------------
| env/                    |            |
|    strehl               | 0.398      |
| rollout/                |            |
|    ep_len_mean          | 8          |
|    ep_rew_mean          | -6.42      |
| time/                   |            |
|    fps                  | 197        |
|    iterations           | 212        |
|    time_elapsed         | 549        |
|    total_timesteps      | 108544     |
| train/                  |            |
|    approx_kl            | 0.07497416 |
|    clip_fraction        | 0.414      |
|    clip_range           | 0.2        |
|    entropy_loss         | -7.79      |
|    explained_variance   | -0.00425   |
|    learning_rate        | 0.0003     |
|    loss                 | -0.0803    |
|    n_updates            | 2023       |
|    policy_gradient_loss | -0.07      |
|    std                  | 0.351      |
|    value_loss           | 0.0765     |
----------------------------------------
Early stopping at step 8 due to reaching max kl: 0.08
----------------------------------------
| env/                    |            |
|    strehl               | 0.401      |
| rollout/                |            |
|    ep_len_mean          | 8          |
|    ep_rew_mean          | -6.56      |
| time/                   |            |
|    fps                  | 197        |
|    iterations           | 213        |
|    time_elapsed         | 551        |
|    total_timesteps      | 109056     |
| train/                  |            |
|    approx_kl            | 0.07376959 |
|    clip_fraction        | 0.442      |
|    clip_range           | 0.2        |
|    entropy_loss         | -7.78      |
|    explained_variance   | -0.00491   |
|    learning_rate        | 0.0003     |
|    loss                 | -0.0697    |
|    n_updates            | 2032       |
|    policy_gradient_loss | -0.0637    |
|    std                  | 0.351      |
|    value_loss           | 0.087      |
----------------------------------------
Early stopping at step 8 due to reaching max kl: 0.08
-----------------------------------------
| env/                    |             |
|    strehl               | 0.299       |
| rollout/                |             |
|    ep_len_mean          | 8           |
|    ep_rew_mean          | -6.6        |
| time/                   |             |
|    fps                  | 197         |
|    iterations           | 214         |
|    time_elapsed         | 554         |
|    total_timesteps      | 109568      |
| train/                  |             |
|    approx_kl            | 0.079615355 |
|    clip_fraction        | 0.394       |
|    clip_range           | 0.2         |
|    entropy_loss         | -7.77       |
|    explained_variance   | -0.00471    |
|    learning_rate        | 0.0003      |
|    loss                 | -0.081      |
|    n_updates            | 2041        |
|    policy_gradient_loss | -0.0647     |
|    std                  | 0.351       |
|    value_loss           | 0.0841      |
-----------------------------------------
Early stopping at step 7 due to reaching max kl: 0.08
----------------------------------------
| env/                    |            |
|    strehl               | 0.427      |
| rollout/                |            |
|    ep_len_mean          | 8          |
|    ep_rew_mean          | -6.49      |
| time/                   |            |
|    fps                  | 197        |
|    iterations           | 215        |
|    time_elapsed         | 556        |
|    total_timesteps      | 110080     |
| train/                  |            |
|    approx_kl            | 0.07497107 |
|    clip_fraction        | 0.365      |
|    clip_range           | 0.2        |
|    entropy_loss         | -7.77      |
|    explained_variance   | -0.00282   |
|    learning_rate        | 0.0003     |
|    loss                 | -0.0711    |
|    n_updates            | 2049       |
|    policy_gradient_loss | -0.0575    |
|    std                  | 0.351      |
|    value_loss           | 0.0762     |
----------------------------------------
Early stopping at step 8 due to reaching max kl: 0.08
----------------------------------------
| env/                    |            |
|    strehl               | 0.392      |
| rollout/                |            |
|    ep_len_mean          | 8          |
|    ep_rew_mean          | -6.48      |
| time/                   |            |
|    fps                  | 197        |
|    iterations           | 216        |
|    time_elapsed         | 559        |
|    total_timesteps      | 110592     |
| train/                  |            |
|    approx_kl            | 0.07357947 |
|    clip_fraction        | 0.387      |
|    clip_range           | 0.2        |
|    entropy_loss         | -7.77      |
|    explained_variance   | -0.0056    |
|    learning_rate        | 0.0003     |
|    loss                 | -0.0872    |
|    n_updates            | 2058       |
|    policy_gradient_loss | -0.0604    |
|    std                  | 0.351      |
|    value_loss           | 0.0648     |
----------------------------------------
Early stopping at step 8 due to reaching max kl: 0.08
-----------------------------------------
| env/                    |             |
|    strehl               | 0.334       |
| rollout/                |             |
|    ep_len_mean          | 8           |
|    ep_rew_mean          | -6.49       |
| time/                   |             |
|    fps                  | 197         |
|    iterations           | 217         |
|    time_elapsed         | 561         |
|    total_timesteps      | 111104      |
| train/                  |             |
|    approx_kl            | 0.080280304 |
|    clip_fraction        | 0.384       |
|    clip_range           | 0.2         |
|    entropy_loss         | -7.77       |
|    explained_variance   | -0.00541    |
|    learning_rate        | 0.0003      |
|    loss                 | -0.0923     |
|    n_updates            | 2067        |
|    policy_gradient_loss | -0.0649     |
|    std                  | 0.351       |
|    value_loss           | 0.0665      |
-----------------------------------------
Early stopping at step 6 due to reaching max kl: 0.10
----------------------------------------
| env/                    |            |
|    strehl               | 0.39       |
| rollout/                |            |
|    ep_len_mean          | 8          |
|    ep_rew_mean          | -6.45      |
| time/                   |            |
|    fps                  | 197        |
|    iterations           | 218        |
|    time_elapsed         | 563        |
|    total_timesteps      | 111616     |
| train/                  |            |
|    approx_kl            | 0.08561459 |
|    clip_fraction        | 0.36       |
|    clip_range           | 0.2        |
|    entropy_loss         | -7.76      |
|    explained_variance   | -0.00409   |
|    learning_rate        | 0.0003     |
|    loss                 | -0.066     |
|    n_updates            | 2074       |
|    policy_gradient_loss | -0.062     |
|    std                  | 0.35       |
|    value_loss           | 0.082      |
----------------------------------------
Early stopping at step 7 due to reaching max kl: 0.10
----------------------------------------
| env/                    |            |
|    strehl               | 0.454      |
| rollout/                |            |
|    ep_len_mean          | 8          |
|    ep_rew_mean          | -6.42      |
| time/                   |            |
|    fps                  | 198        |
|    iterations           | 219        |
|    time_elapsed         | 566        |
|    total_timesteps      | 112128     |
| train/                  |            |
|    approx_kl            | 0.08733235 |
|    clip_fraction        | 0.361      |
|    clip_range           | 0.2        |
|    entropy_loss         | -7.75      |
|    explained_variance   | -0.00457   |
|    learning_rate        | 0.0003     |
|    loss                 | -0.0822    |
|    n_updates            | 2082       |
|    policy_gradient_loss | -0.0703    |
|    std                  | 0.35       |
|    value_loss           | 0.0873     |
----------------------------------------
-----------------------------------------
| env/                    |             |
|    strehl               | 0.405       |
| rollout/                |             |
|    ep_len_mean          | 8           |
|    ep_rew_mean          | -6.42       |
| time/                   |             |
|    fps                  | 197         |
|    iterations           | 220         |
|    time_elapsed         | 568         |
|    total_timesteps      | 112640      |
| train/                  |             |
|    approx_kl            | 0.066990554 |
|    clip_fraction        | 0.415       |
|    clip_range           | 0.2         |
|    entropy_loss         | -7.73       |
|    explained_variance   | -0.00532    |
|    learning_rate        | 0.0003      |
|    loss                 | -0.0761     |
|    n_updates            | 2092        |
|    policy_gradient_loss | -0.0676     |
|    std                  | 0.35        |
|    value_loss           | 0.0875      |
-----------------------------------------
Early stopping at step 8 due to reaching max kl: 0.08
----------------------------------------
| env/                    |            |
|    strehl               | 0.429      |
| rollout/                |            |
|    ep_len_mean          | 8          |
|    ep_rew_mean          | -6.47      |
| time/                   |            |
|    fps                  | 198        |
|    iterations           | 221        |
|    time_elapsed         | 571        |
|    total_timesteps      | 113152     |
| train/                  |            |
|    approx_kl            | 0.07947624 |
|    clip_fraction        | 0.409      |
|    clip_range           | 0.2        |
|    entropy_loss         | -7.72      |
|    explained_variance   | -0.0032    |
|    learning_rate        | 0.0003     |
|    loss                 | -0.0951    |
|    n_updates            | 2101       |
|    policy_gradient_loss | -0.0688    |
|    std                  | 0.35       |
|    value_loss           | 0.0573     |
----------------------------------------
Early stopping at step 8 due to reaching max kl: 0.10
----------------------------------------
| env/                    |            |
|    strehl               | 0.516      |
| rollout/                |            |
|    ep_len_mean          | 8          |
|    ep_rew_mean          | -6.49      |
| time/                   |            |
|    fps                  | 198        |
|    iterations           | 222        |
|    time_elapsed         | 573        |
|    total_timesteps      | 113664     |
| train/                  |            |
|    approx_kl            | 0.08500631 |
|    clip_fraction        | 0.352      |
|    clip_range           | 0.2        |
|    entropy_loss         | -7.71      |
|    explained_variance   | -0.00273   |
|    learning_rate        | 0.0003     |
|    loss                 | -0.0929    |
|    n_updates            | 2110       |
|    policy_gradient_loss | -0.0739    |
|    std                  | 0.35       |
|    value_loss           | 0.0621     |
----------------------------------------
Early stopping at step 8 due to reaching max kl: 0.08
----------------------------------------
| env/                    |            |
|    strehl               | 0.416      |
| rollout/                |            |
|    ep_len_mean          | 8          |
|    ep_rew_mean          | -6.41      |
| time/                   |            |
|    fps                  | 198        |
|    iterations           | 223        |
|    time_elapsed         | 576        |
|    total_timesteps      | 114176     |
| train/                  |            |
|    approx_kl            | 0.06906381 |
|    clip_fraction        | 0.381      |
|    clip_range           | 0.2        |
|    entropy_loss         | -7.7       |
|    explained_variance   | -0.00411   |
|    learning_rate        | 0.0003     |
|    loss                 | -0.0788    |
|    n_updates            | 2119       |
|    policy_gradient_loss | -0.065     |
|    std                  | 0.349      |
|    value_loss           | 0.0705     |
----------------------------------------
----------------------------------------
| env/                    |            |
|    strehl               | 0.454      |
| rollout/                |            |
|    ep_len_mean          | 8          |
|    ep_rew_mean          | -6.4       |
| time/                   |            |
|    fps                  | 198        |
|    iterations           | 224        |
|    time_elapsed         | 579        |
|    total_timesteps      | 114688     |
| train/                  |            |
|    approx_kl            | 0.06913469 |
|    clip_fraction        | 0.367      |
|    clip_range           | 0.2        |
|    entropy_loss         | -7.69      |
|    explained_variance   | -0.0044    |
|    learning_rate        | 0.0003     |
|    loss                 | -0.0915    |
|    n_updates            | 2129       |
|    policy_gradient_loss | -0.0659    |
|    std                  | 0.349      |
|    value_loss           | 0.0604     |
----------------------------------------
Early stopping at step 6 due to reaching max kl: 0.08
----------------------------------------
| env/                    |            |
|    strehl               | 0.445      |
| rollout/                |            |
|    ep_len_mean          | 8          |
|    ep_rew_mean          | -6.44      |
| time/                   |            |
|    fps                  | 198        |
|    iterations           | 225        |
|    time_elapsed         | 581        |
|    total_timesteps      | 115200     |
| train/                  |            |
|    approx_kl            | 0.08237534 |
|    clip_fraction        | 0.309      |
|    clip_range           | 0.2        |
|    entropy_loss         | -7.68      |
|    explained_variance   | -0.00348   |
|    learning_rate        | 0.0003     |
|    loss                 | -0.072     |
|    n_updates            | 2136       |
|    policy_gradient_loss | -0.0571    |
|    std                  | 0.349      |
|    value_loss           | 0.0751     |
----------------------------------------
Early stopping at step 9 due to reaching max kl: 0.08
----------------------------------------
| env/                    |            |
|    strehl               | 0.4        |
| rollout/                |            |
|    ep_len_mean          | 8          |
|    ep_rew_mean          | -6.4       |
| time/                   |            |
|    fps                  | 198        |
|    iterations           | 226        |
|    time_elapsed         | 583        |
|    total_timesteps      | 115712     |
| train/                  |            |
|    approx_kl            | 0.07535814 |
|    clip_fraction        | 0.398      |
|    clip_range           | 0.2        |
|    entropy_loss         | -7.68      |
|    explained_variance   | -0.00576   |
|    learning_rate        | 0.0003     |
|    loss                 | -0.0825    |
|    n_updates            | 2146       |
|    policy_gradient_loss | -0.0629    |
|    std                  | 0.349      |
|    value_loss           | 0.0735     |
----------------------------------------
Early stopping at step 8 due to reaching max kl: 0.09
----------------------------------------
| env/                    |            |
|    strehl               | 0.365      |
| rollout/                |            |
|    ep_len_mean          | 8          |
|    ep_rew_mean          | -6.45      |
| time/                   |            |
|    fps                  | 198        |
|    iterations           | 227        |
|    time_elapsed         | 586        |
|    total_timesteps      | 116224     |
| train/                  |            |
|    approx_kl            | 0.08510882 |
|    clip_fraction        | 0.387      |
|    clip_range           | 0.2        |
|    entropy_loss         | -7.66      |
|    explained_variance   | -0.00455   |
|    learning_rate        | 0.0003     |
|    loss                 | -0.0876    |
|    n_updates            | 2155       |
|    policy_gradient_loss | -0.0707    |
|    std                  | 0.349      |
|    value_loss           | 0.0687     |
----------------------------------------
Early stopping at step 7 due to reaching max kl: 0.08
-----------------------------------------
| env/                    |             |
|    strehl               | 0.456       |
| rollout/                |             |
|    ep_len_mean          | 8           |
|    ep_rew_mean          | -6.45       |
| time/                   |             |
|    fps                  | 198         |
|    iterations           | 228         |
|    time_elapsed         | 588         |
|    total_timesteps      | 116736      |
| train/                  |             |
|    approx_kl            | 0.068155274 |
|    clip_fraction        | 0.363       |
|    clip_range           | 0.2         |
|    entropy_loss         | -7.65       |
|    explained_variance   | -0.00282    |
|    learning_rate        | 0.0003      |
|    loss                 | -0.0863     |
|    n_updates            | 2163        |
|    policy_gradient_loss | -0.0668     |
|    std                  | 0.349       |
|    value_loss           | 0.0577      |
-----------------------------------------
Early stopping at step 8 due to reaching max kl: 0.08
----------------------------------------
| env/                    |            |
|    strehl               | 0.363      |
| rollout/                |            |
|    ep_len_mean          | 8          |
|    ep_rew_mean          | -6.44      |
| time/                   |            |
|    fps                  | 198        |
|    iterations           | 229        |
|    time_elapsed         | 591        |
|    total_timesteps      | 117248     |
| train/                  |            |
|    approx_kl            | 0.07979922 |
|    clip_fraction        | 0.411      |
|    clip_range           | 0.2        |
|    entropy_loss         | -7.65      |
|    explained_variance   | -0.00417   |
|    learning_rate        | 0.0003     |
|    loss                 | -0.0794    |
|    n_updates            | 2172       |
|    policy_gradient_loss | -0.0621    |
|    std                  | 0.349      |
|    value_loss           | 0.0716     |
----------------------------------------
Early stopping at step 6 due to reaching max kl: 0.09
----------------------------------------
| env/                    |            |
|    strehl               | 0.451      |
| rollout/                |            |
|    ep_len_mean          | 8          |
|    ep_rew_mean          | -6.43      |
| time/                   |            |
|    fps                  | 198        |
|    iterations           | 230        |
|    time_elapsed         | 593        |
|    total_timesteps      | 117760     |
| train/                  |            |
|    approx_kl            | 0.07700345 |
|    clip_fraction        | 0.365      |
|    clip_range           | 0.2        |
|    entropy_loss         | -7.64      |
|    explained_variance   | -0.00409   |
|    learning_rate        | 0.0003     |
|    loss                 | -0.0565    |
|    n_updates            | 2179       |
|    policy_gradient_loss | -0.0535    |
|    std                  | 0.348      |
|    value_loss           | 0.0837     |
----------------------------------------
Early stopping at step 6 due to reaching max kl: 0.09
---------------------------------------
| env/                    |           |
|    strehl               | 0.329     |
| rollout/                |           |
|    ep_len_mean          | 8         |
|    ep_rew_mean          | -6.47     |
| time/                   |           |
|    fps                  | 198       |
|    iterations           | 231       |
|    time_elapsed         | 595       |
|    total_timesteps      | 118272    |
| train/                  |           |
|    approx_kl            | 0.0865041 |
|    clip_fraction        | 0.367     |
|    clip_range           | 0.2       |
|    entropy_loss         | -7.64     |
|    explained_variance   | -0.00391  |
|    learning_rate        | 0.0003    |
|    loss                 | -0.078    |
|    n_updates            | 2186      |
|    policy_gradient_loss | -0.0539   |
|    std                  | 0.348     |
|    value_loss           | 0.0598    |
---------------------------------------
Early stopping at step 6 due to reaching max kl: 0.08
----------------------------------------
| env/                    |            |
|    strehl               | 0.393      |
| rollout/                |            |
|    ep_len_mean          | 8          |
|    ep_rew_mean          | -6.42      |
| time/                   |            |
|    fps                  | 198        |
|    iterations           | 232        |
|    time_elapsed         | 597        |
|    total_timesteps      | 118784     |
| train/                  |            |
|    approx_kl            | 0.06935332 |
|    clip_fraction        | 0.347      |
|    clip_range           | 0.2        |
|    entropy_loss         | -7.64      |
|    explained_variance   | -0.00326   |
|    learning_rate        | 0.0003     |
|    loss                 | -0.0535    |
|    n_updates            | 2193       |
|    policy_gradient_loss | -0.0551    |
|    std                  | 0.349      |
|    value_loss           | 0.0801     |
----------------------------------------
Early stopping at step 8 due to reaching max kl: 0.08
-----------------------------------------
| env/                    |             |
|    strehl               | 0.461       |
| rollout/                |             |
|    ep_len_mean          | 8           |
|    ep_rew_mean          | -6.44       |
| time/                   |             |
|    fps                  | 198         |
|    iterations           | 233         |
|    time_elapsed         | 600         |
|    total_timesteps      | 119296      |
| train/                  |             |
|    approx_kl            | 0.073720396 |
|    clip_fraction        | 0.409       |
|    clip_range           | 0.2         |
|    entropy_loss         | -7.64       |
|    explained_variance   | -0.00394    |
|    learning_rate        | 0.0003      |
|    loss                 | -0.0921     |
|    n_updates            | 2202        |
|    policy_gradient_loss | -0.0709     |
|    std                  | 0.349       |
|    value_loss           | 0.056       |
-----------------------------------------
Early stopping at step 5 due to reaching max kl: 0.09
----------------------------------------
| env/                    |            |
|    strehl               | 0.422      |
| rollout/                |            |
|    ep_len_mean          | 8          |
|    ep_rew_mean          | -6.38      |
| time/                   |            |
|    fps                  | 198        |
|    iterations           | 234        |
|    time_elapsed         | 602        |
|    total_timesteps      | 119808     |
| train/                  |            |
|    approx_kl            | 0.08784508 |
|    clip_fraction        | 0.348      |
|    clip_range           | 0.2        |
|    entropy_loss         | -7.64      |
|    explained_variance   | -0.00275   |
|    learning_rate        | 0.0003     |
|    loss                 | -0.0528    |
|    n_updates            | 2208       |
|    policy_gradient_loss | -0.0477    |
|    std                  | 0.348      |
|    value_loss           | 0.0698     |
----------------------------------------
Early stopping at step 7 due to reaching max kl: 0.08
----------------------------------------
| env/                    |            |
|    strehl               | 0.412      |
| rollout/                |            |
|    ep_len_mean          | 8          |
|    ep_rew_mean          | -6.36      |
| time/                   |            |
|    fps                  | 198        |
|    iterations           | 235        |
|    time_elapsed         | 605        |
|    total_timesteps      | 120320     |
| train/                  |            |
|    approx_kl            | 0.07616456 |
|    clip_fraction        | 0.369      |
|    clip_range           | 0.2        |
|    entropy_loss         | -7.64      |
|    explained_variance   | -0.00317   |
|    learning_rate        | 0.0003     |
|    loss                 | -0.0843    |
|    n_updates            | 2216       |
|    policy_gradient_loss | -0.0629    |
|    std                  | 0.348      |
|    value_loss           | 0.0818     |
----------------------------------------
Early stopping at step 4 due to reaching max kl: 0.08
----------------------------------------
| env/                    |            |
|    strehl               | 0.46       |
| rollout/                |            |
|    ep_len_mean          | 8          |
|    ep_rew_mean          | -6.43      |
| time/                   |            |
|    fps                  | 199        |
|    iterations           | 236        |
|    time_elapsed         | 606        |
|    total_timesteps      | 120832     |
| train/                  |            |
|    approx_kl            | 0.07696507 |
|    clip_fraction        | 0.244      |
|    clip_range           | 0.2        |
|    entropy_loss         | -7.63      |
|    explained_variance   | -0.0035    |
|    learning_rate        | 0.0003     |
|    loss                 | -0.0533    |
|    n_updates            | 2221       |
|    policy_gradient_loss | -0.0441    |
|    std                  | 0.348      |
|    value_loss           | 0.0734     |
----------------------------------------
Early stopping at step 6 due to reaching max kl: 0.08
----------------------------------------
| env/                    |            |
|    strehl               | 0.425      |
| rollout/                |            |
|    ep_len_mean          | 8          |
|    ep_rew_mean          | -6.33      |
| time/                   |            |
|    fps                  | 199        |
|    iterations           | 237        |
|    time_elapsed         | 609        |
|    total_timesteps      | 121344     |
| train/                  |            |
|    approx_kl            | 0.07850661 |
|    clip_fraction        | 0.38       |
|    clip_range           | 0.2        |
|    entropy_loss         | -7.62      |
|    explained_variance   | -0.0049    |
|    learning_rate        | 0.0003     |
|    loss                 | -0.066     |
|    n_updates            | 2228       |
|    policy_gradient_loss | -0.0533    |
|    std                  | 0.348      |
|    value_loss           | 0.0512     |
----------------------------------------
Early stopping at step 8 due to reaching max kl: 0.08
----------------------------------------
| env/                    |            |
|    strehl               | 0.405      |
| rollout/                |            |
|    ep_len_mean          | 8          |
|    ep_rew_mean          | -6.42      |
| time/                   |            |
|    fps                  | 199        |
|    iterations           | 238        |
|    time_elapsed         | 611        |
|    total_timesteps      | 121856     |
| train/                  |            |
|    approx_kl            | 0.07833782 |
|    clip_fraction        | 0.376      |
|    clip_range           | 0.2        |
|    entropy_loss         | -7.61      |
|    explained_variance   | -0.00478   |
|    learning_rate        | 0.0003     |
|    loss                 | -0.0865    |
|    n_updates            | 2237       |
|    policy_gradient_loss | -0.0628    |
|    std                  | 0.348      |
|    value_loss           | 0.0689     |
----------------------------------------
Early stopping at step 8 due to reaching max kl: 0.08
-----------------------------------------
| env/                    |             |
|    strehl               | 0.444       |
| rollout/                |             |
|    ep_len_mean          | 8           |
|    ep_rew_mean          | -6.46       |
| time/                   |             |
|    fps                  | 199         |
|    iterations           | 239         |
|    time_elapsed         | 614         |
|    total_timesteps      | 122368      |
| train/                  |             |
|    approx_kl            | 0.077415965 |
|    clip_fraction        | 0.376       |
|    clip_range           | 0.2         |
|    entropy_loss         | -7.6        |
|    explained_variance   | -0.00306    |
|    learning_rate        | 0.0003      |
|    loss                 | -0.0796     |
|    n_updates            | 2246        |
|    policy_gradient_loss | -0.0647     |
|    std                  | 0.348       |
|    value_loss           | 0.0751      |
-----------------------------------------
Early stopping at step 8 due to reaching max kl: 0.08
-----------------------------------------
| env/                    |             |
|    strehl               | 0.454       |
| rollout/                |             |
|    ep_len_mean          | 8           |
|    ep_rew_mean          | -6.39       |
| time/                   |             |
|    fps                  | 199         |
|    iterations           | 240         |
|    time_elapsed         | 616         |
|    total_timesteps      | 122880      |
| train/                  |             |
|    approx_kl            | 0.075319156 |
|    clip_fraction        | 0.388       |
|    clip_range           | 0.2         |
|    entropy_loss         | -7.59       |
|    explained_variance   | -0.00436    |
|    learning_rate        | 0.0003      |
|    loss                 | -0.0981     |
|    n_updates            | 2255        |
|    policy_gradient_loss | -0.0677     |
|    std                  | 0.348       |
|    value_loss           | 0.0494      |
-----------------------------------------
Early stopping at step 6 due to reaching max kl: 0.08
----------------------------------------
| env/                    |            |
|    strehl               | 0.452      |
| rollout/                |            |
|    ep_len_mean          | 8          |
|    ep_rew_mean          | -6.34      |
| time/                   |            |
|    fps                  | 199        |
|    iterations           | 241        |
|    time_elapsed         | 618        |
|    total_timesteps      | 123392     |
| train/                  |            |
|    approx_kl            | 0.07555701 |
|    clip_fraction        | 0.364      |
|    clip_range           | 0.2        |
|    entropy_loss         | -7.58      |
|    explained_variance   | -0.00347   |
|    learning_rate        | 0.0003     |
|    loss                 | -0.0854    |
|    n_updates            | 2262       |
|    policy_gradient_loss | -0.0625    |
|    std                  | 0.348      |
|    value_loss           | 0.063      |
----------------------------------------
Early stopping at step 8 due to reaching max kl: 0.08
-----------------------------------------
| env/                    |             |
|    strehl               | 0.42        |
| rollout/                |             |
|    ep_len_mean          | 8           |
|    ep_rew_mean          | -6.38       |
| time/                   |             |
|    fps                  | 199         |
|    iterations           | 242         |
|    time_elapsed         | 621         |
|    total_timesteps      | 123904      |
| train/                  |             |
|    approx_kl            | 0.075198725 |
|    clip_fraction        | 0.39        |
|    clip_range           | 0.2         |
|    entropy_loss         | -7.58       |
|    explained_variance   | -0.00385    |
|    learning_rate        | 0.0003      |
|    loss                 | -0.0766     |
|    n_updates            | 2271        |
|    policy_gradient_loss | -0.0634     |
|    std                  | 0.348       |
|    value_loss           | 0.0773      |
-----------------------------------------
Early stopping at step 6 due to reaching max kl: 0.08
----------------------------------------
| env/                    |            |
|    strehl               | 0.414      |
| rollout/                |            |
|    ep_len_mean          | 8          |
|    ep_rew_mean          | -6.41      |
| time/                   |            |
|    fps                  | 199        |
|    iterations           | 243        |
|    time_elapsed         | 623        |
|    total_timesteps      | 124416     |
| train/                  |            |
|    approx_kl            | 0.08380021 |
|    clip_fraction        | 0.324      |
|    clip_range           | 0.2        |
|    entropy_loss         | -7.58      |
|    explained_variance   | -0.00319   |
|    learning_rate        | 0.0003     |
|    loss                 | -0.0715    |
|    n_updates            | 2278       |
|    policy_gradient_loss | -0.0601    |
|    std                  | 0.348      |
|    value_loss           | 0.0849     |
----------------------------------------
Early stopping at step 9 due to reaching max kl: 0.08
-----------------------------------------
| env/                    |             |
|    strehl               | 0.429       |
| rollout/                |             |
|    ep_len_mean          | 8           |
|    ep_rew_mean          | -6.48       |
| time/                   |             |
|    fps                  | 199         |
|    iterations           | 244         |
|    time_elapsed         | 626         |
|    total_timesteps      | 124928      |
| train/                  |             |
|    approx_kl            | 0.076737225 |
|    clip_fraction        | 0.441       |
|    clip_range           | 0.2         |
|    entropy_loss         | -7.58       |
|    explained_variance   | -0.00565    |
|    learning_rate        | 0.0003      |
|    loss                 | -0.0853     |
|    n_updates            | 2288        |
|    policy_gradient_loss | -0.0653     |
|    std                  | 0.348       |
|    value_loss           | 0.0627      |
-----------------------------------------
Early stopping at step 5 due to reaching max kl: 0.08
Eval num_timesteps=125000, episode_reward=-6.23 +/- 0.82
Episode length: 8.00 +/- 0.00
----------------------------------------
| env/                    |            |
|    strehl               | 0.419      |
| eval/                   |            |
|    mean_ep_length       | 8          |
|    mean_reward          | -6.23      |
| time/                   |            |
|    total_timesteps      | 125000     |
| train/                  |            |
|    approx_kl            | 0.07547456 |
|    clip_fraction        | 0.347      |
|    clip_range           | 0.2        |
|    entropy_loss         | -7.58      |
|    explained_variance   | -0.00453   |
|    learning_rate        | 0.0003     |
|    loss                 | -0.069     |
|    n_updates            | 2294       |
|    policy_gradient_loss | -0.0522    |
|    std                  | 0.348      |
|    value_loss           | 0.0623     |
----------------------------------------
---------------------------------
| env/               |          |
|    strehl          | 0.444    |
| rollout/           |          |
|    ep_len_mean     | 8        |
|    ep_rew_mean     | -6.46    |
| time/              |          |
|    fps             | 199      |
|    iterations      | 245      |
|    time_elapsed    | 629      |
|    total_timesteps | 125440   |
---------------------------------
Early stopping at step 6 due to reaching max kl: 0.08
----------------------------------------
| env/                    |            |
|    strehl               | 0.407      |
| rollout/                |            |
|    ep_len_mean          | 8          |
|    ep_rew_mean          | -6.48      |
| time/                   |            |
|    fps                  | 199        |
|    iterations           | 246        |
|    time_elapsed         | 631        |
|    total_timesteps      | 125952     |
| train/                  |            |
|    approx_kl            | 0.07729811 |
|    clip_fraction        | 0.356      |
|    clip_range           | 0.2        |
|    entropy_loss         | -7.58      |
|    explained_variance   | -0.00409   |
|    learning_rate        | 0.0003     |
|    loss                 | -0.0742    |
|    n_updates            | 2301       |
|    policy_gradient_loss | -0.0574    |
|    std                  | 0.348      |
|    value_loss           | 0.0812     |
----------------------------------------
Early stopping at step 7 due to reaching max kl: 0.08
-----------------------------------------
| env/                    |             |
|    strehl               | 0.419       |
| rollout/                |             |
|    ep_len_mean          | 8           |
|    ep_rew_mean          | -6.44       |
| time/                   |             |
|    fps                  | 199         |
|    iterations           | 247         |
|    time_elapsed         | 633         |
|    total_timesteps      | 126464      |
| train/                  |             |
|    approx_kl            | 0.082478985 |
|    clip_fraction        | 0.436       |
|    clip_range           | 0.2         |
|    entropy_loss         | -7.59       |
|    explained_variance   | -0.00302    |
|    learning_rate        | 0.0003      |
|    loss                 | -0.0892     |
|    n_updates            | 2309        |
|    policy_gradient_loss | -0.0625     |
|    std                  | 0.348       |
|    value_loss           | 0.0593      |
-----------------------------------------
Early stopping at step 8 due to reaching max kl: 0.09
-----------------------------------------
| env/                    |             |
|    strehl               | 0.338       |
| rollout/                |             |
|    ep_len_mean          | 8           |
|    ep_rew_mean          | -6.4        |
| time/                   |             |
|    fps                  | 199         |
|    iterations           | 248         |
|    time_elapsed         | 636         |
|    total_timesteps      | 126976      |
| train/                  |             |
|    approx_kl            | 0.087239355 |
|    clip_fraction        | 0.402       |
|    clip_range           | 0.2         |
|    entropy_loss         | -7.59       |
|    explained_variance   | -0.00367    |
|    learning_rate        | 0.0003      |
|    loss                 | -0.0791     |
|    n_updates            | 2318        |
|    policy_gradient_loss | -0.0565     |
|    std                  | 0.348       |
|    value_loss           | 0.0698      |
-----------------------------------------
Early stopping at step 6 due to reaching max kl: 0.08
----------------------------------------
| env/                    |            |
|    strehl               | 0.509      |
| rollout/                |            |
|    ep_len_mean          | 8          |
|    ep_rew_mean          | -6.37      |
| time/                   |            |
|    fps                  | 199        |
|    iterations           | 249        |
|    time_elapsed         | 638        |
|    total_timesteps      | 127488     |
| train/                  |            |
|    approx_kl            | 0.07823534 |
|    clip_fraction        | 0.344      |
|    clip_range           | 0.2        |
|    entropy_loss         | -7.59      |
|    explained_variance   | -0.00322   |
|    learning_rate        | 0.0003     |
|    loss                 | -0.0692    |
|    n_updates            | 2325       |
|    policy_gradient_loss | -0.0621    |
|    std                  | 0.348      |
|    value_loss           | 0.0774     |
----------------------------------------
Early stopping at step 7 due to reaching max kl: 0.08
----------------------------------------
| env/                    |            |
|    strehl               | 0.456      |
| rollout/                |            |
|    ep_len_mean          | 8          |
|    ep_rew_mean          | -6.36      |
| time/                   |            |
|    fps                  | 199        |
|    iterations           | 250        |
|    time_elapsed         | 640        |
|    total_timesteps      | 128000     |
| train/                  |            |
|    approx_kl            | 0.07517248 |
|    clip_fraction        | 0.4        |
|    clip_range           | 0.2        |
|    entropy_loss         | -7.59      |
|    explained_variance   | -0.00528   |
|    learning_rate        | 0.0003     |
|    loss                 | -0.074     |
|    n_updates            | 2333       |
|    policy_gradient_loss | -0.0572    |
|    std                  | 0.348      |
|    value_loss           | 0.0614     |
----------------------------------------
Early stopping at step 8 due to reaching max kl: 0.08
----------------------------------------
| env/                    |            |
|    strehl               | 0.451      |
| rollout/                |            |
|    ep_len_mean          | 8          |
|    ep_rew_mean          | -6.32      |
| time/                   |            |
|    fps                  | 199        |
|    iterations           | 251        |
|    time_elapsed         | 643        |
|    total_timesteps      | 128512     |
| train/                  |            |
|    approx_kl            | 0.07248528 |
|    clip_fraction        | 0.398      |
|    clip_range           | 0.2        |
|    entropy_loss         | -7.58      |
|    explained_variance   | -0.00337   |
|    learning_rate        | 0.0003     |
|    loss                 | -0.0858    |
|    n_updates            | 2342       |
|    policy_gradient_loss | -0.0643    |
|    std                  | 0.347      |
|    value_loss           | 0.0662     |
----------------------------------------
Early stopping at step 9 due to reaching max kl: 0.08
----------------------------------------
| env/                    |            |
|    strehl               | 0.402      |
| rollout/                |            |
|    ep_len_mean          | 8          |
|    ep_rew_mean          | -6.46      |
| time/                   |            |
|    fps                  | 199        |
|    iterations           | 252        |
|    time_elapsed         | 645        |
|    total_timesteps      | 129024     |
| train/                  |            |
|    approx_kl            | 0.08246791 |
|    clip_fraction        | 0.408      |
|    clip_range           | 0.2        |
|    entropy_loss         | -7.58      |
|    explained_variance   | -0.00399   |
|    learning_rate        | 0.0003     |
|    loss                 | -0.0717    |
|    n_updates            | 2352       |
|    policy_gradient_loss | -0.0649    |
|    std                  | 0.347      |
|    value_loss           | 0.0808     |
----------------------------------------
Early stopping at step 8 due to reaching max kl: 0.09
-----------------------------------------
| env/                    |             |
|    strehl               | 0.461       |
| rollout/                |             |
|    ep_len_mean          | 8           |
|    ep_rew_mean          | -6.42       |
| time/                   |             |
|    fps                  | 199         |
|    iterations           | 253         |
|    time_elapsed         | 648         |
|    total_timesteps      | 129536      |
| train/                  |             |
|    approx_kl            | 0.078064844 |
|    clip_fraction        | 0.409       |
|    clip_range           | 0.2         |
|    entropy_loss         | -7.57       |
|    explained_variance   | -0.00504    |
|    learning_rate        | 0.0003      |
|    loss                 | -0.0928     |
|    n_updates            | 2361        |
|    policy_gradient_loss | -0.0692     |
|    std                  | 0.347       |
|    value_loss           | 0.0617      |
-----------------------------------------
Early stopping at step 7 due to reaching max kl: 0.08
-----------------------------------------
| env/                    |             |
|    strehl               | 0.481       |
| rollout/                |             |
|    ep_len_mean          | 8           |
|    ep_rew_mean          | -6.39       |
| time/                   |             |
|    fps                  | 199         |
|    iterations           | 254         |
|    time_elapsed         | 650         |
|    total_timesteps      | 130048      |
| train/                  |             |
|    approx_kl            | 0.075029016 |
|    clip_fraction        | 0.365       |
|    clip_range           | 0.2         |
|    entropy_loss         | -7.57       |
|    explained_variance   | -0.00345    |
|    learning_rate        | 0.0003      |
|    loss                 | -0.0867     |
|    n_updates            | 2369        |
|    policy_gradient_loss | -0.0629     |
|    std                  | 0.347       |
|    value_loss           | 0.0693      |
-----------------------------------------
Early stopping at step 7 due to reaching max kl: 0.08
---------------------------------------
| env/                    |           |
|    strehl               | 0.348     |
| rollout/                |           |
|    ep_len_mean          | 8         |
|    ep_rew_mean          | -6.37     |
| time/                   |           |
|    fps                  | 199       |
|    iterations           | 255       |
|    time_elapsed         | 653       |
|    total_timesteps      | 130560    |
| train/                  |           |
|    approx_kl            | 0.0696729 |
|    clip_fraction        | 0.394     |
|    clip_range           | 0.2       |
|    entropy_loss         | -7.57     |
|    explained_variance   | -0.00288  |
|    learning_rate        | 0.0003    |
|    loss                 | -0.0828   |
|    n_updates            | 2377      |
|    policy_gradient_loss | -0.0648   |
|    std                  | 0.347     |
|    value_loss           | 0.0633    |
---------------------------------------
Early stopping at step 7 due to reaching max kl: 0.08
----------------------------------------
| env/                    |            |
|    strehl               | 0.462      |
| rollout/                |            |
|    ep_len_mean          | 8          |
|    ep_rew_mean          | -6.35      |
| time/                   |            |
|    fps                  | 199        |
|    iterations           | 256        |
|    time_elapsed         | 655        |
|    total_timesteps      | 131072     |
| train/                  |            |
|    approx_kl            | 0.07977575 |
|    clip_fraction        | 0.357      |
|    clip_range           | 0.2        |
|    entropy_loss         | -7.57      |
|    explained_variance   | -0.00263   |
|    learning_rate        | 0.0003     |
|    loss                 | -0.0805    |
|    n_updates            | 2385       |
|    policy_gradient_loss | -0.06      |
|    std                  | 0.347      |
|    value_loss           | 0.0676     |
----------------------------------------
Early stopping at step 8 due to reaching max kl: 0.08
----------------------------------------
| env/                    |            |
|    strehl               | 0.406      |
| rollout/                |            |
|    ep_len_mean          | 8          |
|    ep_rew_mean          | -6.35      |
| time/                   |            |
|    fps                  | 199        |
|    iterations           | 257        |
|    time_elapsed         | 658        |
|    total_timesteps      | 131584     |
| train/                  |            |
|    approx_kl            | 0.07140242 |
|    clip_fraction        | 0.439      |
|    clip_range           | 0.2        |
|    entropy_loss         | -7.57      |
|    explained_variance   | -0.004     |
|    learning_rate        | 0.0003     |
|    loss                 | -0.0746    |
|    n_updates            | 2394       |
|    policy_gradient_loss | -0.0614    |
|    std                  | 0.347      |
|    value_loss           | 0.0787     |
----------------------------------------
Early stopping at step 8 due to reaching max kl: 0.08
----------------------------------------
| env/                    |            |
|    strehl               | 0.405      |
| rollout/                |            |
|    ep_len_mean          | 8          |
|    ep_rew_mean          | -6.45      |
| time/                   |            |
|    fps                  | 199        |
|    iterations           | 258        |
|    time_elapsed         | 660        |
|    total_timesteps      | 132096     |
| train/                  |            |
|    approx_kl            | 0.08352302 |
|    clip_fraction        | 0.423      |
|    clip_range           | 0.2        |
|    entropy_loss         | -7.56      |
|    explained_variance   | -0.00371   |
|    learning_rate        | 0.0003     |
|    loss                 | -0.087     |
|    n_updates            | 2403       |
|    policy_gradient_loss | -0.0637    |
|    std                  | 0.347      |
|    value_loss           | 0.0597     |
----------------------------------------
Early stopping at step 7 due to reaching max kl: 0.09
----------------------------------------
| env/                    |            |
|    strehl               | 0.427      |
| rollout/                |            |
|    ep_len_mean          | 8          |
|    ep_rew_mean          | -6.4       |
| time/                   |            |
|    fps                  | 200        |
|    iterations           | 259        |
|    time_elapsed         | 662        |
|    total_timesteps      | 132608     |
| train/                  |            |
|    approx_kl            | 0.07710614 |
|    clip_fraction        | 0.405      |
|    clip_range           | 0.2        |
|    entropy_loss         | -7.56      |
|    explained_variance   | -0.00298   |
|    learning_rate        | 0.0003     |
|    loss                 | -0.0808    |
|    n_updates            | 2411       |
|    policy_gradient_loss | -0.0636    |
|    std                  | 0.347      |
|    value_loss           | 0.072      |
----------------------------------------
Early stopping at step 7 due to reaching max kl: 0.09
----------------------------------------
| env/                    |            |
|    strehl               | 0.353      |
| rollout/                |            |
|    ep_len_mean          | 8          |
|    ep_rew_mean          | -6.4       |
| time/                   |            |
|    fps                  | 200        |
|    iterations           | 260        |
|    time_elapsed         | 665        |
|    total_timesteps      | 133120     |
| train/                  |            |
|    approx_kl            | 0.08140756 |
|    clip_fraction        | 0.386      |
|    clip_range           | 0.2        |
|    entropy_loss         | -7.55      |
|    explained_variance   | -0.0043    |
|    learning_rate        | 0.0003     |
|    loss                 | -0.0785    |
|    n_updates            | 2419       |
|    policy_gradient_loss | -0.0644    |
|    std                  | 0.347      |
|    value_loss           | 0.0678     |
----------------------------------------
Early stopping at step 5 due to reaching max kl: 0.08
----------------------------------------
| env/                    |            |
|    strehl               | 0.372      |
| rollout/                |            |
|    ep_len_mean          | 8          |
|    ep_rew_mean          | -6.45      |
| time/                   |            |
|    fps                  | 200        |
|    iterations           | 261        |
|    time_elapsed         | 667        |
|    total_timesteps      | 133632     |
| train/                  |            |
|    approx_kl            | 0.06713268 |
|    clip_fraction        | 0.372      |
|    clip_range           | 0.2        |
|    entropy_loss         | -7.55      |
|    explained_variance   | -0.00314   |
|    learning_rate        | 0.0003     |
|    loss                 | -0.0697    |
|    n_updates            | 2425       |
|    policy_gradient_loss | -0.0486    |
|    std                  | 0.347      |
|    value_loss           | 0.0599     |
----------------------------------------
Early stopping at step 6 due to reaching max kl: 0.08
-----------------------------------------
| env/                    |             |
|    strehl               | 0.379       |
| rollout/                |             |
|    ep_len_mean          | 8           |
|    ep_rew_mean          | -6.5        |
| time/                   |             |
|    fps                  | 200         |
|    iterations           | 262         |
|    time_elapsed         | 669         |
|    total_timesteps      | 134144      |
| train/                  |             |
|    approx_kl            | 0.079353854 |
|    clip_fraction        | 0.425       |
|    clip_range           | 0.2         |
|    entropy_loss         | -7.55       |
|    explained_variance   | -0.0023     |
|    learning_rate        | 0.0003      |
|    loss                 | -0.0714     |
|    n_updates            | 2432        |
|    policy_gradient_loss | -0.0521     |
|    std                  | 0.347       |
|    value_loss           | 0.0548      |
-----------------------------------------
Early stopping at step 8 due to reaching max kl: 0.09
----------------------------------------
| env/                    |            |
|    strehl               | 0.514      |
| rollout/                |            |
|    ep_len_mean          | 8          |
|    ep_rew_mean          | -6.41      |
| time/                   |            |
|    fps                  | 200        |
|    iterations           | 263        |
|    time_elapsed         | 672        |
|    total_timesteps      | 134656     |
| train/                  |            |
|    approx_kl            | 0.09000796 |
|    clip_fraction        | 0.345      |
|    clip_range           | 0.2        |
|    entropy_loss         | -7.55      |
|    explained_variance   | -0.00412   |
|    learning_rate        | 0.0003     |
|    loss                 | -0.0784    |
|    n_updates            | 2441       |
|    policy_gradient_loss | -0.0647    |
|    std                  | 0.347      |
|    value_loss           | 0.0739     |
----------------------------------------
Early stopping at step 7 due to reaching max kl: 0.08
----------------------------------------
| env/                    |            |
|    strehl               | 0.425      |
| rollout/                |            |
|    ep_len_mean          | 8          |
|    ep_rew_mean          | -6.34      |
| time/                   |            |
|    fps                  | 200        |
|    iterations           | 264        |
|    time_elapsed         | 674        |
|    total_timesteps      | 135168     |
| train/                  |            |
|    approx_kl            | 0.07575067 |
|    clip_fraction        | 0.357      |
|    clip_range           | 0.2        |
|    entropy_loss         | -7.54      |
|    explained_variance   | -0.00322   |
|    learning_rate        | 0.0003     |
|    loss                 | -0.0629    |
|    n_updates            | 2449       |
|    policy_gradient_loss | -0.0582    |
|    std                  | 0.347      |
|    value_loss           | 0.096      |
----------------------------------------
Early stopping at step 8 due to reaching max kl: 0.08
----------------------------------------
| env/                    |            |
|    strehl               | 0.457      |
| rollout/                |            |
|    ep_len_mean          | 8          |
|    ep_rew_mean          | -6.38      |
| time/                   |            |
|    fps                  | 200        |
|    iterations           | 265        |
|    time_elapsed         | 676        |
|    total_timesteps      | 135680     |
| train/                  |            |
|    approx_kl            | 0.08178855 |
|    clip_fraction        | 0.413      |
|    clip_range           | 0.2        |
|    entropy_loss         | -7.54      |
|    explained_variance   | -0.00365   |
|    learning_rate        | 0.0003     |
|    loss                 | -0.0763    |
|    n_updates            | 2458       |
|    policy_gradient_loss | -0.0698    |
|    std                  | 0.347      |
|    value_loss           | 0.0943     |
----------------------------------------
Early stopping at step 6 due to reaching max kl: 0.08
-----------------------------------------
| env/                    |             |
|    strehl               | 0.41        |
| rollout/                |             |
|    ep_len_mean          | 8           |
|    ep_rew_mean          | -6.37       |
| time/                   |             |
|    fps                  | 200         |
|    iterations           | 266         |
|    time_elapsed         | 679         |
|    total_timesteps      | 136192      |
| train/                  |             |
|    approx_kl            | 0.065623276 |
|    clip_fraction        | 0.362       |
|    clip_range           | 0.2         |
|    entropy_loss         | -7.54       |
|    explained_variance   | -0.00373    |
|    learning_rate        | 0.0003      |
|    loss                 | -0.0622     |
|    n_updates            | 2465        |
|    policy_gradient_loss | -0.0547     |
|    std                  | 0.347       |
|    value_loss           | 0.0747      |
-----------------------------------------
Early stopping at step 6 due to reaching max kl: 0.09
----------------------------------------
| env/                    |            |
|    strehl               | 0.447      |
| rollout/                |            |
|    ep_len_mean          | 8          |
|    ep_rew_mean          | -6.41      |
| time/                   |            |
|    fps                  | 200        |
|    iterations           | 267        |
|    time_elapsed         | 681        |
|    total_timesteps      | 136704     |
| train/                  |            |
|    approx_kl            | 0.07421088 |
|    clip_fraction        | 0.403      |
|    clip_range           | 0.2        |
|    entropy_loss         | -7.55      |
|    explained_variance   | -0.00305   |
|    learning_rate        | 0.0003     |
|    loss                 | -0.0808    |
|    n_updates            | 2472       |
|    policy_gradient_loss | -0.062     |
|    std                  | 0.347      |
|    value_loss           | 0.0699     |
----------------------------------------
Early stopping at step 8 due to reaching max kl: 0.08
----------------------------------------
| env/                    |            |
|    strehl               | 0.368      |
| rollout/                |            |
|    ep_len_mean          | 8          |
|    ep_rew_mean          | -6.42      |
| time/                   |            |
|    fps                  | 200        |
|    iterations           | 268        |
|    time_elapsed         | 683        |
|    total_timesteps      | 137216     |
| train/                  |            |
|    approx_kl            | 0.07987689 |
|    clip_fraction        | 0.377      |
|    clip_range           | 0.2        |
|    entropy_loss         | -7.55      |
|    explained_variance   | -0.00346   |
|    learning_rate        | 0.0003     |
|    loss                 | -0.0717    |
|    n_updates            | 2481       |
|    policy_gradient_loss | -0.0645    |
|    std                  | 0.347      |
|    value_loss           | 0.081      |
----------------------------------------
Early stopping at step 7 due to reaching max kl: 0.09
---------------------------------------
| env/                    |           |
|    strehl               | 0.481     |
| rollout/                |           |
|    ep_len_mean          | 8         |
|    ep_rew_mean          | -6.24     |
| time/                   |           |
|    fps                  | 200       |
|    iterations           | 269       |
|    time_elapsed         | 686       |
|    total_timesteps      | 137728    |
| train/                  |           |
|    approx_kl            | 0.0837442 |
|    clip_fraction        | 0.359     |
|    clip_range           | 0.2       |
|    entropy_loss         | -7.54     |
|    explained_variance   | -0.00485  |
|    learning_rate        | 0.0003    |
|    loss                 | -0.0935   |
|    n_updates            | 2489      |
|    policy_gradient_loss | -0.0717   |
|    std                  | 0.347     |
|    value_loss           | 0.0632    |
---------------------------------------
Early stopping at step 7 due to reaching max kl: 0.09
----------------------------------------
| env/                    |            |
|    strehl               | 0.466      |
| rollout/                |            |
|    ep_len_mean          | 8          |
|    ep_rew_mean          | -6.28      |
| time/                   |            |
|    fps                  | 200        |
|    iterations           | 270        |
|    time_elapsed         | 688        |
|    total_timesteps      | 138240     |
| train/                  |            |
|    approx_kl            | 0.07050771 |
|    clip_fraction        | 0.379      |
|    clip_range           | 0.2        |
|    entropy_loss         | -7.53      |
|    explained_variance   | -0.00295   |
|    learning_rate        | 0.0003     |
|    loss                 | -0.0594    |
|    n_updates            | 2497       |
|    policy_gradient_loss | -0.0618    |
|    std                  | 0.347      |
|    value_loss           | 0.0931     |
----------------------------------------
Early stopping at step 7 due to reaching max kl: 0.08
-----------------------------------------
| env/                    |             |
|    strehl               | 0.434       |
| rollout/                |             |
|    ep_len_mean          | 8           |
|    ep_rew_mean          | -6.35       |
| time/                   |             |
|    fps                  | 200         |
|    iterations           | 271         |
|    time_elapsed         | 691         |
|    total_timesteps      | 138752      |
| train/                  |             |
|    approx_kl            | 0.078934506 |
|    clip_fraction        | 0.355       |
|    clip_range           | 0.2         |
|    entropy_loss         | -7.53       |
|    explained_variance   | -0.00338    |
|    learning_rate        | 0.0003      |
|    loss                 | -0.0751     |
|    n_updates            | 2505        |
|    policy_gradient_loss | -0.0597     |
|    std                  | 0.347       |
|    value_loss           | 0.0699      |
-----------------------------------------
Early stopping at step 7 due to reaching max kl: 0.09
----------------------------------------
| env/                    |            |
|    strehl               | 0.383      |
| rollout/                |            |
|    ep_len_mean          | 8          |
|    ep_rew_mean          | -6.4       |
| time/                   |            |
|    fps                  | 200        |
|    iterations           | 272        |
|    time_elapsed         | 693        |
|    total_timesteps      | 139264     |
| train/                  |            |
|    approx_kl            | 0.08238657 |
|    clip_fraction        | 0.36       |
|    clip_range           | 0.2        |
|    entropy_loss         | -7.53      |
|    explained_variance   | -0.00313   |
|    learning_rate        | 0.0003     |
|    loss                 | -0.0852    |
|    n_updates            | 2513       |
|    policy_gradient_loss | -0.0634    |
|    std                  | 0.347      |
|    value_loss           | 0.0694     |
----------------------------------------
Early stopping at step 4 due to reaching max kl: 0.08
----------------------------------------
| env/                    |            |
|    strehl               | 0.443      |
| rollout/                |            |
|    ep_len_mean          | 8          |
|    ep_rew_mean          | -6.3       |
| time/                   |            |
|    fps                  | 200        |
|    iterations           | 273        |
|    time_elapsed         | 695        |
|    total_timesteps      | 139776     |
| train/                  |            |
|    approx_kl            | 0.06828009 |
|    clip_fraction        | 0.25       |
|    clip_range           | 0.2        |
|    entropy_loss         | -7.51      |
|    explained_variance   | -0.00221   |
|    learning_rate        | 0.0003     |
|    loss                 | -0.0526    |
|    n_updates            | 2518       |
|    policy_gradient_loss | -0.0537    |
|    std                  | 0.346      |
|    value_loss           | 0.087      |
----------------------------------------
Early stopping at step 6 due to reaching max kl: 0.08
----------------------------------------
| env/                    |            |
|    strehl               | 0.386      |
| rollout/                |            |
|    ep_len_mean          | 8          |
|    ep_rew_mean          | -6.42      |
| time/                   |            |
|    fps                  | 201        |
|    iterations           | 274        |
|    time_elapsed         | 697        |
|    total_timesteps      | 140288     |
| train/                  |            |
|    approx_kl            | 0.07075857 |
|    clip_fraction        | 0.394      |
|    clip_range           | 0.2        |
|    entropy_loss         | -7.5       |
|    explained_variance   | -0.00299   |
|    learning_rate        | 0.0003     |
|    loss                 | -0.0712    |
|    n_updates            | 2525       |
|    policy_gradient_loss | -0.0561    |
|    std                  | 0.346      |
|    value_loss           | 0.0696     |
----------------------------------------
Early stopping at step 6 due to reaching max kl: 0.08
----------------------------------------
| env/                    |            |
|    strehl               | 0.447      |
| rollout/                |            |
|    ep_len_mean          | 8          |
|    ep_rew_mean          | -6.28      |
| time/                   |            |
|    fps                  | 201        |
|    iterations           | 275        |
|    time_elapsed         | 700        |
|    total_timesteps      | 140800     |
| train/                  |            |
|    approx_kl            | 0.06621925 |
|    clip_fraction        | 0.383      |
|    clip_range           | 0.2        |
|    entropy_loss         | -7.5       |
|    explained_variance   | -0.00359   |
|    learning_rate        | 0.0003     |
|    loss                 | -0.0704    |
|    n_updates            | 2532       |
|    policy_gradient_loss | -0.0569    |
|    std                  | 0.346      |
|    value_loss           | 0.0628     |
----------------------------------------
Early stopping at step 6 due to reaching max kl: 0.08
----------------------------------------
| env/                    |            |
|    strehl               | 0.442      |
| rollout/                |            |
|    ep_len_mean          | 8          |
|    ep_rew_mean          | -6.3       |
| time/                   |            |
|    fps                  | 201        |
|    iterations           | 276        |
|    time_elapsed         | 702        |
|    total_timesteps      | 141312     |
| train/                  |            |
|    approx_kl            | 0.06756993 |
|    clip_fraction        | 0.326      |
|    clip_range           | 0.2        |
|    entropy_loss         | -7.49      |
|    explained_variance   | -0.0033    |
|    learning_rate        | 0.0003     |
|    loss                 | -0.0789    |
|    n_updates            | 2539       |
|    policy_gradient_loss | -0.063     |
|    std                  | 0.346      |
|    value_loss           | 0.065      |
----------------------------------------
Early stopping at step 7 due to reaching max kl: 0.08
----------------------------------------
| env/                    |            |
|    strehl               | 0.36       |
| rollout/                |            |
|    ep_len_mean          | 8          |
|    ep_rew_mean          | -6.33      |
| time/                   |            |
|    fps                  | 201        |
|    iterations           | 277        |
|    time_elapsed         | 704        |
|    total_timesteps      | 141824     |
| train/                  |            |
|    approx_kl            | 0.07703538 |
|    clip_fraction        | 0.4        |
|    clip_range           | 0.2        |
|    entropy_loss         | -7.47      |
|    explained_variance   | -0.0033    |
|    learning_rate        | 0.0003     |
|    loss                 | -0.0896    |
|    n_updates            | 2547       |
|    policy_gradient_loss | -0.0625    |
|    std                  | 0.346      |
|    value_loss           | 0.0747     |
----------------------------------------
Early stopping at step 7 due to reaching max kl: 0.08
----------------------------------------
| env/                    |            |
|    strehl               | 0.458      |
| rollout/                |            |
|    ep_len_mean          | 8          |
|    ep_rew_mean          | -6.33      |
| time/                   |            |
|    fps                  | 201        |
|    iterations           | 278        |
|    time_elapsed         | 706        |
|    total_timesteps      | 142336     |
| train/                  |            |
|    approx_kl            | 0.07902791 |
|    clip_fraction        | 0.372      |
|    clip_range           | 0.2        |
|    entropy_loss         | -7.47      |
|    explained_variance   | -0.00289   |
|    learning_rate        | 0.0003     |
|    loss                 | -0.0639    |
|    n_updates            | 2555       |
|    policy_gradient_loss | -0.0581    |
|    std                  | 0.346      |
|    value_loss           | 0.0783     |
----------------------------------------
Early stopping at step 5 due to reaching max kl: 0.08
----------------------------------------
| env/                    |            |
|    strehl               | 0.464      |
| rollout/                |            |
|    ep_len_mean          | 8          |
|    ep_rew_mean          | -6.33      |
| time/                   |            |
|    fps                  | 201        |
|    iterations           | 279        |
|    time_elapsed         | 709        |
|    total_timesteps      | 142848     |
| train/                  |            |
|    approx_kl            | 0.07007438 |
|    clip_fraction        | 0.313      |
|    clip_range           | 0.2        |
|    entropy_loss         | -7.47      |
|    explained_variance   | -0.00255   |
|    learning_rate        | 0.0003     |
|    loss                 | -0.06      |
|    n_updates            | 2561       |
|    policy_gradient_loss | -0.0521    |
|    std                  | 0.346      |
|    value_loss           | 0.0899     |
----------------------------------------
Early stopping at step 6 due to reaching max kl: 0.09
----------------------------------------
| env/                    |            |
|    strehl               | 0.474      |
| rollout/                |            |
|    ep_len_mean          | 8          |
|    ep_rew_mean          | -6.32      |
| time/                   |            |
|    fps                  | 201        |
|    iterations           | 280        |
|    time_elapsed         | 711        |
|    total_timesteps      | 143360     |
| train/                  |            |
|    approx_kl            | 0.09019834 |
|    clip_fraction        | 0.353      |
|    clip_range           | 0.2        |
|    entropy_loss         | -7.47      |
|    explained_variance   | -0.00321   |
|    learning_rate        | 0.0003     |
|    loss                 | -0.0639    |
|    n_updates            | 2568       |
|    policy_gradient_loss | -0.0562    |
|    std                  | 0.346      |
|    value_loss           | 0.0959     |
----------------------------------------
Early stopping at step 6 due to reaching max kl: 0.08
----------------------------------------
| env/                    |            |
|    strehl               | 0.35       |
| rollout/                |            |
|    ep_len_mean          | 8          |
|    ep_rew_mean          | -6.36      |
| time/                   |            |
|    fps                  | 201        |
|    iterations           | 281        |
|    time_elapsed         | 713        |
|    total_timesteps      | 143872     |
| train/                  |            |
|    approx_kl            | 0.07517071 |
|    clip_fraction        | 0.356      |
|    clip_range           | 0.2        |
|    entropy_loss         | -7.46      |
|    explained_variance   | -0.00367   |
|    learning_rate        | 0.0003     |
|    loss                 | -0.0711    |
|    n_updates            | 2575       |
|    policy_gradient_loss | -0.06      |
|    std                  | 0.346      |
|    value_loss           | 0.0758     |
----------------------------------------
Early stopping at step 6 due to reaching max kl: 0.08
----------------------------------------
| env/                    |            |
|    strehl               | 0.446      |
| rollout/                |            |
|    ep_len_mean          | 8          |
|    ep_rew_mean          | -6.3       |
| time/                   |            |
|    fps                  | 201        |
|    iterations           | 282        |
|    time_elapsed         | 715        |
|    total_timesteps      | 144384     |
| train/                  |            |
|    approx_kl            | 0.06964562 |
|    clip_fraction        | 0.371      |
|    clip_range           | 0.2        |
|    entropy_loss         | -7.45      |
|    explained_variance   | -0.00248   |
|    learning_rate        | 0.0003     |
|    loss                 | -0.0796    |
|    n_updates            | 2582       |
|    policy_gradient_loss | -0.0569    |
|    std                  | 0.345      |
|    value_loss           | 0.0591     |
----------------------------------------
Early stopping at step 7 due to reaching max kl: 0.08
-----------------------------------------
| env/                    |             |
|    strehl               | 0.423       |
| rollout/                |             |
|    ep_len_mean          | 8           |
|    ep_rew_mean          | -6.22       |
| time/                   |             |
|    fps                  | 201         |
|    iterations           | 283         |
|    time_elapsed         | 718         |
|    total_timesteps      | 144896      |
| train/                  |             |
|    approx_kl            | 0.080572926 |
|    clip_fraction        | 0.355       |
|    clip_range           | 0.2         |
|    entropy_loss         | -7.44       |
|    explained_variance   | -0.0022     |
|    learning_rate        | 0.0003      |
|    loss                 | -0.0727     |
|    n_updates            | 2590        |
|    policy_gradient_loss | -0.0548     |
|    std                  | 0.345       |
|    value_loss           | 0.0681      |
-----------------------------------------
Early stopping at step 6 due to reaching max kl: 0.08
----------------------------------------
| env/                    |            |
|    strehl               | 0.509      |
| rollout/                |            |
|    ep_len_mean          | 8          |
|    ep_rew_mean          | -6.32      |
| time/                   |            |
|    fps                  | 201        |
|    iterations           | 284        |
|    time_elapsed         | 720        |
|    total_timesteps      | 145408     |
| train/                  |            |
|    approx_kl            | 0.06602128 |
|    clip_fraction        | 0.29       |
|    clip_range           | 0.2        |
|    entropy_loss         | -7.43      |
|    explained_variance   | -0.0015    |
|    learning_rate        | 0.0003     |
|    loss                 | -0.0768    |
|    n_updates            | 2597       |
|    policy_gradient_loss | -0.06      |
|    std                  | 0.345      |
|    value_loss           | 0.0693     |
----------------------------------------
Early stopping at step 6 due to reaching max kl: 0.08
-----------------------------------------
| env/                    |             |
|    strehl               | 0.446       |
| rollout/                |             |
|    ep_len_mean          | 8           |
|    ep_rew_mean          | -6.35       |
| time/                   |             |
|    fps                  | 201         |
|    iterations           | 285         |
|    time_elapsed         | 722         |
|    total_timesteps      | 145920      |
| train/                  |             |
|    approx_kl            | 0.078015074 |
|    clip_fraction        | 0.344       |
|    clip_range           | 0.2         |
|    entropy_loss         | -7.43       |
|    explained_variance   | -0.00307    |
|    learning_rate        | 0.0003      |
|    loss                 | -0.077      |
|    n_updates            | 2604        |
|    policy_gradient_loss | -0.0625     |
|    std                  | 0.345       |
|    value_loss           | 0.0686      |
-----------------------------------------
Early stopping at step 7 due to reaching max kl: 0.09
----------------------------------------
| env/                    |            |
|    strehl               | 0.495      |
| rollout/                |            |
|    ep_len_mean          | 8          |
|    ep_rew_mean          | -6.29      |
| time/                   |            |
|    fps                  | 201        |
|    iterations           | 286        |
|    time_elapsed         | 725        |
|    total_timesteps      | 146432     |
| train/                  |            |
|    approx_kl            | 0.08190794 |
|    clip_fraction        | 0.399      |
|    clip_range           | 0.2        |
|    entropy_loss         | -7.42      |
|    explained_variance   | -0.00243   |
|    learning_rate        | 0.0003     |
|    loss                 | -0.0727    |
|    n_updates            | 2612       |
|    policy_gradient_loss | -0.0613    |
|    std                  | 0.345      |
|    value_loss           | 0.087      |
----------------------------------------
Early stopping at step 6 due to reaching max kl: 0.08
----------------------------------------
| env/                    |            |
|    strehl               | 0.384      |
| rollout/                |            |
|    ep_len_mean          | 8          |
|    ep_rew_mean          | -6.34      |
| time/                   |            |
|    fps                  | 202        |
|    iterations           | 287        |
|    time_elapsed         | 727        |
|    total_timesteps      | 146944     |
| train/                  |            |
|    approx_kl            | 0.07985315 |
|    clip_fraction        | 0.361      |
|    clip_range           | 0.2        |
|    entropy_loss         | -7.42      |
|    explained_variance   | -0.00413   |
|    learning_rate        | 0.0003     |
|    loss                 | -0.0735    |
|    n_updates            | 2619       |
|    policy_gradient_loss | -0.0494    |
|    std                  | 0.345      |
|    value_loss           | 0.0686     |
----------------------------------------
Early stopping at step 5 due to reaching max kl: 0.08
----------------------------------------
| env/                    |            |
|    strehl               | 0.469      |
| rollout/                |            |
|    ep_len_mean          | 8          |
|    ep_rew_mean          | -6.31      |
| time/                   |            |
|    fps                  | 202        |
|    iterations           | 288        |
|    time_elapsed         | 729        |
|    total_timesteps      | 147456     |
| train/                  |            |
|    approx_kl            | 0.06295916 |
|    clip_fraction        | 0.382      |
|    clip_range           | 0.2        |
|    entropy_loss         | -7.42      |
|    explained_variance   | -0.0027    |
|    learning_rate        | 0.0003     |
|    loss                 | -0.0566    |
|    n_updates            | 2625       |
|    policy_gradient_loss | -0.0466    |
|    std                  | 0.345      |
|    value_loss           | 0.0789     |
----------------------------------------
----------------------------------------
| env/                    |            |
|    strehl               | 0.411      |
| rollout/                |            |
|    ep_len_mean          | 8          |
|    ep_rew_mean          | -6.27      |
| time/                   |            |
|    fps                  | 202        |
|    iterations           | 289        |
|    time_elapsed         | 732        |
|    total_timesteps      | 147968     |
| train/                  |            |
|    approx_kl            | 0.06923269 |
|    clip_fraction        | 0.436      |
|    clip_range           | 0.2        |
|    entropy_loss         | -7.41      |
|    explained_variance   | -0.00252   |
|    learning_rate        | 0.0003     |
|    loss                 | -0.072     |
|    n_updates            | 2635       |
|    policy_gradient_loss | -0.0551    |
|    std                  | 0.345      |
|    value_loss           | 0.0776     |
----------------------------------------
Early stopping at step 5 due to reaching max kl: 0.08
----------------------------------------
| env/                    |            |
|    strehl               | 0.45       |
| rollout/                |            |
|    ep_len_mean          | 8          |
|    ep_rew_mean          | -6.35      |
| time/                   |            |
|    fps                  | 202        |
|    iterations           | 290        |
|    time_elapsed         | 734        |
|    total_timesteps      | 148480     |
| train/                  |            |
|    approx_kl            | 0.07778966 |
|    clip_fraction        | 0.299      |
|    clip_range           | 0.2        |
|    entropy_loss         | -7.41      |
|    explained_variance   | -0.00277   |
|    learning_rate        | 0.0003     |
|    loss                 | -0.0707    |
|    n_updates            | 2641       |
|    policy_gradient_loss | -0.0503    |
|    std                  | 0.345      |
|    value_loss           | 0.0621     |
----------------------------------------
Early stopping at step 7 due to reaching max kl: 0.08
-----------------------------------------
| env/                    |             |
|    strehl               | 0.442       |
| rollout/                |             |
|    ep_len_mean          | 8           |
|    ep_rew_mean          | -6.32       |
| time/                   |             |
|    fps                  | 202         |
|    iterations           | 291         |
|    time_elapsed         | 736         |
|    total_timesteps      | 148992      |
| train/                  |             |
|    approx_kl            | 0.077182874 |
|    clip_fraction        | 0.351       |
|    clip_range           | 0.2         |
|    entropy_loss         | -7.4        |
|    explained_variance   | -0.00363    |
|    learning_rate        | 0.0003      |
|    loss                 | -0.0801     |
|    n_updates            | 2649        |
|    policy_gradient_loss | -0.0612     |
|    std                  | 0.345       |
|    value_loss           | 0.0628      |
-----------------------------------------
Early stopping at step 7 due to reaching max kl: 0.08
---------------------------------------
| env/                    |           |
|    strehl               | 0.48      |
| rollout/                |           |
|    ep_len_mean          | 8         |
|    ep_rew_mean          | -6.25     |
| time/                   |           |
|    fps                  | 202       |
|    iterations           | 292       |
|    time_elapsed         | 738       |
|    total_timesteps      | 149504    |
| train/                  |           |
|    approx_kl            | 0.0807021 |
|    clip_fraction        | 0.377     |
|    clip_range           | 0.2       |
|    entropy_loss         | -7.4      |
|    explained_variance   | -0.00267  |
|    learning_rate        | 0.0003    |
|    loss                 | -0.0873   |
|    n_updates            | 2657      |
|    policy_gradient_loss | -0.0641   |
|    std                  | 0.344     |
|    value_loss           | 0.0662    |
---------------------------------------
Early stopping at step 7 due to reaching max kl: 0.08
Eval num_timesteps=150000, episode_reward=-5.71 +/- 0.37
Episode length: 8.00 +/- 0.00
----------------------------------------
| env/                    |            |
|    strehl               | 0.495      |
| eval/                   |            |
|    mean_ep_length       | 8          |
|    mean_reward          | -5.71      |
| time/                   |            |
|    total_timesteps      | 150000     |
| train/                  |            |
|    approx_kl            | 0.07109754 |
|    clip_fraction        | 0.388      |
|    clip_range           | 0.2        |
|    entropy_loss         | -7.39      |
|    explained_variance   | -0.00324   |
|    learning_rate        | 0.0003     |
|    loss                 | -0.0841    |
|    n_updates            | 2665       |
|    policy_gradient_loss | -0.0663    |
|    std                  | 0.344      |
|    value_loss           | 0.0707     |
----------------------------------------
New best mean reward!
---------------------------------
| env/               |          |
|    strehl          | 0.488    |
| rollout/           |          |
|    ep_len_mean     | 8        |
|    ep_rew_mean     | -6.24    |
| time/              |          |
|    fps             | 202      |
|    iterations      | 293      |
|    time_elapsed    | 742      |
|    total_timesteps | 150016   |
---------------------------------
Early stopping at step 6 due to reaching max kl: 0.08
----------------------------------------
| env/                    |            |
|    strehl               | 0.449      |
| rollout/                |            |
|    ep_len_mean          | 8          |
|    ep_rew_mean          | -6.35      |
| time/                   |            |
|    fps                  | 202        |
|    iterations           | 294        |
|    time_elapsed         | 744        |
|    total_timesteps      | 150528     |
| train/                  |            |
|    approx_kl            | 0.07685915 |
|    clip_fraction        | 0.345      |
|    clip_range           | 0.2        |
|    entropy_loss         | -7.39      |
|    explained_variance   | -0.00254   |
|    learning_rate        | 0.0003     |
|    loss                 | -0.0724    |
|    n_updates            | 2672       |
|    policy_gradient_loss | -0.0609    |
|    std                  | 0.344      |
|    value_loss           | 0.0811     |
----------------------------------------
Early stopping at step 7 due to reaching max kl: 0.08
----------------------------------------
| env/                    |            |
|    strehl               | 0.394      |
| rollout/                |            |
|    ep_len_mean          | 8          |
|    ep_rew_mean          | -6.39      |
| time/                   |            |
|    fps                  | 202        |
|    iterations           | 295        |
|    time_elapsed         | 746        |
|    total_timesteps      | 151040     |
| train/                  |            |
|    approx_kl            | 0.07646604 |
|    clip_fraction        | 0.36       |
|    clip_range           | 0.2        |
|    entropy_loss         | -7.39      |
|    explained_variance   | -0.00436   |
|    learning_rate        | 0.0003     |
|    loss                 | -0.0675    |
|    n_updates            | 2680       |
|    policy_gradient_loss | -0.064     |
|    std                  | 0.344      |
|    value_loss           | 0.0909     |
----------------------------------------
Early stopping at step 7 due to reaching max kl: 0.08
----------------------------------------
| env/                    |            |
|    strehl               | 0.439      |
| rollout/                |            |
|    ep_len_mean          | 8          |
|    ep_rew_mean          | -6.31      |
| time/                   |            |
|    fps                  | 202        |
|    iterations           | 296        |
|    time_elapsed         | 748        |
|    total_timesteps      | 151552     |
| train/                  |            |
|    approx_kl            | 0.07525991 |
|    clip_fraction        | 0.373      |
|    clip_range           | 0.2        |
|    entropy_loss         | -7.38      |
|    explained_variance   | -0.00299   |
|    learning_rate        | 0.0003     |
|    loss                 | -0.076     |
|    n_updates            | 2688       |
|    policy_gradient_loss | -0.0635    |
|    std                  | 0.344      |
|    value_loss           | 0.0872     |
----------------------------------------
Early stopping at step 9 due to reaching max kl: 0.08
----------------------------------------
| env/                    |            |
|    strehl               | 0.482      |
| rollout/                |            |
|    ep_len_mean          | 8          |
|    ep_rew_mean          | -6.2       |
| time/                   |            |
|    fps                  | 202        |
|    iterations           | 297        |
|    time_elapsed         | 751        |
|    total_timesteps      | 152064     |
| train/                  |            |
|    approx_kl            | 0.07606518 |
|    clip_fraction        | 0.44       |
|    clip_range           | 0.2        |
|    entropy_loss         | -7.38      |
|    explained_variance   | -0.0027    |
|    learning_rate        | 0.0003     |
|    loss                 | -0.0904    |
|    n_updates            | 2698       |
|    policy_gradient_loss | -0.0719    |
|    std                  | 0.344      |
|    value_loss           | 0.0699     |
----------------------------------------
Early stopping at step 7 due to reaching max kl: 0.08
-----------------------------------------
| env/                    |             |
|    strehl               | 0.44        |
| rollout/                |             |
|    ep_len_mean          | 8           |
|    ep_rew_mean          | -6.3        |
| time/                   |             |
|    fps                  | 202         |
|    iterations           | 298         |
|    time_elapsed         | 753         |
|    total_timesteps      | 152576      |
| train/                  |             |
|    approx_kl            | 0.077158056 |
|    clip_fraction        | 0.363       |
|    clip_range           | 0.2         |
|    entropy_loss         | -7.37       |
|    explained_variance   | -0.00231    |
|    learning_rate        | 0.0003      |
|    loss                 | -0.1        |
|    n_updates            | 2706        |
|    policy_gradient_loss | -0.0681     |
|    std                  | 0.344       |
|    value_loss           | 0.0596      |
-----------------------------------------
Early stopping at step 7 due to reaching max kl: 0.08
----------------------------------------
| env/                    |            |
|    strehl               | 0.498      |
| rollout/                |            |
|    ep_len_mean          | 8          |
|    ep_rew_mean          | -6.25      |
| time/                   |            |
|    fps                  | 202        |
|    iterations           | 299        |
|    time_elapsed         | 756        |
|    total_timesteps      | 153088     |
| train/                  |            |
|    approx_kl            | 0.07881711 |
|    clip_fraction        | 0.37       |
|    clip_range           | 0.2        |
|    entropy_loss         | -7.37      |
|    explained_variance   | -0.00246   |
|    learning_rate        | 0.0003     |
|    loss                 | -0.0617    |
|    n_updates            | 2714       |
|    policy_gradient_loss | -0.0585    |
|    std                  | 0.344      |
|    value_loss           | 0.0972     |
----------------------------------------
Early stopping at step 8 due to reaching max kl: 0.08
-----------------------------------------
| env/                    |             |
|    strehl               | 0.488       |
| rollout/                |             |
|    ep_len_mean          | 8           |
|    ep_rew_mean          | -6.21       |
| time/                   |             |
|    fps                  | 202         |
|    iterations           | 300         |
|    time_elapsed         | 758         |
|    total_timesteps      | 153600      |
| train/                  |             |
|    approx_kl            | 0.076361075 |
|    clip_fraction        | 0.419       |
|    clip_range           | 0.2         |
|    entropy_loss         | -7.36       |
|    explained_variance   | -0.00314    |
|    learning_rate        | 0.0003      |
|    loss                 | -0.084      |
|    n_updates            | 2723        |
|    policy_gradient_loss | -0.0715     |
|    std                  | 0.344       |
|    value_loss           | 0.0953      |
-----------------------------------------
Early stopping at step 6 due to reaching max kl: 0.08
----------------------------------------
| env/                    |            |
|    strehl               | 0.461      |
| rollout/                |            |
|    ep_len_mean          | 8          |
|    ep_rew_mean          | -6.25      |
| time/                   |            |
|    fps                  | 202        |
|    iterations           | 301        |
|    time_elapsed         | 761        |
|    total_timesteps      | 154112     |
| train/                  |            |
|    approx_kl            | 0.07437298 |
|    clip_fraction        | 0.381      |
|    clip_range           | 0.2        |
|    entropy_loss         | -7.36      |
|    explained_variance   | -0.00198   |
|    learning_rate        | 0.0003     |
|    loss                 | -0.0791    |
|    n_updates            | 2730       |
|    policy_gradient_loss | -0.0659    |
|    std                  | 0.344      |
|    value_loss           | 0.0785     |
----------------------------------------
Early stopping at step 6 due to reaching max kl: 0.09
----------------------------------------
| env/                    |            |
|    strehl               | 0.463      |
| rollout/                |            |
|    ep_len_mean          | 8          |
|    ep_rew_mean          | -6.29      |
| time/                   |            |
|    fps                  | 202        |
|    iterations           | 302        |
|    time_elapsed         | 763        |
|    total_timesteps      | 154624     |
| train/                  |            |
|    approx_kl            | 0.07316216 |
|    clip_fraction        | 0.34       |
|    clip_range           | 0.2        |
|    entropy_loss         | -7.36      |
|    explained_variance   | -0.00325   |
|    learning_rate        | 0.0003     |
|    loss                 | -0.0946    |
|    n_updates            | 2737       |
|    policy_gradient_loss | -0.065     |
|    std                  | 0.344      |
|    value_loss           | 0.0484     |
----------------------------------------
Early stopping at step 7 due to reaching max kl: 0.09
----------------------------------------
| env/                    |            |
|    strehl               | 0.4        |
| rollout/                |            |
|    ep_len_mean          | 8          |
|    ep_rew_mean          | -6.3       |
| time/                   |            |
|    fps                  | 202        |
|    iterations           | 303        |
|    time_elapsed         | 765        |
|    total_timesteps      | 155136     |
| train/                  |            |
|    approx_kl            | 0.08611524 |
|    clip_fraction        | 0.374      |
|    clip_range           | 0.2        |
|    entropy_loss         | -7.35      |
|    explained_variance   | -0.00214   |
|    learning_rate        | 0.0003     |
|    loss                 | -0.0632    |
|    n_updates            | 2745       |
|    policy_gradient_loss | -0.054     |
|    std                  | 0.344      |
|    value_loss           | 0.0792     |
----------------------------------------
Early stopping at step 5 due to reaching max kl: 0.08
-----------------------------------------
| env/                    |             |
|    strehl               | 0.467       |
| rollout/                |             |
|    ep_len_mean          | 8           |
|    ep_rew_mean          | -6.28       |
| time/                   |             |
|    fps                  | 202         |
|    iterations           | 304         |
|    time_elapsed         | 767         |
|    total_timesteps      | 155648      |
| train/                  |             |
|    approx_kl            | 0.072962016 |
|    clip_fraction        | 0.358       |
|    clip_range           | 0.2         |
|    entropy_loss         | -7.34       |
|    explained_variance   | -0.00251    |
|    learning_rate        | 0.0003      |
|    loss                 | -0.0578     |
|    n_updates            | 2751        |
|    policy_gradient_loss | -0.0581     |
|    std                  | 0.343       |
|    value_loss           | 0.094       |
-----------------------------------------
Early stopping at step 5 due to reaching max kl: 0.08
-----------------------------------------
| env/                    |             |
|    strehl               | 0.507       |
| rollout/                |             |
|    ep_len_mean          | 8           |
|    ep_rew_mean          | -6.27       |
| time/                   |             |
|    fps                  | 202         |
|    iterations           | 305         |
|    time_elapsed         | 769         |
|    total_timesteps      | 156160      |
| train/                  |             |
|    approx_kl            | 0.070564926 |
|    clip_fraction        | 0.377       |
|    clip_range           | 0.2         |
|    entropy_loss         | -7.33       |
|    explained_variance   | -0.00241    |
|    learning_rate        | 0.0003      |
|    loss                 | -0.0662     |
|    n_updates            | 2757        |
|    policy_gradient_loss | -0.0548     |
|    std                  | 0.343       |
|    value_loss           | 0.0814      |
-----------------------------------------
Early stopping at step 6 due to reaching max kl: 0.08
----------------------------------------
| env/                    |            |
|    strehl               | 0.404      |
| rollout/                |            |
|    ep_len_mean          | 8          |
|    ep_rew_mean          | -6.31      |
| time/                   |            |
|    fps                  | 202        |
|    iterations           | 306        |
|    time_elapsed         | 772        |
|    total_timesteps      | 156672     |
| train/                  |            |
|    approx_kl            | 0.07244916 |
|    clip_fraction        | 0.407      |
|    clip_range           | 0.2        |
|    entropy_loss         | -7.32      |
|    explained_variance   | -0.0016    |
|    learning_rate        | 0.0003     |
|    loss                 | -0.0696    |
|    n_updates            | 2764       |
|    policy_gradient_loss | -0.0608    |
|    std                  | 0.343      |
|    value_loss           | 0.0731     |
----------------------------------------
Early stopping at step 6 due to reaching max kl: 0.08
----------------------------------------
| env/                    |            |
|    strehl               | 0.43       |
| rollout/                |            |
|    ep_len_mean          | 8          |
|    ep_rew_mean          | -6.32      |
| time/                   |            |
|    fps                  | 202        |
|    iterations           | 307        |
|    time_elapsed         | 774        |
|    total_timesteps      | 157184     |
| train/                  |            |
|    approx_kl            | 0.07721213 |
|    clip_fraction        | 0.39       |
|    clip_range           | 0.2        |
|    entropy_loss         | -7.31      |
|    explained_variance   | -0.00216   |
|    learning_rate        | 0.0003     |
|    loss                 | -0.0659    |
|    n_updates            | 2771       |
|    policy_gradient_loss | -0.0501    |
|    std                  | 0.343      |
|    value_loss           | 0.0609     |
----------------------------------------
Early stopping at step 6 due to reaching max kl: 0.09
----------------------------------------
| env/                    |            |
|    strehl               | 0.504      |
| rollout/                |            |
|    ep_len_mean          | 8          |
|    ep_rew_mean          | -6.26      |
| time/                   |            |
|    fps                  | 203        |
|    iterations           | 308        |
|    time_elapsed         | 776        |
|    total_timesteps      | 157696     |
| train/                  |            |
|    approx_kl            | 0.07858493 |
|    clip_fraction        | 0.388      |
|    clip_range           | 0.2        |
|    entropy_loss         | -7.3       |
|    explained_variance   | -0.00233   |
|    learning_rate        | 0.0003     |
|    loss                 | -0.0706    |
|    n_updates            | 2778       |
|    policy_gradient_loss | -0.0554    |
|    std                  | 0.343      |
|    value_loss           | 0.0724     |
----------------------------------------
Early stopping at step 6 due to reaching max kl: 0.08
----------------------------------------
| env/                    |            |
|    strehl               | 0.522      |
| rollout/                |            |
|    ep_len_mean          | 8          |
|    ep_rew_mean          | -6.29      |
| time/                   |            |
|    fps                  | 203        |
|    iterations           | 309        |
|    time_elapsed         | 778        |
|    total_timesteps      | 158208     |
| train/                  |            |
|    approx_kl            | 0.07901388 |
|    clip_fraction        | 0.364      |
|    clip_range           | 0.2        |
|    entropy_loss         | -7.3       |
|    explained_variance   | -0.00289   |
|    learning_rate        | 0.0003     |
|    loss                 | -0.058     |
|    n_updates            | 2785       |
|    policy_gradient_loss | -0.0423    |
|    std                  | 0.343      |
|    value_loss           | 0.0613     |
----------------------------------------
Early stopping at step 7 due to reaching max kl: 0.09
----------------------------------------
| env/                    |            |
|    strehl               | 0.461      |
| rollout/                |            |
|    ep_len_mean          | 8          |
|    ep_rew_mean          | -6.31      |
| time/                   |            |
|    fps                  | 203        |
|    iterations           | 310        |
|    time_elapsed         | 781        |
|    total_timesteps      | 158720     |
| train/                  |            |
|    approx_kl            | 0.07638493 |
|    clip_fraction        | 0.393      |
|    clip_range           | 0.2        |
|    entropy_loss         | -7.29      |
|    explained_variance   | -0.00313   |
|    learning_rate        | 0.0003     |
|    loss                 | -0.0797    |
|    n_updates            | 2793       |
|    policy_gradient_loss | -0.0611    |
|    std                  | 0.343      |
|    value_loss           | 0.0646     |
----------------------------------------
Early stopping at step 6 due to reaching max kl: 0.08
----------------------------------------
| env/                    |            |
|    strehl               | 0.478      |
| rollout/                |            |
|    ep_len_mean          | 8          |
|    ep_rew_mean          | -6.31      |
| time/                   |            |
|    fps                  | 203        |
|    iterations           | 311        |
|    time_elapsed         | 783        |
|    total_timesteps      | 159232     |
| train/                  |            |
|    approx_kl            | 0.06917937 |
|    clip_fraction        | 0.369      |
|    clip_range           | 0.2        |
|    entropy_loss         | -7.27      |
|    explained_variance   | -0.00229   |
|    learning_rate        | 0.0003     |
|    loss                 | -0.0746    |
|    n_updates            | 2800       |
|    policy_gradient_loss | -0.0584    |
|    std                  | 0.342      |
|    value_loss           | 0.0698     |
----------------------------------------
Early stopping at step 7 due to reaching max kl: 0.09
----------------------------------------
| env/                    |            |
|    strehl               | 0.416      |
| rollout/                |            |
|    ep_len_mean          | 8          |
|    ep_rew_mean          | -6.24      |
| time/                   |            |
|    fps                  | 203        |
|    iterations           | 312        |
|    time_elapsed         | 786        |
|    total_timesteps      | 159744     |
| train/                  |            |
|    approx_kl            | 0.08115845 |
|    clip_fraction        | 0.371      |
|    clip_range           | 0.2        |
|    entropy_loss         | -7.26      |
|    explained_variance   | -0.00245   |
|    learning_rate        | 0.0003     |
|    loss                 | -0.0749    |
|    n_updates            | 2808       |
|    policy_gradient_loss | -0.0594    |
|    std                  | 0.342      |
|    value_loss           | 0.0712     |
----------------------------------------
Early stopping at step 7 due to reaching max kl: 0.08
-----------------------------------------
| env/                    |             |
|    strehl               | 0.486       |
| rollout/                |             |
|    ep_len_mean          | 8           |
|    ep_rew_mean          | -6.25       |
| time/                   |             |
|    fps                  | 203         |
|    iterations           | 313         |
|    time_elapsed         | 788         |
|    total_timesteps      | 160256      |
| train/                  |             |
|    approx_kl            | 0.070160516 |
|    clip_fraction        | 0.417       |
|    clip_range           | 0.2         |
|    entropy_loss         | -7.25       |
|    explained_variance   | -0.00243    |
|    learning_rate        | 0.0003      |
|    loss                 | -0.0783     |
|    n_updates            | 2816        |
|    policy_gradient_loss | -0.0611     |
|    std                  | 0.342       |
|    value_loss           | 0.0783      |
-----------------------------------------
Early stopping at step 6 due to reaching max kl: 0.08
----------------------------------------
| env/                    |            |
|    strehl               | 0.434      |
| rollout/                |            |
|    ep_len_mean          | 8          |
|    ep_rew_mean          | -6.34      |
| time/                   |            |
|    fps                  | 203        |
|    iterations           | 314        |
|    time_elapsed         | 790        |
|    total_timesteps      | 160768     |
| train/                  |            |
|    approx_kl            | 0.07702161 |
|    clip_fraction        | 0.366      |
|    clip_range           | 0.2        |
|    entropy_loss         | -7.25      |
|    explained_variance   | -0.00229   |
|    learning_rate        | 0.0003     |
|    loss                 | -0.0816    |
|    n_updates            | 2823       |
|    policy_gradient_loss | -0.0617    |
|    std                  | 0.342      |
|    value_loss           | 0.0505     |
----------------------------------------
Early stopping at step 6 due to reaching max kl: 0.08
----------------------------------------
| env/                    |            |
|    strehl               | 0.44       |
| rollout/                |            |
|    ep_len_mean          | 8          |
|    ep_rew_mean          | -6.3       |
| time/                   |            |
|    fps                  | 203        |
|    iterations           | 315        |
|    time_elapsed         | 792        |
|    total_timesteps      | 161280     |
| train/                  |            |
|    approx_kl            | 0.07626431 |
|    clip_fraction        | 0.399      |
|    clip_range           | 0.2        |
|    entropy_loss         | -7.24      |
|    explained_variance   | -0.00225   |
|    learning_rate        | 0.0003     |
|    loss                 | -0.0648    |
|    n_updates            | 2830       |
|    policy_gradient_loss | -0.0548    |
|    std                  | 0.342      |
|    value_loss           | 0.0896     |
----------------------------------------
Early stopping at step 6 due to reaching max kl: 0.08
--------------------------------------
| env/                    |          |
|    strehl               | 0.414    |
| rollout/                |          |
|    ep_len_mean          | 8        |
|    ep_rew_mean          | -6.3     |
| time/                   |          |
|    fps                  | 203      |
|    iterations           | 316      |
|    time_elapsed         | 795      |
|    total_timesteps      | 161792   |
| train/                  |          |
|    approx_kl            | 0.080249 |
|    clip_fraction        | 0.394    |
|    clip_range           | 0.2      |
|    entropy_loss         | -7.23    |
|    explained_variance   | -0.00188 |
|    learning_rate        | 0.0003   |
|    loss                 | -0.0728  |
|    n_updates            | 2837     |
|    policy_gradient_loss | -0.059   |
|    std                  | 0.342    |
|    value_loss           | 0.0799   |
--------------------------------------
Early stopping at step 5 due to reaching max kl: 0.08
----------------------------------------
| env/                    |            |
|    strehl               | 0.447      |
| rollout/                |            |
|    ep_len_mean          | 8          |
|    ep_rew_mean          | -6.26      |
| time/                   |            |
|    fps                  | 203        |
|    iterations           | 317        |
|    time_elapsed         | 797        |
|    total_timesteps      | 162304     |
| train/                  |            |
|    approx_kl            | 0.07315397 |
|    clip_fraction        | 0.367      |
|    clip_range           | 0.2        |
|    entropy_loss         | -7.23      |
|    explained_variance   | -0.00265   |
|    learning_rate        | 0.0003     |
|    loss                 | -0.0564    |
|    n_updates            | 2843       |
|    policy_gradient_loss | -0.0552    |
|    std                  | 0.342      |
|    value_loss           | 0.0791     |
----------------------------------------
Early stopping at step 5 due to reaching max kl: 0.08
----------------------------------------
| env/                    |            |
|    strehl               | 0.436      |
| rollout/                |            |
|    ep_len_mean          | 8          |
|    ep_rew_mean          | -6.3       |
| time/                   |            |
|    fps                  | 203        |
|    iterations           | 318        |
|    time_elapsed         | 799        |
|    total_timesteps      | 162816     |
| train/                  |            |
|    approx_kl            | 0.06736643 |
|    clip_fraction        | 0.345      |
|    clip_range           | 0.2        |
|    entropy_loss         | -7.23      |
|    explained_variance   | -0.00259   |
|    learning_rate        | 0.0003     |
|    loss                 | -0.0664    |
|    n_updates            | 2849       |
|    policy_gradient_loss | -0.0541    |
|    std                  | 0.342      |
|    value_loss           | 0.0745     |
----------------------------------------
Early stopping at step 7 due to reaching max kl: 0.08
----------------------------------------
| env/                    |            |
|    strehl               | 0.451      |
| rollout/                |            |
|    ep_len_mean          | 8          |
|    ep_rew_mean          | -6.28      |
| time/                   |            |
|    fps                  | 203        |
|    iterations           | 319        |
|    time_elapsed         | 801        |
|    total_timesteps      | 163328     |
| train/                  |            |
|    approx_kl            | 0.07388502 |
|    clip_fraction        | 0.384      |
|    clip_range           | 0.2        |
|    entropy_loss         | -7.22      |
|    explained_variance   | -0.00303   |
|    learning_rate        | 0.0003     |
|    loss                 | -0.103     |
|    n_updates            | 2857       |
|    policy_gradient_loss | -0.065     |
|    std                  | 0.342      |
|    value_loss           | 0.0432     |
----------------------------------------
Early stopping at step 6 due to reaching max kl: 0.08
-----------------------------------------
| env/                    |             |
|    strehl               | 0.449       |
| rollout/                |             |
|    ep_len_mean          | 8           |
|    ep_rew_mean          | -6.3        |
| time/                   |             |
|    fps                  | 203         |
|    iterations           | 320         |
|    time_elapsed         | 804         |
|    total_timesteps      | 163840      |
| train/                  |             |
|    approx_kl            | 0.073652565 |
|    clip_fraction        | 0.391       |
|    clip_range           | 0.2         |
|    entropy_loss         | -7.22       |
|    explained_variance   | -0.00157    |
|    learning_rate        | 0.0003      |
|    loss                 | -0.0632     |
|    n_updates            | 2864        |
|    policy_gradient_loss | -0.0554     |
|    std                  | 0.342       |
|    value_loss           | 0.0831      |
-----------------------------------------
Early stopping at step 6 due to reaching max kl: 0.08
----------------------------------------
| env/                    |            |
|    strehl               | 0.453      |
| rollout/                |            |
|    ep_len_mean          | 8          |
|    ep_rew_mean          | -6.33      |
| time/                   |            |
|    fps                  | 203        |
|    iterations           | 321        |
|    time_elapsed         | 806        |
|    total_timesteps      | 164352     |
| train/                  |            |
|    approx_kl            | 0.07967581 |
|    clip_fraction        | 0.335      |
|    clip_range           | 0.2        |
|    entropy_loss         | -7.22      |
|    explained_variance   | -0.00224   |
|    learning_rate        | 0.0003     |
|    loss                 | -0.0628    |
|    n_updates            | 2871       |
|    policy_gradient_loss | -0.0534    |
|    std                  | 0.342      |
|    value_loss           | 0.0724     |
----------------------------------------
Early stopping at step 6 due to reaching max kl: 0.08
----------------------------------------
| env/                    |            |
|    strehl               | 0.417      |
| rollout/                |            |
|    ep_len_mean          | 8          |
|    ep_rew_mean          | -6.29      |
| time/                   |            |
|    fps                  | 203        |
|    iterations           | 322        |
|    time_elapsed         | 808        |
|    total_timesteps      | 164864     |
| train/                  |            |
|    approx_kl            | 0.07431133 |
|    clip_fraction        | 0.393      |
|    clip_range           | 0.2        |
|    entropy_loss         | -7.22      |
|    explained_variance   | -0.0023    |
|    learning_rate        | 0.0003     |
|    loss                 | -0.0714    |
|    n_updates            | 2878       |
|    policy_gradient_loss | -0.0591    |
|    std                  | 0.342      |
|    value_loss           | 0.0716     |
----------------------------------------
Early stopping at step 7 due to reaching max kl: 0.08
----------------------------------------
| env/                    |            |
|    strehl               | 0.4        |
| rollout/                |            |
|    ep_len_mean          | 8          |
|    ep_rew_mean          | -6.31      |
| time/                   |            |
|    fps                  | 203        |
|    iterations           | 323        |
|    time_elapsed         | 810        |
|    total_timesteps      | 165376     |
| train/                  |            |
|    approx_kl            | 0.07258472 |
|    clip_fraction        | 0.425      |
|    clip_range           | 0.2        |
|    entropy_loss         | -7.22      |
|    explained_variance   | -0.00265   |
|    learning_rate        | 0.0003     |
|    loss                 | -0.0797    |
|    n_updates            | 2886       |
|    policy_gradient_loss | -0.0564    |
|    std                  | 0.342      |
|    value_loss           | 0.0612     |
----------------------------------------
Early stopping at step 7 due to reaching max kl: 0.09
----------------------------------------
| env/                    |            |
|    strehl               | 0.499      |
| rollout/                |            |
|    ep_len_mean          | 8          |
|    ep_rew_mean          | -6.3       |
| time/                   |            |
|    fps                  | 203        |
|    iterations           | 324        |
|    time_elapsed         | 813        |
|    total_timesteps      | 165888     |
| train/                  |            |
|    approx_kl            | 0.08135593 |
|    clip_fraction        | 0.386      |
|    clip_range           | 0.2        |
|    entropy_loss         | -7.23      |
|    explained_variance   | -0.00273   |
|    learning_rate        | 0.0003     |
|    loss                 | -0.0807    |
|    n_updates            | 2894       |
|    policy_gradient_loss | -0.0613    |
|    std                  | 0.342      |
|    value_loss           | 0.0568     |
----------------------------------------
Early stopping at step 8 due to reaching max kl: 0.08
----------------------------------------
| env/                    |            |
|    strehl               | 0.401      |
| rollout/                |            |
|    ep_len_mean          | 8          |
|    ep_rew_mean          | -6.36      |
| time/                   |            |
|    fps                  | 203        |
|    iterations           | 325        |
|    time_elapsed         | 815        |
|    total_timesteps      | 166400     |
| train/                  |            |
|    approx_kl            | 0.07703463 |
|    clip_fraction        | 0.438      |
|    clip_range           | 0.2        |
|    entropy_loss         | -7.23      |
|    explained_variance   | -0.00209   |
|    learning_rate        | 0.0003     |
|    loss                 | -0.0824    |
|    n_updates            | 2903       |
|    policy_gradient_loss | -0.0657    |
|    std                  | 0.342      |
|    value_loss           | 0.0547     |
----------------------------------------
Early stopping at step 5 due to reaching max kl: 0.09
----------------------------------------
| env/                    |            |
|    strehl               | 0.5        |
| rollout/                |            |
|    ep_len_mean          | 8          |
|    ep_rew_mean          | -6.38      |
| time/                   |            |
|    fps                  | 204        |
|    iterations           | 326        |
|    time_elapsed         | 817        |
|    total_timesteps      | 166912     |
| train/                  |            |
|    approx_kl            | 0.08859333 |
|    clip_fraction        | 0.348      |
|    clip_range           | 0.2        |
|    entropy_loss         | -7.23      |
|    explained_variance   | -0.00271   |
|    learning_rate        | 0.0003     |
|    loss                 | -0.0633    |
|    n_updates            | 2909       |
|    policy_gradient_loss | -0.0473    |
|    std                  | 0.342      |
|    value_loss           | 0.0829     |
----------------------------------------
Early stopping at step 7 due to reaching max kl: 0.08
-----------------------------------------
| env/                    |             |
|    strehl               | 0.442       |
| rollout/                |             |
|    ep_len_mean          | 8           |
|    ep_rew_mean          | -6.37       |
| time/                   |             |
|    fps                  | 204         |
|    iterations           | 327         |
|    time_elapsed         | 820         |
|    total_timesteps      | 167424      |
| train/                  |             |
|    approx_kl            | 0.075479746 |
|    clip_fraction        | 0.389       |
|    clip_range           | 0.2         |
|    entropy_loss         | -7.23       |
|    explained_variance   | -0.0017     |
|    learning_rate        | 0.0003      |
|    loss                 | -0.0604     |
|    n_updates            | 2917        |
|    policy_gradient_loss | -0.0556     |
|    std                  | 0.342       |
|    value_loss           | 0.0908      |
-----------------------------------------
Early stopping at step 6 due to reaching max kl: 0.08
-----------------------------------------
| env/                    |             |
|    strehl               | 0.454       |
| rollout/                |             |
|    ep_len_mean          | 8           |
|    ep_rew_mean          | -6.32       |
| time/                   |             |
|    fps                  | 204         |
|    iterations           | 328         |
|    time_elapsed         | 822         |
|    total_timesteps      | 167936      |
| train/                  |             |
|    approx_kl            | 0.075773984 |
|    clip_fraction        | 0.365       |
|    clip_range           | 0.2         |
|    entropy_loss         | -7.23       |
|    explained_variance   | -0.00218    |
|    learning_rate        | 0.0003      |
|    loss                 | -0.0843     |
|    n_updates            | 2924        |
|    policy_gradient_loss | -0.065      |
|    std                  | 0.342       |
|    value_loss           | 0.0646      |
-----------------------------------------
Early stopping at step 5 due to reaching max kl: 0.08
----------------------------------------
| env/                    |            |
|    strehl               | 0.397      |
| rollout/                |            |
|    ep_len_mean          | 8          |
|    ep_rew_mean          | -6.29      |
| time/                   |            |
|    fps                  | 204        |
|    iterations           | 329        |
|    time_elapsed         | 824        |
|    total_timesteps      | 168448     |
| train/                  |            |
|    approx_kl            | 0.06149823 |
|    clip_fraction        | 0.34       |
|    clip_range           | 0.2        |
|    entropy_loss         | -7.23      |
|    explained_variance   | -0.00267   |
|    learning_rate        | 0.0003     |
|    loss                 | -0.0479    |
|    n_updates            | 2930       |
|    policy_gradient_loss | -0.0469    |
|    std                  | 0.342      |
|    value_loss           | 0.0909     |
----------------------------------------
Early stopping at step 5 due to reaching max kl: 0.08
----------------------------------------
| env/                    |            |
|    strehl               | 0.467      |
| rollout/                |            |
|    ep_len_mean          | 8          |
|    ep_rew_mean          | -6.31      |
| time/                   |            |
|    fps                  | 204        |
|    iterations           | 330        |
|    time_elapsed         | 826        |
|    total_timesteps      | 168960     |
| train/                  |            |
|    approx_kl            | 0.07978586 |
|    clip_fraction        | 0.368      |
|    clip_range           | 0.2        |
|    entropy_loss         | -7.23      |
|    explained_variance   | -0.00242   |
|    learning_rate        | 0.0003     |
|    loss                 | -0.0694    |
|    n_updates            | 2936       |
|    policy_gradient_loss | -0.0516    |
|    std                  | 0.342      |
|    value_loss           | 0.0615     |
----------------------------------------
Early stopping at step 6 due to reaching max kl: 0.09
-----------------------------------------
| env/                    |             |
|    strehl               | 0.454       |
| rollout/                |             |
|    ep_len_mean          | 8           |
|    ep_rew_mean          | -6.3        |
| time/                   |             |
|    fps                  | 204         |
|    iterations           | 331         |
|    time_elapsed         | 828         |
|    total_timesteps      | 169472      |
| train/                  |             |
|    approx_kl            | 0.080462635 |
|    clip_fraction        | 0.412       |
|    clip_range           | 0.2         |
|    entropy_loss         | -7.22       |
|    explained_variance   | -0.00206    |
|    learning_rate        | 0.0003      |
|    loss                 | -0.0723     |
|    n_updates            | 2943        |
|    policy_gradient_loss | -0.0661     |
|    std                  | 0.342       |
|    value_loss           | 0.0844      |
-----------------------------------------
Early stopping at step 5 due to reaching max kl: 0.08
-----------------------------------------
| env/                    |             |
|    strehl               | 0.509       |
| rollout/                |             |
|    ep_len_mean          | 8           |
|    ep_rew_mean          | -6.29       |
| time/                   |             |
|    fps                  | 204         |
|    iterations           | 332         |
|    time_elapsed         | 830         |
|    total_timesteps      | 169984      |
| train/                  |             |
|    approx_kl            | 0.069267236 |
|    clip_fraction        | 0.316       |
|    clip_range           | 0.2         |
|    entropy_loss         | -7.22       |
|    explained_variance   | -0.00166    |
|    learning_rate        | 0.0003      |
|    loss                 | -0.0608     |
|    n_updates            | 2949        |
|    policy_gradient_loss | -0.053      |
|    std                  | 0.342       |
|    value_loss           | 0.0643      |
-----------------------------------------
Early stopping at step 6 due to reaching max kl: 0.09
----------------------------------------
| env/                    |            |
|    strehl               | 0.461      |
| rollout/                |            |
|    ep_len_mean          | 8          |
|    ep_rew_mean          | -6.27      |
| time/                   |            |
|    fps                  | 204        |
|    iterations           | 333        |
|    time_elapsed         | 833        |
|    total_timesteps      | 170496     |
| train/                  |            |
|    approx_kl            | 0.09243959 |
|    clip_fraction        | 0.371      |
|    clip_range           | 0.2        |
|    entropy_loss         | -7.21      |
|    explained_variance   | -0.0028    |
|    learning_rate        | 0.0003     |
|    loss                 | -0.061     |
|    n_updates            | 2956       |
|    policy_gradient_loss | -0.0545    |
|    std                  | 0.342      |
|    value_loss           | 0.0882     |
----------------------------------------
Early stopping at step 6 due to reaching max kl: 0.08
-----------------------------------------
| env/                    |             |
|    strehl               | 0.483       |
| rollout/                |             |
|    ep_len_mean          | 8           |
|    ep_rew_mean          | -6.25       |
| time/                   |             |
|    fps                  | 204         |
|    iterations           | 334         |
|    time_elapsed         | 835         |
|    total_timesteps      | 171008      |
| train/                  |             |
|    approx_kl            | 0.083707005 |
|    clip_fraction        | 0.35        |
|    clip_range           | 0.2         |
|    entropy_loss         | -7.2        |
|    explained_variance   | -0.00268    |
|    learning_rate        | 0.0003      |
|    loss                 | -0.0757     |
|    n_updates            | 2963        |
|    policy_gradient_loss | -0.053      |
|    std                  | 0.341       |
|    value_loss           | 0.0645      |
-----------------------------------------
Early stopping at step 5 due to reaching max kl: 0.09
-----------------------------------------
| env/                    |             |
|    strehl               | 0.438       |
| rollout/                |             |
|    ep_len_mean          | 8           |
|    ep_rew_mean          | -6.34       |
| time/                   |             |
|    fps                  | 204         |
|    iterations           | 335         |
|    time_elapsed         | 837         |
|    total_timesteps      | 171520      |
| train/                  |             |
|    approx_kl            | 0.074651435 |
|    clip_fraction        | 0.336       |
|    clip_range           | 0.2         |
|    entropy_loss         | -7.19       |
|    explained_variance   | -0.00159    |
|    learning_rate        | 0.0003      |
|    loss                 | -0.0584     |
|    n_updates            | 2969        |
|    policy_gradient_loss | -0.0581     |
|    std                  | 0.341       |
|    value_loss           | 0.0967      |
-----------------------------------------
Early stopping at step 6 due to reaching max kl: 0.08
-----------------------------------------
| env/                    |             |
|    strehl               | 0.483       |
| rollout/                |             |
|    ep_len_mean          | 8           |
|    ep_rew_mean          | -6.26       |
| time/                   |             |
|    fps                  | 204         |
|    iterations           | 336         |
|    time_elapsed         | 839         |
|    total_timesteps      | 172032      |
| train/                  |             |
|    approx_kl            | 0.079812035 |
|    clip_fraction        | 0.331       |
|    clip_range           | 0.2         |
|    entropy_loss         | -7.18       |
|    explained_variance   | -0.00177    |
|    learning_rate        | 0.0003      |
|    loss                 | -0.0848     |
|    n_updates            | 2976        |
|    policy_gradient_loss | -0.0577     |
|    std                  | 0.341       |
|    value_loss           | 0.0684      |
-----------------------------------------
Early stopping at step 6 due to reaching max kl: 0.08
----------------------------------------
| env/                    |            |
|    strehl               | 0.512      |
| rollout/                |            |
|    ep_len_mean          | 8          |
|    ep_rew_mean          | -6.29      |
| time/                   |            |
|    fps                  | 204        |
|    iterations           | 337        |
|    time_elapsed         | 841        |
|    total_timesteps      | 172544     |
| train/                  |            |
|    approx_kl            | 0.08052234 |
|    clip_fraction        | 0.404      |
|    clip_range           | 0.2        |
|    entropy_loss         | -7.17      |
|    explained_variance   | -0.00231   |
|    learning_rate        | 0.0003     |
|    loss                 | -0.0845    |
|    n_updates            | 2983       |
|    policy_gradient_loss | -0.0609    |
|    std                  | 0.341      |
|    value_loss           | 0.076      |
----------------------------------------
Early stopping at step 5 due to reaching max kl: 0.08
----------------------------------------
| env/                    |            |
|    strehl               | 0.45       |
| rollout/                |            |
|    ep_len_mean          | 8          |
|    ep_rew_mean          | -6.2       |
| time/                   |            |
|    fps                  | 205        |
|    iterations           | 338        |
|    time_elapsed         | 843        |
|    total_timesteps      | 173056     |
| train/                  |            |
|    approx_kl            | 0.07632411 |
|    clip_fraction        | 0.322      |
|    clip_range           | 0.2        |
|    entropy_loss         | -7.17      |
|    explained_variance   | -0.00182   |
|    learning_rate        | 0.0003     |
|    loss                 | -0.0696    |
|    n_updates            | 2989       |
|    policy_gradient_loss | -0.0543    |
|    std                  | 0.341      |
|    value_loss           | 0.0749     |
----------------------------------------
Early stopping at step 5 due to reaching max kl: 0.08
----------------------------------------
| env/                    |            |
|    strehl               | 0.428      |
| rollout/                |            |
|    ep_len_mean          | 8          |
|    ep_rew_mean          | -6.24      |
| time/                   |            |
|    fps                  | 205        |
|    iterations           | 339        |
|    time_elapsed         | 846        |
|    total_timesteps      | 173568     |
| train/                  |            |
|    approx_kl            | 0.07599831 |
|    clip_fraction        | 0.347      |
|    clip_range           | 0.2        |
|    entropy_loss         | -7.16      |
|    explained_variance   | -0.00208   |
|    learning_rate        | 0.0003     |
|    loss                 | -0.0705    |
|    n_updates            | 2995       |
|    policy_gradient_loss | -0.0555    |
|    std                  | 0.341      |
|    value_loss           | 0.0852     |
----------------------------------------
Early stopping at step 6 due to reaching max kl: 0.09
----------------------------------------
| env/                    |            |
|    strehl               | 0.424      |
| rollout/                |            |
|    ep_len_mean          | 8          |
|    ep_rew_mean          | -6.21      |
| time/                   |            |
|    fps                  | 205        |
|    iterations           | 340        |
|    time_elapsed         | 848        |
|    total_timesteps      | 174080     |
| train/                  |            |
|    approx_kl            | 0.07671699 |
|    clip_fraction        | 0.348      |
|    clip_range           | 0.2        |
|    entropy_loss         | -7.16      |
|    explained_variance   | -0.00233   |
|    learning_rate        | 0.0003     |
|    loss                 | -0.0816    |
|    n_updates            | 3002       |
|    policy_gradient_loss | -0.063     |
|    std                  | 0.341      |
|    value_loss           | 0.0758     |
----------------------------------------
Early stopping at step 5 due to reaching max kl: 0.09
-----------------------------------------
| env/                    |             |
|    strehl               | 0.413       |
| rollout/                |             |
|    ep_len_mean          | 8           |
|    ep_rew_mean          | -6.3        |
| time/                   |             |
|    fps                  | 205         |
|    iterations           | 341         |
|    time_elapsed         | 850         |
|    total_timesteps      | 174592      |
| train/                  |             |
|    approx_kl            | 0.077831626 |
|    clip_fraction        | 0.358       |
|    clip_range           | 0.2         |
|    entropy_loss         | -7.16       |
|    explained_variance   | -0.00178    |
|    learning_rate        | 0.0003      |
|    loss                 | -0.0628     |
|    n_updates            | 3008        |
|    policy_gradient_loss | -0.0529     |
|    std                  | 0.341       |
|    value_loss           | 0.0703      |
-----------------------------------------
Early stopping at step 7 due to reaching max kl: 0.08
Eval num_timesteps=175000, episode_reward=-5.57 +/- 0.34
Episode length: 8.00 +/- 0.00
----------------------------------------
| env/                    |            |
|    strehl               | 0.44       |
| eval/                   |            |
|    mean_ep_length       | 8          |
|    mean_reward          | -5.57      |
| time/                   |            |
|    total_timesteps      | 175000     |
| train/                  |            |
|    approx_kl            | 0.08458081 |
|    clip_fraction        | 0.371      |
|    clip_range           | 0.2        |
|    entropy_loss         | -7.15      |
|    explained_variance   | -0.00236   |
|    learning_rate        | 0.0003     |
|    loss                 | -0.0664    |
|    n_updates            | 3016       |
|    policy_gradient_loss | -0.0595    |
|    std                  | 0.341      |
|    value_loss           | 0.0822     |
----------------------------------------
New best mean reward!
---------------------------------
| env/               |          |
|    strehl          | 0.43     |
| rollout/           |          |
|    ep_len_mean     | 8        |
|    ep_rew_mean     | -6.27    |
| time/              |          |
|    fps             | 205      |
|    iterations      | 342      |
|    time_elapsed    | 853      |
|    total_timesteps | 175104   |
---------------------------------
Early stopping at step 6 due to reaching max kl: 0.08
---------------------------------------
| env/                    |           |
|    strehl               | 0.492     |
| rollout/                |           |
|    ep_len_mean          | 8         |
|    ep_rew_mean          | -6.21     |
| time/                   |           |
|    fps                  | 205       |
|    iterations           | 343       |
|    time_elapsed         | 855       |
|    total_timesteps      | 175616    |
| train/                  |           |
|    approx_kl            | 0.0758045 |
|    clip_fraction        | 0.365     |
|    clip_range           | 0.2       |
|    entropy_loss         | -7.14     |
|    explained_variance   | -0.00261  |
|    learning_rate        | 0.0003    |
|    loss                 | -0.0632   |
|    n_updates            | 3023      |
|    policy_gradient_loss | -0.0553   |
|    std                  | 0.34      |
|    value_loss           | 0.0948    |
---------------------------------------
Early stopping at step 7 due to reaching max kl: 0.08
----------------------------------------
| env/                    |            |
|    strehl               | 0.416      |
| rollout/                |            |
|    ep_len_mean          | 8          |
|    ep_rew_mean          | -6.26      |
| time/                   |            |
|    fps                  | 205        |
|    iterations           | 344        |
|    time_elapsed         | 858        |
|    total_timesteps      | 176128     |
| train/                  |            |
|    approx_kl            | 0.08105536 |
|    clip_fraction        | 0.362      |
|    clip_range           | 0.2        |
|    entropy_loss         | -7.14      |
|    explained_variance   | -0.00239   |
|    learning_rate        | 0.0003     |
|    loss                 | -0.0756    |
|    n_updates            | 3031       |
|    policy_gradient_loss | -0.0645    |
|    std                  | 0.34       |
|    value_loss           | 0.0937     |
----------------------------------------
Early stopping at step 6 due to reaching max kl: 0.08
---------------------------------------
| env/                    |           |
|    strehl               | 0.471     |
| rollout/                |           |
|    ep_len_mean          | 8         |
|    ep_rew_mean          | -6.38     |
| time/                   |           |
|    fps                  | 205       |
|    iterations           | 345       |
|    time_elapsed         | 860       |
|    total_timesteps      | 176640    |
| train/                  |           |
|    approx_kl            | 0.0725184 |
|    clip_fraction        | 0.394     |
|    clip_range           | 0.2       |
|    entropy_loss         | -7.13     |
|    explained_variance   | -0.00494  |
|    learning_rate        | 0.0003    |
|    loss                 | -0.0732   |
|    n_updates            | 3038      |
|    policy_gradient_loss | -0.063    |
|    std                  | 0.34      |
|    value_loss           | 0.0788    |
---------------------------------------
Early stopping at step 6 due to reaching max kl: 0.09
-----------------------------------------
| env/                    |             |
|    strehl               | 0.446       |
| rollout/                |             |
|    ep_len_mean          | 8           |
|    ep_rew_mean          | -6.22       |
| time/                   |             |
|    fps                  | 205         |
|    iterations           | 346         |
|    time_elapsed         | 862         |
|    total_timesteps      | 177152      |
| train/                  |             |
|    approx_kl            | 0.089116365 |
|    clip_fraction        | 0.376       |
|    clip_range           | 0.2         |
|    entropy_loss         | -7.14       |
|    explained_variance   | -0.00172    |
|    learning_rate        | 0.0003      |
|    loss                 | -0.0718     |
|    n_updates            | 3045        |
|    policy_gradient_loss | -0.0569     |
|    std                  | 0.34        |
|    value_loss           | 0.0788      |
-----------------------------------------
Early stopping at step 6 due to reaching max kl: 0.08
----------------------------------------
| env/                    |            |
|    strehl               | 0.396      |
| rollout/                |            |
|    ep_len_mean          | 8          |
|    ep_rew_mean          | -6.24      |
| time/                   |            |
|    fps                  | 205        |
|    iterations           | 347        |
|    time_elapsed         | 865        |
|    total_timesteps      | 177664     |
| train/                  |            |
|    approx_kl            | 0.08065436 |
|    clip_fraction        | 0.35       |
|    clip_range           | 0.2        |
|    entropy_loss         | -7.14      |
|    explained_variance   | -0.00224   |
|    learning_rate        | 0.0003     |
|    loss                 | -0.0682    |
|    n_updates            | 3052       |
|    policy_gradient_loss | -0.0535    |
|    std                  | 0.34       |
|    value_loss           | 0.0826     |
----------------------------------------
Early stopping at step 5 due to reaching max kl: 0.08
-----------------------------------------
| env/                    |             |
|    strehl               | 0.517       |
| rollout/                |             |
|    ep_len_mean          | 8           |
|    ep_rew_mean          | -6.36       |
| time/                   |             |
|    fps                  | 205         |
|    iterations           | 348         |
|    time_elapsed         | 867         |
|    total_timesteps      | 178176      |
| train/                  |             |
|    approx_kl            | 0.074709564 |
|    clip_fraction        | 0.397       |
|    clip_range           | 0.2         |
|    entropy_loss         | -7.13       |
|    explained_variance   | -0.00134    |
|    learning_rate        | 0.0003      |
|    loss                 | -0.0719     |
|    n_updates            | 3058        |
|    policy_gradient_loss | -0.0489     |
|    std                  | 0.34        |
|    value_loss           | 0.0746      |
-----------------------------------------
Early stopping at step 6 due to reaching max kl: 0.09
----------------------------------------
| env/                    |            |
|    strehl               | 0.439      |
| rollout/                |            |
|    ep_len_mean          | 8          |
|    ep_rew_mean          | -6.34      |
| time/                   |            |
|    fps                  | 205        |
|    iterations           | 349        |
|    time_elapsed         | 869        |
|    total_timesteps      | 178688     |
| train/                  |            |
|    approx_kl            | 0.08580892 |
|    clip_fraction        | 0.406      |
|    clip_range           | 0.2        |
|    entropy_loss         | -7.13      |
|    explained_variance   | -0.00215   |
|    learning_rate        | 0.0003     |
|    loss                 | -0.0632    |
|    n_updates            | 3065       |
|    policy_gradient_loss | -0.0503    |
|    std                  | 0.34       |
|    value_loss           | 0.0779     |
----------------------------------------
Early stopping at step 5 due to reaching max kl: 0.08
----------------------------------------
| env/                    |            |
|    strehl               | 0.442      |
| rollout/                |            |
|    ep_len_mean          | 8          |
|    ep_rew_mean          | -6.35      |
| time/                   |            |
|    fps                  | 205        |
|    iterations           | 350        |
|    time_elapsed         | 871        |
|    total_timesteps      | 179200     |
| train/                  |            |
|    approx_kl            | 0.08394376 |
|    clip_fraction        | 0.339      |
|    clip_range           | 0.2        |
|    entropy_loss         | -7.13      |
|    explained_variance   | -0.00188   |
|    learning_rate        | 0.0003     |
|    loss                 | -0.0573    |
|    n_updates            | 3071       |
|    policy_gradient_loss | -0.0543    |
|    std                  | 0.34       |
|    value_loss           | 0.0982     |
----------------------------------------
Early stopping at step 6 due to reaching max kl: 0.09
----------------------------------------
| env/                    |            |
|    strehl               | 0.449      |
| rollout/                |            |
|    ep_len_mean          | 8          |
|    ep_rew_mean          | -6.33      |
| time/                   |            |
|    fps                  | 205        |
|    iterations           | 351        |
|    time_elapsed         | 873        |
|    total_timesteps      | 179712     |
| train/                  |            |
|    approx_kl            | 0.07334561 |
|    clip_fraction        | 0.4        |
|    clip_range           | 0.2        |
|    entropy_loss         | -7.12      |
|    explained_variance   | -0.00205   |
|    learning_rate        | 0.0003     |
|    loss                 | -0.0642    |
|    n_updates            | 3078       |
|    policy_gradient_loss | -0.0527    |
|    std                  | 0.34       |
|    value_loss           | 0.0748     |
----------------------------------------
Early stopping at step 8 due to reaching max kl: 0.08
----------------------------------------
| env/                    |            |
|    strehl               | 0.504      |
| rollout/                |            |
|    ep_len_mean          | 8          |
|    ep_rew_mean          | -6.3       |
| time/                   |            |
|    fps                  | 205        |
|    iterations           | 352        |
|    time_elapsed         | 876        |
|    total_timesteps      | 180224     |
| train/                  |            |
|    approx_kl            | 0.08119803 |
|    clip_fraction        | 0.383      |
|    clip_range           | 0.2        |
|    entropy_loss         | -7.11      |
|    explained_variance   | -0.00163   |
|    learning_rate        | 0.0003     |
|    loss                 | -0.0782    |
|    n_updates            | 3087       |
|    policy_gradient_loss | -0.062     |
|    std                  | 0.34       |
|    value_loss           | 0.0801     |
----------------------------------------
Early stopping at step 6 due to reaching max kl: 0.08
----------------------------------------
| env/                    |            |
|    strehl               | 0.379      |
| rollout/                |            |
|    ep_len_mean          | 8          |
|    ep_rew_mean          | -6.25      |
| time/                   |            |
|    fps                  | 205        |
|    iterations           | 353        |
|    time_elapsed         | 878        |
|    total_timesteps      | 180736     |
| train/                  |            |
|    approx_kl            | 0.07597485 |
|    clip_fraction        | 0.36       |
|    clip_range           | 0.2        |
|    entropy_loss         | -7.11      |
|    explained_variance   | -0.00253   |
|    learning_rate        | 0.0003     |
|    loss                 | -0.0841    |
|    n_updates            | 3094       |
|    policy_gradient_loss | -0.0594    |
|    std                  | 0.34       |
|    value_loss           | 0.0716     |
----------------------------------------
Early stopping at step 5 due to reaching max kl: 0.08
----------------------------------------
| env/                    |            |
|    strehl               | 0.403      |
| rollout/                |            |
|    ep_len_mean          | 8          |
|    ep_rew_mean          | -6.33      |
| time/                   |            |
|    fps                  | 205        |
|    iterations           | 354        |
|    time_elapsed         | 880        |
|    total_timesteps      | 181248     |
| train/                  |            |
|    approx_kl            | 0.07729019 |
|    clip_fraction        | 0.404      |
|    clip_range           | 0.2        |
|    entropy_loss         | -7.11      |
|    explained_variance   | -0.00194   |
|    learning_rate        | 0.0003     |
|    loss                 | -0.0358    |
|    n_updates            | 3100       |
|    policy_gradient_loss | -0.0446    |
|    std                  | 0.34       |
|    value_loss           | 0.11       |
----------------------------------------
Early stopping at step 7 due to reaching max kl: 0.09
-----------------------------------------
| env/                    |             |
|    strehl               | 0.471       |
| rollout/                |             |
|    ep_len_mean          | 8           |
|    ep_rew_mean          | -6.23       |
| time/                   |             |
|    fps                  | 205         |
|    iterations           | 355         |
|    time_elapsed         | 883         |
|    total_timesteps      | 181760      |
| train/                  |             |
|    approx_kl            | 0.077557504 |
|    clip_fraction        | 0.397       |
|    clip_range           | 0.2         |
|    entropy_loss         | -7.1        |
|    explained_variance   | -0.00201    |
|    learning_rate        | 0.0003      |
|    loss                 | -0.0657     |
|    n_updates            | 3108        |
|    policy_gradient_loss | -0.0542     |
|    std                  | 0.34        |
|    value_loss           | 0.0821      |
-----------------------------------------
Early stopping at step 8 due to reaching max kl: 0.08
-----------------------------------------
| env/                    |             |
|    strehl               | 0.499       |
| rollout/                |             |
|    ep_len_mean          | 8           |
|    ep_rew_mean          | -6.27       |
| time/                   |             |
|    fps                  | 205         |
|    iterations           | 356         |
|    time_elapsed         | 885         |
|    total_timesteps      | 182272      |
| train/                  |             |
|    approx_kl            | 0.084368125 |
|    clip_fraction        | 0.394       |
|    clip_range           | 0.2         |
|    entropy_loss         | -7.1        |
|    explained_variance   | -0.00209    |
|    learning_rate        | 0.0003      |
|    loss                 | -0.0845     |
|    n_updates            | 3117        |
|    policy_gradient_loss | -0.0647     |
|    std                  | 0.34        |
|    value_loss           | 0.073       |
-----------------------------------------
Early stopping at step 6 due to reaching max kl: 0.09
---------------------------------------
| env/                    |           |
|    strehl               | 0.523     |
| rollout/                |           |
|    ep_len_mean          | 8         |
|    ep_rew_mean          | -6.3      |
| time/                   |           |
|    fps                  | 205       |
|    iterations           | 357       |
|    time_elapsed         | 887       |
|    total_timesteps      | 182784    |
| train/                  |           |
|    approx_kl            | 0.0777037 |
|    clip_fraction        | 0.386     |
|    clip_range           | 0.2       |
|    entropy_loss         | -7.1      |
|    explained_variance   | -0.00219  |
|    learning_rate        | 0.0003    |
|    loss                 | -0.0853   |
|    n_updates            | 3124      |
|    policy_gradient_loss | -0.0681   |
|    std                  | 0.34      |
|    value_loss           | 0.0706    |
---------------------------------------
Early stopping at step 5 due to reaching max kl: 0.11
-----------------------------------------
| env/                    |             |
|    strehl               | 0.431       |
| rollout/                |             |
|    ep_len_mean          | 8           |
|    ep_rew_mean          | -6.27       |
| time/                   |             |
|    fps                  | 205         |
|    iterations           | 358         |
|    time_elapsed         | 889         |
|    total_timesteps      | 183296      |
| train/                  |             |
|    approx_kl            | 0.087788515 |
|    clip_fraction        | 0.348       |
|    clip_range           | 0.2         |
|    entropy_loss         | -7.09       |
|    explained_variance   | -0.00231    |
|    learning_rate        | 0.0003      |
|    loss                 | -0.0776     |
|    n_updates            | 3130        |
|    policy_gradient_loss | -0.0642     |
|    std                  | 0.34        |
|    value_loss           | 0.0713      |
-----------------------------------------
Early stopping at step 6 due to reaching max kl: 0.08
----------------------------------------
| env/                    |            |
|    strehl               | 0.499      |
| rollout/                |            |
|    ep_len_mean          | 8          |
|    ep_rew_mean          | -6.28      |
| time/                   |            |
|    fps                  | 206        |
|    iterations           | 359        |
|    time_elapsed         | 892        |
|    total_timesteps      | 183808     |
| train/                  |            |
|    approx_kl            | 0.07262787 |
|    clip_fraction        | 0.439      |
|    clip_range           | 0.2        |
|    entropy_loss         | -7.08      |
|    explained_variance   | -0.00269   |
|    learning_rate        | 0.0003     |
|    loss                 | -0.0656    |
|    n_updates            | 3137       |
|    policy_gradient_loss | -0.0563    |
|    std                  | 0.339      |
|    value_loss           | 0.0815     |
----------------------------------------
Early stopping at step 5 due to reaching max kl: 0.08
----------------------------------------
| env/                    |            |
|    strehl               | 0.417      |
| rollout/                |            |
|    ep_len_mean          | 8          |
|    ep_rew_mean          | -6.24      |
| time/                   |            |
|    fps                  | 206        |
|    iterations           | 360        |
|    time_elapsed         | 894        |
|    total_timesteps      | 184320     |
| train/                  |            |
|    approx_kl            | 0.07713251 |
|    clip_fraction        | 0.37       |
|    clip_range           | 0.2        |
|    entropy_loss         | -7.07      |
|    explained_variance   | -0.00219   |
|    learning_rate        | 0.0003     |
|    loss                 | -0.0656    |
|    n_updates            | 3143       |
|    policy_gradient_loss | -0.0528    |
|    std                  | 0.339      |
|    value_loss           | 0.0679     |
----------------------------------------
Early stopping at step 6 due to reaching max kl: 0.09
----------------------------------------
| env/                    |            |
|    strehl               | 0.495      |
| rollout/                |            |
|    ep_len_mean          | 8          |
|    ep_rew_mean          | -6.28      |
| time/                   |            |
|    fps                  | 206        |
|    iterations           | 361        |
|    time_elapsed         | 896        |
|    total_timesteps      | 184832     |
| train/                  |            |
|    approx_kl            | 0.07750739 |
|    clip_fraction        | 0.387      |
|    clip_range           | 0.2        |
|    entropy_loss         | -7.06      |
|    explained_variance   | -0.00211   |
|    learning_rate        | 0.0003     |
|    loss                 | -0.0747    |
|    n_updates            | 3150       |
|    policy_gradient_loss | -0.0636    |
|    std                  | 0.339      |
|    value_loss           | 0.0729     |
----------------------------------------
Early stopping at step 5 due to reaching max kl: 0.08
----------------------------------------
| env/                    |            |
|    strehl               | 0.503      |
| rollout/                |            |
|    ep_len_mean          | 8          |
|    ep_rew_mean          | -6.36      |
| time/                   |            |
|    fps                  | 206        |
|    iterations           | 362        |
|    time_elapsed         | 898        |
|    total_timesteps      | 185344     |
| train/                  |            |
|    approx_kl            | 0.07146157 |
|    clip_fraction        | 0.341      |
|    clip_range           | 0.2        |
|    entropy_loss         | -7.05      |
|    explained_variance   | -0.000952  |
|    learning_rate        | 0.0003     |
|    loss                 | -0.0812    |
|    n_updates            | 3156       |
|    policy_gradient_loss | -0.0571    |
|    std                  | 0.339      |
|    value_loss           | 0.0715     |
----------------------------------------
Early stopping at step 5 due to reaching max kl: 0.09
----------------------------------------
| env/                    |            |
|    strehl               | 0.468      |
| rollout/                |            |
|    ep_len_mean          | 8          |
|    ep_rew_mean          | -6.28      |
| time/                   |            |
|    fps                  | 206        |
|    iterations           | 363        |
|    time_elapsed         | 901        |
|    total_timesteps      | 185856     |
| train/                  |            |
|    approx_kl            | 0.07282512 |
|    clip_fraction        | 0.367      |
|    clip_range           | 0.2        |
|    entropy_loss         | -7.05      |
|    explained_variance   | -0.000913  |
|    learning_rate        | 0.0003     |
|    loss                 | -0.0666    |
|    n_updates            | 3162       |
|    policy_gradient_loss | -0.0521    |
|    std                  | 0.339      |
|    value_loss           | 0.0672     |
----------------------------------------
Early stopping at step 5 due to reaching max kl: 0.09
----------------------------------------
| env/                    |            |
|    strehl               | 0.411      |
| rollout/                |            |
|    ep_len_mean          | 8          |
|    ep_rew_mean          | -6.28      |
| time/                   |            |
|    fps                  | 206        |
|    iterations           | 364        |
|    time_elapsed         | 903        |
|    total_timesteps      | 186368     |
| train/                  |            |
|    approx_kl            | 0.08542945 |
|    clip_fraction        | 0.355      |
|    clip_range           | 0.2        |
|    entropy_loss         | -7.04      |
|    explained_variance   | -0.00216   |
|    learning_rate        | 0.0003     |
|    loss                 | -0.0578    |
|    n_updates            | 3168       |
|    policy_gradient_loss | -0.0494    |
|    std                  | 0.339      |
|    value_loss           | 0.0691     |
----------------------------------------
Early stopping at step 6 due to reaching max kl: 0.09
-----------------------------------------
| env/                    |             |
|    strehl               | 0.395       |
| rollout/                |             |
|    ep_len_mean          | 8           |
|    ep_rew_mean          | -6.36       |
| time/                   |             |
|    fps                  | 206         |
|    iterations           | 365         |
|    time_elapsed         | 905         |
|    total_timesteps      | 186880      |
| train/                  |             |
|    approx_kl            | 0.091545254 |
|    clip_fraction        | 0.397       |
|    clip_range           | 0.2         |
|    entropy_loss         | -7.04       |
|    explained_variance   | -0.00211    |
|    learning_rate        | 0.0003      |
|    loss                 | -0.072      |
|    n_updates            | 3175        |
|    policy_gradient_loss | -0.0553     |
|    std                  | 0.339       |
|    value_loss           | 0.0756      |
-----------------------------------------
Early stopping at step 6 due to reaching max kl: 0.10
----------------------------------------
| env/                    |            |
|    strehl               | 0.487      |
| rollout/                |            |
|    ep_len_mean          | 8          |
|    ep_rew_mean          | -6.3       |
| time/                   |            |
|    fps                  | 206        |
|    iterations           | 366        |
|    time_elapsed         | 907        |
|    total_timesteps      | 187392     |
| train/                  |            |
|    approx_kl            | 0.09970194 |
|    clip_fraction        | 0.389      |
|    clip_range           | 0.2        |
|    entropy_loss         | -7.03      |
|    explained_variance   | -0.00137   |
|    learning_rate        | 0.0003     |
|    loss                 | -0.0707    |
|    n_updates            | 3182       |
|    policy_gradient_loss | -0.0589    |
|    std                  | 0.339      |
|    value_loss           | 0.0855     |
----------------------------------------
Early stopping at step 5 due to reaching max kl: 0.08
----------------------------------------
| env/                    |            |
|    strehl               | 0.489      |
| rollout/                |            |
|    ep_len_mean          | 8          |
|    ep_rew_mean          | -6.34      |
| time/                   |            |
|    fps                  | 206        |
|    iterations           | 367        |
|    time_elapsed         | 909        |
|    total_timesteps      | 187904     |
| train/                  |            |
|    approx_kl            | 0.07673901 |
|    clip_fraction        | 0.425      |
|    clip_range           | 0.2        |
|    entropy_loss         | -7.03      |
|    explained_variance   | -0.00145   |
|    learning_rate        | 0.0003     |
|    loss                 | -0.0588    |
|    n_updates            | 3188       |
|    policy_gradient_loss | -0.0553    |
|    std                  | 0.339      |
|    value_loss           | 0.0642     |
----------------------------------------
Early stopping at step 6 due to reaching max kl: 0.08
----------------------------------------
| env/                    |            |
|    strehl               | 0.47       |
| rollout/                |            |
|    ep_len_mean          | 8          |
|    ep_rew_mean          | -6.34      |
| time/                   |            |
|    fps                  | 206        |
|    iterations           | 368        |
|    time_elapsed         | 912        |
|    total_timesteps      | 188416     |
| train/                  |            |
|    approx_kl            | 0.07824798 |
|    clip_fraction        | 0.408      |
|    clip_range           | 0.2        |
|    entropy_loss         | -7.03      |
|    explained_variance   | -0.00163   |
|    learning_rate        | 0.0003     |
|    loss                 | -0.0578    |
|    n_updates            | 3195       |
|    policy_gradient_loss | -0.0504    |
|    std                  | 0.339      |
|    value_loss           | 0.0819     |
----------------------------------------
Early stopping at step 7 due to reaching max kl: 0.08
----------------------------------------
| env/                    |            |
|    strehl               | 0.511      |
| rollout/                |            |
|    ep_len_mean          | 8          |
|    ep_rew_mean          | -6.25      |
| time/                   |            |
|    fps                  | 206        |
|    iterations           | 369        |
|    time_elapsed         | 914        |
|    total_timesteps      | 188928     |
| train/                  |            |
|    approx_kl            | 0.07863897 |
|    clip_fraction        | 0.403      |
|    clip_range           | 0.2        |
|    entropy_loss         | -7.03      |
|    explained_variance   | -0.00187   |
|    learning_rate        | 0.0003     |
|    loss                 | -0.0712    |
|    n_updates            | 3203       |
|    policy_gradient_loss | -0.0578    |
|    std                  | 0.339      |
|    value_loss           | 0.0828     |
----------------------------------------
Early stopping at step 6 due to reaching max kl: 0.08
----------------------------------------
| env/                    |            |
|    strehl               | 0.49       |
| rollout/                |            |
|    ep_len_mean          | 8          |
|    ep_rew_mean          | -6.3       |
| time/                   |            |
|    fps                  | 206        |
|    iterations           | 370        |
|    time_elapsed         | 916        |
|    total_timesteps      | 189440     |
| train/                  |            |
|    approx_kl            | 0.08419945 |
|    clip_fraction        | 0.367      |
|    clip_range           | 0.2        |
|    entropy_loss         | -7.03      |
|    explained_variance   | -0.00213   |
|    learning_rate        | 0.0003     |
|    loss                 | -0.0609    |
|    n_updates            | 3210       |
|    policy_gradient_loss | -0.0592    |
|    std                  | 0.339      |
|    value_loss           | 0.101      |
----------------------------------------
Early stopping at step 6 due to reaching max kl: 0.08
----------------------------------------
| env/                    |            |
|    strehl               | 0.418      |
| rollout/                |            |
|    ep_len_mean          | 8          |
|    ep_rew_mean          | -6.3       |
| time/                   |            |
|    fps                  | 206        |
|    iterations           | 371        |
|    time_elapsed         | 919        |
|    total_timesteps      | 189952     |
| train/                  |            |
|    approx_kl            | 0.07545701 |
|    clip_fraction        | 0.366      |
|    clip_range           | 0.2        |
|    entropy_loss         | -7.04      |
|    explained_variance   | -0.00189   |
|    learning_rate        | 0.0003     |
|    loss                 | -0.0718    |
|    n_updates            | 3217       |
|    policy_gradient_loss | -0.0557    |
|    std                  | 0.339      |
|    value_loss           | 0.063      |
----------------------------------------
Early stopping at step 6 due to reaching max kl: 0.08
---------------------------------------
| env/                    |           |
|    strehl               | 0.476     |
| rollout/                |           |
|    ep_len_mean          | 8         |
|    ep_rew_mean          | -6.29     |
| time/                   |           |
|    fps                  | 206       |
|    iterations           | 372       |
|    time_elapsed         | 921       |
|    total_timesteps      | 190464    |
| train/                  |           |
|    approx_kl            | 0.0753563 |
|    clip_fraction        | 0.399     |
|    clip_range           | 0.2       |
|    entropy_loss         | -7.04     |
|    explained_variance   | -0.00221  |
|    learning_rate        | 0.0003    |
|    loss                 | -0.0625   |
|    n_updates            | 3224      |
|    policy_gradient_loss | -0.0567   |
|    std                  | 0.339     |
|    value_loss           | 0.0806    |
---------------------------------------
Early stopping at step 5 due to reaching max kl: 0.09
-----------------------------------------
| env/                    |             |
|    strehl               | 0.525       |
| rollout/                |             |
|    ep_len_mean          | 8           |
|    ep_rew_mean          | -6.26       |
| time/                   |             |
|    fps                  | 206         |
|    iterations           | 373         |
|    time_elapsed         | 923         |
|    total_timesteps      | 190976      |
| train/                  |             |
|    approx_kl            | 0.081765875 |
|    clip_fraction        | 0.368       |
|    clip_range           | 0.2         |
|    entropy_loss         | -7.03       |
|    explained_variance   | -0.00097    |
|    learning_rate        | 0.0003      |
|    loss                 | -0.0605     |
|    n_updates            | 3230        |
|    policy_gradient_loss | -0.0527     |
|    std                  | 0.339       |
|    value_loss           | 0.0642      |
-----------------------------------------
Early stopping at step 5 due to reaching max kl: 0.08
----------------------------------------
| env/                    |            |
|    strehl               | 0.475      |
| rollout/                |            |
|    ep_len_mean          | 8          |
|    ep_rew_mean          | -6.26      |
| time/                   |            |
|    fps                  | 206        |
|    iterations           | 374        |
|    time_elapsed         | 925        |
|    total_timesteps      | 191488     |
| train/                  |            |
|    approx_kl            | 0.07860711 |
|    clip_fraction        | 0.385      |
|    clip_range           | 0.2        |
|    entropy_loss         | -7.03      |
|    explained_variance   | -0.00158   |
|    learning_rate        | 0.0003     |
|    loss                 | -0.0594    |
|    n_updates            | 3236       |
|    policy_gradient_loss | -0.0485    |
|    std                  | 0.339      |
|    value_loss           | 0.0811     |
----------------------------------------
Early stopping at step 5 due to reaching max kl: 0.09
-----------------------------------------
| env/                    |             |
|    strehl               | 0.477       |
| rollout/                |             |
|    ep_len_mean          | 8           |
|    ep_rew_mean          | -6.31       |
| time/                   |             |
|    fps                  | 206         |
|    iterations           | 375         |
|    time_elapsed         | 927         |
|    total_timesteps      | 192000      |
| train/                  |             |
|    approx_kl            | 0.079625115 |
|    clip_fraction        | 0.315       |
|    clip_range           | 0.2         |
|    entropy_loss         | -7.03       |
|    explained_variance   | -0.00203    |
|    learning_rate        | 0.0003      |
|    loss                 | -0.071      |
|    n_updates            | 3242        |
|    policy_gradient_loss | -0.0527     |
|    std                  | 0.339       |
|    value_loss           | 0.0647      |
-----------------------------------------
Early stopping at step 5 due to reaching max kl: 0.08
----------------------------------------
| env/                    |            |
|    strehl               | 0.503      |
| rollout/                |            |
|    ep_len_mean          | 8          |
|    ep_rew_mean          | -6.26      |
| time/                   |            |
|    fps                  | 207        |
|    iterations           | 376        |
|    time_elapsed         | 929        |
|    total_timesteps      | 192512     |
| train/                  |            |
|    approx_kl            | 0.06964743 |
|    clip_fraction        | 0.34       |
|    clip_range           | 0.2        |
|    entropy_loss         | -7.02      |
|    explained_variance   | -0.00136   |
|    learning_rate        | 0.0003     |
|    loss                 | -0.0521    |
|    n_updates            | 3248       |
|    policy_gradient_loss | -0.0505    |
|    std                  | 0.339      |
|    value_loss           | 0.083      |
----------------------------------------
Early stopping at step 6 due to reaching max kl: 0.08
-----------------------------------------
| env/                    |             |
|    strehl               | 0.473       |
| rollout/                |             |
|    ep_len_mean          | 8           |
|    ep_rew_mean          | -6.26       |
| time/                   |             |
|    fps                  | 207         |
|    iterations           | 377         |
|    time_elapsed         | 932         |
|    total_timesteps      | 193024      |
| train/                  |             |
|    approx_kl            | 0.070314035 |
|    clip_fraction        | 0.426       |
|    clip_range           | 0.2         |
|    entropy_loss         | -7.02       |
|    explained_variance   | -0.00135    |
|    learning_rate        | 0.0003      |
|    loss                 | -0.0732     |
|    n_updates            | 3255        |
|    policy_gradient_loss | -0.0598     |
|    std                  | 0.338       |
|    value_loss           | 0.0722      |
-----------------------------------------
Early stopping at step 5 due to reaching max kl: 0.08
-----------------------------------------
| env/                    |             |
|    strehl               | 0.482       |
| rollout/                |             |
|    ep_len_mean          | 8           |
|    ep_rew_mean          | -6.32       |
| time/                   |             |
|    fps                  | 207         |
|    iterations           | 378         |
|    time_elapsed         | 934         |
|    total_timesteps      | 193536      |
| train/                  |             |
|    approx_kl            | 0.072469026 |
|    clip_fraction        | 0.387       |
|    clip_range           | 0.2         |
|    entropy_loss         | -7.02       |
|    explained_variance   | -0.00126    |
|    learning_rate        | 0.0003      |
|    loss                 | -0.0752     |
|    n_updates            | 3261        |
|    policy_gradient_loss | -0.051      |
|    std                  | 0.338       |
|    value_loss           | 0.0632      |
-----------------------------------------
Early stopping at step 6 due to reaching max kl: 0.09
-----------------------------------------
| env/                    |             |
|    strehl               | 0.405       |
| rollout/                |             |
|    ep_len_mean          | 8           |
|    ep_rew_mean          | -6.27       |
| time/                   |             |
|    fps                  | 207         |
|    iterations           | 379         |
|    time_elapsed         | 936         |
|    total_timesteps      | 194048      |
| train/                  |             |
|    approx_kl            | 0.083379485 |
|    clip_fraction        | 0.399       |
|    clip_range           | 0.2         |
|    entropy_loss         | -7.02       |
|    explained_variance   | -0.00141    |
|    learning_rate        | 0.0003      |
|    loss                 | -0.0724     |
|    n_updates            | 3268        |
|    policy_gradient_loss | -0.0634     |
|    std                  | 0.339       |
|    value_loss           | 0.0746      |
-----------------------------------------
Early stopping at step 5 due to reaching max kl: 0.08
-----------------------------------------
| env/                    |             |
|    strehl               | 0.493       |
| rollout/                |             |
|    ep_len_mean          | 8           |
|    ep_rew_mean          | -6.32       |
| time/                   |             |
|    fps                  | 207         |
|    iterations           | 380         |
|    time_elapsed         | 938         |
|    total_timesteps      | 194560      |
| train/                  |             |
|    approx_kl            | 0.078752704 |
|    clip_fraction        | 0.339       |
|    clip_range           | 0.2         |
|    entropy_loss         | -7.03       |
|    explained_variance   | -0.00182    |
|    learning_rate        | 0.0003      |
|    loss                 | -0.0618     |
|    n_updates            | 3274        |
|    policy_gradient_loss | -0.0575     |
|    std                  | 0.339       |
|    value_loss           | 0.0914      |
-----------------------------------------
Early stopping at step 5 due to reaching max kl: 0.09
----------------------------------------
| env/                    |            |
|    strehl               | 0.409      |
| rollout/                |            |
|    ep_len_mean          | 8          |
|    ep_rew_mean          | -6.33      |
| time/                   |            |
|    fps                  | 207        |
|    iterations           | 381        |
|    time_elapsed         | 941        |
|    total_timesteps      | 195072     |
| train/                  |            |
|    approx_kl            | 0.07667103 |
|    clip_fraction        | 0.35       |
|    clip_range           | 0.2        |
|    entropy_loss         | -7.02      |
|    explained_variance   | -0.00196   |
|    learning_rate        | 0.0003     |
|    loss                 | -0.0717    |
|    n_updates            | 3280       |
|    policy_gradient_loss | -0.056     |
|    std                  | 0.339      |
|    value_loss           | 0.0669     |
----------------------------------------
Early stopping at step 5 due to reaching max kl: 0.08
-----------------------------------------
| env/                    |             |
|    strehl               | 0.424       |
| rollout/                |             |
|    ep_len_mean          | 8           |
|    ep_rew_mean          | -6.35       |
| time/                   |             |
|    fps                  | 207         |
|    iterations           | 382         |
|    time_elapsed         | 943         |
|    total_timesteps      | 195584      |
| train/                  |             |
|    approx_kl            | 0.067892514 |
|    clip_fraction        | 0.355       |
|    clip_range           | 0.2         |
|    entropy_loss         | -7.02       |
|    explained_variance   | -0.00394    |
|    learning_rate        | 0.0003      |
|    loss                 | -0.0697     |
|    n_updates            | 3286        |
|    policy_gradient_loss | -0.0519     |
|    std                  | 0.338       |
|    value_loss           | 0.0776      |
-----------------------------------------
Early stopping at step 5 due to reaching max kl: 0.08
----------------------------------------
| env/                    |            |
|    strehl               | 0.457      |
| rollout/                |            |
|    ep_len_mean          | 8          |
|    ep_rew_mean          | -6.27      |
| time/                   |            |
|    fps                  | 207        |
|    iterations           | 383        |
|    time_elapsed         | 945        |
|    total_timesteps      | 196096     |
| train/                  |            |
|    approx_kl            | 0.07608577 |
|    clip_fraction        | 0.381      |
|    clip_range           | 0.2        |
|    entropy_loss         | -7.01      |
|    explained_variance   | -0.00206   |
|    learning_rate        | 0.0003     |
|    loss                 | -0.0553    |
|    n_updates            | 3292       |
|    policy_gradient_loss | -0.0465    |
|    std                  | 0.338      |
|    value_loss           | 0.0517     |
----------------------------------------
Early stopping at step 4 due to reaching max kl: 0.08
----------------------------------------
| env/                    |            |
|    strehl               | 0.435      |
| rollout/                |            |
|    ep_len_mean          | 8          |
|    ep_rew_mean          | -6.27      |
| time/                   |            |
|    fps                  | 207        |
|    iterations           | 384        |
|    time_elapsed         | 947        |
|    total_timesteps      | 196608     |
| train/                  |            |
|    approx_kl            | 0.07031911 |
|    clip_fraction        | 0.404      |
|    clip_range           | 0.2        |
|    entropy_loss         | -7.01      |
|    explained_variance   | -0.00108   |
|    learning_rate        | 0.0003     |
|    loss                 | -0.0338    |
|    n_updates            | 3297       |
|    policy_gradient_loss | -0.0342    |
|    std                  | 0.338      |
|    value_loss           | 0.0966     |
----------------------------------------
Early stopping at step 6 due to reaching max kl: 0.09
----------------------------------------
| env/                    |            |
|    strehl               | 0.458      |
| rollout/                |            |
|    ep_len_mean          | 8          |
|    ep_rew_mean          | -6.31      |
| time/                   |            |
|    fps                  | 207        |
|    iterations           | 385        |
|    time_elapsed         | 950        |
|    total_timesteps      | 197120     |
| train/                  |            |
|    approx_kl            | 0.07906254 |
|    clip_fraction        | 0.382      |
|    clip_range           | 0.2        |
|    entropy_loss         | -7.01      |
|    explained_variance   | -0.00177   |
|    learning_rate        | 0.0003     |
|    loss                 | -0.0707    |
|    n_updates            | 3304       |
|    policy_gradient_loss | -0.0519    |
|    std                  | 0.338      |
|    value_loss           | 0.0546     |
----------------------------------------
Early stopping at step 5 due to reaching max kl: 0.08
-----------------------------------------
| env/                    |             |
|    strehl               | 0.419       |
| rollout/                |             |
|    ep_len_mean          | 8           |
|    ep_rew_mean          | -6.25       |
| time/                   |             |
|    fps                  | 207         |
|    iterations           | 386         |
|    time_elapsed         | 952         |
|    total_timesteps      | 197632      |
| train/                  |             |
|    approx_kl            | 0.074962825 |
|    clip_fraction        | 0.323       |
|    clip_range           | 0.2         |
|    entropy_loss         | -7.01       |
|    explained_variance   | -0.00145    |
|    learning_rate        | 0.0003      |
|    loss                 | -0.0659     |
|    n_updates            | 3310        |
|    policy_gradient_loss | -0.0534     |
|    std                  | 0.338       |
|    value_loss           | 0.0781      |
-----------------------------------------
Early stopping at step 4 due to reaching max kl: 0.08
----------------------------------------
| env/                    |            |
|    strehl               | 0.415      |
| rollout/                |            |
|    ep_len_mean          | 8          |
|    ep_rew_mean          | -6.28      |
| time/                   |            |
|    fps                  | 207        |
|    iterations           | 387        |
|    time_elapsed         | 954        |
|    total_timesteps      | 198144     |
| train/                  |            |
|    approx_kl            | 0.06360042 |
|    clip_fraction        | 0.341      |
|    clip_range           | 0.2        |
|    entropy_loss         | -7         |
|    explained_variance   | -0.00206   |
|    learning_rate        | 0.0003     |
|    loss                 | -0.0628    |
|    n_updates            | 3315       |
|    policy_gradient_loss | -0.0482    |
|    std                  | 0.338      |
|    value_loss           | 0.0735     |
----------------------------------------
Early stopping at step 5 due to reaching max kl: 0.08
-----------------------------------------
| env/                    |             |
|    strehl               | 0.359       |
| rollout/                |             |
|    ep_len_mean          | 8           |
|    ep_rew_mean          | -6.35       |
| time/                   |             |
|    fps                  | 207         |
|    iterations           | 388         |
|    time_elapsed         | 956         |
|    total_timesteps      | 198656      |
| train/                  |             |
|    approx_kl            | 0.074219465 |
|    clip_fraction        | 0.396       |
|    clip_range           | 0.2         |
|    entropy_loss         | -7          |
|    explained_variance   | -0.00303    |
|    learning_rate        | 0.0003      |
|    loss                 | -0.0563     |
|    n_updates            | 3321        |
|    policy_gradient_loss | -0.0499     |
|    std                  | 0.338       |
|    value_loss           | 0.0782      |
-----------------------------------------
Early stopping at step 5 due to reaching max kl: 0.08
-----------------------------------------
| env/                    |             |
|    strehl               | 0.486       |
| rollout/                |             |
|    ep_len_mean          | 8           |
|    ep_rew_mean          | -6.32       |
| time/                   |             |
|    fps                  | 207         |
|    iterations           | 389         |
|    time_elapsed         | 958         |
|    total_timesteps      | 199168      |
| train/                  |             |
|    approx_kl            | 0.077583835 |
|    clip_fraction        | 0.367       |
|    clip_range           | 0.2         |
|    entropy_loss         | -7          |
|    explained_variance   | -0.00164    |
|    learning_rate        | 0.0003      |
|    loss                 | -0.0607     |
|    n_updates            | 3327        |
|    policy_gradient_loss | -0.0604     |
|    std                  | 0.338       |
|    value_loss           | 0.0855      |
-----------------------------------------
Early stopping at step 6 due to reaching max kl: 0.09
----------------------------------------
| env/                    |            |
|    strehl               | 0.47       |
| rollout/                |            |
|    ep_len_mean          | 8          |
|    ep_rew_mean          | -6.27      |
| time/                   |            |
|    fps                  | 207        |
|    iterations           | 390        |
|    time_elapsed         | 961        |
|    total_timesteps      | 199680     |
| train/                  |            |
|    approx_kl            | 0.07847528 |
|    clip_fraction        | 0.411      |
|    clip_range           | 0.2        |
|    entropy_loss         | -6.99      |
|    explained_variance   | -0.00202   |
|    learning_rate        | 0.0003     |
|    loss                 | -0.0632    |
|    n_updates            | 3334       |
|    policy_gradient_loss | -0.0589    |
|    std                  | 0.338      |
|    value_loss           | 0.0977     |
----------------------------------------
Early stopping at step 6 due to reaching max kl: 0.08
Eval num_timesteps=200000, episode_reward=-5.58 +/- 0.58
Episode length: 8.00 +/- 0.00
-----------------------------------------
| env/                    |             |
|    strehl               | 0.448       |
| eval/                   |             |
|    mean_ep_length       | 8           |
|    mean_reward          | -5.58       |
| time/                   |             |
|    total_timesteps      | 200000      |
| train/                  |             |
|    approx_kl            | 0.080227345 |
|    clip_fraction        | 0.38        |
|    clip_range           | 0.2         |
|    entropy_loss         | -6.99       |
|    explained_variance   | -0.00158    |
|    learning_rate        | 0.0003      |
|    loss                 | -0.0586     |
|    n_updates            | 3341        |
|    policy_gradient_loss | -0.0574     |
|    std                  | 0.338       |
|    value_loss           | 0.0844      |
-----------------------------------------
---------------------------------
| env/               |          |
|    strehl          | 0.397    |
| rollout/           |          |
|    ep_len_mean     | 8        |
|    ep_rew_mean     | -6.31    |
| time/              |          |
|    fps             | 207      |
|    iterations      | 391      |
|    time_elapsed    | 964      |
|    total_timesteps | 200192   |
---------------------------------
Early stopping at step 6 due to reaching max kl: 0.09
---------------------------------------
| env/                    |           |
|    strehl               | 0.494     |
| rollout/                |           |
|    ep_len_mean          | 8         |
|    ep_rew_mean          | -6.29     |
| time/                   |           |
|    fps                  | 207       |
|    iterations           | 392       |
|    time_elapsed         | 966       |
|    total_timesteps      | 200704    |
| train/                  |           |
|    approx_kl            | 0.0858836 |
|    clip_fraction        | 0.378     |
|    clip_range           | 0.2       |
|    entropy_loss         | -6.97     |
|    explained_variance   | -0.00219  |
|    learning_rate        | 0.0003    |
|    loss                 | -0.0651   |
|    n_updates            | 3348      |
|    policy_gradient_loss | -0.0597   |
|    std                  | 0.338     |
|    value_loss           | 0.0912    |
---------------------------------------
Early stopping at step 5 due to reaching max kl: 0.09
-----------------------------------------
| env/                    |             |
|    strehl               | 0.438       |
| rollout/                |             |
|    ep_len_mean          | 8           |
|    ep_rew_mean          | -6.2        |
| time/                   |             |
|    fps                  | 207         |
|    iterations           | 393         |
|    time_elapsed         | 968         |
|    total_timesteps      | 201216      |
| train/                  |             |
|    approx_kl            | 0.080193296 |
|    clip_fraction        | 0.351       |
|    clip_range           | 0.2         |
|    entropy_loss         | -6.97       |
|    explained_variance   | -0.00229    |
|    learning_rate        | 0.0003      |
|    loss                 | -0.0496     |
|    n_updates            | 3354        |
|    policy_gradient_loss | -0.0624     |
|    std                  | 0.338       |
|    value_loss           | 0.1         |
-----------------------------------------
Early stopping at step 5 due to reaching max kl: 0.09
-----------------------------------------
| env/                    |             |
|    strehl               | 0.487       |
| rollout/                |             |
|    ep_len_mean          | 8           |
|    ep_rew_mean          | -6.29       |
| time/                   |             |
|    fps                  | 207         |
|    iterations           | 394         |
|    time_elapsed         | 970         |
|    total_timesteps      | 201728      |
| train/                  |             |
|    approx_kl            | 0.076842085 |
|    clip_fraction        | 0.376       |
|    clip_range           | 0.2         |
|    entropy_loss         | -6.97       |
|    explained_variance   | -0.000879   |
|    learning_rate        | 0.0003      |
|    loss                 | -0.0626     |
|    n_updates            | 3360        |
|    policy_gradient_loss | -0.0518     |
|    std                  | 0.338       |
|    value_loss           | 0.0671      |
-----------------------------------------
Early stopping at step 6 due to reaching max kl: 0.08
----------------------------------------
| env/                    |            |
|    strehl               | 0.402      |
| rollout/                |            |
|    ep_len_mean          | 8          |
|    ep_rew_mean          | -6.3       |
| time/                   |            |
|    fps                  | 207        |
|    iterations           | 395        |
|    time_elapsed         | 973        |
|    total_timesteps      | 202240     |
| train/                  |            |
|    approx_kl            | 0.07236229 |
|    clip_fraction        | 0.386      |
|    clip_range           | 0.2        |
|    entropy_loss         | -6.97      |
|    explained_variance   | -0.00304   |
|    learning_rate        | 0.0003     |
|    loss                 | -0.0719    |
|    n_updates            | 3367       |
|    policy_gradient_loss | -0.0586    |
|    std                  | 0.338      |
|    value_loss           | 0.0799     |
----------------------------------------
Early stopping at step 5 due to reaching max kl: 0.08
----------------------------------------
| env/                    |            |
|    strehl               | 0.499      |
| rollout/                |            |
|    ep_len_mean          | 8          |
|    ep_rew_mean          | -6.23      |
| time/                   |            |
|    fps                  | 207        |
|    iterations           | 396        |
|    time_elapsed         | 975        |
|    total_timesteps      | 202752     |
| train/                  |            |
|    approx_kl            | 0.08361661 |
|    clip_fraction        | 0.388      |
|    clip_range           | 0.2        |
|    entropy_loss         | -6.97      |
|    explained_variance   | -0.00195   |
|    learning_rate        | 0.0003     |
|    loss                 | -0.0476    |
|    n_updates            | 3373       |
|    policy_gradient_loss | -0.0534    |
|    std                  | 0.338      |
|    value_loss           | 0.105      |
----------------------------------------
Early stopping at step 5 due to reaching max kl: 0.12
---------------------------------------
| env/                    |           |
|    strehl               | 0.445     |
| rollout/                |           |
|    ep_len_mean          | 8         |
|    ep_rew_mean          | -6.25     |
| time/                   |           |
|    fps                  | 207       |
|    iterations           | 397       |
|    time_elapsed         | 977       |
|    total_timesteps      | 203264    |
| train/                  |           |
|    approx_kl            | 0.0950118 |
|    clip_fraction        | 0.326     |
|    clip_range           | 0.2       |
|    entropy_loss         | -6.97     |
|    explained_variance   | -0.00159  |
|    learning_rate        | 0.0003    |
|    loss                 | -0.0621   |
|    n_updates            | 3379      |
|    policy_gradient_loss | -0.0515   |
|    std                  | 0.338     |
|    value_loss           | 0.0736    |
---------------------------------------
Early stopping at step 4 due to reaching max kl: 0.08
-----------------------------------------
| env/                    |             |
|    strehl               | 0.514       |
| rollout/                |             |
|    ep_len_mean          | 8           |
|    ep_rew_mean          | -6.31       |
| time/                   |             |
|    fps                  | 208         |
|    iterations           | 398         |
|    time_elapsed         | 979         |
|    total_timesteps      | 203776      |
| train/                  |             |
|    approx_kl            | 0.062247854 |
|    clip_fraction        | 0.335       |
|    clip_range           | 0.2         |
|    entropy_loss         | -6.97       |
|    explained_variance   | -0.00292    |
|    learning_rate        | 0.0003      |
|    loss                 | -0.0454     |
|    n_updates            | 3384        |
|    policy_gradient_loss | -0.0417     |
|    std                  | 0.338       |
|    value_loss           | 0.0773      |
-----------------------------------------
Early stopping at step 7 due to reaching max kl: 0.09
---------------------------------------
| env/                    |           |
|    strehl               | 0.464     |
| rollout/                |           |
|    ep_len_mean          | 8         |
|    ep_rew_mean          | -6.21     |
| time/                   |           |
|    fps                  | 208       |
|    iterations           | 399       |
|    time_elapsed         | 982       |
|    total_timesteps      | 204288    |
| train/                  |           |
|    approx_kl            | 0.0779977 |
|    clip_fraction        | 0.433     |
|    clip_range           | 0.2       |
|    entropy_loss         | -6.97     |
|    explained_variance   | -0.000852 |
|    learning_rate        | 0.0003    |
|    loss                 | -0.0667   |
|    n_updates            | 3392      |
|    policy_gradient_loss | -0.0649   |
|    std                  | 0.338     |
|    value_loss           | 0.0939    |
---------------------------------------
Early stopping at step 7 due to reaching max kl: 0.08
-----------------------------------------
| env/                    |             |
|    strehl               | 0.398       |
| rollout/                |             |
|    ep_len_mean          | 8           |
|    ep_rew_mean          | -6.3        |
| time/                   |             |
|    fps                  | 208         |
|    iterations           | 400         |
|    time_elapsed         | 984         |
|    total_timesteps      | 204800      |
| train/                  |             |
|    approx_kl            | 0.075830214 |
|    clip_fraction        | 0.408       |
|    clip_range           | 0.2         |
|    entropy_loss         | -6.96       |
|    explained_variance   | -0.00133    |
|    learning_rate        | 0.0003      |
|    loss                 | -0.0784     |
|    n_updates            | 3400        |
|    policy_gradient_loss | -0.065      |
|    std                  | 0.338       |
|    value_loss           | 0.0649      |
-----------------------------------------
Early stopping at step 6 due to reaching max kl: 0.08
----------------------------------------
| env/                    |            |
|    strehl               | 0.506      |
| rollout/                |            |
|    ep_len_mean          | 8          |
|    ep_rew_mean          | -6.34      |
| time/                   |            |
|    fps                  | 208        |
|    iterations           | 401        |
|    time_elapsed         | 986        |
|    total_timesteps      | 205312     |
| train/                  |            |
|    approx_kl            | 0.07440834 |
|    clip_fraction        | 0.416      |
|    clip_range           | 0.2        |
|    entropy_loss         | -6.97      |
|    explained_variance   | -0.00266   |
|    learning_rate        | 0.0003     |
|    loss                 | -0.0602    |
|    n_updates            | 3407       |
|    policy_gradient_loss | -0.0586    |
|    std                  | 0.338      |
|    value_loss           | 0.0881     |
----------------------------------------
Early stopping at step 6 due to reaching max kl: 0.08
----------------------------------------
| env/                    |            |
|    strehl               | 0.502      |
| rollout/                |            |
|    ep_len_mean          | 8          |
|    ep_rew_mean          | -6.32      |
| time/                   |            |
|    fps                  | 208        |
|    iterations           | 402        |
|    time_elapsed         | 988        |
|    total_timesteps      | 205824     |
| train/                  |            |
|    approx_kl            | 0.07853727 |
|    clip_fraction        | 0.382      |
|    clip_range           | 0.2        |
|    entropy_loss         | -6.96      |
|    explained_variance   | -0.00208   |
|    learning_rate        | 0.0003     |
|    loss                 | -0.0595    |
|    n_updates            | 3414       |
|    policy_gradient_loss | -0.0577    |
|    std                  | 0.337      |
|    value_loss           | 0.0901     |
----------------------------------------
Early stopping at step 5 due to reaching max kl: 0.08
-----------------------------------------
| env/                    |             |
|    strehl               | 0.486       |
| rollout/                |             |
|    ep_len_mean          | 8           |
|    ep_rew_mean          | -6.26       |
| time/                   |             |
|    fps                  | 208         |
|    iterations           | 403         |
|    time_elapsed         | 991         |
|    total_timesteps      | 206336      |
| train/                  |             |
|    approx_kl            | 0.075338945 |
|    clip_fraction        | 0.36        |
|    clip_range           | 0.2         |
|    entropy_loss         | -6.95       |
|    explained_variance   | -0.00202    |
|    learning_rate        | 0.0003      |
|    loss                 | -0.0523     |
|    n_updates            | 3420        |
|    policy_gradient_loss | -0.0445     |
|    std                  | 0.337       |
|    value_loss           | 0.0784      |
-----------------------------------------
Early stopping at step 6 due to reaching max kl: 0.08
-----------------------------------------
| env/                    |             |
|    strehl               | 0.495       |
| rollout/                |             |
|    ep_len_mean          | 8           |
|    ep_rew_mean          | -6.23       |
| time/                   |             |
|    fps                  | 208         |
|    iterations           | 404         |
|    time_elapsed         | 993         |
|    total_timesteps      | 206848      |
| train/                  |             |
|    approx_kl            | 0.079448424 |
|    clip_fraction        | 0.377       |
|    clip_range           | 0.2         |
|    entropy_loss         | -6.95       |
|    explained_variance   | -0.00156    |
|    learning_rate        | 0.0003      |
|    loss                 | -0.0576     |
|    n_updates            | 3427        |
|    policy_gradient_loss | -0.0453     |
|    std                  | 0.337       |
|    value_loss           | 0.0968      |
-----------------------------------------
Early stopping at step 5 due to reaching max kl: 0.08
----------------------------------------
| env/                    |            |
|    strehl               | 0.473      |
| rollout/                |            |
|    ep_len_mean          | 8          |
|    ep_rew_mean          | -6.35      |
| time/                   |            |
|    fps                  | 208        |
|    iterations           | 405        |
|    time_elapsed         | 995        |
|    total_timesteps      | 207360     |
| train/                  |            |
|    approx_kl            | 0.08102854 |
|    clip_fraction        | 0.322      |
|    clip_range           | 0.2        |
|    entropy_loss         | -6.95      |
|    explained_variance   | -0.00103   |
|    learning_rate        | 0.0003     |
|    loss                 | -0.0508    |
|    n_updates            | 3433       |
|    policy_gradient_loss | -0.0536    |
|    std                  | 0.337      |
|    value_loss           | 0.0973     |
----------------------------------------
Early stopping at step 5 due to reaching max kl: 0.08
----------------------------------------
| env/                    |            |
|    strehl               | 0.438      |
| rollout/                |            |
|    ep_len_mean          | 8          |
|    ep_rew_mean          | -6.33      |
| time/                   |            |
|    fps                  | 208        |
|    iterations           | 406        |
|    time_elapsed         | 997        |
|    total_timesteps      | 207872     |
| train/                  |            |
|    approx_kl            | 0.08227467 |
|    clip_fraction        | 0.375      |
|    clip_range           | 0.2        |
|    entropy_loss         | -6.94      |
|    explained_variance   | -0.00143   |
|    learning_rate        | 0.0003     |
|    loss                 | -0.0517    |
|    n_updates            | 3439       |
|    policy_gradient_loss | -0.0427    |
|    std                  | 0.337      |
|    value_loss           | 0.0846     |
----------------------------------------
Early stopping at step 6 due to reaching max kl: 0.08
----------------------------------------
| env/                    |            |
|    strehl               | 0.459      |
| rollout/                |            |
|    ep_len_mean          | 8          |
|    ep_rew_mean          | -6.22      |
| time/                   |            |
|    fps                  | 208        |
|    iterations           | 407        |
|    time_elapsed         | 999        |
|    total_timesteps      | 208384     |
| train/                  |            |
|    approx_kl            | 0.07864384 |
|    clip_fraction        | 0.402      |
|    clip_range           | 0.2        |
|    entropy_loss         | -6.94      |
|    explained_variance   | -0.00193   |
|    learning_rate        | 0.0003     |
|    loss                 | -0.0645    |
|    n_updates            | 3446       |
|    policy_gradient_loss | -0.0575    |
|    std                  | 0.337      |
|    value_loss           | 0.0822     |
----------------------------------------
Early stopping at step 5 due to reaching max kl: 0.09
-----------------------------------------
| env/                    |             |
|    strehl               | 0.491       |
| rollout/                |             |
|    ep_len_mean          | 8           |
|    ep_rew_mean          | -6.26       |
| time/                   |             |
|    fps                  | 208         |
|    iterations           | 408         |
|    time_elapsed         | 1002        |
|    total_timesteps      | 208896      |
| train/                  |             |
|    approx_kl            | 0.074617974 |
|    clip_fraction        | 0.349       |
|    clip_range           | 0.2         |
|    entropy_loss         | -6.94       |
|    explained_variance   | -0.00149    |
|    learning_rate        | 0.0003      |
|    loss                 | -0.0481     |
|    n_updates            | 3452        |
|    policy_gradient_loss | -0.0482     |
|    std                  | 0.337       |
|    value_loss           | 0.0879      |
-----------------------------------------
Early stopping at step 5 due to reaching max kl: 0.08
----------------------------------------
| env/                    |            |
|    strehl               | 0.488      |
| rollout/                |            |
|    ep_len_mean          | 8          |
|    ep_rew_mean          | -6.28      |
| time/                   |            |
|    fps                  | 208        |
|    iterations           | 409        |
|    time_elapsed         | 1004       |
|    total_timesteps      | 209408     |
| train/                  |            |
|    approx_kl            | 0.07596914 |
|    clip_fraction        | 0.397      |
|    clip_range           | 0.2        |
|    entropy_loss         | -6.94      |
|    explained_variance   | -0.00132   |
|    learning_rate        | 0.0003     |
|    loss                 | -0.0642    |
|    n_updates            | 3458       |
|    policy_gradient_loss | -0.0512    |
|    std                  | 0.337      |
|    value_loss           | 0.0737     |
----------------------------------------
Early stopping at step 4 due to reaching max kl: 0.09
----------------------------------------
| env/                    |            |
|    strehl               | 0.452      |
| rollout/                |            |
|    ep_len_mean          | 8          |
|    ep_rew_mean          | -6.31      |
| time/                   |            |
|    fps                  | 208        |
|    iterations           | 410        |
|    time_elapsed         | 1006       |
|    total_timesteps      | 209920     |
| train/                  |            |
|    approx_kl            | 0.08228715 |
|    clip_fraction        | 0.364      |
|    clip_range           | 0.2        |
|    entropy_loss         | -6.93      |
|    explained_variance   | -0.00124   |
|    learning_rate        | 0.0003     |
|    loss                 | -0.0616    |
|    n_updates            | 3463       |
|    policy_gradient_loss | -0.0507    |
|    std                  | 0.337      |
|    value_loss           | 0.0647     |
----------------------------------------
Early stopping at step 4 due to reaching max kl: 0.09
---------------------------------------
| env/                    |           |
|    strehl               | 0.451     |
| rollout/                |           |
|    ep_len_mean          | 8         |
|    ep_rew_mean          | -6.35     |
| time/                   |           |
|    fps                  | 208       |
|    iterations           | 411       |
|    time_elapsed         | 1008      |
|    total_timesteps      | 210432    |
| train/                  |           |
|    approx_kl            | 0.0782998 |
|    clip_fraction        | 0.423     |
|    clip_range           | 0.2       |
|    entropy_loss         | -6.93     |
|    explained_variance   | -0.00152  |
|    learning_rate        | 0.0003    |
|    loss                 | -0.0392   |
|    n_updates            | 3468      |
|    policy_gradient_loss | -0.0391   |
|    std                  | 0.337     |
|    value_loss           | 0.0666    |
---------------------------------------
Early stopping at step 6 due to reaching max kl: 0.09
----------------------------------------
| env/                    |            |
|    strehl               | 0.483      |
| rollout/                |            |
|    ep_len_mean          | 8          |
|    ep_rew_mean          | -6.21      |
| time/                   |            |
|    fps                  | 208        |
|    iterations           | 412        |
|    time_elapsed         | 1010       |
|    total_timesteps      | 210944     |
| train/                  |            |
|    approx_kl            | 0.08089915 |
|    clip_fraction        | 0.405      |
|    clip_range           | 0.2        |
|    entropy_loss         | -6.93      |
|    explained_variance   | -0.000994  |
|    learning_rate        | 0.0003     |
|    loss                 | -0.0691    |
|    n_updates            | 3475       |
|    policy_gradient_loss | -0.0639    |
|    std                  | 0.337      |
|    value_loss           | 0.0986     |
----------------------------------------
Early stopping at step 5 due to reaching max kl: 0.08
-----------------------------------------
| env/                    |             |
|    strehl               | 0.426       |
| rollout/                |             |
|    ep_len_mean          | 8           |
|    ep_rew_mean          | -6.22       |
| time/                   |             |
|    fps                  | 208         |
|    iterations           | 413         |
|    time_elapsed         | 1012        |
|    total_timesteps      | 211456      |
| train/                  |             |
|    approx_kl            | 0.081726834 |
|    clip_fraction        | 0.405       |
|    clip_range           | 0.2         |
|    entropy_loss         | -6.93       |
|    explained_variance   | -0.00202    |
|    learning_rate        | 0.0003      |
|    loss                 | -0.0538     |
|    n_updates            | 3481        |
|    policy_gradient_loss | -0.0483     |
|    std                  | 0.337       |
|    value_loss           | 0.0804      |
-----------------------------------------
Early stopping at step 5 due to reaching max kl: 0.08
-----------------------------------------
| env/                    |             |
|    strehl               | 0.433       |
| rollout/                |             |
|    ep_len_mean          | 8           |
|    ep_rew_mean          | -6.35       |
| time/                   |             |
|    fps                  | 208         |
|    iterations           | 414         |
|    time_elapsed         | 1015        |
|    total_timesteps      | 211968      |
| train/                  |             |
|    approx_kl            | 0.084595054 |
|    clip_fraction        | 0.362       |
|    clip_range           | 0.2         |
|    entropy_loss         | -6.93       |
|    explained_variance   | -0.00192    |
|    learning_rate        | 0.0003      |
|    loss                 | -0.0465     |
|    n_updates            | 3487        |
|    policy_gradient_loss | -0.0474     |
|    std                  | 0.337       |
|    value_loss           | 0.0862      |
-----------------------------------------
Early stopping at step 5 due to reaching max kl: 0.09
-----------------------------------------
| env/                    |             |
|    strehl               | 0.454       |
| rollout/                |             |
|    ep_len_mean          | 8           |
|    ep_rew_mean          | -6.36       |
| time/                   |             |
|    fps                  | 208         |
|    iterations           | 415         |
|    time_elapsed         | 1017        |
|    total_timesteps      | 212480      |
| train/                  |             |
|    approx_kl            | 0.081271805 |
|    clip_fraction        | 0.382       |
|    clip_range           | 0.2         |
|    entropy_loss         | -6.93       |
|    explained_variance   | -0.00196    |
|    learning_rate        | 0.0003      |
|    loss                 | -0.0707     |
|    n_updates            | 3493        |
|    policy_gradient_loss | -0.057      |
|    std                  | 0.337       |
|    value_loss           | 0.0798      |
-----------------------------------------
Early stopping at step 6 due to reaching max kl: 0.09
-----------------------------------------
| env/                    |             |
|    strehl               | 0.483       |
| rollout/                |             |
|    ep_len_mean          | 8           |
|    ep_rew_mean          | -6.21       |
| time/                   |             |
|    fps                  | 208         |
|    iterations           | 416         |
|    time_elapsed         | 1019        |
|    total_timesteps      | 212992      |
| train/                  |             |
|    approx_kl            | 0.080139965 |
|    clip_fraction        | 0.382       |
|    clip_range           | 0.2         |
|    entropy_loss         | -6.93       |
|    explained_variance   | -0.0014     |
|    learning_rate        | 0.0003      |
|    loss                 | -0.0893     |
|    n_updates            | 3500        |
|    policy_gradient_loss | -0.0663     |
|    std                  | 0.337       |
|    value_loss           | 0.0521      |
-----------------------------------------
Early stopping at step 5 due to reaching max kl: 0.09
----------------------------------------
| env/                    |            |
|    strehl               | 0.467      |
| rollout/                |            |
|    ep_len_mean          | 8          |
|    ep_rew_mean          | -6.2       |
| time/                   |            |
|    fps                  | 208        |
|    iterations           | 417        |
|    time_elapsed         | 1021       |
|    total_timesteps      | 213504     |
| train/                  |            |
|    approx_kl            | 0.07675343 |
|    clip_fraction        | 0.402      |
|    clip_range           | 0.2        |
|    entropy_loss         | -6.92      |
|    explained_variance   | -0.00203   |
|    learning_rate        | 0.0003     |
|    loss                 | -0.0406    |
|    n_updates            | 3506       |
|    policy_gradient_loss | -0.0505    |
|    std                  | 0.337      |
|    value_loss           | 0.106      |
----------------------------------------
Early stopping at step 5 due to reaching max kl: 0.09
-----------------------------------------
| env/                    |             |
|    strehl               | 0.493       |
| rollout/                |             |
|    ep_len_mean          | 8           |
|    ep_rew_mean          | -6.17       |
| time/                   |             |
|    fps                  | 209         |
|    iterations           | 418         |
|    time_elapsed         | 1023        |
|    total_timesteps      | 214016      |
| train/                  |             |
|    approx_kl            | 0.085334025 |
|    clip_fraction        | 0.369       |
|    clip_range           | 0.2         |
|    entropy_loss         | -6.91       |
|    explained_variance   | -0.00226    |
|    learning_rate        | 0.0003      |
|    loss                 | -0.0392     |
|    n_updates            | 3512        |
|    policy_gradient_loss | -0.0413     |
|    std                  | 0.337       |
|    value_loss           | 0.101       |
-----------------------------------------
Early stopping at step 6 due to reaching max kl: 0.09
----------------------------------------
| env/                    |            |
|    strehl               | 0.488      |
| rollout/                |            |
|    ep_len_mean          | 8          |
|    ep_rew_mean          | -6.25      |
| time/                   |            |
|    fps                  | 209        |
|    iterations           | 419        |
|    time_elapsed         | 1026       |
|    total_timesteps      | 214528     |
| train/                  |            |
|    approx_kl            | 0.08744029 |
|    clip_fraction        | 0.395      |
|    clip_range           | 0.2        |
|    entropy_loss         | -6.9       |
|    explained_variance   | -0.00171   |
|    learning_rate        | 0.0003     |
|    loss                 | -0.0589    |
|    n_updates            | 3519       |
|    policy_gradient_loss | -0.0593    |
|    std                  | 0.337      |
|    value_loss           | 0.108      |
----------------------------------------
Early stopping at step 4 due to reaching max kl: 0.09
----------------------------------------
| env/                    |            |
|    strehl               | 0.529      |
| rollout/                |            |
|    ep_len_mean          | 8          |
|    ep_rew_mean          | -6.26      |
| time/                   |            |
|    fps                  | 209        |
|    iterations           | 420        |
|    time_elapsed         | 1028       |
|    total_timesteps      | 215040     |
| train/                  |            |
|    approx_kl            | 0.07781324 |
|    clip_fraction        | 0.32       |
|    clip_range           | 0.2        |
|    entropy_loss         | -6.9       |
|    explained_variance   | -0.00138   |
|    learning_rate        | 0.0003     |
|    loss                 | -0.0411    |
|    n_updates            | 3524       |
|    policy_gradient_loss | -0.0468    |
|    std                  | 0.336      |
|    value_loss           | 0.1        |
----------------------------------------
Early stopping at step 5 due to reaching max kl: 0.08
----------------------------------------
| env/                    |            |
|    strehl               | 0.486      |
| rollout/                |            |
|    ep_len_mean          | 8          |
|    ep_rew_mean          | -6.24      |
| time/                   |            |
|    fps                  | 209        |
|    iterations           | 421        |
|    time_elapsed         | 1030       |
|    total_timesteps      | 215552     |
| train/                  |            |
|    approx_kl            | 0.07716718 |
|    clip_fraction        | 0.374      |
|    clip_range           | 0.2        |
|    entropy_loss         | -6.89      |
|    explained_variance   | -0.00185   |
|    learning_rate        | 0.0003     |
|    loss                 | -0.0507    |
|    n_updates            | 3530       |
|    policy_gradient_loss | -0.0493    |
|    std                  | 0.336      |
|    value_loss           | 0.0868     |
----------------------------------------
Early stopping at step 5 due to reaching max kl: 0.08
----------------------------------------
| env/                    |            |
|    strehl               | 0.492      |
| rollout/                |            |
|    ep_len_mean          | 8          |
|    ep_rew_mean          | -6.24      |
| time/                   |            |
|    fps                  | 209        |
|    iterations           | 422        |
|    time_elapsed         | 1032       |
|    total_timesteps      | 216064     |
| train/                  |            |
|    approx_kl            | 0.08054491 |
|    clip_fraction        | 0.327      |
|    clip_range           | 0.2        |
|    entropy_loss         | -6.89      |
|    explained_variance   | -0.000914  |
|    learning_rate        | 0.0003     |
|    loss                 | -0.0456    |
|    n_updates            | 3536       |
|    policy_gradient_loss | -0.0563    |
|    std                  | 0.336      |
|    value_loss           | 0.107      |
----------------------------------------
Early stopping at step 5 due to reaching max kl: 0.08
----------------------------------------
| env/                    |            |
|    strehl               | 0.435      |
| rollout/                |            |
|    ep_len_mean          | 8          |
|    ep_rew_mean          | -6.24      |
| time/                   |            |
|    fps                  | 209        |
|    iterations           | 423        |
|    time_elapsed         | 1034       |
|    total_timesteps      | 216576     |
| train/                  |            |
|    approx_kl            | 0.07810346 |
|    clip_fraction        | 0.325      |
|    clip_range           | 0.2        |
|    entropy_loss         | -6.9       |
|    explained_variance   | -0.00184   |
|    learning_rate        | 0.0003     |
|    loss                 | -0.0531    |
|    n_updates            | 3542       |
|    policy_gradient_loss | -0.0503    |
|    std                  | 0.337      |
|    value_loss           | 0.0718     |
----------------------------------------
Early stopping at step 6 due to reaching max kl: 0.08
----------------------------------------
| env/                    |            |
|    strehl               | 0.443      |
| rollout/                |            |
|    ep_len_mean          | 8          |
|    ep_rew_mean          | -6.31      |
| time/                   |            |
|    fps                  | 209        |
|    iterations           | 424        |
|    time_elapsed         | 1037       |
|    total_timesteps      | 217088     |
| train/                  |            |
|    approx_kl            | 0.08176072 |
|    clip_fraction        | 0.403      |
|    clip_range           | 0.2        |
|    entropy_loss         | -6.9       |
|    explained_variance   | -0.00146   |
|    learning_rate        | 0.0003     |
|    loss                 | -0.0693    |
|    n_updates            | 3549       |
|    policy_gradient_loss | -0.0534    |
|    std                  | 0.337      |
|    value_loss           | 0.0796     |
----------------------------------------
Early stopping at step 6 due to reaching max kl: 0.09
----------------------------------------
| env/                    |            |
|    strehl               | 0.396      |
| rollout/                |            |
|    ep_len_mean          | 8          |
|    ep_rew_mean          | -6.34      |
| time/                   |            |
|    fps                  | 209        |
|    iterations           | 425        |
|    time_elapsed         | 1039       |
|    total_timesteps      | 217600     |
| train/                  |            |
|    approx_kl            | 0.07861779 |
|    clip_fraction        | 0.417      |
|    clip_range           | 0.2        |
|    entropy_loss         | -6.9       |
|    explained_variance   | -0.0014    |
|    learning_rate        | 0.0003     |
|    loss                 | -0.0672    |
|    n_updates            | 3556       |
|    policy_gradient_loss | -0.0602    |
|    std                  | 0.337      |
|    value_loss           | 0.0873     |
----------------------------------------
Early stopping at step 5 due to reaching max kl: 0.08
----------------------------------------
| env/                    |            |
|    strehl               | 0.445      |
| rollout/                |            |
|    ep_len_mean          | 8          |
|    ep_rew_mean          | -6.28      |
| time/                   |            |
|    fps                  | 209        |
|    iterations           | 426        |
|    time_elapsed         | 1041       |
|    total_timesteps      | 218112     |
| train/                  |            |
|    approx_kl            | 0.07522423 |
|    clip_fraction        | 0.369      |
|    clip_range           | 0.2        |
|    entropy_loss         | -6.9       |
|    explained_variance   | -0.00122   |
|    learning_rate        | 0.0003     |
|    loss                 | -0.0656    |
|    n_updates            | 3562       |
|    policy_gradient_loss | -0.0528    |
|    std                  | 0.337      |
|    value_loss           | 0.0942     |
----------------------------------------
Early stopping at step 5 due to reaching max kl: 0.08
----------------------------------------
| env/                    |            |
|    strehl               | 0.416      |
| rollout/                |            |
|    ep_len_mean          | 8          |
|    ep_rew_mean          | -6.23      |
| time/                   |            |
|    fps                  | 209        |
|    iterations           | 427        |
|    time_elapsed         | 1043       |
|    total_timesteps      | 218624     |
| train/                  |            |
|    approx_kl            | 0.06869803 |
|    clip_fraction        | 0.362      |
|    clip_range           | 0.2        |
|    entropy_loss         | -6.9       |
|    explained_variance   | -0.00243   |
|    learning_rate        | 0.0003     |
|    loss                 | -0.0371    |
|    n_updates            | 3568       |
|    policy_gradient_loss | -0.045     |
|    std                  | 0.336      |
|    value_loss           | 0.0889     |
----------------------------------------
Early stopping at step 4 due to reaching max kl: 0.09
----------------------------------------
| env/                    |            |
|    strehl               | 0.415      |
| rollout/                |            |
|    ep_len_mean          | 8          |
|    ep_rew_mean          | -6.25      |
| time/                   |            |
|    fps                  | 209        |
|    iterations           | 428        |
|    time_elapsed         | 1045       |
|    total_timesteps      | 219136     |
| train/                  |            |
|    approx_kl            | 0.07557393 |
|    clip_fraction        | 0.349      |
|    clip_range           | 0.2        |
|    entropy_loss         | -6.89      |
|    explained_variance   | -0.00135   |
|    learning_rate        | 0.0003     |
|    loss                 | -0.0708    |
|    n_updates            | 3573       |
|    policy_gradient_loss | -0.0428    |
|    std                  | 0.336      |
|    value_loss           | 0.0559     |
----------------------------------------
Early stopping at step 4 due to reaching max kl: 0.09
----------------------------------------
| env/                    |            |
|    strehl               | 0.378      |
| rollout/                |            |
|    ep_len_mean          | 8          |
|    ep_rew_mean          | -6.28      |
| time/                   |            |
|    fps                  | 209        |
|    iterations           | 429        |
|    time_elapsed         | 1048       |
|    total_timesteps      | 219648     |
| train/                  |            |
|    approx_kl            | 0.07692467 |
|    clip_fraction        | 0.343      |
|    clip_range           | 0.2        |
|    entropy_loss         | -6.89      |
|    explained_variance   | -0.00125   |
|    learning_rate        | 0.0003     |
|    loss                 | -0.0583    |
|    n_updates            | 3578       |
|    policy_gradient_loss | -0.0507    |
|    std                  | 0.336      |
|    value_loss           | 0.09       |
----------------------------------------
Early stopping at step 6 due to reaching max kl: 0.08
----------------------------------------
| env/                    |            |
|    strehl               | 0.47       |
| rollout/                |            |
|    ep_len_mean          | 8          |
|    ep_rew_mean          | -6.3       |
| time/                   |            |
|    fps                  | 209        |
|    iterations           | 430        |
|    time_elapsed         | 1050       |
|    total_timesteps      | 220160     |
| train/                  |            |
|    approx_kl            | 0.08074422 |
|    clip_fraction        | 0.396      |
|    clip_range           | 0.2        |
|    entropy_loss         | -6.88      |
|    explained_variance   | -0.00192   |
|    learning_rate        | 0.0003     |
|    loss                 | -0.065     |
|    n_updates            | 3585       |
|    policy_gradient_loss | -0.0521    |
|    std                  | 0.336      |
|    value_loss           | 0.0821     |
----------------------------------------
Early stopping at step 5 due to reaching max kl: 0.08
-----------------------------------------
| env/                    |             |
|    strehl               | 0.521       |
| rollout/                |             |
|    ep_len_mean          | 8           |
|    ep_rew_mean          | -6.2        |
| time/                   |             |
|    fps                  | 209         |
|    iterations           | 431         |
|    time_elapsed         | 1052        |
|    total_timesteps      | 220672      |
| train/                  |             |
|    approx_kl            | 0.073706806 |
|    clip_fraction        | 0.393       |
|    clip_range           | 0.2         |
|    entropy_loss         | -6.88       |
|    explained_variance   | -0.00238    |
|    learning_rate        | 0.0003      |
|    loss                 | -0.0649     |
|    n_updates            | 3591        |
|    policy_gradient_loss | -0.0525     |
|    std                  | 0.336       |
|    value_loss           | 0.093       |
-----------------------------------------
Early stopping at step 5 due to reaching max kl: 0.08
----------------------------------------
| env/                    |            |
|    strehl               | 0.529      |
| rollout/                |            |
|    ep_len_mean          | 8          |
|    ep_rew_mean          | -6.17      |
| time/                   |            |
|    fps                  | 209        |
|    iterations           | 432        |
|    time_elapsed         | 1054       |
|    total_timesteps      | 221184     |
| train/                  |            |
|    approx_kl            | 0.07416653 |
|    clip_fraction        | 0.39       |
|    clip_range           | 0.2        |
|    entropy_loss         | -6.87      |
|    explained_variance   | -0.000558  |
|    learning_rate        | 0.0003     |
|    loss                 | -0.0521    |
|    n_updates            | 3597       |
|    policy_gradient_loss | -0.0491    |
|    std                  | 0.336      |
|    value_loss           | 0.0808     |
----------------------------------------
Early stopping at step 6 due to reaching max kl: 0.08
--------------------------------------
| env/                    |          |
|    strehl               | 0.513    |
| rollout/                |          |
|    ep_len_mean          | 8        |
|    ep_rew_mean          | -6.3     |
| time/                   |          |
|    fps                  | 209      |
|    iterations           | 433      |
|    time_elapsed         | 1057     |
|    total_timesteps      | 221696   |
| train/                  |          |
|    approx_kl            | 0.077733 |
|    clip_fraction        | 0.384    |
|    clip_range           | 0.2      |
|    entropy_loss         | -6.86    |
|    explained_variance   | -0.00128 |
|    learning_rate        | 0.0003   |
|    loss                 | -0.0539  |
|    n_updates            | 3604     |
|    policy_gradient_loss | -0.0505  |
|    std                  | 0.336    |
|    value_loss           | 0.0886   |
--------------------------------------
Early stopping at step 6 due to reaching max kl: 0.08
-----------------------------------------
| env/                    |             |
|    strehl               | 0.504       |
| rollout/                |             |
|    ep_len_mean          | 8           |
|    ep_rew_mean          | -6.25       |
| time/                   |             |
|    fps                  | 209         |
|    iterations           | 434         |
|    time_elapsed         | 1059        |
|    total_timesteps      | 222208      |
| train/                  |             |
|    approx_kl            | 0.067950174 |
|    clip_fraction        | 0.395       |
|    clip_range           | 0.2         |
|    entropy_loss         | -6.85       |
|    explained_variance   | -0.00185    |
|    learning_rate        | 0.0003      |
|    loss                 | -0.0648     |
|    n_updates            | 3611        |
|    policy_gradient_loss | -0.0621     |
|    std                  | 0.336       |
|    value_loss           | 0.0919      |
-----------------------------------------
Early stopping at step 5 due to reaching max kl: 0.09
----------------------------------------
| env/                    |            |
|    strehl               | 0.469      |
| rollout/                |            |
|    ep_len_mean          | 8          |
|    ep_rew_mean          | -6.15      |
| time/                   |            |
|    fps                  | 209        |
|    iterations           | 435        |
|    time_elapsed         | 1061       |
|    total_timesteps      | 222720     |
| train/                  |            |
|    approx_kl            | 0.07417246 |
|    clip_fraction        | 0.371      |
|    clip_range           | 0.2        |
|    entropy_loss         | -6.86      |
|    explained_variance   | -0.00162   |
|    learning_rate        | 0.0003     |
|    loss                 | -0.0682    |
|    n_updates            | 3617       |
|    policy_gradient_loss | -0.0552    |
|    std                  | 0.336      |
|    value_loss           | 0.0759     |
----------------------------------------
Early stopping at step 6 due to reaching max kl: 0.08
----------------------------------------
| env/                    |            |
|    strehl               | 0.436      |
| rollout/                |            |
|    ep_len_mean          | 8          |
|    ep_rew_mean          | -6.2       |
| time/                   |            |
|    fps                  | 209        |
|    iterations           | 436        |
|    time_elapsed         | 1063       |
|    total_timesteps      | 223232     |
| train/                  |            |
|    approx_kl            | 0.08241995 |
|    clip_fraction        | 0.392      |
|    clip_range           | 0.2        |
|    entropy_loss         | -6.86      |
|    explained_variance   | -0.000691  |
|    learning_rate        | 0.0003     |
|    loss                 | -0.0794    |
|    n_updates            | 3624       |
|    policy_gradient_loss | -0.0553    |
|    std                  | 0.336      |
|    value_loss           | 0.0632     |
----------------------------------------
Early stopping at step 5 due to reaching max kl: 0.09
-----------------------------------------
| env/                    |             |
|    strehl               | 0.438       |
| rollout/                |             |
|    ep_len_mean          | 8           |
|    ep_rew_mean          | -6.34       |
| time/                   |             |
|    fps                  | 209         |
|    iterations           | 437         |
|    time_elapsed         | 1066        |
|    total_timesteps      | 223744      |
| train/                  |             |
|    approx_kl            | 0.086489126 |
|    clip_fraction        | 0.335       |
|    clip_range           | 0.2         |
|    entropy_loss         | -6.85       |
|    explained_variance   | -0.00105    |
|    learning_rate        | 0.0003      |
|    loss                 | -0.0591     |
|    n_updates            | 3630        |
|    policy_gradient_loss | -0.0567     |
|    std                  | 0.336       |
|    value_loss           | 0.0814      |
-----------------------------------------
Early stopping at step 6 due to reaching max kl: 0.08
-----------------------------------------
| env/                    |             |
|    strehl               | 0.517       |
| rollout/                |             |
|    ep_len_mean          | 8           |
|    ep_rew_mean          | -6.2        |
| time/                   |             |
|    fps                  | 209         |
|    iterations           | 438         |
|    time_elapsed         | 1068        |
|    total_timesteps      | 224256      |
| train/                  |             |
|    approx_kl            | 0.080820784 |
|    clip_fraction        | 0.383       |
|    clip_range           | 0.2         |
|    entropy_loss         | -6.83       |
|    explained_variance   | -0.00127    |
|    learning_rate        | 0.0003      |
|    loss                 | -0.057      |
|    n_updates            | 3637        |
|    policy_gradient_loss | -0.0568     |
|    std                  | 0.335       |
|    value_loss           | 0.104       |
-----------------------------------------
Early stopping at step 5 due to reaching max kl: 0.08
----------------------------------------
| env/                    |            |
|    strehl               | 0.476      |
| rollout/                |            |
|    ep_len_mean          | 8          |
|    ep_rew_mean          | -6.2       |
| time/                   |            |
|    fps                  | 209        |
|    iterations           | 439        |
|    time_elapsed         | 1070       |
|    total_timesteps      | 224768     |
| train/                  |            |
|    approx_kl            | 0.07277076 |
|    clip_fraction        | 0.429      |
|    clip_range           | 0.2        |
|    entropy_loss         | -6.83      |
|    explained_variance   | -0.00124   |
|    learning_rate        | 0.0003     |
|    loss                 | -0.0554    |
|    n_updates            | 3643       |
|    policy_gradient_loss | -0.0507    |
|    std                  | 0.335      |
|    value_loss           | 0.085      |
----------------------------------------
Early stopping at step 6 due to reaching max kl: 0.10
Eval num_timesteps=225000, episode_reward=-6.26 +/- 0.39
Episode length: 8.00 +/- 0.00
-----------------------------------------
| env/                    |             |
|    strehl               | 0.443       |
| eval/                   |             |
|    mean_ep_length       | 8           |
|    mean_reward          | -6.26       |
| time/                   |             |
|    total_timesteps      | 225000      |
| train/                  |             |
|    approx_kl            | 0.096165024 |
|    clip_fraction        | 0.397       |
|    clip_range           | 0.2         |
|    entropy_loss         | -6.83       |
|    explained_variance   | -0.00192    |
|    learning_rate        | 0.0003      |
|    loss                 | -0.0655     |
|    n_updates            | 3650        |
|    policy_gradient_loss | -0.0498     |
|    std                  | 0.335       |
|    value_loss           | 0.0749      |
-----------------------------------------
---------------------------------
| env/               |          |
|    strehl          | 0.55     |
| rollout/           |          |
|    ep_len_mean     | 8        |
|    ep_rew_mean     | -6.2     |
| time/              |          |
|    fps             | 209      |
|    iterations      | 440      |
|    time_elapsed    | 1073     |
|    total_timesteps | 225280   |
---------------------------------
Early stopping at step 5 due to reaching max kl: 0.08
----------------------------------------
| env/                    |            |
|    strehl               | 0.49       |
| rollout/                |            |
|    ep_len_mean          | 8          |
|    ep_rew_mean          | -6.17      |
| time/                   |            |
|    fps                  | 209        |
|    iterations           | 441        |
|    time_elapsed         | 1075       |
|    total_timesteps      | 225792     |
| train/                  |            |
|    approx_kl            | 0.07585224 |
|    clip_fraction        | 0.385      |
|    clip_range           | 0.2        |
|    entropy_loss         | -6.83      |
|    explained_variance   | -0.00135   |
|    learning_rate        | 0.0003     |
|    loss                 | -0.092     |
|    n_updates            | 3656       |
|    policy_gradient_loss | -0.0512    |
|    std                  | 0.335      |
|    value_loss           | 0.0465     |
----------------------------------------
Early stopping at step 6 due to reaching max kl: 0.08
-----------------------------------------
| env/                    |             |
|    strehl               | 0.454       |
| rollout/                |             |
|    ep_len_mean          | 8           |
|    ep_rew_mean          | -6.27       |
| time/                   |             |
|    fps                  | 209         |
|    iterations           | 442         |
|    time_elapsed         | 1077        |
|    total_timesteps      | 226304      |
| train/                  |             |
|    approx_kl            | 0.075281225 |
|    clip_fraction        | 0.357       |
|    clip_range           | 0.2         |
|    entropy_loss         | -6.82       |
|    explained_variance   | -0.00127    |
|    learning_rate        | 0.0003      |
|    loss                 | -0.0632     |
|    n_updates            | 3663        |
|    policy_gradient_loss | -0.06       |
|    std                  | 0.335       |
|    value_loss           | 0.096       |
-----------------------------------------
Early stopping at step 5 due to reaching max kl: 0.08
----------------------------------------
| env/                    |            |
|    strehl               | 0.482      |
| rollout/                |            |
|    ep_len_mean          | 8          |
|    ep_rew_mean          | -6.34      |
| time/                   |            |
|    fps                  | 210        |
|    iterations           | 443        |
|    time_elapsed         | 1080       |
|    total_timesteps      | 226816     |
| train/                  |            |
|    approx_kl            | 0.07795704 |
|    clip_fraction        | 0.384      |
|    clip_range           | 0.2        |
|    entropy_loss         | -6.83      |
|    explained_variance   | -0.00102   |
|    learning_rate        | 0.0003     |
|    loss                 | -0.0381    |
|    n_updates            | 3669       |
|    policy_gradient_loss | -0.0548    |
|    std                  | 0.335      |
|    value_loss           | 0.147      |
----------------------------------------
Early stopping at step 5 due to reaching max kl: 0.08
----------------------------------------
| env/                    |            |
|    strehl               | 0.485      |
| rollout/                |            |
|    ep_len_mean          | 8          |
|    ep_rew_mean          | -6.21      |
| time/                   |            |
|    fps                  | 210        |
|    iterations           | 444        |
|    time_elapsed         | 1082       |
|    total_timesteps      | 227328     |
| train/                  |            |
|    approx_kl            | 0.08181018 |
|    clip_fraction        | 0.342      |
|    clip_range           | 0.2        |
|    entropy_loss         | -6.83      |
|    explained_variance   | -0.00239   |
|    learning_rate        | 0.0003     |
|    loss                 | -0.0618    |
|    n_updates            | 3675       |
|    policy_gradient_loss | -0.0492    |
|    std                  | 0.335      |
|    value_loss           | 0.0927     |
----------------------------------------
Early stopping at step 5 due to reaching max kl: 0.09
----------------------------------------
| env/                    |            |
|    strehl               | 0.473      |
| rollout/                |            |
|    ep_len_mean          | 8          |
|    ep_rew_mean          | -6.22      |
| time/                   |            |
|    fps                  | 210        |
|    iterations           | 445        |
|    time_elapsed         | 1084       |
|    total_timesteps      | 227840     |
| train/                  |            |
|    approx_kl            | 0.07956523 |
|    clip_fraction        | 0.369      |
|    clip_range           | 0.2        |
|    entropy_loss         | -6.83      |
|    explained_variance   | -0.00178   |
|    learning_rate        | 0.0003     |
|    loss                 | -0.0439    |
|    n_updates            | 3681       |
|    policy_gradient_loss | -0.0581    |
|    std                  | 0.335      |
|    value_loss           | 0.115      |
----------------------------------------
Early stopping at step 4 due to reaching max kl: 0.08
----------------------------------------
| env/                    |            |
|    strehl               | 0.52       |
| rollout/                |            |
|    ep_len_mean          | 8          |
|    ep_rew_mean          | -6.15      |
| time/                   |            |
|    fps                  | 210        |
|    iterations           | 446        |
|    time_elapsed         | 1086       |
|    total_timesteps      | 228352     |
| train/                  |            |
|    approx_kl            | 0.07944911 |
|    clip_fraction        | 0.378      |
|    clip_range           | 0.2        |
|    entropy_loss         | -6.83      |
|    explained_variance   | -0.00134   |
|    learning_rate        | 0.0003     |
|    loss                 | -0.0482    |
|    n_updates            | 3686       |
|    policy_gradient_loss | -0.0574    |
|    std                  | 0.335      |
|    value_loss           | 0.108      |
----------------------------------------
Early stopping at step 5 due to reaching max kl: 0.08
-----------------------------------------
| env/                    |             |
|    strehl               | 0.473       |
| rollout/                |             |
|    ep_len_mean          | 8           |
|    ep_rew_mean          | -6.22       |
| time/                   |             |
|    fps                  | 210         |
|    iterations           | 447         |
|    time_elapsed         | 1088        |
|    total_timesteps      | 228864      |
| train/                  |             |
|    approx_kl            | 0.075639166 |
|    clip_fraction        | 0.394       |
|    clip_range           | 0.2         |
|    entropy_loss         | -6.82       |
|    explained_variance   | -0.00204    |
|    learning_rate        | 0.0003      |
|    loss                 | -0.0679     |
|    n_updates            | 3692        |
|    policy_gradient_loss | -0.0601     |
|    std                  | 0.335       |
|    value_loss           | 0.0919      |
-----------------------------------------
Early stopping at step 5 due to reaching max kl: 0.08
----------------------------------------
| env/                    |            |
|    strehl               | 0.428      |
| rollout/                |            |
|    ep_len_mean          | 8          |
|    ep_rew_mean          | -6.2       |
| time/                   |            |
|    fps                  | 210        |
|    iterations           | 448        |
|    time_elapsed         | 1090       |
|    total_timesteps      | 229376     |
| train/                  |            |
|    approx_kl            | 0.07664575 |
|    clip_fraction        | 0.396      |
|    clip_range           | 0.2        |
|    entropy_loss         | -6.82      |
|    explained_variance   | -0.00126   |
|    learning_rate        | 0.0003     |
|    loss                 | -0.0639    |
|    n_updates            | 3698       |
|    policy_gradient_loss | -0.054     |
|    std                  | 0.335      |
|    value_loss           | 0.0819     |
----------------------------------------
Early stopping at step 4 due to reaching max kl: 0.09
-----------------------------------------
| env/                    |             |
|    strehl               | 0.523       |
| rollout/                |             |
|    ep_len_mean          | 8           |
|    ep_rew_mean          | -6.21       |
| time/                   |             |
|    fps                  | 210         |
|    iterations           | 449         |
|    time_elapsed         | 1092        |
|    total_timesteps      | 229888      |
| train/                  |             |
|    approx_kl            | 0.074657485 |
|    clip_fraction        | 0.339       |
|    clip_range           | 0.2         |
|    entropy_loss         | -6.82       |
|    explained_variance   | -0.00113    |
|    learning_rate        | 0.0003      |
|    loss                 | -0.028      |
|    n_updates            | 3703        |
|    policy_gradient_loss | -0.0438     |
|    std                  | 0.335       |
|    value_loss           | 0.08        |
-----------------------------------------
Early stopping at step 4 due to reaching max kl: 0.08
----------------------------------------
| env/                    |            |
|    strehl               | 0.459      |
| rollout/                |            |
|    ep_len_mean          | 8          |
|    ep_rew_mean          | -6.23      |
| time/                   |            |
|    fps                  | 210        |
|    iterations           | 450        |
|    time_elapsed         | 1095       |
|    total_timesteps      | 230400     |
| train/                  |            |
|    approx_kl            | 0.08398965 |
|    clip_fraction        | 0.371      |
|    clip_range           | 0.2        |
|    entropy_loss         | -6.82      |
|    explained_variance   | -0.000965  |
|    learning_rate        | 0.0003     |
|    loss                 | -0.0448    |
|    n_updates            | 3708       |
|    policy_gradient_loss | -0.0435    |
|    std                  | 0.335      |
|    value_loss           | 0.0832     |
----------------------------------------
Early stopping at step 4 due to reaching max kl: 0.09
----------------------------------------
| env/                    |            |
|    strehl               | 0.492      |
| rollout/                |            |
|    ep_len_mean          | 8          |
|    ep_rew_mean          | -6.18      |
| time/                   |            |
|    fps                  | 210        |
|    iterations           | 451        |
|    time_elapsed         | 1097       |
|    total_timesteps      | 230912     |
| train/                  |            |
|    approx_kl            | 0.07935466 |
|    clip_fraction        | 0.378      |
|    clip_range           | 0.2        |
|    entropy_loss         | -6.82      |
|    explained_variance   | -0.00222   |
|    learning_rate        | 0.0003     |
|    loss                 | -0.037     |
|    n_updates            | 3713       |
|    policy_gradient_loss | -0.047     |
|    std                  | 0.335      |
|    value_loss           | 0.0775     |
----------------------------------------
Early stopping at step 6 due to reaching max kl: 0.08
-----------------------------------------
| env/                    |             |
|    strehl               | 0.476       |
| rollout/                |             |
|    ep_len_mean          | 8           |
|    ep_rew_mean          | -6.22       |
| time/                   |             |
|    fps                  | 210         |
|    iterations           | 452         |
|    time_elapsed         | 1099        |
|    total_timesteps      | 231424      |
| train/                  |             |
|    approx_kl            | 0.084310696 |
|    clip_fraction        | 0.388       |
|    clip_range           | 0.2         |
|    entropy_loss         | -6.82       |
|    explained_variance   | -0.00142    |
|    learning_rate        | 0.0003      |
|    loss                 | -0.0567     |
|    n_updates            | 3720        |
|    policy_gradient_loss | -0.0464     |
|    std                  | 0.335       |
|    value_loss           | 0.0881      |
-----------------------------------------
Early stopping at step 4 due to reaching max kl: 0.08
----------------------------------------
| env/                    |            |
|    strehl               | 0.46       |
| rollout/                |            |
|    ep_len_mean          | 8          |
|    ep_rew_mean          | -6.22      |
| time/                   |            |
|    fps                  | 210        |
|    iterations           | 453        |
|    time_elapsed         | 1101       |
|    total_timesteps      | 231936     |
| train/                  |            |
|    approx_kl            | 0.06923753 |
|    clip_fraction        | 0.334      |
|    clip_range           | 0.2        |
|    entropy_loss         | -6.82      |
|    explained_variance   | -0.00195   |
|    learning_rate        | 0.0003     |
|    loss                 | -0.0517    |
|    n_updates            | 3725       |
|    policy_gradient_loss | -0.052     |
|    std                  | 0.335      |
|    value_loss           | 0.0776     |
----------------------------------------
Early stopping at step 5 due to reaching max kl: 0.08
----------------------------------------
| env/                    |            |
|    strehl               | 0.486      |
| rollout/                |            |
|    ep_len_mean          | 8          |
|    ep_rew_mean          | -6.27      |
| time/                   |            |
|    fps                  | 210        |
|    iterations           | 454        |
|    time_elapsed         | 1103       |
|    total_timesteps      | 232448     |
| train/                  |            |
|    approx_kl            | 0.07578595 |
|    clip_fraction        | 0.343      |
|    clip_range           | 0.2        |
|    entropy_loss         | -6.81      |
|    explained_variance   | -0.00185   |
|    learning_rate        | 0.0003     |
|    loss                 | -0.068     |
|    n_updates            | 3731       |
|    policy_gradient_loss | -0.0544    |
|    std                  | 0.335      |
|    value_loss           | 0.0899     |
----------------------------------------
Early stopping at step 5 due to reaching max kl: 0.08
----------------------------------------
| env/                    |            |
|    strehl               | 0.471      |
| rollout/                |            |
|    ep_len_mean          | 8          |
|    ep_rew_mean          | -6.3       |
| time/                   |            |
|    fps                  | 210        |
|    iterations           | 455        |
|    time_elapsed         | 1105       |
|    total_timesteps      | 232960     |
| train/                  |            |
|    approx_kl            | 0.07389782 |
|    clip_fraction        | 0.374      |
|    clip_range           | 0.2        |
|    entropy_loss         | -6.81      |
|    explained_variance   | -0.00184   |
|    learning_rate        | 0.0003     |
|    loss                 | -0.0615    |
|    n_updates            | 3737       |
|    policy_gradient_loss | -0.0548    |
|    std                  | 0.335      |
|    value_loss           | 0.0753     |
----------------------------------------
Early stopping at step 4 due to reaching max kl: 0.08
---------------------------------------
| env/                    |           |
|    strehl               | 0.393     |
| rollout/                |           |
|    ep_len_mean          | 8         |
|    ep_rew_mean          | -6.21     |
| time/                   |           |
|    fps                  | 210       |
|    iterations           | 456       |
|    time_elapsed         | 1107      |
|    total_timesteps      | 233472    |
| train/                  |           |
|    approx_kl            | 0.0791585 |
|    clip_fraction        | 0.346     |
|    clip_range           | 0.2       |
|    entropy_loss         | -6.81     |
|    explained_variance   | -0.00189  |
|    learning_rate        | 0.0003    |
|    loss                 | -0.0496   |
|    n_updates            | 3742      |
|    policy_gradient_loss | -0.0388   |
|    std                  | 0.335     |
|    value_loss           | 0.0779    |
---------------------------------------
Early stopping at step 4 due to reaching max kl: 0.08
----------------------------------------
| env/                    |            |
|    strehl               | 0.446      |
| rollout/                |            |
|    ep_len_mean          | 8          |
|    ep_rew_mean          | -6.21      |
| time/                   |            |
|    fps                  | 210        |
|    iterations           | 457        |
|    time_elapsed         | 1109       |
|    total_timesteps      | 233984     |
| train/                  |            |
|    approx_kl            | 0.07238603 |
|    clip_fraction        | 0.356      |
|    clip_range           | 0.2        |
|    entropy_loss         | -6.81      |
|    explained_variance   | -0.00132   |
|    learning_rate        | 0.0003     |
|    loss                 | -0.0463    |
|    n_updates            | 3747       |
|    policy_gradient_loss | -0.0474    |
|    std                  | 0.335      |
|    value_loss           | 0.0815     |
----------------------------------------
Early stopping at step 5 due to reaching max kl: 0.09
----------------------------------------
| env/                    |            |
|    strehl               | 0.48       |
| rollout/                |            |
|    ep_len_mean          | 8          |
|    ep_rew_mean          | -6.33      |
| time/                   |            |
|    fps                  | 210        |
|    iterations           | 458        |
|    time_elapsed         | 1112       |
|    total_timesteps      | 234496     |
| train/                  |            |
|    approx_kl            | 0.08050187 |
|    clip_fraction        | 0.376      |
|    clip_range           | 0.2        |
|    entropy_loss         | -6.8       |
|    explained_variance   | -0.00145   |
|    learning_rate        | 0.0003     |
|    loss                 | -0.0566    |
|    n_updates            | 3753       |
|    policy_gradient_loss | -0.0516    |
|    std                  | 0.335      |
|    value_loss           | 0.0737     |
----------------------------------------
Early stopping at step 4 due to reaching max kl: 0.09
----------------------------------------
| env/                    |            |
|    strehl               | 0.447      |
| rollout/                |            |
|    ep_len_mean          | 8          |
|    ep_rew_mean          | -6.23      |
| time/                   |            |
|    fps                  | 210        |
|    iterations           | 459        |
|    time_elapsed         | 1114       |
|    total_timesteps      | 235008     |
| train/                  |            |
|    approx_kl            | 0.07238331 |
|    clip_fraction        | 0.396      |
|    clip_range           | 0.2        |
|    entropy_loss         | -6.79      |
|    explained_variance   | -0.00168   |
|    learning_rate        | 0.0003     |
|    loss                 | -0.0342    |
|    n_updates            | 3758       |
|    policy_gradient_loss | -0.0483    |
|    std                  | 0.335      |
|    value_loss           | 0.112      |
----------------------------------------
Early stopping at step 5 due to reaching max kl: 0.09
----------------------------------------
| env/                    |            |
|    strehl               | 0.486      |
| rollout/                |            |
|    ep_len_mean          | 8          |
|    ep_rew_mean          | -6.27      |
| time/                   |            |
|    fps                  | 210        |
|    iterations           | 460        |
|    time_elapsed         | 1116       |
|    total_timesteps      | 235520     |
| train/                  |            |
|    approx_kl            | 0.09223609 |
|    clip_fraction        | 0.349      |
|    clip_range           | 0.2        |
|    entropy_loss         | -6.78      |
|    explained_variance   | -0.00142   |
|    learning_rate        | 0.0003     |
|    loss                 | -0.0336    |
|    n_updates            | 3764       |
|    policy_gradient_loss | -0.0533    |
|    std                  | 0.335      |
|    value_loss           | 0.124      |
----------------------------------------
Early stopping at step 5 due to reaching max kl: 0.10
-----------------------------------------
| env/                    |             |
|    strehl               | 0.418       |
| rollout/                |             |
|    ep_len_mean          | 8           |
|    ep_rew_mean          | -6.26       |
| time/                   |             |
|    fps                  | 211         |
|    iterations           | 461         |
|    time_elapsed         | 1118        |
|    total_timesteps      | 236032      |
| train/                  |             |
|    approx_kl            | 0.086010605 |
|    clip_fraction        | 0.353       |
|    clip_range           | 0.2         |
|    entropy_loss         | -6.78       |
|    explained_variance   | -0.00158    |
|    learning_rate        | 0.0003      |
|    loss                 | -0.0446     |
|    n_updates            | 3770        |
|    policy_gradient_loss | -0.0569     |
|    std                  | 0.335       |
|    value_loss           | 0.1         |
-----------------------------------------
Early stopping at step 5 due to reaching max kl: 0.08
----------------------------------------
| env/                    |            |
|    strehl               | 0.453      |
| rollout/                |            |
|    ep_len_mean          | 8          |
|    ep_rew_mean          | -6.26      |
| time/                   |            |
|    fps                  | 211        |
|    iterations           | 462        |
|    time_elapsed         | 1120       |
|    total_timesteps      | 236544     |
| train/                  |            |
|    approx_kl            | 0.07849117 |
|    clip_fraction        | 0.366      |
|    clip_range           | 0.2        |
|    entropy_loss         | -6.78      |
|    explained_variance   | -0.00181   |
|    learning_rate        | 0.0003     |
|    loss                 | -0.0597    |
|    n_updates            | 3776       |
|    policy_gradient_loss | -0.0585    |
|    std                  | 0.335      |
|    value_loss           | 0.109      |
----------------------------------------
Early stopping at step 5 due to reaching max kl: 0.08
-----------------------------------------
| env/                    |             |
|    strehl               | 0.495       |
| rollout/                |             |
|    ep_len_mean          | 8           |
|    ep_rew_mean          | -6.32       |
| time/                   |             |
|    fps                  | 211         |
|    iterations           | 463         |
|    time_elapsed         | 1122        |
|    total_timesteps      | 237056      |
| train/                  |             |
|    approx_kl            | 0.075294286 |
|    clip_fraction        | 0.39        |
|    clip_range           | 0.2         |
|    entropy_loss         | -6.78       |
|    explained_variance   | -0.00126    |
|    learning_rate        | 0.0003      |
|    loss                 | -0.0664     |
|    n_updates            | 3782        |
|    policy_gradient_loss | -0.0566     |
|    std                  | 0.335       |
|    value_loss           | 0.0817      |
-----------------------------------------
Early stopping at step 5 due to reaching max kl: 0.08
-----------------------------------------
| env/                    |             |
|    strehl               | 0.398       |
| rollout/                |             |
|    ep_len_mean          | 8           |
|    ep_rew_mean          | -6.27       |
| time/                   |             |
|    fps                  | 211         |
|    iterations           | 464         |
|    time_elapsed         | 1125        |
|    total_timesteps      | 237568      |
| train/                  |             |
|    approx_kl            | 0.067999676 |
|    clip_fraction        | 0.382       |
|    clip_range           | 0.2         |
|    entropy_loss         | -6.78       |
|    explained_variance   | -0.00123    |
|    learning_rate        | 0.0003      |
|    loss                 | -0.0575     |
|    n_updates            | 3788        |
|    policy_gradient_loss | -0.0556     |
|    std                  | 0.335       |
|    value_loss           | 0.105       |
-----------------------------------------
Early stopping at step 6 due to reaching max kl: 0.08
-----------------------------------------
| env/                    |             |
|    strehl               | 0.46        |
| rollout/                |             |
|    ep_len_mean          | 8           |
|    ep_rew_mean          | -6.21       |
| time/                   |             |
|    fps                  | 211         |
|    iterations           | 465         |
|    time_elapsed         | 1127        |
|    total_timesteps      | 238080      |
| train/                  |             |
|    approx_kl            | 0.075551115 |
|    clip_fraction        | 0.405       |
|    clip_range           | 0.2         |
|    entropy_loss         | -6.77       |
|    explained_variance   | -0.00115    |
|    learning_rate        | 0.0003      |
|    loss                 | -0.0621     |
|    n_updates            | 3795        |
|    policy_gradient_loss | -0.0566     |
|    std                  | 0.334       |
|    value_loss           | 0.0863      |
-----------------------------------------
Early stopping at step 5 due to reaching max kl: 0.09
----------------------------------------
| env/                    |            |
|    strehl               | 0.513      |
| rollout/                |            |
|    ep_len_mean          | 8          |
|    ep_rew_mean          | -6.15      |
| time/                   |            |
|    fps                  | 211        |
|    iterations           | 466        |
|    time_elapsed         | 1129       |
|    total_timesteps      | 238592     |
| train/                  |            |
|    approx_kl            | 0.07906546 |
|    clip_fraction        | 0.411      |
|    clip_range           | 0.2        |
|    entropy_loss         | -6.76      |
|    explained_variance   | -0.00184   |
|    learning_rate        | 0.0003     |
|    loss                 | -0.0464    |
|    n_updates            | 3801       |
|    policy_gradient_loss | -0.0546    |
|    std                  | 0.334      |
|    value_loss           | 0.119      |
----------------------------------------
Early stopping at step 4 due to reaching max kl: 0.08
----------------------------------------
| env/                    |            |
|    strehl               | 0.486      |
| rollout/                |            |
|    ep_len_mean          | 8          |
|    ep_rew_mean          | -6.26      |
| time/                   |            |
|    fps                  | 211        |
|    iterations           | 467        |
|    time_elapsed         | 1131       |
|    total_timesteps      | 239104     |
| train/                  |            |
|    approx_kl            | 0.08251232 |
|    clip_fraction        | 0.404      |
|    clip_range           | 0.2        |
|    entropy_loss         | -6.75      |
|    explained_variance   | -0.00133   |
|    learning_rate        | 0.0003     |
|    loss                 | -0.0494    |
|    n_updates            | 3806       |
|    policy_gradient_loss | -0.0452    |
|    std                  | 0.334      |
|    value_loss           | 0.0946     |
----------------------------------------
Early stopping at step 4 due to reaching max kl: 0.08
-----------------------------------------
| env/                    |             |
|    strehl               | 0.471       |
| rollout/                |             |
|    ep_len_mean          | 8           |
|    ep_rew_mean          | -6.29       |
| time/                   |             |
|    fps                  | 211         |
|    iterations           | 468         |
|    time_elapsed         | 1133        |
|    total_timesteps      | 239616      |
| train/                  |             |
|    approx_kl            | 0.077422515 |
|    clip_fraction        | 0.432       |
|    clip_range           | 0.2         |
|    entropy_loss         | -6.75       |
|    explained_variance   | -0.000847   |
|    learning_rate        | 0.0003      |
|    loss                 | -0.0393     |
|    n_updates            | 3811        |
|    policy_gradient_loss | -0.0389     |
|    std                  | 0.334       |
|    value_loss           | 0.0808      |
-----------------------------------------
Early stopping at step 4 due to reaching max kl: 0.08
----------------------------------------
| env/                    |            |
|    strehl               | 0.48       |
| rollout/                |            |
|    ep_len_mean          | 8          |
|    ep_rew_mean          | -6.31      |
| time/                   |            |
|    fps                  | 211        |
|    iterations           | 469        |
|    time_elapsed         | 1135       |
|    total_timesteps      | 240128     |
| train/                  |            |
|    approx_kl            | 0.06817585 |
|    clip_fraction        | 0.382      |
|    clip_range           | 0.2        |
|    entropy_loss         | -6.75      |
|    explained_variance   | -0.00184   |
|    learning_rate        | 0.0003     |
|    loss                 | -0.0648    |
|    n_updates            | 3816       |
|    policy_gradient_loss | -0.0529    |
|    std                  | 0.334      |
|    value_loss           | 0.0731     |
----------------------------------------
Early stopping at step 4 due to reaching max kl: 0.09
----------------------------------------
| env/                    |            |
|    strehl               | 0.491      |
| rollout/                |            |
|    ep_len_mean          | 8          |
|    ep_rew_mean          | -6.32      |
| time/                   |            |
|    fps                  | 211        |
|    iterations           | 470        |
|    time_elapsed         | 1137       |
|    total_timesteps      | 240640     |
| train/                  |            |
|    approx_kl            | 0.07392437 |
|    clip_fraction        | 0.387      |
|    clip_range           | 0.2        |
|    entropy_loss         | -6.74      |
|    explained_variance   | -0.00149   |
|    learning_rate        | 0.0003     |
|    loss                 | -0.0309    |
|    n_updates            | 3821       |
|    policy_gradient_loss | -0.0441    |
|    std                  | 0.334      |
|    value_loss           | 0.108      |
----------------------------------------
Early stopping at step 5 due to reaching max kl: 0.09
----------------------------------------
| env/                    |            |
|    strehl               | 0.428      |
| rollout/                |            |
|    ep_len_mean          | 8          |
|    ep_rew_mean          | -6.26      |
| time/                   |            |
|    fps                  | 211        |
|    iterations           | 471        |
|    time_elapsed         | 1139       |
|    total_timesteps      | 241152     |
| train/                  |            |
|    approx_kl            | 0.08084202 |
|    clip_fraction        | 0.38       |
|    clip_range           | 0.2        |
|    entropy_loss         | -6.73      |
|    explained_variance   | -0.00166   |
|    learning_rate        | 0.0003     |
|    loss                 | -0.0592    |
|    n_updates            | 3827       |
|    policy_gradient_loss | -0.0537    |
|    std                  | 0.334      |
|    value_loss           | 0.0773     |
----------------------------------------
Early stopping at step 5 due to reaching max kl: 0.09
----------------------------------------
| env/                    |            |
|    strehl               | 0.473      |
| rollout/                |            |
|    ep_len_mean          | 8          |
|    ep_rew_mean          | -6.21      |
| time/                   |            |
|    fps                  | 211        |
|    iterations           | 472        |
|    time_elapsed         | 1142       |
|    total_timesteps      | 241664     |
| train/                  |            |
|    approx_kl            | 0.08840919 |
|    clip_fraction        | 0.418      |
|    clip_range           | 0.2        |
|    entropy_loss         | -6.73      |
|    explained_variance   | -0.00133   |
|    learning_rate        | 0.0003     |
|    loss                 | -0.0536    |
|    n_updates            | 3833       |
|    policy_gradient_loss | -0.0502    |
|    std                  | 0.334      |
|    value_loss           | 0.103      |
----------------------------------------
Early stopping at step 6 due to reaching max kl: 0.11
-----------------------------------------
| env/                    |             |
|    strehl               | 0.517       |
| rollout/                |             |
|    ep_len_mean          | 8           |
|    ep_rew_mean          | -6.16       |
| time/                   |             |
|    fps                  | 211         |
|    iterations           | 473         |
|    time_elapsed         | 1144        |
|    total_timesteps      | 242176      |
| train/                  |             |
|    approx_kl            | 0.079779536 |
|    clip_fraction        | 0.417       |
|    clip_range           | 0.2         |
|    entropy_loss         | -6.72       |
|    explained_variance   | -0.0016     |
|    learning_rate        | 0.0003      |
|    loss                 | -0.0456     |
|    n_updates            | 3840        |
|    policy_gradient_loss | -0.051      |
|    std                  | 0.334       |
|    value_loss           | 0.104       |
-----------------------------------------
Early stopping at step 4 due to reaching max kl: 0.08
-----------------------------------------
| env/                    |             |
|    strehl               | 0.384       |
| rollout/                |             |
|    ep_len_mean          | 8           |
|    ep_rew_mean          | -6.24       |
| time/                   |             |
|    fps                  | 211         |
|    iterations           | 474         |
|    time_elapsed         | 1146        |
|    total_timesteps      | 242688      |
| train/                  |             |
|    approx_kl            | 0.069109894 |
|    clip_fraction        | 0.367       |
|    clip_range           | 0.2         |
|    entropy_loss         | -6.72       |
|    explained_variance   | -0.00121    |
|    learning_rate        | 0.0003      |
|    loss                 | -0.0416     |
|    n_updates            | 3845        |
|    policy_gradient_loss | -0.0423     |
|    std                  | 0.334       |
|    value_loss           | 0.0854      |
-----------------------------------------
Early stopping at step 6 due to reaching max kl: 0.08
----------------------------------------
| env/                    |            |
|    strehl               | 0.422      |
| rollout/                |            |
|    ep_len_mean          | 8          |
|    ep_rew_mean          | -6.26      |
| time/                   |            |
|    fps                  | 211        |
|    iterations           | 475        |
|    time_elapsed         | 1148       |
|    total_timesteps      | 243200     |
| train/                  |            |
|    approx_kl            | 0.07880038 |
|    clip_fraction        | 0.407      |
|    clip_range           | 0.2        |
|    entropy_loss         | -6.72      |
|    explained_variance   | -0.00181   |
|    learning_rate        | 0.0003     |
|    loss                 | -0.0514    |
|    n_updates            | 3852       |
|    policy_gradient_loss | -0.0508    |
|    std                  | 0.334      |
|    value_loss           | 0.104      |
----------------------------------------
Early stopping at step 5 due to reaching max kl: 0.08
----------------------------------------
| env/                    |            |
|    strehl               | 0.463      |
| rollout/                |            |
|    ep_len_mean          | 8          |
|    ep_rew_mean          | -6.16      |
| time/                   |            |
|    fps                  | 211        |
|    iterations           | 476        |
|    time_elapsed         | 1150       |
|    total_timesteps      | 243712     |
| train/                  |            |
|    approx_kl            | 0.07271834 |
|    clip_fraction        | 0.387      |
|    clip_range           | 0.2        |
|    entropy_loss         | -6.72      |
|    explained_variance   | -0.0013    |
|    learning_rate        | 0.0003     |
|    loss                 | -0.0551    |
|    n_updates            | 3858       |
|    policy_gradient_loss | -0.0556    |
|    std                  | 0.334      |
|    value_loss           | 0.0906     |
----------------------------------------
Early stopping at step 5 due to reaching max kl: 0.08
----------------------------------------
| env/                    |            |
|    strehl               | 0.526      |
| rollout/                |            |
|    ep_len_mean          | 8          |
|    ep_rew_mean          | -6.21      |
| time/                   |            |
|    fps                  | 211        |
|    iterations           | 477        |
|    time_elapsed         | 1152       |
|    total_timesteps      | 244224     |
| train/                  |            |
|    approx_kl            | 0.07055129 |
|    clip_fraction        | 0.411      |
|    clip_range           | 0.2        |
|    entropy_loss         | -6.72      |
|    explained_variance   | -0.00135   |
|    learning_rate        | 0.0003     |
|    loss                 | -0.0685    |
|    n_updates            | 3864       |
|    policy_gradient_loss | -0.0539    |
|    std                  | 0.334      |
|    value_loss           | 0.0745     |
----------------------------------------
Early stopping at step 4 due to reaching max kl: 0.08
----------------------------------------
| env/                    |            |
|    strehl               | 0.504      |
| rollout/                |            |
|    ep_len_mean          | 8          |
|    ep_rew_mean          | -6.26      |
| time/                   |            |
|    fps                  | 211        |
|    iterations           | 478        |
|    time_elapsed         | 1154       |
|    total_timesteps      | 244736     |
| train/                  |            |
|    approx_kl            | 0.06507482 |
|    clip_fraction        | 0.355      |
|    clip_range           | 0.2        |
|    entropy_loss         | -6.72      |
|    explained_variance   | -0.00167   |
|    learning_rate        | 0.0003     |
|    loss                 | -0.0498    |
|    n_updates            | 3869       |
|    policy_gradient_loss | -0.0465    |
|    std                  | 0.334      |
|    value_loss           | 0.074      |
----------------------------------------
Early stopping at step 5 due to reaching max kl: 0.09
----------------------------------------
| env/                    |            |
|    strehl               | 0.512      |
| rollout/                |            |
|    ep_len_mean          | 8          |
|    ep_rew_mean          | -6.26      |
| time/                   |            |
|    fps                  | 211        |
|    iterations           | 479        |
|    time_elapsed         | 1157       |
|    total_timesteps      | 245248     |
| train/                  |            |
|    approx_kl            | 0.07642287 |
|    clip_fraction        | 0.359      |
|    clip_range           | 0.2        |
|    entropy_loss         | -6.71      |
|    explained_variance   | -0.00137   |
|    learning_rate        | 0.0003     |
|    loss                 | -0.0537    |
|    n_updates            | 3875       |
|    policy_gradient_loss | -0.0564    |
|    std                  | 0.334      |
|    value_loss           | 0.101      |
----------------------------------------
Early stopping at step 5 due to reaching max kl: 0.09
-----------------------------------------
| env/                    |             |
|    strehl               | 0.475       |
| rollout/                |             |
|    ep_len_mean          | 8           |
|    ep_rew_mean          | -6.24       |
| time/                   |             |
|    fps                  | 211         |
|    iterations           | 480         |
|    time_elapsed         | 1159        |
|    total_timesteps      | 245760      |
| train/                  |             |
|    approx_kl            | 0.093720846 |
|    clip_fraction        | 0.422       |
|    clip_range           | 0.2         |
|    entropy_loss         | -6.71       |
|    explained_variance   | -0.00106    |
|    learning_rate        | 0.0003      |
|    loss                 | -0.0481     |
|    n_updates            | 3881        |
|    policy_gradient_loss | -0.0465     |
|    std                  | 0.334       |
|    value_loss           | 0.0832      |
-----------------------------------------
Early stopping at step 5 due to reaching max kl: 0.09
----------------------------------------
| env/                    |            |
|    strehl               | 0.473      |
| rollout/                |            |
|    ep_len_mean          | 8          |
|    ep_rew_mean          | -6.21      |
| time/                   |            |
|    fps                  | 212        |
|    iterations           | 481        |
|    time_elapsed         | 1161       |
|    total_timesteps      | 246272     |
| train/                  |            |
|    approx_kl            | 0.08908595 |
|    clip_fraction        | 0.347      |
|    clip_range           | 0.2        |
|    entropy_loss         | -6.72      |
|    explained_variance   | -0.000858  |
|    learning_rate        | 0.0003     |
|    loss                 | -0.0847    |
|    n_updates            | 3887       |
|    policy_gradient_loss | -0.0584    |
|    std                  | 0.334      |
|    value_loss           | 0.0658     |
----------------------------------------
Early stopping at step 7 due to reaching max kl: 0.09
---------------------------------------
| env/                    |           |
|    strehl               | 0.524     |
| rollout/                |           |
|    ep_len_mean          | 8         |
|    ep_rew_mean          | -6.17     |
| time/                   |           |
|    fps                  | 212       |
|    iterations           | 482       |
|    time_elapsed         | 1163      |
|    total_timesteps      | 246784    |
| train/                  |           |
|    approx_kl            | 0.0895162 |
|    clip_fraction        | 0.42      |
|    clip_range           | 0.2       |
|    entropy_loss         | -6.72     |
|    explained_variance   | -0.00129  |
|    learning_rate        | 0.0003    |
|    loss                 | -0.0846   |
|    n_updates            | 3895      |
|    policy_gradient_loss | -0.0615   |
|    std                  | 0.334     |
|    value_loss           | 0.0803    |
---------------------------------------
Early stopping at step 4 due to reaching max kl: 0.08
---------------------------------------
| env/                    |           |
|    strehl               | 0.365     |
| rollout/                |           |
|    ep_len_mean          | 8         |
|    ep_rew_mean          | -6.2      |
| time/                   |           |
|    fps                  | 212       |
|    iterations           | 483       |
|    time_elapsed         | 1165      |
|    total_timesteps      | 247296    |
| train/                  |           |
|    approx_kl            | 0.0678002 |
|    clip_fraction        | 0.369     |
|    clip_range           | 0.2       |
|    entropy_loss         | -6.71     |
|    explained_variance   | -0.0019   |
|    learning_rate        | 0.0003    |
|    loss                 | -0.0616   |
|    n_updates            | 3900      |
|    policy_gradient_loss | -0.0456   |
|    std                  | 0.333     |
|    value_loss           | 0.0864    |
---------------------------------------
Early stopping at step 5 due to reaching max kl: 0.10
----------------------------------------
| env/                    |            |
|    strehl               | 0.446      |
| rollout/                |            |
|    ep_len_mean          | 8          |
|    ep_rew_mean          | -6.36      |
| time/                   |            |
|    fps                  | 212        |
|    iterations           | 484        |
|    time_elapsed         | 1167       |
|    total_timesteps      | 247808     |
| train/                  |            |
|    approx_kl            | 0.08654159 |
|    clip_fraction        | 0.391      |
|    clip_range           | 0.2        |
|    entropy_loss         | -6.7       |
|    explained_variance   | -0.00129   |
|    learning_rate        | 0.0003     |
|    loss                 | -0.0582    |
|    n_updates            | 3906       |
|    policy_gradient_loss | -0.0523    |
|    std                  | 0.333      |
|    value_loss           | 0.0935     |
----------------------------------------
Early stopping at step 5 due to reaching max kl: 0.08
----------------------------------------
| env/                    |            |
|    strehl               | 0.552      |
| rollout/                |            |
|    ep_len_mean          | 8          |
|    ep_rew_mean          | -6.16      |
| time/                   |            |
|    fps                  | 212        |
|    iterations           | 485        |
|    time_elapsed         | 1170       |
|    total_timesteps      | 248320     |
| train/                  |            |
|    approx_kl            | 0.07850762 |
|    clip_fraction        | 0.377      |
|    clip_range           | 0.2        |
|    entropy_loss         | -6.69      |
|    explained_variance   | -0.000829  |
|    learning_rate        | 0.0003     |
|    loss                 | -0.0517    |
|    n_updates            | 3912       |
|    policy_gradient_loss | -0.0524    |
|    std                  | 0.333      |
|    value_loss           | 0.0914     |
----------------------------------------
Early stopping at step 5 due to reaching max kl: 0.10
----------------------------------------
| env/                    |            |
|    strehl               | 0.417      |
| rollout/                |            |
|    ep_len_mean          | 8          |
|    ep_rew_mean          | -6.2       |
| time/                   |            |
|    fps                  | 212        |
|    iterations           | 486        |
|    time_elapsed         | 1172       |
|    total_timesteps      | 248832     |
| train/                  |            |
|    approx_kl            | 0.08519028 |
|    clip_fraction        | 0.466      |
|    clip_range           | 0.2        |
|    entropy_loss         | -6.69      |
|    explained_variance   | -0.000978  |
|    learning_rate        | 0.0003     |
|    loss                 | -0.0576    |
|    n_updates            | 3918       |
|    policy_gradient_loss | -0.0557    |
|    std                  | 0.333      |
|    value_loss           | 0.0899     |
----------------------------------------
Early stopping at step 5 due to reaching max kl: 0.10
-----------------------------------------
| env/                    |             |
|    strehl               | 0.53        |
| rollout/                |             |
|    ep_len_mean          | 8           |
|    ep_rew_mean          | -6.27       |
| time/                   |             |
|    fps                  | 212         |
|    iterations           | 487         |
|    time_elapsed         | 1174        |
|    total_timesteps      | 249344      |
| train/                  |             |
|    approx_kl            | 0.103654414 |
|    clip_fraction        | 0.338       |
|    clip_range           | 0.2         |
|    entropy_loss         | -6.68       |
|    explained_variance   | -0.00204    |
|    learning_rate        | 0.0003      |
|    loss                 | -0.0584     |
|    n_updates            | 3924        |
|    policy_gradient_loss | -0.057      |
|    std                  | 0.333       |
|    value_loss           | 0.0762      |
-----------------------------------------
Early stopping at step 4 due to reaching max kl: 0.08
----------------------------------------
| env/                    |            |
|    strehl               | 0.432      |
| rollout/                |            |
|    ep_len_mean          | 8          |
|    ep_rew_mean          | -6.29      |
| time/                   |            |
|    fps                  | 212        |
|    iterations           | 488        |
|    time_elapsed         | 1176       |
|    total_timesteps      | 249856     |
| train/                  |            |
|    approx_kl            | 0.07058369 |
|    clip_fraction        | 0.382      |
|    clip_range           | 0.2        |
|    entropy_loss         | -6.68      |
|    explained_variance   | -0.000962  |
|    learning_rate        | 0.0003     |
|    loss                 | -0.0492    |
|    n_updates            | 3929       |
|    policy_gradient_loss | -0.0476    |
|    std                  | 0.333      |
|    value_loss           | 0.0763     |
----------------------------------------
Early stopping at step 3 due to reaching max kl: 0.09
Eval num_timesteps=250000, episode_reward=-6.18 +/- 0.28
Episode length: 8.00 +/- 0.00
----------------------------------------
| env/                    |            |
|    strehl               | 0.423      |
| eval/                   |            |
|    mean_ep_length       | 8          |
|    mean_reward          | -6.18      |
| time/                   |            |
|    total_timesteps      | 250000     |
| train/                  |            |
|    approx_kl            | 0.07791336 |
|    clip_fraction        | 0.346      |
|    clip_range           | 0.2        |
|    entropy_loss         | -6.67      |
|    explained_variance   | -0.00391   |
|    learning_rate        | 0.0003     |
|    loss                 | -0.0209    |
|    n_updates            | 3933       |
|    policy_gradient_loss | -0.0413    |
|    std                  | 0.333      |
|    value_loss           | 0.108      |
----------------------------------------
---------------------------------
| env/               |          |
|    strehl          | 0.45     |
| rollout/           |          |
|    ep_len_mean     | 8        |
|    ep_rew_mean     | -6.29    |
| time/              |          |
|    fps             | 212      |
|    iterations      | 489      |
|    time_elapsed    | 1179     |
|    total_timesteps | 250368   |
---------------------------------
Early stopping at step 4 due to reaching max kl: 0.09
----------------------------------------
| env/                    |            |
|    strehl               | 0.417      |
| rollout/                |            |
|    ep_len_mean          | 8          |
|    ep_rew_mean          | -6.28      |
| time/                   |            |
|    fps                  | 212        |
|    iterations           | 490        |
|    time_elapsed         | 1181       |
|    total_timesteps      | 250880     |
| train/                  |            |
|    approx_kl            | 0.07727018 |
|    clip_fraction        | 0.343      |
|    clip_range           | 0.2        |
|    entropy_loss         | -6.66      |
|    explained_variance   | -0.00154   |
|    learning_rate        | 0.0003     |
|    loss                 | -0.029     |
|    n_updates            | 3938       |
|    policy_gradient_loss | -0.0419    |
|    std                  | 0.333      |
|    value_loss           | 0.0993     |
----------------------------------------
Early stopping at step 4 due to reaching max kl: 0.09
-----------------------------------------
| env/                    |             |
|    strehl               | 0.416       |
| rollout/                |             |
|    ep_len_mean          | 8           |
|    ep_rew_mean          | -6.26       |
| time/                   |             |
|    fps                  | 212         |
|    iterations           | 491         |
|    time_elapsed         | 1183        |
|    total_timesteps      | 251392      |
| train/                  |             |
|    approx_kl            | 0.069192745 |
|    clip_fraction        | 0.348       |
|    clip_range           | 0.2         |
|    entropy_loss         | -6.65       |
|    explained_variance   | -0.000977   |
|    learning_rate        | 0.0003      |
|    loss                 | -0.0419     |
|    n_updates            | 3943        |
|    policy_gradient_loss | -0.0443     |
|    std                  | 0.333       |
|    value_loss           | 0.113       |
-----------------------------------------
Early stopping at step 5 due to reaching max kl: 0.08
----------------------------------------
| env/                    |            |
|    strehl               | 0.442      |
| rollout/                |            |
|    ep_len_mean          | 8          |
|    ep_rew_mean          | -6.19      |
| time/                   |            |
|    fps                  | 212        |
|    iterations           | 492        |
|    time_elapsed         | 1185       |
|    total_timesteps      | 251904     |
| train/                  |            |
|    approx_kl            | 0.08398613 |
|    clip_fraction        | 0.407      |
|    clip_range           | 0.2        |
|    entropy_loss         | -6.65      |
|    explained_variance   | -0.00153   |
|    learning_rate        | 0.0003     |
|    loss                 | -0.0562    |
|    n_updates            | 3949       |
|    policy_gradient_loss | -0.0489    |
|    std                  | 0.333      |
|    value_loss           | 0.087      |
----------------------------------------
Early stopping at step 5 due to reaching max kl: 0.09
----------------------------------------
| env/                    |            |
|    strehl               | 0.415      |
| rollout/                |            |
|    ep_len_mean          | 8          |
|    ep_rew_mean          | -6.16      |
| time/                   |            |
|    fps                  | 212        |
|    iterations           | 493        |
|    time_elapsed         | 1187       |
|    total_timesteps      | 252416     |
| train/                  |            |
|    approx_kl            | 0.07713464 |
|    clip_fraction        | 0.398      |
|    clip_range           | 0.2        |
|    entropy_loss         | -6.65      |
|    explained_variance   | -0.00129   |
|    learning_rate        | 0.0003     |
|    loss                 | -0.0358    |
|    n_updates            | 3955       |
|    policy_gradient_loss | -0.0409    |
|    std                  | 0.332      |
|    value_loss           | 0.111      |
----------------------------------------
Early stopping at step 5 due to reaching max kl: 0.10
----------------------------------------
| env/                    |            |
|    strehl               | 0.436      |
| rollout/                |            |
|    ep_len_mean          | 8          |
|    ep_rew_mean          | -6.18      |
| time/                   |            |
|    fps                  | 212        |
|    iterations           | 494        |
|    time_elapsed         | 1189       |
|    total_timesteps      | 252928     |
| train/                  |            |
|    approx_kl            | 0.08698359 |
|    clip_fraction        | 0.363      |
|    clip_range           | 0.2        |
|    entropy_loss         | -6.64      |
|    explained_variance   | -0.00148   |
|    learning_rate        | 0.0003     |
|    loss                 | -0.0603    |
|    n_updates            | 3961       |
|    policy_gradient_loss | -0.0542    |
|    std                  | 0.332      |
|    value_loss           | 0.0824     |
----------------------------------------
Early stopping at step 5 due to reaching max kl: 0.09
----------------------------------------
| env/                    |            |
|    strehl               | 0.557      |
| rollout/                |            |
|    ep_len_mean          | 8          |
|    ep_rew_mean          | -6.07      |
| time/                   |            |
|    fps                  | 212        |
|    iterations           | 495        |
|    time_elapsed         | 1191       |
|    total_timesteps      | 253440     |
| train/                  |            |
|    approx_kl            | 0.07820061 |
|    clip_fraction        | 0.334      |
|    clip_range           | 0.2        |
|    entropy_loss         | -6.63      |
|    explained_variance   | -0.00101   |
|    learning_rate        | 0.0003     |
|    loss                 | -0.0391    |
|    n_updates            | 3967       |
|    policy_gradient_loss | -0.0527    |
|    std                  | 0.332      |
|    value_loss           | 0.0859     |
----------------------------------------
Early stopping at step 5 due to reaching max kl: 0.08
-----------------------------------------
| env/                    |             |
|    strehl               | 0.386       |
| rollout/                |             |
|    ep_len_mean          | 8           |
|    ep_rew_mean          | -6.12       |
| time/                   |             |
|    fps                  | 212         |
|    iterations           | 496         |
|    time_elapsed         | 1194        |
|    total_timesteps      | 253952      |
| train/                  |             |
|    approx_kl            | 0.070310175 |
|    clip_fraction        | 0.359       |
|    clip_range           | 0.2         |
|    entropy_loss         | -6.63       |
|    explained_variance   | -0.00104    |
|    learning_rate        | 0.0003      |
|    loss                 | -0.0554     |
|    n_updates            | 3973        |
|    policy_gradient_loss | -0.0495     |
|    std                  | 0.332       |
|    value_loss           | 0.0858      |
-----------------------------------------
Early stopping at step 4 due to reaching max kl: 0.09
----------------------------------------
| env/                    |            |
|    strehl               | 0.544      |
| rollout/                |            |
|    ep_len_mean          | 8          |
|    ep_rew_mean          | -6.13      |
| time/                   |            |
|    fps                  | 212        |
|    iterations           | 497        |
|    time_elapsed         | 1196       |
|    total_timesteps      | 254464     |
| train/                  |            |
|    approx_kl            | 0.07873039 |
|    clip_fraction        | 0.364      |
|    clip_range           | 0.2        |
|    entropy_loss         | -6.62      |
|    explained_variance   | -0.000863  |
|    learning_rate        | 0.0003     |
|    loss                 | -0.0703    |
|    n_updates            | 3978       |
|    policy_gradient_loss | -0.0437    |
|    std                  | 0.332      |
|    value_loss           | 0.0627     |
----------------------------------------
Early stopping at step 4 due to reaching max kl: 0.09
----------------------------------------
| env/                    |            |
|    strehl               | 0.489      |
| rollout/                |            |
|    ep_len_mean          | 8          |
|    ep_rew_mean          | -6.09      |
| time/                   |            |
|    fps                  | 212        |
|    iterations           | 498        |
|    time_elapsed         | 1198       |
|    total_timesteps      | 254976     |
| train/                  |            |
|    approx_kl            | 0.08885138 |
|    clip_fraction        | 0.331      |
|    clip_range           | 0.2        |
|    entropy_loss         | -6.61      |
|    explained_variance   | -0.00115   |
|    learning_rate        | 0.0003     |
|    loss                 | -0.0706    |
|    n_updates            | 3983       |
|    policy_gradient_loss | -0.0475    |
|    std                  | 0.332      |
|    value_loss           | 0.0723     |
----------------------------------------
Early stopping at step 6 due to reaching max kl: 0.09
----------------------------------------
| env/                    |            |
|    strehl               | 0.519      |
| rollout/                |            |
|    ep_len_mean          | 8          |
|    ep_rew_mean          | -6.18      |
| time/                   |            |
|    fps                  | 212        |
|    iterations           | 499        |
|    time_elapsed         | 1200       |
|    total_timesteps      | 255488     |
| train/                  |            |
|    approx_kl            | 0.09265632 |
|    clip_fraction        | 0.418      |
|    clip_range           | 0.2        |
|    entropy_loss         | -6.61      |
|    explained_variance   | -0.000648  |
|    learning_rate        | 0.0003     |
|    loss                 | -0.0681    |
|    n_updates            | 3990       |
|    policy_gradient_loss | -0.0482    |
|    std                  | 0.332      |
|    value_loss           | 0.065      |
----------------------------------------
Early stopping at step 4 due to reaching max kl: 0.08
-----------------------------------------
| env/                    |             |
|    strehl               | 0.535       |
| rollout/                |             |
|    ep_len_mean          | 8           |
|    ep_rew_mean          | -6.19       |
| time/                   |             |
|    fps                  | 212         |
|    iterations           | 500         |
|    time_elapsed         | 1202        |
|    total_timesteps      | 256000      |
| train/                  |             |
|    approx_kl            | 0.068629935 |
|    clip_fraction        | 0.353       |
|    clip_range           | 0.2         |
|    entropy_loss         | -6.61       |
|    explained_variance   | -0.00101    |
|    learning_rate        | 0.0003      |
|    loss                 | -0.0475     |
|    n_updates            | 3995        |
|    policy_gradient_loss | -0.0533     |
|    std                  | 0.332       |
|    value_loss           | 0.0841      |
-----------------------------------------
Early stopping at step 6 due to reaching max kl: 0.08
----------------------------------------
| env/                    |            |
|    strehl               | 0.539      |
| rollout/                |            |
|    ep_len_mean          | 8          |
|    ep_rew_mean          | -6.15      |
| time/                   |            |
|    fps                  | 212        |
|    iterations           | 501        |
|    time_elapsed         | 1204       |
|    total_timesteps      | 256512     |
| train/                  |            |
|    approx_kl            | 0.07554656 |
|    clip_fraction        | 0.403      |
|    clip_range           | 0.2        |
|    entropy_loss         | -6.6       |
|    explained_variance   | -0.00129   |
|    learning_rate        | 0.0003     |
|    loss                 | -0.0814    |
|    n_updates            | 4002       |
|    policy_gradient_loss | -0.0587    |
|    std                  | 0.332      |
|    value_loss           | 0.0602     |
----------------------------------------
Early stopping at step 4 due to reaching max kl: 0.09
----------------------------------------
| env/                    |            |
|    strehl               | 0.516      |
| rollout/                |            |
|    ep_len_mean          | 8          |
|    ep_rew_mean          | -6.19      |
| time/                   |            |
|    fps                  | 213        |
|    iterations           | 502        |
|    time_elapsed         | 1206       |
|    total_timesteps      | 257024     |
| train/                  |            |
|    approx_kl            | 0.07414433 |
|    clip_fraction        | 0.358      |
|    clip_range           | 0.2        |
|    entropy_loss         | -6.59      |
|    explained_variance   | -0.00195   |
|    learning_rate        | 0.0003     |
|    loss                 | -0.0414    |
|    n_updates            | 4007       |
|    policy_gradient_loss | -0.0438    |
|    std                  | 0.332      |
|    value_loss           | 0.0745     |
----------------------------------------
Early stopping at step 5 due to reaching max kl: 0.08
-----------------------------------------
| env/                    |             |
|    strehl               | 0.431       |
| rollout/                |             |
|    ep_len_mean          | 8           |
|    ep_rew_mean          | -6.21       |
| time/                   |             |
|    fps                  | 213         |
|    iterations           | 503         |
|    time_elapsed         | 1208        |
|    total_timesteps      | 257536      |
| train/                  |             |
|    approx_kl            | 0.075411774 |
|    clip_fraction        | 0.385       |
|    clip_range           | 0.2         |
|    entropy_loss         | -6.59       |
|    explained_variance   | -0.00155    |
|    learning_rate        | 0.0003      |
|    loss                 | -0.0624     |
|    n_updates            | 4013        |
|    policy_gradient_loss | -0.0478     |
|    std                  | 0.332       |
|    value_loss           | 0.0822      |
-----------------------------------------
Early stopping at step 4 due to reaching max kl: 0.10
----------------------------------------
| env/                    |            |
|    strehl               | 0.595      |
| rollout/                |            |
|    ep_len_mean          | 8          |
|    ep_rew_mean          | -6.13      |
| time/                   |            |
|    fps                  | 213        |
|    iterations           | 504        |
|    time_elapsed         | 1210       |
|    total_timesteps      | 258048     |
| train/                  |            |
|    approx_kl            | 0.07909162 |
|    clip_fraction        | 0.394      |
|    clip_range           | 0.2        |
|    entropy_loss         | -6.59      |
|    explained_variance   | -0.00108   |
|    learning_rate        | 0.0003     |
|    loss                 | -0.0244    |
|    n_updates            | 4018       |
|    policy_gradient_loss | -0.0465    |
|    std                  | 0.332      |
|    value_loss           | 0.131      |
----------------------------------------
Early stopping at step 5 due to reaching max kl: 0.11
----------------------------------------
| env/                    |            |
|    strehl               | 0.507      |
| rollout/                |            |
|    ep_len_mean          | 8          |
|    ep_rew_mean          | -6.25      |
| time/                   |            |
|    fps                  | 213        |
|    iterations           | 505        |
|    time_elapsed         | 1213       |
|    total_timesteps      | 258560     |
| train/                  |            |
|    approx_kl            | 0.08683058 |
|    clip_fraction        | 0.441      |
|    clip_range           | 0.2        |
|    entropy_loss         | -6.59      |
|    explained_variance   | -0.000988  |
|    learning_rate        | 0.0003     |
|    loss                 | -0.0539    |
|    n_updates            | 4024       |
|    policy_gradient_loss | -0.0471    |
|    std                  | 0.332      |
|    value_loss           | 0.0884     |
----------------------------------------
Early stopping at step 4 due to reaching max kl: 0.09
----------------------------------------
| env/                    |            |
|    strehl               | 0.432      |
| rollout/                |            |
|    ep_len_mean          | 8          |
|    ep_rew_mean          | -6.28      |
| time/                   |            |
|    fps                  | 213        |
|    iterations           | 506        |
|    time_elapsed         | 1214       |
|    total_timesteps      | 259072     |
| train/                  |            |
|    approx_kl            | 0.07928531 |
|    clip_fraction        | 0.334      |
|    clip_range           | 0.2        |
|    entropy_loss         | -6.59      |
|    explained_variance   | -0.00185   |
|    learning_rate        | 0.0003     |
|    loss                 | -0.0461    |
|    n_updates            | 4029       |
|    policy_gradient_loss | -0.0454    |
|    std                  | 0.332      |
|    value_loss           | 0.0832     |
----------------------------------------
Early stopping at step 5 due to reaching max kl: 0.08
----------------------------------------
| env/                    |            |
|    strehl               | 0.508      |
| rollout/                |            |
|    ep_len_mean          | 8          |
|    ep_rew_mean          | -6.27      |
| time/                   |            |
|    fps                  | 213        |
|    iterations           | 507        |
|    time_elapsed         | 1217       |
|    total_timesteps      | 259584     |
| train/                  |            |
|    approx_kl            | 0.07900845 |
|    clip_fraction        | 0.388      |
|    clip_range           | 0.2        |
|    entropy_loss         | -6.59      |
|    explained_variance   | -0.000942  |
|    learning_rate        | 0.0003     |
|    loss                 | -0.0631    |
|    n_updates            | 4035       |
|    policy_gradient_loss | -0.0474    |
|    std                  | 0.332      |
|    value_loss           | 0.0805     |
----------------------------------------
Early stopping at step 5 due to reaching max kl: 0.08
----------------------------------------
| env/                    |            |
|    strehl               | 0.535      |
| rollout/                |            |
|    ep_len_mean          | 8          |
|    ep_rew_mean          | -6.1       |
| time/                   |            |
|    fps                  | 213        |
|    iterations           | 508        |
|    time_elapsed         | 1219       |
|    total_timesteps      | 260096     |
| train/                  |            |
|    approx_kl            | 0.07325499 |
|    clip_fraction        | 0.395      |
|    clip_range           | 0.2        |
|    entropy_loss         | -6.59      |
|    explained_variance   | -0.00102   |
|    learning_rate        | 0.0003     |
|    loss                 | -0.0759    |
|    n_updates            | 4041       |
|    policy_gradient_loss | -0.0513    |
|    std                  | 0.332      |
|    value_loss           | 0.0572     |
----------------------------------------
Early stopping at step 5 due to reaching max kl: 0.08
----------------------------------------
| env/                    |            |
|    strehl               | 0.52       |
| rollout/                |            |
|    ep_len_mean          | 8          |
|    ep_rew_mean          | -6.12      |
| time/                   |            |
|    fps                  | 213        |
|    iterations           | 509        |
|    time_elapsed         | 1221       |
|    total_timesteps      | 260608     |
| train/                  |            |
|    approx_kl            | 0.06927207 |
|    clip_fraction        | 0.409      |
|    clip_range           | 0.2        |
|    entropy_loss         | -6.6       |
|    explained_variance   | -0.00148   |
|    learning_rate        | 0.0003     |
|    loss                 | -0.0662    |
|    n_updates            | 4047       |
|    policy_gradient_loss | -0.0472    |
|    std                  | 0.332      |
|    value_loss           | 0.0797     |
----------------------------------------
Early stopping at step 5 due to reaching max kl: 0.08
-----------------------------------------
| env/                    |             |
|    strehl               | 0.564       |
| rollout/                |             |
|    ep_len_mean          | 8           |
|    ep_rew_mean          | -6.17       |
| time/                   |             |
|    fps                  | 213         |
|    iterations           | 510         |
|    time_elapsed         | 1223        |
|    total_timesteps      | 261120      |
| train/                  |             |
|    approx_kl            | 0.075981624 |
|    clip_fraction        | 0.349       |
|    clip_range           | 0.2         |
|    entropy_loss         | -6.6        |
|    explained_variance   | -0.00107    |
|    learning_rate        | 0.0003      |
|    loss                 | -0.081      |
|    n_updates            | 4053        |
|    policy_gradient_loss | -0.0525     |
|    std                  | 0.332       |
|    value_loss           | 0.0559      |
-----------------------------------------
Early stopping at step 5 due to reaching max kl: 0.08
----------------------------------------
| env/                    |            |
|    strehl               | 0.508      |
| rollout/                |            |
|    ep_len_mean          | 8          |
|    ep_rew_mean          | -6.17      |
| time/                   |            |
|    fps                  | 213        |
|    iterations           | 511        |
|    time_elapsed         | 1225       |
|    total_timesteps      | 261632     |
| train/                  |            |
|    approx_kl            | 0.08060189 |
|    clip_fraction        | 0.342      |
|    clip_range           | 0.2        |
|    entropy_loss         | -6.59      |
|    explained_variance   | -0.00166   |
|    learning_rate        | 0.0003     |
|    loss                 | -0.0775    |
|    n_updates            | 4059       |
|    policy_gradient_loss | -0.0493    |
|    std                  | 0.332      |
|    value_loss           | 0.0618     |
----------------------------------------
Early stopping at step 6 due to reaching max kl: 0.09
----------------------------------------
| env/                    |            |
|    strehl               | 0.49       |
| rollout/                |            |
|    ep_len_mean          | 8          |
|    ep_rew_mean          | -6.15      |
| time/                   |            |
|    fps                  | 213        |
|    iterations           | 512        |
|    time_elapsed         | 1227       |
|    total_timesteps      | 262144     |
| train/                  |            |
|    approx_kl            | 0.09375502 |
|    clip_fraction        | 0.384      |
|    clip_range           | 0.2        |
|    entropy_loss         | -6.59      |
|    explained_variance   | -0.00131   |
|    learning_rate        | 0.0003     |
|    loss                 | -0.0593    |
|    n_updates            | 4066       |
|    policy_gradient_loss | -0.0632    |
|    std                  | 0.332      |
|    value_loss           | 0.102      |
----------------------------------------
Early stopping at step 4 due to reaching max kl: 0.08
----------------------------------------
| env/                    |            |
|    strehl               | 0.466      |
| rollout/                |            |
|    ep_len_mean          | 8          |
|    ep_rew_mean          | -6.14      |
| time/                   |            |
|    fps                  | 213        |
|    iterations           | 513        |
|    time_elapsed         | 1229       |
|    total_timesteps      | 262656     |
| train/                  |            |
|    approx_kl            | 0.07712346 |
|    clip_fraction        | 0.332      |
|    clip_range           | 0.2        |
|    entropy_loss         | -6.59      |
|    explained_variance   | -0.000634  |
|    learning_rate        | 0.0003     |
|    loss                 | -0.0503    |
|    n_updates            | 4071       |
|    policy_gradient_loss | -0.0442    |
|    std                  | 0.332      |
|    value_loss           | 0.0946     |
----------------------------------------
Early stopping at step 4 due to reaching max kl: 0.09
-----------------------------------------
| env/                    |             |
|    strehl               | 0.475       |
| rollout/                |             |
|    ep_len_mean          | 8           |
|    ep_rew_mean          | -6.2        |
| time/                   |             |
|    fps                  | 213         |
|    iterations           | 514         |
|    time_elapsed         | 1231        |
|    total_timesteps      | 263168      |
| train/                  |             |
|    approx_kl            | 0.080174394 |
|    clip_fraction        | 0.329       |
|    clip_range           | 0.2         |
|    entropy_loss         | -6.58       |
|    explained_variance   | -0.00162    |
|    learning_rate        | 0.0003      |
|    loss                 | -0.0454     |
|    n_updates            | 4076        |
|    policy_gradient_loss | -0.0493     |
|    std                  | 0.332       |
|    value_loss           | 0.076       |
-----------------------------------------
Early stopping at step 5 due to reaching max kl: 0.08
----------------------------------------
| env/                    |            |
|    strehl               | 0.42       |
| rollout/                |            |
|    ep_len_mean          | 8          |
|    ep_rew_mean          | -6.22      |
| time/                   |            |
|    fps                  | 213        |
|    iterations           | 515        |
|    time_elapsed         | 1233       |
|    total_timesteps      | 263680     |
| train/                  |            |
|    approx_kl            | 0.07883969 |
|    clip_fraction        | 0.362      |
|    clip_range           | 0.2        |
|    entropy_loss         | -6.58      |
|    explained_variance   | -0.00128   |
|    learning_rate        | 0.0003     |
|    loss                 | -0.0602    |
|    n_updates            | 4082       |
|    policy_gradient_loss | -0.0502    |
|    std                  | 0.332      |
|    value_loss           | 0.0924     |
----------------------------------------
Early stopping at step 5 due to reaching max kl: 0.09
----------------------------------------
| env/                    |            |
|    strehl               | 0.533      |
| rollout/                |            |
|    ep_len_mean          | 8          |
|    ep_rew_mean          | -6.14      |
| time/                   |            |
|    fps                  | 213        |
|    iterations           | 516        |
|    time_elapsed         | 1236       |
|    total_timesteps      | 264192     |
| train/                  |            |
|    approx_kl            | 0.07592106 |
|    clip_fraction        | 0.377      |
|    clip_range           | 0.2        |
|    entropy_loss         | -6.58      |
|    explained_variance   | -0.00101   |
|    learning_rate        | 0.0003     |
|    loss                 | -0.0534    |
|    n_updates            | 4088       |
|    policy_gradient_loss | -0.052     |
|    std                  | 0.331      |
|    value_loss           | 0.0778     |
----------------------------------------
Early stopping at step 4 due to reaching max kl: 0.08
----------------------------------------
| env/                    |            |
|    strehl               | 0.576      |
| rollout/                |            |
|    ep_len_mean          | 8          |
|    ep_rew_mean          | -6.05      |
| time/                   |            |
|    fps                  | 213        |
|    iterations           | 517        |
|    time_elapsed         | 1238       |
|    total_timesteps      | 264704     |
| train/                  |            |
|    approx_kl            | 0.07018897 |
|    clip_fraction        | 0.4        |
|    clip_range           | 0.2        |
|    entropy_loss         | -6.58      |
|    explained_variance   | -0.000836  |
|    learning_rate        | 0.0003     |
|    loss                 | -0.0641    |
|    n_updates            | 4093       |
|    policy_gradient_loss | -0.0447    |
|    std                  | 0.331      |
|    value_loss           | 0.0666     |
----------------------------------------
Early stopping at step 5 due to reaching max kl: 0.08
----------------------------------------
| env/                    |            |
|    strehl               | 0.536      |
| rollout/                |            |
|    ep_len_mean          | 8          |
|    ep_rew_mean          | -6.06      |
| time/                   |            |
|    fps                  | 213        |
|    iterations           | 518        |
|    time_elapsed         | 1240       |
|    total_timesteps      | 265216     |
| train/                  |            |
|    approx_kl            | 0.07979634 |
|    clip_fraction        | 0.401      |
|    clip_range           | 0.2        |
|    entropy_loss         | -6.58      |
|    explained_variance   | -0.00189   |
|    learning_rate        | 0.0003     |
|    loss                 | -0.0508    |
|    n_updates            | 4099       |
|    policy_gradient_loss | -0.0491    |
|    std                  | 0.331      |
|    value_loss           | 0.0946     |
----------------------------------------
Early stopping at step 5 due to reaching max kl: 0.08
----------------------------------------
| env/                    |            |
|    strehl               | 0.48       |
| rollout/                |            |
|    ep_len_mean          | 8          |
|    ep_rew_mean          | -6.22      |
| time/                   |            |
|    fps                  | 213        |
|    iterations           | 519        |
|    time_elapsed         | 1242       |
|    total_timesteps      | 265728     |
| train/                  |            |
|    approx_kl            | 0.08417959 |
|    clip_fraction        | 0.351      |
|    clip_range           | 0.2        |
|    entropy_loss         | -6.58      |
|    explained_variance   | -0.0012    |
|    learning_rate        | 0.0003     |
|    loss                 | -0.0606    |
|    n_updates            | 4105       |
|    policy_gradient_loss | -0.0538    |
|    std                  | 0.331      |
|    value_loss           | 0.0917     |
----------------------------------------
Early stopping at step 6 due to reaching max kl: 0.09
----------------------------------------
| env/                    |            |
|    strehl               | 0.508      |
| rollout/                |            |
|    ep_len_mean          | 8          |
|    ep_rew_mean          | -6.25      |
| time/                   |            |
|    fps                  | 213        |
|    iterations           | 520        |
|    time_elapsed         | 1244       |
|    total_timesteps      | 266240     |
| train/                  |            |
|    approx_kl            | 0.08780323 |
|    clip_fraction        | 0.404      |
|    clip_range           | 0.2        |
|    entropy_loss         | -6.58      |
|    explained_variance   | -0.00112   |
|    learning_rate        | 0.0003     |
|    loss                 | -0.0719    |
|    n_updates            | 4112       |
|    policy_gradient_loss | -0.0633    |
|    std                  | 0.331      |
|    value_loss           | 0.0789     |
----------------------------------------
Early stopping at step 4 due to reaching max kl: 0.09
-----------------------------------------
| env/                    |             |
|    strehl               | 0.473       |
| rollout/                |             |
|    ep_len_mean          | 8           |
|    ep_rew_mean          | -6.16       |
| time/                   |             |
|    fps                  | 213         |
|    iterations           | 521         |
|    time_elapsed         | 1246        |
|    total_timesteps      | 266752      |
| train/                  |             |
|    approx_kl            | 0.073531754 |
|    clip_fraction        | 0.341       |
|    clip_range           | 0.2         |
|    entropy_loss         | -6.58       |
|    explained_variance   | -0.00161    |
|    learning_rate        | 0.0003      |
|    loss                 | -0.0487     |
|    n_updates            | 4117        |
|    policy_gradient_loss | -0.0547     |
|    std                  | 0.332       |
|    value_loss           | 0.0889      |
-----------------------------------------
Early stopping at step 4 due to reaching max kl: 0.08
----------------------------------------
| env/                    |            |
|    strehl               | 0.446      |
| rollout/                |            |
|    ep_len_mean          | 8          |
|    ep_rew_mean          | -6.19      |
| time/                   |            |
|    fps                  | 214        |
|    iterations           | 522        |
|    time_elapsed         | 1248       |
|    total_timesteps      | 267264     |
| train/                  |            |
|    approx_kl            | 0.06516315 |
|    clip_fraction        | 0.434      |
|    clip_range           | 0.2        |
|    entropy_loss         | -6.58      |
|    explained_variance   | -0.00108   |
|    learning_rate        | 0.0003     |
|    loss                 | -0.0238    |
|    n_updates            | 4122       |
|    policy_gradient_loss | -0.0326    |
|    std                  | 0.332      |
|    value_loss           | 0.0888     |
----------------------------------------
Early stopping at step 5 due to reaching max kl: 0.09
-----------------------------------------
| env/                    |             |
|    strehl               | 0.543       |
| rollout/                |             |
|    ep_len_mean          | 8           |
|    ep_rew_mean          | -6.17       |
| time/                   |             |
|    fps                  | 214         |
|    iterations           | 523         |
|    time_elapsed         | 1250        |
|    total_timesteps      | 267776      |
| train/                  |             |
|    approx_kl            | 0.094682075 |
|    clip_fraction        | 0.383       |
|    clip_range           | 0.2         |
|    entropy_loss         | -6.58       |
|    explained_variance   | -0.000972   |
|    learning_rate        | 0.0003      |
|    loss                 | -0.034      |
|    n_updates            | 4128        |
|    policy_gradient_loss | -0.041      |
|    std                  | 0.331       |
|    value_loss           | 0.0931      |
-----------------------------------------
Early stopping at step 4 due to reaching max kl: 0.08
-----------------------------------------
| env/                    |             |
|    strehl               | 0.549       |
| rollout/                |             |
|    ep_len_mean          | 8           |
|    ep_rew_mean          | -6.06       |
| time/                   |             |
|    fps                  | 214         |
|    iterations           | 524         |
|    time_elapsed         | 1252        |
|    total_timesteps      | 268288      |
| train/                  |             |
|    approx_kl            | 0.068106696 |
|    clip_fraction        | 0.311       |
|    clip_range           | 0.2         |
|    entropy_loss         | -6.57       |
|    explained_variance   | -0.00142    |
|    learning_rate        | 0.0003      |
|    loss                 | -0.0537     |
|    n_updates            | 4133        |
|    policy_gradient_loss | -0.0512     |
|    std                  | 0.331       |
|    value_loss           | 0.0866      |
-----------------------------------------
Early stopping at step 5 due to reaching max kl: 0.08
----------------------------------------
| env/                    |            |
|    strehl               | 0.551      |
| rollout/                |            |
|    ep_len_mean          | 8          |
|    ep_rew_mean          | -6.09      |
| time/                   |            |
|    fps                  | 214        |
|    iterations           | 525        |
|    time_elapsed         | 1254       |
|    total_timesteps      | 268800     |
| train/                  |            |
|    approx_kl            | 0.08214582 |
|    clip_fraction        | 0.381      |
|    clip_range           | 0.2        |
|    entropy_loss         | -6.57      |
|    explained_variance   | -0.00156   |
|    learning_rate        | 0.0003     |
|    loss                 | -0.069     |
|    n_updates            | 4139       |
|    policy_gradient_loss | -0.0517    |
|    std                  | 0.331      |
|    value_loss           | 0.067      |
----------------------------------------
Early stopping at step 4 due to reaching max kl: 0.09
----------------------------------------
| env/                    |            |
|    strehl               | 0.546      |
| rollout/                |            |
|    ep_len_mean          | 8          |
|    ep_rew_mean          | -6.12      |
| time/                   |            |
|    fps                  | 214        |
|    iterations           | 526        |
|    time_elapsed         | 1256       |
|    total_timesteps      | 269312     |
| train/                  |            |
|    approx_kl            | 0.07443812 |
|    clip_fraction        | 0.375      |
|    clip_range           | 0.2        |
|    entropy_loss         | -6.57      |
|    explained_variance   | -0.000951  |
|    learning_rate        | 0.0003     |
|    loss                 | -0.0398    |
|    n_updates            | 4144       |
|    policy_gradient_loss | -0.0368    |
|    std                  | 0.331      |
|    value_loss           | 0.0594     |
----------------------------------------
Early stopping at step 5 due to reaching max kl: 0.08
----------------------------------------
| env/                    |            |
|    strehl               | 0.471      |
| rollout/                |            |
|    ep_len_mean          | 8          |
|    ep_rew_mean          | -6.15      |
| time/                   |            |
|    fps                  | 214        |
|    iterations           | 527        |
|    time_elapsed         | 1258       |
|    total_timesteps      | 269824     |
| train/                  |            |
|    approx_kl            | 0.06938337 |
|    clip_fraction        | 0.386      |
|    clip_range           | 0.2        |
|    entropy_loss         | -6.56      |
|    explained_variance   | -0.00125   |
|    learning_rate        | 0.0003     |
|    loss                 | -0.0846    |
|    n_updates            | 4150       |
|    policy_gradient_loss | -0.051     |
|    std                  | 0.331      |
|    value_loss           | 0.0592     |
----------------------------------------
Early stopping at step 5 due to reaching max kl: 0.10
-----------------------------------------
| env/                    |             |
|    strehl               | 0.389       |
| rollout/                |             |
|    ep_len_mean          | 8           |
|    ep_rew_mean          | -6.18       |
| time/                   |             |
|    fps                  | 214         |
|    iterations           | 528         |
|    time_elapsed         | 1261        |
|    total_timesteps      | 270336      |
| train/                  |             |
|    approx_kl            | 0.083452165 |
|    clip_fraction        | 0.42        |
|    clip_range           | 0.2         |
|    entropy_loss         | -6.56       |
|    explained_variance   | -0.00161    |
|    learning_rate        | 0.0003      |
|    loss                 | -0.0447     |
|    n_updates            | 4156        |
|    policy_gradient_loss | -0.0517     |
|    std                  | 0.331       |
|    value_loss           | 0.0988      |
-----------------------------------------
Early stopping at step 5 due to reaching max kl: 0.09
-----------------------------------------
| env/                    |             |
|    strehl               | 0.476       |
| rollout/                |             |
|    ep_len_mean          | 8           |
|    ep_rew_mean          | -6.17       |
| time/                   |             |
|    fps                  | 214         |
|    iterations           | 529         |
|    time_elapsed         | 1263        |
|    total_timesteps      | 270848      |
| train/                  |             |
|    approx_kl            | 0.079615876 |
|    clip_fraction        | 0.454       |
|    clip_range           | 0.2         |
|    entropy_loss         | -6.56       |
|    explained_variance   | -0.000846   |
|    learning_rate        | 0.0003      |
|    loss                 | -0.0434     |
|    n_updates            | 4162        |
|    policy_gradient_loss | -0.054      |
|    std                  | 0.331       |
|    value_loss           | 0.108       |
-----------------------------------------
Early stopping at step 4 due to reaching max kl: 0.09
----------------------------------------
| env/                    |            |
|    strehl               | 0.374      |
| rollout/                |            |
|    ep_len_mean          | 8          |
|    ep_rew_mean          | -6.3       |
| time/                   |            |
|    fps                  | 214        |
|    iterations           | 530        |
|    time_elapsed         | 1265       |
|    total_timesteps      | 271360     |
| train/                  |            |
|    approx_kl            | 0.07643659 |
|    clip_fraction        | 0.36       |
|    clip_range           | 0.2        |
|    entropy_loss         | -6.55      |
|    explained_variance   | -0.000949  |
|    learning_rate        | 0.0003     |
|    loss                 | -0.0255    |
|    n_updates            | 4167       |
|    policy_gradient_loss | -0.0478    |
|    std                  | 0.331      |
|    value_loss           | 0.13       |
----------------------------------------
Early stopping at step 5 due to reaching max kl: 0.08
----------------------------------------
| env/                    |            |
|    strehl               | 0.441      |
| rollout/                |            |
|    ep_len_mean          | 8          |
|    ep_rew_mean          | -6.18      |
| time/                   |            |
|    fps                  | 214        |
|    iterations           | 531        |
|    time_elapsed         | 1267       |
|    total_timesteps      | 271872     |
| train/                  |            |
|    approx_kl            | 0.08176808 |
|    clip_fraction        | 0.398      |
|    clip_range           | 0.2        |
|    entropy_loss         | -6.55      |
|    explained_variance   | -0.000527  |
|    learning_rate        | 0.0003     |
|    loss                 | -0.0593    |
|    n_updates            | 4173       |
|    policy_gradient_loss | -0.0488    |
|    std                  | 0.331      |
|    value_loss           | 0.0676     |
----------------------------------------
Early stopping at step 3 due to reaching max kl: 0.08
-----------------------------------------
| env/                    |             |
|    strehl               | 0.502       |
| rollout/                |             |
|    ep_len_mean          | 8           |
|    ep_rew_mean          | -6.11       |
| time/                   |             |
|    fps                  | 214         |
|    iterations           | 532         |
|    time_elapsed         | 1269        |
|    total_timesteps      | 272384      |
| train/                  |             |
|    approx_kl            | 0.075846985 |
|    clip_fraction        | 0.319       |
|    clip_range           | 0.2         |
|    entropy_loss         | -6.54       |
|    explained_variance   | -0.00106    |
|    learning_rate        | 0.0003      |
|    loss                 | -0.0337     |
|    n_updates            | 4177        |
|    policy_gradient_loss | -0.0317     |
|    std                  | 0.331       |
|    value_loss           | 0.0821      |
-----------------------------------------
Early stopping at step 5 due to reaching max kl: 0.08
----------------------------------------
| env/                    |            |
|    strehl               | 0.541      |
| rollout/                |            |
|    ep_len_mean          | 8          |
|    ep_rew_mean          | -6.08      |
| time/                   |            |
|    fps                  | 214        |
|    iterations           | 533        |
|    time_elapsed         | 1271       |
|    total_timesteps      | 272896     |
| train/                  |            |
|    approx_kl            | 0.08421565 |
|    clip_fraction        | 0.444      |
|    clip_range           | 0.2        |
|    entropy_loss         | -6.54      |
|    explained_variance   | -0.00111   |
|    learning_rate        | 0.0003     |
|    loss                 | -0.0487    |
|    n_updates            | 4183       |
|    policy_gradient_loss | -0.0466    |
|    std                  | 0.331      |
|    value_loss           | 0.0727     |
----------------------------------------
Early stopping at step 5 due to reaching max kl: 0.11
-----------------------------------------
| env/                    |             |
|    strehl               | 0.449       |
| rollout/                |             |
|    ep_len_mean          | 8           |
|    ep_rew_mean          | -6.19       |
| time/                   |             |
|    fps                  | 214         |
|    iterations           | 534         |
|    time_elapsed         | 1273        |
|    total_timesteps      | 273408      |
| train/                  |             |
|    approx_kl            | 0.091481894 |
|    clip_fraction        | 0.41        |
|    clip_range           | 0.2         |
|    entropy_loss         | -6.54       |
|    explained_variance   | -0.00144    |
|    learning_rate        | 0.0003      |
|    loss                 | -0.0805     |
|    n_updates            | 4189        |
|    policy_gradient_loss | -0.0588     |
|    std                  | 0.331       |
|    value_loss           | 0.0586      |
-----------------------------------------
Early stopping at step 5 due to reaching max kl: 0.09
-----------------------------------------
| env/                    |             |
|    strehl               | 0.502       |
| rollout/                |             |
|    ep_len_mean          | 8           |
|    ep_rew_mean          | -6.25       |
| time/                   |             |
|    fps                  | 214         |
|    iterations           | 535         |
|    time_elapsed         | 1275        |
|    total_timesteps      | 273920      |
| train/                  |             |
|    approx_kl            | 0.078784525 |
|    clip_fraction        | 0.389       |
|    clip_range           | 0.2         |
|    entropy_loss         | -6.54       |
|    explained_variance   | -0.00126    |
|    learning_rate        | 0.0003      |
|    loss                 | -0.0395     |
|    n_updates            | 4195        |
|    policy_gradient_loss | -0.0528     |
|    std                  | 0.331       |
|    value_loss           | 0.109       |
-----------------------------------------
Early stopping at step 4 due to reaching max kl: 0.08
-----------------------------------------
| env/                    |             |
|    strehl               | 0.401       |
| rollout/                |             |
|    ep_len_mean          | 8           |
|    ep_rew_mean          | -6.21       |
| time/                   |             |
|    fps                  | 214         |
|    iterations           | 536         |
|    time_elapsed         | 1277        |
|    total_timesteps      | 274432      |
| train/                  |             |
|    approx_kl            | 0.070347175 |
|    clip_fraction        | 0.373       |
|    clip_range           | 0.2         |
|    entropy_loss         | -6.54       |
|    explained_variance   | -0.00127    |
|    learning_rate        | 0.0003      |
|    loss                 | -0.0414     |
|    n_updates            | 4200        |
|    policy_gradient_loss | -0.04       |
|    std                  | 0.331       |
|    value_loss           | 0.0953      |
-----------------------------------------
Early stopping at step 5 due to reaching max kl: 0.09
-----------------------------------------
| env/                    |             |
|    strehl               | 0.512       |
| rollout/                |             |
|    ep_len_mean          | 8           |
|    ep_rew_mean          | -6.23       |
| time/                   |             |
|    fps                  | 214         |
|    iterations           | 537         |
|    time_elapsed         | 1279        |
|    total_timesteps      | 274944      |
| train/                  |             |
|    approx_kl            | 0.093398236 |
|    clip_fraction        | 0.404       |
|    clip_range           | 0.2         |
|    entropy_loss         | -6.53       |
|    explained_variance   | -0.00134    |
|    learning_rate        | 0.0003      |
|    loss                 | -0.0414     |
|    n_updates            | 4206        |
|    policy_gradient_loss | -0.0459     |
|    std                  | 0.331       |
|    value_loss           | 0.0867      |
-----------------------------------------
Early stopping at step 6 due to reaching max kl: 0.09
Eval num_timesteps=275000, episode_reward=-6.10 +/- 0.22
Episode length: 8.00 +/- 0.00
----------------------------------------
| env/                    |            |
|    strehl               | 0.462      |
| eval/                   |            |
|    mean_ep_length       | 8          |
|    mean_reward          | -6.1       |
| time/                   |            |
|    total_timesteps      | 275000     |
| train/                  |            |
|    approx_kl            | 0.09250961 |
|    clip_fraction        | 0.429      |
|    clip_range           | 0.2        |
|    entropy_loss         | -6.53      |
|    explained_variance   | -0.0014    |
|    learning_rate        | 0.0003     |
|    loss                 | -0.0456    |
|    n_updates            | 4213       |
|    policy_gradient_loss | -0.0543    |
|    std                  | 0.331      |
|    value_loss           | 0.117      |
----------------------------------------
---------------------------------
| env/               |          |
|    strehl          | 0.508    |
| rollout/           |          |
|    ep_len_mean     | 8        |
|    ep_rew_mean     | -6.17    |
| time/              |          |
|    fps             | 214      |
|    iterations      | 538      |
|    time_elapsed    | 1282     |
|    total_timesteps | 275456   |
---------------------------------
Early stopping at step 4 due to reaching max kl: 0.08
----------------------------------------
| env/                    |            |
|    strehl               | 0.481      |
| rollout/                |            |
|    ep_len_mean          | 8          |
|    ep_rew_mean          | -6.12      |
| time/                   |            |
|    fps                  | 214        |
|    iterations           | 539        |
|    time_elapsed         | 1284       |
|    total_timesteps      | 275968     |
| train/                  |            |
|    approx_kl            | 0.06858591 |
|    clip_fraction        | 0.312      |
|    clip_range           | 0.2        |
|    entropy_loss         | -6.53      |
|    explained_variance   | -0.00109   |
|    learning_rate        | 0.0003     |
|    loss                 | -0.0405    |
|    n_updates            | 4218       |
|    policy_gradient_loss | -0.0441    |
|    std                  | 0.331      |
|    value_loss           | 0.0678     |
----------------------------------------
Early stopping at step 4 due to reaching max kl: 0.08
----------------------------------------
| env/                    |            |
|    strehl               | 0.54       |
| rollout/                |            |
|    ep_len_mean          | 8          |
|    ep_rew_mean          | -6.11      |
| time/                   |            |
|    fps                  | 214        |
|    iterations           | 540        |
|    time_elapsed         | 1286       |
|    total_timesteps      | 276480     |
| train/                  |            |
|    approx_kl            | 0.07265858 |
|    clip_fraction        | 0.317      |
|    clip_range           | 0.2        |
|    entropy_loss         | -6.53      |
|    explained_variance   | -0.000958  |
|    learning_rate        | 0.0003     |
|    loss                 | -0.0739    |
|    n_updates            | 4223       |
|    policy_gradient_loss | -0.0509    |
|    std                  | 0.331      |
|    value_loss           | 0.079      |
----------------------------------------
Early stopping at step 5 due to reaching max kl: 0.09
---------------------------------------
| env/                    |           |
|    strehl               | 0.482     |
| rollout/                |           |
|    ep_len_mean          | 8         |
|    ep_rew_mean          | -6.17     |
| time/                   |           |
|    fps                  | 214       |
|    iterations           | 541       |
|    time_elapsed         | 1289      |
|    total_timesteps      | 276992    |
| train/                  |           |
|    approx_kl            | 0.0852159 |
|    clip_fraction        | 0.35      |
|    clip_range           | 0.2       |
|    entropy_loss         | -6.52     |
|    explained_variance   | -0.000934 |
|    learning_rate        | 0.0003    |
|    loss                 | -0.0572   |
|    n_updates            | 4229      |
|    policy_gradient_loss | -0.0506   |
|    std                  | 0.331     |
|    value_loss           | 0.0873    |
---------------------------------------
Early stopping at step 5 due to reaching max kl: 0.10
----------------------------------------
| env/                    |            |
|    strehl               | 0.517      |
| rollout/                |            |
|    ep_len_mean          | 8          |
|    ep_rew_mean          | -6.2       |
| time/                   |            |
|    fps                  | 214        |
|    iterations           | 542        |
|    time_elapsed         | 1291       |
|    total_timesteps      | 277504     |
| train/                  |            |
|    approx_kl            | 0.10129002 |
|    clip_fraction        | 0.42       |
|    clip_range           | 0.2        |
|    entropy_loss         | -6.52      |
|    explained_variance   | -0.00147   |
|    learning_rate        | 0.0003     |
|    loss                 | -0.0472    |
|    n_updates            | 4235       |
|    policy_gradient_loss | -0.0458    |
|    std                  | 0.331      |
|    value_loss           | 0.079      |
----------------------------------------
Early stopping at step 3 due to reaching max kl: 0.10
----------------------------------------
| env/                    |            |
|    strehl               | 0.446      |
| rollout/                |            |
|    ep_len_mean          | 8          |
|    ep_rew_mean          | -6.18      |
| time/                   |            |
|    fps                  | 214        |
|    iterations           | 543        |
|    time_elapsed         | 1293       |
|    total_timesteps      | 278016     |
| train/                  |            |
|    approx_kl            | 0.07141294 |
|    clip_fraction        | 0.407      |
|    clip_range           | 0.2        |
|    entropy_loss         | -6.52      |
|    explained_variance   | -0.00168   |
|    learning_rate        | 0.0003     |
|    loss                 | -0.0246    |
|    n_updates            | 4239       |
|    policy_gradient_loss | -0.0289    |
|    std                  | 0.33       |
|    value_loss           | 0.0682     |
----------------------------------------
Early stopping at step 4 due to reaching max kl: 0.08
-----------------------------------------
| env/                    |             |
|    strehl               | 0.407       |
| rollout/                |             |
|    ep_len_mean          | 8           |
|    ep_rew_mean          | -6.16       |
| time/                   |             |
|    fps                  | 215         |
|    iterations           | 544         |
|    time_elapsed         | 1295        |
|    total_timesteps      | 278528      |
| train/                  |             |
|    approx_kl            | 0.074254625 |
|    clip_fraction        | 0.356       |
|    clip_range           | 0.2         |
|    entropy_loss         | -6.51       |
|    explained_variance   | -0.000849   |
|    learning_rate        | 0.0003      |
|    loss                 | -0.0529     |
|    n_updates            | 4244        |
|    policy_gradient_loss | -0.0549     |
|    std                  | 0.33        |
|    value_loss           | 0.0883      |
-----------------------------------------
Early stopping at step 4 due to reaching max kl: 0.08
----------------------------------------
| env/                    |            |
|    strehl               | 0.536      |
| rollout/                |            |
|    ep_len_mean          | 8          |
|    ep_rew_mean          | -6.2       |
| time/                   |            |
|    fps                  | 215        |
|    iterations           | 545        |
|    time_elapsed         | 1297       |
|    total_timesteps      | 279040     |
| train/                  |            |
|    approx_kl            | 0.08086875 |
|    clip_fraction        | 0.322      |
|    clip_range           | 0.2        |
|    entropy_loss         | -6.51      |
|    explained_variance   | -0.00154   |
|    learning_rate        | 0.0003     |
|    loss                 | -0.0276    |
|    n_updates            | 4249       |
|    policy_gradient_loss | -0.0396    |
|    std                  | 0.33       |
|    value_loss           | 0.103      |
----------------------------------------
Early stopping at step 5 due to reaching max kl: 0.08
----------------------------------------
| env/                    |            |
|    strehl               | 0.5        |
| rollout/                |            |
|    ep_len_mean          | 8          |
|    ep_rew_mean          | -6.15      |
| time/                   |            |
|    fps                  | 215        |
|    iterations           | 546        |
|    time_elapsed         | 1299       |
|    total_timesteps      | 279552     |
| train/                  |            |
|    approx_kl            | 0.08081415 |
|    clip_fraction        | 0.373      |
|    clip_range           | 0.2        |
|    entropy_loss         | -6.5       |
|    explained_variance   | -0.000627  |
|    learning_rate        | 0.0003     |
|    loss                 | -0.0657    |
|    n_updates            | 4255       |
|    policy_gradient_loss | -0.0489    |
|    std                  | 0.33       |
|    value_loss           | 0.0805     |
----------------------------------------
Early stopping at step 4 due to reaching max kl: 0.08
----------------------------------------
| env/                    |            |
|    strehl               | 0.395      |
| rollout/                |            |
|    ep_len_mean          | 8          |
|    ep_rew_mean          | -6.17      |
| time/                   |            |
|    fps                  | 215        |
|    iterations           | 547        |
|    time_elapsed         | 1301       |
|    total_timesteps      | 280064     |
| train/                  |            |
|    approx_kl            | 0.07372422 |
|    clip_fraction        | 0.395      |
|    clip_range           | 0.2        |
|    entropy_loss         | -6.5       |
|    explained_variance   | -0.000719  |
|    learning_rate        | 0.0003     |
|    loss                 | -0.0516    |
|    n_updates            | 4260       |
|    policy_gradient_loss | -0.0463    |
|    std                  | 0.33       |
|    value_loss           | 0.0848     |
----------------------------------------
Early stopping at step 5 due to reaching max kl: 0.09
----------------------------------------
| env/                    |            |
|    strehl               | 0.533      |
| rollout/                |            |
|    ep_len_mean          | 8          |
|    ep_rew_mean          | -6.22      |
| time/                   |            |
|    fps                  | 215        |
|    iterations           | 548        |
|    time_elapsed         | 1303       |
|    total_timesteps      | 280576     |
| train/                  |            |
|    approx_kl            | 0.09267736 |
|    clip_fraction        | 0.43       |
|    clip_range           | 0.2        |
|    entropy_loss         | -6.5       |
|    explained_variance   | -0.000689  |
|    learning_rate        | 0.0003     |
|    loss                 | -0.0504    |
|    n_updates            | 4266       |
|    policy_gradient_loss | -0.0476    |
|    std                  | 0.33       |
|    value_loss           | 0.101      |
----------------------------------------
Early stopping at step 5 due to reaching max kl: 0.08
----------------------------------------
| env/                    |            |
|    strehl               | 0.566      |
| rollout/                |            |
|    ep_len_mean          | 8          |
|    ep_rew_mean          | -6.15      |
| time/                   |            |
|    fps                  | 215        |
|    iterations           | 549        |
|    time_elapsed         | 1305       |
|    total_timesteps      | 281088     |
| train/                  |            |
|    approx_kl            | 0.07636024 |
|    clip_fraction        | 0.432      |
|    clip_range           | 0.2        |
|    entropy_loss         | -6.51      |
|    explained_variance   | -0.00188   |
|    learning_rate        | 0.0003     |
|    loss                 | -0.0526    |
|    n_updates            | 4272       |
|    policy_gradient_loss | -0.0306    |
|    std                  | 0.33       |
|    value_loss           | 0.0681     |
----------------------------------------
Early stopping at step 5 due to reaching max kl: 0.09
----------------------------------------
| env/                    |            |
|    strehl               | 0.477      |
| rollout/                |            |
|    ep_len_mean          | 8          |
|    ep_rew_mean          | -6.12      |
| time/                   |            |
|    fps                  | 215        |
|    iterations           | 550        |
|    time_elapsed         | 1307       |
|    total_timesteps      | 281600     |
| train/                  |            |
|    approx_kl            | 0.08201884 |
|    clip_fraction        | 0.38       |
|    clip_range           | 0.2        |
|    entropy_loss         | -6.51      |
|    explained_variance   | -0.00191   |
|    learning_rate        | 0.0003     |
|    loss                 | -0.0707    |
|    n_updates            | 4278       |
|    policy_gradient_loss | -0.0536    |
|    std                  | 0.33       |
|    value_loss           | 0.0654     |
----------------------------------------
Early stopping at step 4 due to reaching max kl: 0.08
----------------------------------------
| env/                    |            |
|    strehl               | 0.448      |
| rollout/                |            |
|    ep_len_mean          | 8          |
|    ep_rew_mean          | -6.06      |
| time/                   |            |
|    fps                  | 215        |
|    iterations           | 551        |
|    time_elapsed         | 1309       |
|    total_timesteps      | 282112     |
| train/                  |            |
|    approx_kl            | 0.07938387 |
|    clip_fraction        | 0.408      |
|    clip_range           | 0.2        |
|    entropy_loss         | -6.5       |
|    explained_variance   | -0.000728  |
|    learning_rate        | 0.0003     |
|    loss                 | -0.0396    |
|    n_updates            | 4283       |
|    policy_gradient_loss | -0.049     |
|    std                  | 0.33       |
|    value_loss           | 0.112      |
----------------------------------------
Early stopping at step 5 due to reaching max kl: 0.08
----------------------------------------
| env/                    |            |
|    strehl               | 0.371      |
| rollout/                |            |
|    ep_len_mean          | 8          |
|    ep_rew_mean          | -6.22      |
| time/                   |            |
|    fps                  | 215        |
|    iterations           | 552        |
|    time_elapsed         | 1312       |
|    total_timesteps      | 282624     |
| train/                  |            |
|    approx_kl            | 0.08298672 |
|    clip_fraction        | 0.397      |
|    clip_range           | 0.2        |
|    entropy_loss         | -6.49      |
|    explained_variance   | -0.000979  |
|    learning_rate        | 0.0003     |
|    loss                 | -0.0502    |
|    n_updates            | 4289       |
|    policy_gradient_loss | -0.0445    |
|    std                  | 0.33       |
|    value_loss           | 0.0688     |
----------------------------------------
Early stopping at step 3 due to reaching max kl: 0.08
-----------------------------------------
| env/                    |             |
|    strehl               | 0.497       |
| rollout/                |             |
|    ep_len_mean          | 8           |
|    ep_rew_mean          | -6.22       |
| time/                   |             |
|    fps                  | 215         |
|    iterations           | 553         |
|    time_elapsed         | 1314        |
|    total_timesteps      | 283136      |
| train/                  |             |
|    approx_kl            | 0.067292705 |
|    clip_fraction        | 0.432       |
|    clip_range           | 0.2         |
|    entropy_loss         | -6.49       |
|    explained_variance   | -0.00116    |
|    learning_rate        | 0.0003      |
|    loss                 | -0.00552    |
|    n_updates            | 4293        |
|    policy_gradient_loss | -0.0399     |
|    std                  | 0.33        |
|    value_loss           | 0.136       |
-----------------------------------------
Early stopping at step 5 due to reaching max kl: 0.10
----------------------------------------
| env/                    |            |
|    strehl               | 0.466      |
| rollout/                |            |
|    ep_len_mean          | 8          |
|    ep_rew_mean          | -6.18      |
| time/                   |            |
|    fps                  | 215        |
|    iterations           | 554        |
|    time_elapsed         | 1316       |
|    total_timesteps      | 283648     |
| train/                  |            |
|    approx_kl            | 0.08509727 |
|    clip_fraction        | 0.441      |
|    clip_range           | 0.2        |
|    entropy_loss         | -6.49      |
|    explained_variance   | -0.00185   |
|    learning_rate        | 0.0003     |
|    loss                 | -0.0398    |
|    n_updates            | 4299       |
|    policy_gradient_loss | -0.0438    |
|    std                  | 0.33       |
|    value_loss           | 0.0915     |
----------------------------------------
Early stopping at step 5 due to reaching max kl: 0.08
----------------------------------------
| env/                    |            |
|    strehl               | 0.51       |
| rollout/                |            |
|    ep_len_mean          | 8          |
|    ep_rew_mean          | -6.12      |
| time/                   |            |
|    fps                  | 215        |
|    iterations           | 555        |
|    time_elapsed         | 1318       |
|    total_timesteps      | 284160     |
| train/                  |            |
|    approx_kl            | 0.07960213 |
|    clip_fraction        | 0.304      |
|    clip_range           | 0.2        |
|    entropy_loss         | -6.49      |
|    explained_variance   | -0.00113   |
|    learning_rate        | 0.0003     |
|    loss                 | -0.0696    |
|    n_updates            | 4305       |
|    policy_gradient_loss | -0.0539    |
|    std                  | 0.33       |
|    value_loss           | 0.0615     |
----------------------------------------
Early stopping at step 5 due to reaching max kl: 0.08
----------------------------------------
| env/                    |            |
|    strehl               | 0.531      |
| rollout/                |            |
|    ep_len_mean          | 8          |
|    ep_rew_mean          | -6.14      |
| time/                   |            |
|    fps                  | 215        |
|    iterations           | 556        |
|    time_elapsed         | 1320       |
|    total_timesteps      | 284672     |
| train/                  |            |
|    approx_kl            | 0.07828677 |
|    clip_fraction        | 0.39       |
|    clip_range           | 0.2        |
|    entropy_loss         | -6.49      |
|    explained_variance   | -0.00186   |
|    learning_rate        | 0.0003     |
|    loss                 | -0.0724    |
|    n_updates            | 4311       |
|    policy_gradient_loss | -0.0539    |
|    std                  | 0.33       |
|    value_loss           | 0.0859     |
----------------------------------------
Early stopping at step 5 due to reaching max kl: 0.08
-----------------------------------------
| env/                    |             |
|    strehl               | 0.524       |
| rollout/                |             |
|    ep_len_mean          | 8           |
|    ep_rew_mean          | -6.16       |
| time/                   |             |
|    fps                  | 215         |
|    iterations           | 557         |
|    time_elapsed         | 1322        |
|    total_timesteps      | 285184      |
| train/                  |             |
|    approx_kl            | 0.075751156 |
|    clip_fraction        | 0.4         |
|    clip_range           | 0.2         |
|    entropy_loss         | -6.49       |
|    explained_variance   | -0.000795   |
|    learning_rate        | 0.0003      |
|    loss                 | -0.0416     |
|    n_updates            | 4317        |
|    policy_gradient_loss | -0.042      |
|    std                  | 0.33        |
|    value_loss           | 0.0952      |
-----------------------------------------
Early stopping at step 5 due to reaching max kl: 0.08
----------------------------------------
| env/                    |            |
|    strehl               | 0.51       |
| rollout/                |            |
|    ep_len_mean          | 8          |
|    ep_rew_mean          | -6.28      |
| time/                   |            |
|    fps                  | 215        |
|    iterations           | 558        |
|    time_elapsed         | 1324       |
|    total_timesteps      | 285696     |
| train/                  |            |
|    approx_kl            | 0.08029585 |
|    clip_fraction        | 0.419      |
|    clip_range           | 0.2        |
|    entropy_loss         | -6.48      |
|    explained_variance   | -0.00107   |
|    learning_rate        | 0.0003     |
|    loss                 | -0.0363    |
|    n_updates            | 4323       |
|    policy_gradient_loss | -0.0455    |
|    std                  | 0.33       |
|    value_loss           | 0.122      |
----------------------------------------
Early stopping at step 3 due to reaching max kl: 0.08
---------------------------------------
| env/                    |           |
|    strehl               | 0.497     |
| rollout/                |           |
|    ep_len_mean          | 8         |
|    ep_rew_mean          | -6.24     |
| time/                   |           |
|    fps                  | 215       |
|    iterations           | 559       |
|    time_elapsed         | 1326      |
|    total_timesteps      | 286208    |
| train/                  |           |
|    approx_kl            | 0.0666786 |
|    clip_fraction        | 0.343     |
|    clip_range           | 0.2       |
|    entropy_loss         | -6.49     |
|    explained_variance   | -0.00115  |
|    learning_rate        | 0.0003    |
|    loss                 | -0.0326   |
|    n_updates            | 4327      |
|    policy_gradient_loss | -0.0441   |
|    std                  | 0.33      |
|    value_loss           | 0.111     |
---------------------------------------
Early stopping at step 5 due to reaching max kl: 0.09
----------------------------------------
| env/                    |            |
|    strehl               | 0.49       |
| rollout/                |            |
|    ep_len_mean          | 8          |
|    ep_rew_mean          | -6.1       |
| time/                   |            |
|    fps                  | 215        |
|    iterations           | 560        |
|    time_elapsed         | 1328       |
|    total_timesteps      | 286720     |
| train/                  |            |
|    approx_kl            | 0.07895766 |
|    clip_fraction        | 0.412      |
|    clip_range           | 0.2        |
|    entropy_loss         | -6.49      |
|    explained_variance   | -0.00115   |
|    learning_rate        | 0.0003     |
|    loss                 | -0.0754    |
|    n_updates            | 4333       |
|    policy_gradient_loss | -0.054     |
|    std                  | 0.33       |
|    value_loss           | 0.0689     |
----------------------------------------
Early stopping at step 5 due to reaching max kl: 0.08
-----------------------------------------
| env/                    |             |
|    strehl               | 0.525       |
| rollout/                |             |
|    ep_len_mean          | 8           |
|    ep_rew_mean          | -6.11       |
| time/                   |             |
|    fps                  | 215         |
|    iterations           | 561         |
|    time_elapsed         | 1331        |
|    total_timesteps      | 287232      |
| train/                  |             |
|    approx_kl            | 0.076244235 |
|    clip_fraction        | 0.396       |
|    clip_range           | 0.2         |
|    entropy_loss         | -6.49       |
|    explained_variance   | -0.00118    |
|    learning_rate        | 0.0003      |
|    loss                 | -0.0558     |
|    n_updates            | 4339        |
|    policy_gradient_loss | -0.0499     |
|    std                  | 0.33        |
|    value_loss           | 0.0792      |
-----------------------------------------
Early stopping at step 5 due to reaching max kl: 0.09
----------------------------------------
| env/                    |            |
|    strehl               | 0.517      |
| rollout/                |            |
|    ep_len_mean          | 8          |
|    ep_rew_mean          | -6.1       |
| time/                   |            |
|    fps                  | 215        |
|    iterations           | 562        |
|    time_elapsed         | 1333       |
|    total_timesteps      | 287744     |
| train/                  |            |
|    approx_kl            | 0.07680799 |
|    clip_fraction        | 0.404      |
|    clip_range           | 0.2        |
|    entropy_loss         | -6.49      |
|    explained_variance   | -0.00139   |
|    learning_rate        | 0.0003     |
|    loss                 | -0.0281    |
|    n_updates            | 4345       |
|    policy_gradient_loss | -0.0527    |
|    std                  | 0.33       |
|    value_loss           | 0.113      |
----------------------------------------
Early stopping at step 5 due to reaching max kl: 0.08
----------------------------------------
| env/                    |            |
|    strehl               | 0.451      |
| rollout/                |            |
|    ep_len_mean          | 8          |
|    ep_rew_mean          | -6.21      |
| time/                   |            |
|    fps                  | 215        |
|    iterations           | 563        |
|    time_elapsed         | 1335       |
|    total_timesteps      | 288256     |
| train/                  |            |
|    approx_kl            | 0.07863338 |
|    clip_fraction        | 0.359      |
|    clip_range           | 0.2        |
|    entropy_loss         | -6.49      |
|    explained_variance   | -0.000874  |
|    learning_rate        | 0.0003     |
|    loss                 | -0.0634    |
|    n_updates            | 4351       |
|    policy_gradient_loss | -0.0478    |
|    std                  | 0.33       |
|    value_loss           | 0.1        |
----------------------------------------
Early stopping at step 4 due to reaching max kl: 0.08
----------------------------------------
| env/                    |            |
|    strehl               | 0.484      |
| rollout/                |            |
|    ep_len_mean          | 8          |
|    ep_rew_mean          | -6.16      |
| time/                   |            |
|    fps                  | 215        |
|    iterations           | 564        |
|    time_elapsed         | 1337       |
|    total_timesteps      | 288768     |
| train/                  |            |
|    approx_kl            | 0.07190438 |
|    clip_fraction        | 0.304      |
|    clip_range           | 0.2        |
|    entropy_loss         | -6.49      |
|    explained_variance   | -0.000739  |
|    learning_rate        | 0.0003     |
|    loss                 | -0.0301    |
|    n_updates            | 4356       |
|    policy_gradient_loss | -0.0548    |
|    std                  | 0.33       |
|    value_loss           | 0.134      |
----------------------------------------
Early stopping at step 4 due to reaching max kl: 0.09
-----------------------------------------
| env/                    |             |
|    strehl               | 0.534       |
| rollout/                |             |
|    ep_len_mean          | 8           |
|    ep_rew_mean          | -6.21       |
| time/                   |             |
|    fps                  | 215         |
|    iterations           | 565         |
|    time_elapsed         | 1339        |
|    total_timesteps      | 289280      |
| train/                  |             |
|    approx_kl            | 0.068569034 |
|    clip_fraction        | 0.374       |
|    clip_range           | 0.2         |
|    entropy_loss         | -6.49       |
|    explained_variance   | -0.00105    |
|    learning_rate        | 0.0003      |
|    loss                 | -0.056      |
|    n_updates            | 4361        |
|    policy_gradient_loss | -0.0495     |
|    std                  | 0.33        |
|    value_loss           | 0.0827      |
-----------------------------------------
Early stopping at step 5 due to reaching max kl: 0.09
----------------------------------------
| env/                    |            |
|    strehl               | 0.553      |
| rollout/                |            |
|    ep_len_mean          | 8          |
|    ep_rew_mean          | -6.14      |
| time/                   |            |
|    fps                  | 216        |
|    iterations           | 566        |
|    time_elapsed         | 1341       |
|    total_timesteps      | 289792     |
| train/                  |            |
|    approx_kl            | 0.09104741 |
|    clip_fraction        | 0.354      |
|    clip_range           | 0.2        |
|    entropy_loss         | -6.49      |
|    explained_variance   | -0.00164   |
|    learning_rate        | 0.0003     |
|    loss                 | -0.0382    |
|    n_updates            | 4367       |
|    policy_gradient_loss | -0.0519    |
|    std                  | 0.33       |
|    value_loss           | 0.125      |
----------------------------------------
Early stopping at step 4 due to reaching max kl: 0.08
----------------------------------------
| env/                    |            |
|    strehl               | 0.455      |
| rollout/                |            |
|    ep_len_mean          | 8          |
|    ep_rew_mean          | -6.19      |
| time/                   |            |
|    fps                  | 216        |
|    iterations           | 567        |
|    time_elapsed         | 1343       |
|    total_timesteps      | 290304     |
| train/                  |            |
|    approx_kl            | 0.07660603 |
|    clip_fraction        | 0.383      |
|    clip_range           | 0.2        |
|    entropy_loss         | -6.48      |
|    explained_variance   | -0.000686  |
|    learning_rate        | 0.0003     |
|    loss                 | -0.044     |
|    n_updates            | 4372       |
|    policy_gradient_loss | -0.048     |
|    std                  | 0.33       |
|    value_loss           | 0.0859     |
----------------------------------------
Early stopping at step 5 due to reaching max kl: 0.08
-----------------------------------------
| env/                    |             |
|    strehl               | 0.518       |
| rollout/                |             |
|    ep_len_mean          | 8           |
|    ep_rew_mean          | -6.18       |
| time/                   |             |
|    fps                  | 216         |
|    iterations           | 568         |
|    time_elapsed         | 1345        |
|    total_timesteps      | 290816      |
| train/                  |             |
|    approx_kl            | 0.082056046 |
|    clip_fraction        | 0.392       |
|    clip_range           | 0.2         |
|    entropy_loss         | -6.48       |
|    explained_variance   | -0.00125    |
|    learning_rate        | 0.0003      |
|    loss                 | -0.0562     |
|    n_updates            | 4378        |
|    policy_gradient_loss | -0.0431     |
|    std                  | 0.33        |
|    value_loss           | 0.0972      |
-----------------------------------------
Early stopping at step 6 due to reaching max kl: 0.10
----------------------------------------
| env/                    |            |
|    strehl               | 0.495      |
| rollout/                |            |
|    ep_len_mean          | 8          |
|    ep_rew_mean          | -6.14      |
| time/                   |            |
|    fps                  | 216        |
|    iterations           | 569        |
|    time_elapsed         | 1347       |
|    total_timesteps      | 291328     |
| train/                  |            |
|    approx_kl            | 0.08426565 |
|    clip_fraction        | 0.394      |
|    clip_range           | 0.2        |
|    entropy_loss         | -6.48      |
|    explained_variance   | -0.00106   |
|    learning_rate        | 0.0003     |
|    loss                 | -0.0714    |
|    n_updates            | 4385       |
|    policy_gradient_loss | -0.0591    |
|    std                  | 0.33       |
|    value_loss           | 0.0754     |
----------------------------------------
Early stopping at step 5 due to reaching max kl: 0.09
----------------------------------------
| env/                    |            |
|    strehl               | 0.512      |
| rollout/                |            |
|    ep_len_mean          | 8          |
|    ep_rew_mean          | -6.15      |
| time/                   |            |
|    fps                  | 216        |
|    iterations           | 570        |
|    time_elapsed         | 1350       |
|    total_timesteps      | 291840     |
| train/                  |            |
|    approx_kl            | 0.08209942 |
|    clip_fraction        | 0.401      |
|    clip_range           | 0.2        |
|    entropy_loss         | -6.48      |
|    explained_variance   | -0.00251   |
|    learning_rate        | 0.0003     |
|    loss                 | -0.0507    |
|    n_updates            | 4391       |
|    policy_gradient_loss | -0.0466    |
|    std                  | 0.33       |
|    value_loss           | 0.0707     |
----------------------------------------
Early stopping at step 6 due to reaching max kl: 0.09
----------------------------------------
| env/                    |            |
|    strehl               | 0.474      |
| rollout/                |            |
|    ep_len_mean          | 8          |
|    ep_rew_mean          | -6.13      |
| time/                   |            |
|    fps                  | 216        |
|    iterations           | 571        |
|    time_elapsed         | 1352       |
|    total_timesteps      | 292352     |
| train/                  |            |
|    approx_kl            | 0.08347403 |
|    clip_fraction        | 0.44       |
|    clip_range           | 0.2        |
|    entropy_loss         | -6.48      |
|    explained_variance   | -0.00102   |
|    learning_rate        | 0.0003     |
|    loss                 | -0.0671    |
|    n_updates            | 4398       |
|    policy_gradient_loss | -0.0544    |
|    std                  | 0.33       |
|    value_loss           | 0.0796     |
----------------------------------------
Early stopping at step 5 due to reaching max kl: 0.08
----------------------------------------
| env/                    |            |
|    strehl               | 0.403      |
| rollout/                |            |
|    ep_len_mean          | 8          |
|    ep_rew_mean          | -6.21      |
| time/                   |            |
|    fps                  | 216        |
|    iterations           | 572        |
|    time_elapsed         | 1354       |
|    total_timesteps      | 292864     |
| train/                  |            |
|    approx_kl            | 0.07800214 |
|    clip_fraction        | 0.365      |
|    clip_range           | 0.2        |
|    entropy_loss         | -6.48      |
|    explained_variance   | -0.00183   |
|    learning_rate        | 0.0003     |
|    loss                 | -0.0606    |
|    n_updates            | 4404       |
|    policy_gradient_loss | -0.0559    |
|    std                  | 0.33       |
|    value_loss           | 0.0875     |
----------------------------------------
Early stopping at step 5 due to reaching max kl: 0.08
----------------------------------------
| env/                    |            |
|    strehl               | 0.545      |
| rollout/                |            |
|    ep_len_mean          | 8          |
|    ep_rew_mean          | -6.2       |
| time/                   |            |
|    fps                  | 216        |
|    iterations           | 573        |
|    time_elapsed         | 1356       |
|    total_timesteps      | 293376     |
| train/                  |            |
|    approx_kl            | 0.07704067 |
|    clip_fraction        | 0.411      |
|    clip_range           | 0.2        |
|    entropy_loss         | -6.47      |
|    explained_variance   | -0.0012    |
|    learning_rate        | 0.0003     |
|    loss                 | -0.0364    |
|    n_updates            | 4410       |
|    policy_gradient_loss | -0.048     |
|    std                  | 0.33       |
|    value_loss           | 0.118      |
----------------------------------------
Early stopping at step 4 due to reaching max kl: 0.09
-----------------------------------------
| env/                    |             |
|    strehl               | 0.483       |
| rollout/                |             |
|    ep_len_mean          | 8           |
|    ep_rew_mean          | -6.15       |
| time/                   |             |
|    fps                  | 216         |
|    iterations           | 574         |
|    time_elapsed         | 1358        |
|    total_timesteps      | 293888      |
| train/                  |             |
|    approx_kl            | 0.085603416 |
|    clip_fraction        | 0.337       |
|    clip_range           | 0.2         |
|    entropy_loss         | -6.47       |
|    explained_variance   | -0.00273    |
|    learning_rate        | 0.0003      |
|    loss                 | -0.0446     |
|    n_updates            | 4415        |
|    policy_gradient_loss | -0.0461     |
|    std                  | 0.33        |
|    value_loss           | 0.0986      |
-----------------------------------------
Early stopping at step 5 due to reaching max kl: 0.09
-----------------------------------------
| env/                    |             |
|    strehl               | 0.513       |
| rollout/                |             |
|    ep_len_mean          | 8           |
|    ep_rew_mean          | -6.13       |
| time/                   |             |
|    fps                  | 216         |
|    iterations           | 575         |
|    time_elapsed         | 1360        |
|    total_timesteps      | 294400      |
| train/                  |             |
|    approx_kl            | 0.092217386 |
|    clip_fraction        | 0.339       |
|    clip_range           | 0.2         |
|    entropy_loss         | -6.47       |
|    explained_variance   | -0.00219    |
|    learning_rate        | 0.0003      |
|    loss                 | -0.066      |
|    n_updates            | 4421        |
|    policy_gradient_loss | -0.0462     |
|    std                  | 0.33        |
|    value_loss           | 0.0645      |
-----------------------------------------
Early stopping at step 5 due to reaching max kl: 0.08
----------------------------------------
| env/                    |            |
|    strehl               | 0.446      |
| rollout/                |            |
|    ep_len_mean          | 8          |
|    ep_rew_mean          | -6.15      |
| time/                   |            |
|    fps                  | 216        |
|    iterations           | 576        |
|    time_elapsed         | 1363       |
|    total_timesteps      | 294912     |
| train/                  |            |
|    approx_kl            | 0.07651735 |
|    clip_fraction        | 0.346      |
|    clip_range           | 0.2        |
|    entropy_loss         | -6.47      |
|    explained_variance   | -0.000957  |
|    learning_rate        | 0.0003     |
|    loss                 | -0.0572    |
|    n_updates            | 4427       |
|    policy_gradient_loss | -0.0474    |
|    std                  | 0.33       |
|    value_loss           | 0.0671     |
----------------------------------------
Early stopping at step 4 due to reaching max kl: 0.08
----------------------------------------
| env/                    |            |
|    strehl               | 0.452      |
| rollout/                |            |
|    ep_len_mean          | 8          |
|    ep_rew_mean          | -6.16      |
| time/                   |            |
|    fps                  | 216        |
|    iterations           | 577        |
|    time_elapsed         | 1365       |
|    total_timesteps      | 295424     |
| train/                  |            |
|    approx_kl            | 0.06882713 |
|    clip_fraction        | 0.318      |
|    clip_range           | 0.2        |
|    entropy_loss         | -6.47      |
|    explained_variance   | -0.000638  |
|    learning_rate        | 0.0003     |
|    loss                 | -0.0493    |
|    n_updates            | 4432       |
|    policy_gradient_loss | -0.0516    |
|    std                  | 0.33       |
|    value_loss           | 0.112      |
----------------------------------------
Early stopping at step 5 due to reaching max kl: 0.08
----------------------------------------
| env/                    |            |
|    strehl               | 0.568      |
| rollout/                |            |
|    ep_len_mean          | 8          |
|    ep_rew_mean          | -6.15      |
| time/                   |            |
|    fps                  | 216        |
|    iterations           | 578        |
|    time_elapsed         | 1367       |
|    total_timesteps      | 295936     |
| train/                  |            |
|    approx_kl            | 0.08370389 |
|    clip_fraction        | 0.363      |
|    clip_range           | 0.2        |
|    entropy_loss         | -6.46      |
|    explained_variance   | -0.00107   |
|    learning_rate        | 0.0003     |
|    loss                 | -0.0518    |
|    n_updates            | 4438       |
|    policy_gradient_loss | -0.0509    |
|    std                  | 0.33       |
|    value_loss           | 0.0691     |
----------------------------------------
Early stopping at step 5 due to reaching max kl: 0.08
-----------------------------------------
| env/                    |             |
|    strehl               | 0.497       |
| rollout/                |             |
|    ep_len_mean          | 8           |
|    ep_rew_mean          | -6.11       |
| time/                   |             |
|    fps                  | 216         |
|    iterations           | 579         |
|    time_elapsed         | 1369        |
|    total_timesteps      | 296448      |
| train/                  |             |
|    approx_kl            | 0.076362856 |
|    clip_fraction        | 0.393       |
|    clip_range           | 0.2         |
|    entropy_loss         | -6.46       |
|    explained_variance   | -0.00095    |
|    learning_rate        | 0.0003      |
|    loss                 | -0.066      |
|    n_updates            | 4444        |
|    policy_gradient_loss | -0.0519     |
|    std                  | 0.33        |
|    value_loss           | 0.0759      |
-----------------------------------------
Early stopping at step 4 due to reaching max kl: 0.08
----------------------------------------
| env/                    |            |
|    strehl               | 0.552      |
| rollout/                |            |
|    ep_len_mean          | 8          |
|    ep_rew_mean          | -6.16      |
| time/                   |            |
|    fps                  | 216        |
|    iterations           | 580        |
|    time_elapsed         | 1371       |
|    total_timesteps      | 296960     |
| train/                  |            |
|    approx_kl            | 0.07502398 |
|    clip_fraction        | 0.343      |
|    clip_range           | 0.2        |
|    entropy_loss         | -6.46      |
|    explained_variance   | -0.0014    |
|    learning_rate        | 0.0003     |
|    loss                 | -0.0618    |
|    n_updates            | 4449       |
|    policy_gradient_loss | -0.0541    |
|    std                  | 0.33       |
|    value_loss           | 0.0916     |
----------------------------------------
Early stopping at step 4 due to reaching max kl: 0.08
-----------------------------------------
| env/                    |             |
|    strehl               | 0.526       |
| rollout/                |             |
|    ep_len_mean          | 8           |
|    ep_rew_mean          | -6.16       |
| time/                   |             |
|    fps                  | 216         |
|    iterations           | 581         |
|    time_elapsed         | 1373        |
|    total_timesteps      | 297472      |
| train/                  |             |
|    approx_kl            | 0.071772724 |
|    clip_fraction        | 0.407       |
|    clip_range           | 0.2         |
|    entropy_loss         | -6.45       |
|    explained_variance   | -0.00135    |
|    learning_rate        | 0.0003      |
|    loss                 | -0.0357     |
|    n_updates            | 4454        |
|    policy_gradient_loss | -0.0427     |
|    std                  | 0.33        |
|    value_loss           | 0.093       |
-----------------------------------------
Early stopping at step 5 due to reaching max kl: 0.08
----------------------------------------
| env/                    |            |
|    strehl               | 0.419      |
| rollout/                |            |
|    ep_len_mean          | 8          |
|    ep_rew_mean          | -6.17      |
| time/                   |            |
|    fps                  | 216        |
|    iterations           | 582        |
|    time_elapsed         | 1375       |
|    total_timesteps      | 297984     |
| train/                  |            |
|    approx_kl            | 0.08037697 |
|    clip_fraction        | 0.361      |
|    clip_range           | 0.2        |
|    entropy_loss         | -6.45      |
|    explained_variance   | -0.000952  |
|    learning_rate        | 0.0003     |
|    loss                 | -0.063     |
|    n_updates            | 4460       |
|    policy_gradient_loss | -0.0505    |
|    std                  | 0.33       |
|    value_loss           | 0.0732     |
----------------------------------------
Early stopping at step 5 due to reaching max kl: 0.08
----------------------------------------
| env/                    |            |
|    strehl               | 0.536      |
| rollout/                |            |
|    ep_len_mean          | 8          |
|    ep_rew_mean          | -6.2       |
| time/                   |            |
|    fps                  | 216        |
|    iterations           | 583        |
|    time_elapsed         | 1377       |
|    total_timesteps      | 298496     |
| train/                  |            |
|    approx_kl            | 0.07508744 |
|    clip_fraction        | 0.349      |
|    clip_range           | 0.2        |
|    entropy_loss         | -6.45      |
|    explained_variance   | -0.0011    |
|    learning_rate        | 0.0003     |
|    loss                 | -0.0448    |
|    n_updates            | 4466       |
|    policy_gradient_loss | -0.0417    |
|    std                  | 0.33       |
|    value_loss           | 0.103      |
----------------------------------------
Early stopping at step 5 due to reaching max kl: 0.08
----------------------------------------
| env/                    |            |
|    strehl               | 0.516      |
| rollout/                |            |
|    ep_len_mean          | 8          |
|    ep_rew_mean          | -6.16      |
| time/                   |            |
|    fps                  | 216        |
|    iterations           | 584        |
|    time_elapsed         | 1380       |
|    total_timesteps      | 299008     |
| train/                  |            |
|    approx_kl            | 0.07536855 |
|    clip_fraction        | 0.399      |
|    clip_range           | 0.2        |
|    entropy_loss         | -6.45      |
|    explained_variance   | -0.00173   |
|    learning_rate        | 0.0003     |
|    loss                 | -0.0474    |
|    n_updates            | 4472       |
|    policy_gradient_loss | -0.0505    |
|    std                  | 0.329      |
|    value_loss           | 0.0888     |
----------------------------------------
Early stopping at step 3 due to reaching max kl: 0.08
----------------------------------------
| env/                    |            |
|    strehl               | 0.511      |
| rollout/                |            |
|    ep_len_mean          | 8          |
|    ep_rew_mean          | -6.14      |
| time/                   |            |
|    fps                  | 216        |
|    iterations           | 585        |
|    time_elapsed         | 1382       |
|    total_timesteps      | 299520     |
| train/                  |            |
|    approx_kl            | 0.07325373 |
|    clip_fraction        | 0.355      |
|    clip_range           | 0.2        |
|    entropy_loss         | -6.44      |
|    explained_variance   | -0.00057   |
|    learning_rate        | 0.0003     |
|    loss                 | -0.0622    |
|    n_updates            | 4476       |
|    policy_gradient_loss | -0.0479    |
|    std                  | 0.329      |
|    value_loss           | 0.0744     |
----------------------------------------
Early stopping at step 4 due to reaching max kl: 0.08
Eval num_timesteps=300000, episode_reward=-6.21 +/- 0.61
Episode length: 8.00 +/- 0.00
-----------------------------------------
| env/                    |             |
|    strehl               | 0.445       |
| eval/                   |             |
|    mean_ep_length       | 8           |
|    mean_reward          | -6.21       |
| time/                   |             |
|    total_timesteps      | 300000      |
| train/                  |             |
|    approx_kl            | 0.077005625 |
|    clip_fraction        | 0.326       |
|    clip_range           | 0.2         |
|    entropy_loss         | -6.43       |
|    explained_variance   | -0.00196    |
|    learning_rate        | 0.0003      |
|    loss                 | -0.0398     |
|    n_updates            | 4481        |
|    policy_gradient_loss | -0.0453     |
|    std                  | 0.329       |
|    value_loss           | 0.0843      |
-----------------------------------------
---------------------------------
| env/               |          |
|    strehl          | 0.54     |
| rollout/           |          |
|    ep_len_mean     | 8        |
|    ep_rew_mean     | -6.13    |
| time/              |          |
|    fps             | 216      |
|    iterations      | 586      |
|    time_elapsed    | 1384     |
|    total_timesteps | 300032   |
---------------------------------
Early stopping at step 4 due to reaching max kl: 0.08
-----------------------------------------
| env/                    |             |
|    strehl               | 0.468       |
| rollout/                |             |
|    ep_len_mean          | 8           |
|    ep_rew_mean          | -6.16       |
| time/                   |             |
|    fps                  | 216         |
|    iterations           | 587         |
|    time_elapsed         | 1386        |
|    total_timesteps      | 300544      |
| train/                  |             |
|    approx_kl            | 0.070376605 |
|    clip_fraction        | 0.38        |
|    clip_range           | 0.2         |
|    entropy_loss         | -6.43       |
|    explained_variance   | -0.00102    |
|    learning_rate        | 0.0003      |
|    loss                 | -0.0527     |
|    n_updates            | 4486        |
|    policy_gradient_loss | -0.0453     |
|    std                  | 0.329       |
|    value_loss           | 0.0815      |
-----------------------------------------
Early stopping at step 4 due to reaching max kl: 0.08
---------------------------------------
| env/                    |           |
|    strehl               | 0.509     |
| rollout/                |           |
|    ep_len_mean          | 8         |
|    ep_rew_mean          | -6.15     |
| time/                   |           |
|    fps                  | 216       |
|    iterations           | 588       |
|    time_elapsed         | 1388      |
|    total_timesteps      | 301056    |
| train/                  |           |
|    approx_kl            | 0.0708482 |
|    clip_fraction        | 0.371     |
|    clip_range           | 0.2       |
|    entropy_loss         | -6.42     |
|    explained_variance   | -0.00123  |
|    learning_rate        | 0.0003    |
|    loss                 | -0.0226   |
|    n_updates            | 4491      |
|    policy_gradient_loss | -0.042    |
|    std                  | 0.329     |
|    value_loss           | 0.0869    |
---------------------------------------
Early stopping at step 4 due to reaching max kl: 0.09
----------------------------------------
| env/                    |            |
|    strehl               | 0.532      |
| rollout/                |            |
|    ep_len_mean          | 8          |
|    ep_rew_mean          | -6.12      |
| time/                   |            |
|    fps                  | 216        |
|    iterations           | 589        |
|    time_elapsed         | 1391       |
|    total_timesteps      | 301568     |
| train/                  |            |
|    approx_kl            | 0.07591632 |
|    clip_fraction        | 0.364      |
|    clip_range           | 0.2        |
|    entropy_loss         | -6.42      |
|    explained_variance   | -0.00151   |
|    learning_rate        | 0.0003     |
|    loss                 | -0.0374    |
|    n_updates            | 4496       |
|    policy_gradient_loss | -0.0501    |
|    std                  | 0.329      |
|    value_loss           | 0.104      |
----------------------------------------
Early stopping at step 4 due to reaching max kl: 0.10
---------------------------------------
| env/                    |           |
|    strehl               | 0.485     |
| rollout/                |           |
|    ep_len_mean          | 8         |
|    ep_rew_mean          | -6.18     |
| time/                   |           |
|    fps                  | 216       |
|    iterations           | 590       |
|    time_elapsed         | 1393      |
|    total_timesteps      | 302080    |
| train/                  |           |
|    approx_kl            | 0.0846384 |
|    clip_fraction        | 0.351     |
|    clip_range           | 0.2       |
|    entropy_loss         | -6.42     |
|    explained_variance   | -0.00161  |
|    learning_rate        | 0.0003    |
|    loss                 | -0.0411   |
|    n_updates            | 4501      |
|    policy_gradient_loss | -0.0537   |
|    std                  | 0.329     |
|    value_loss           | 0.106     |
---------------------------------------
Early stopping at step 5 due to reaching max kl: 0.08
----------------------------------------
| env/                    |            |
|    strehl               | 0.478      |
| rollout/                |            |
|    ep_len_mean          | 8          |
|    ep_rew_mean          | -6.17      |
| time/                   |            |
|    fps                  | 216        |
|    iterations           | 591        |
|    time_elapsed         | 1395       |
|    total_timesteps      | 302592     |
| train/                  |            |
|    approx_kl            | 0.08067647 |
|    clip_fraction        | 0.375      |
|    clip_range           | 0.2        |
|    entropy_loss         | -6.42      |
|    explained_variance   | -0.00117   |
|    learning_rate        | 0.0003     |
|    loss                 | -0.0605    |
|    n_updates            | 4507       |
|    policy_gradient_loss | -0.0546    |
|    std                  | 0.329      |
|    value_loss           | 0.0977     |
----------------------------------------
Early stopping at step 4 due to reaching max kl: 0.09
----------------------------------------
| env/                    |            |
|    strehl               | 0.488      |
| rollout/                |            |
|    ep_len_mean          | 8          |
|    ep_rew_mean          | -6.07      |
| time/                   |            |
|    fps                  | 216        |
|    iterations           | 592        |
|    time_elapsed         | 1397       |
|    total_timesteps      | 303104     |
| train/                  |            |
|    approx_kl            | 0.08735299 |
|    clip_fraction        | 0.368      |
|    clip_range           | 0.2        |
|    entropy_loss         | -6.41      |
|    explained_variance   | -0.000846  |
|    learning_rate        | 0.0003     |
|    loss                 | -0.0658    |
|    n_updates            | 4512       |
|    policy_gradient_loss | -0.0455    |
|    std                  | 0.329      |
|    value_loss           | 0.0599     |
----------------------------------------
Early stopping at step 5 due to reaching max kl: 0.10
----------------------------------------
| env/                    |            |
|    strehl               | 0.43       |
| rollout/                |            |
|    ep_len_mean          | 8          |
|    ep_rew_mean          | -6.1       |
| time/                   |            |
|    fps                  | 216        |
|    iterations           | 593        |
|    time_elapsed         | 1399       |
|    total_timesteps      | 303616     |
| train/                  |            |
|    approx_kl            | 0.08455228 |
|    clip_fraction        | 0.42       |
|    clip_range           | 0.2        |
|    entropy_loss         | -6.41      |
|    explained_variance   | -0.000919  |
|    learning_rate        | 0.0003     |
|    loss                 | -0.0359    |
|    n_updates            | 4518       |
|    policy_gradient_loss | -0.054     |
|    std                  | 0.329      |
|    value_loss           | 0.108      |
----------------------------------------
Early stopping at step 5 due to reaching max kl: 0.08
----------------------------------------
| env/                    |            |
|    strehl               | 0.506      |
| rollout/                |            |
|    ep_len_mean          | 8          |
|    ep_rew_mean          | -6.19      |
| time/                   |            |
|    fps                  | 216        |
|    iterations           | 594        |
|    time_elapsed         | 1401       |
|    total_timesteps      | 304128     |
| train/                  |            |
|    approx_kl            | 0.07589595 |
|    clip_fraction        | 0.357      |
|    clip_range           | 0.2        |
|    entropy_loss         | -6.41      |
|    explained_variance   | -0.00107   |
|    learning_rate        | 0.0003     |
|    loss                 | -0.0588    |
|    n_updates            | 4524       |
|    policy_gradient_loss | -0.0493    |
|    std                  | 0.329      |
|    value_loss           | 0.0802     |
----------------------------------------
Early stopping at step 5 due to reaching max kl: 0.09
----------------------------------------
| env/                    |            |
|    strehl               | 0.458      |
| rollout/                |            |
|    ep_len_mean          | 8          |
|    ep_rew_mean          | -6.12      |
| time/                   |            |
|    fps                  | 217        |
|    iterations           | 595        |
|    time_elapsed         | 1403       |
|    total_timesteps      | 304640     |
| train/                  |            |
|    approx_kl            | 0.09328111 |
|    clip_fraction        | 0.375      |
|    clip_range           | 0.2        |
|    entropy_loss         | -6.4       |
|    explained_variance   | -0.00085   |
|    learning_rate        | 0.0003     |
|    loss                 | -0.0663    |
|    n_updates            | 4530       |
|    policy_gradient_loss | -0.0531    |
|    std                  | 0.329      |
|    value_loss           | 0.0862     |
----------------------------------------
Early stopping at step 4 due to reaching max kl: 0.10
----------------------------------------
| env/                    |            |
|    strehl               | 0.418      |
| rollout/                |            |
|    ep_len_mean          | 8          |
|    ep_rew_mean          | -6.13      |
| time/                   |            |
|    fps                  | 217        |
|    iterations           | 596        |
|    time_elapsed         | 1405       |
|    total_timesteps      | 305152     |
| train/                  |            |
|    approx_kl            | 0.08222423 |
|    clip_fraction        | 0.386      |
|    clip_range           | 0.2        |
|    entropy_loss         | -6.4       |
|    explained_variance   | -0.00105   |
|    learning_rate        | 0.0003     |
|    loss                 | -0.0522    |
|    n_updates            | 4535       |
|    policy_gradient_loss | -0.0473    |
|    std                  | 0.329      |
|    value_loss           | 0.0784     |
----------------------------------------
Early stopping at step 4 due to reaching max kl: 0.08
-----------------------------------------
| env/                    |             |
|    strehl               | 0.483       |
| rollout/                |             |
|    ep_len_mean          | 8           |
|    ep_rew_mean          | -6.12       |
| time/                   |             |
|    fps                  | 217         |
|    iterations           | 597         |
|    time_elapsed         | 1408        |
|    total_timesteps      | 305664      |
| train/                  |             |
|    approx_kl            | 0.068191715 |
|    clip_fraction        | 0.42        |
|    clip_range           | 0.2         |
|    entropy_loss         | -6.4        |
|    explained_variance   | -0.000939   |
|    learning_rate        | 0.0003      |
|    loss                 | -0.0324     |
|    n_updates            | 4540        |
|    policy_gradient_loss | -0.0417     |
|    std                  | 0.329       |
|    value_loss           | 0.083       |
-----------------------------------------
Early stopping at step 3 due to reaching max kl: 0.08
----------------------------------------
| env/                    |            |
|    strehl               | 0.523      |
| rollout/                |            |
|    ep_len_mean          | 8          |
|    ep_rew_mean          | -6.09      |
| time/                   |            |
|    fps                  | 217        |
|    iterations           | 598        |
|    time_elapsed         | 1410       |
|    total_timesteps      | 306176     |
| train/                  |            |
|    approx_kl            | 0.06961273 |
|    clip_fraction        | 0.347      |
|    clip_range           | 0.2        |
|    entropy_loss         | -6.4       |
|    explained_variance   | -0.0012    |
|    learning_rate        | 0.0003     |
|    loss                 | -0.0408    |
|    n_updates            | 4544       |
|    policy_gradient_loss | -0.0398    |
|    std                  | 0.329      |
|    value_loss           | 0.0854     |
----------------------------------------
Early stopping at step 4 due to reaching max kl: 0.08
-----------------------------------------
| env/                    |             |
|    strehl               | 0.468       |
| rollout/                |             |
|    ep_len_mean          | 8           |
|    ep_rew_mean          | -6.17       |
| time/                   |             |
|    fps                  | 217         |
|    iterations           | 599         |
|    time_elapsed         | 1412        |
|    total_timesteps      | 306688      |
| train/                  |             |
|    approx_kl            | 0.082474545 |
|    clip_fraction        | 0.374       |
|    clip_range           | 0.2         |
|    entropy_loss         | -6.4        |
|    explained_variance   | -0.00107    |
|    learning_rate        | 0.0003      |
|    loss                 | -0.0439     |
|    n_updates            | 4549        |
|    policy_gradient_loss | -0.0443     |
|    std                  | 0.329       |
|    value_loss           | 0.0978      |
-----------------------------------------
Early stopping at step 5 due to reaching max kl: 0.09
----------------------------------------
| env/                    |            |
|    strehl               | 0.45       |
| rollout/                |            |
|    ep_len_mean          | 8          |
|    ep_rew_mean          | -6.22      |
| time/                   |            |
|    fps                  | 217        |
|    iterations           | 600        |
|    time_elapsed         | 1414       |
|    total_timesteps      | 307200     |
| train/                  |            |
|    approx_kl            | 0.09135921 |
|    clip_fraction        | 0.408      |
|    clip_range           | 0.2        |
|    entropy_loss         | -6.39      |
|    explained_variance   | -0.000765  |
|    learning_rate        | 0.0003     |
|    loss                 | -0.0486    |
|    n_updates            | 4555       |
|    policy_gradient_loss | -0.0367    |
|    std                  | 0.329      |
|    value_loss           | 0.0622     |
----------------------------------------
Early stopping at step 4 due to reaching max kl: 0.09
-----------------------------------------
| env/                    |             |
|    strehl               | 0.54        |
| rollout/                |             |
|    ep_len_mean          | 8           |
|    ep_rew_mean          | -6.16       |
| time/                   |             |
|    fps                  | 217         |
|    iterations           | 601         |
|    time_elapsed         | 1416        |
|    total_timesteps      | 307712      |
| train/                  |             |
|    approx_kl            | 0.076782346 |
|    clip_fraction        | 0.37        |
|    clip_range           | 0.2         |
|    entropy_loss         | -6.39       |
|    explained_variance   | -0.00109    |
|    learning_rate        | 0.0003      |
|    loss                 | -0.0473     |
|    n_updates            | 4560        |
|    policy_gradient_loss | -0.0485     |
|    std                  | 0.329       |
|    value_loss           | 0.0922      |
-----------------------------------------
Early stopping at step 2 due to reaching max kl: 0.09
----------------------------------------
| env/                    |            |
|    strehl               | 0.471      |
| rollout/                |            |
|    ep_len_mean          | 8          |
|    ep_rew_mean          | -6.06      |
| time/                   |            |
|    fps                  | 217        |
|    iterations           | 602        |
|    time_elapsed         | 1418       |
|    total_timesteps      | 308224     |
| train/                  |            |
|    approx_kl            | 0.07099644 |
|    clip_fraction        | 0.347      |
|    clip_range           | 0.2        |
|    entropy_loss         | -6.39      |
|    explained_variance   | -0.00068   |
|    learning_rate        | 0.0003     |
|    loss                 | -0.00597   |
|    n_updates            | 4563       |
|    policy_gradient_loss | -0.0203    |
|    std                  | 0.329      |
|    value_loss           | 0.0957     |
----------------------------------------
Early stopping at step 4 due to reaching max kl: 0.08
----------------------------------------
| env/                    |            |
|    strehl               | 0.476      |
| rollout/                |            |
|    ep_len_mean          | 8          |
|    ep_rew_mean          | -6.13      |
| time/                   |            |
|    fps                  | 217        |
|    iterations           | 603        |
|    time_elapsed         | 1420       |
|    total_timesteps      | 308736     |
| train/                  |            |
|    approx_kl            | 0.08240169 |
|    clip_fraction        | 0.357      |
|    clip_range           | 0.2        |
|    entropy_loss         | -6.39      |
|    explained_variance   | -0.00075   |
|    learning_rate        | 0.0003     |
|    loss                 | -0.0418    |
|    n_updates            | 4568       |
|    policy_gradient_loss | -0.0369    |
|    std                  | 0.329      |
|    value_loss           | 0.0909     |
----------------------------------------
Early stopping at step 5 due to reaching max kl: 0.10
----------------------------------------
| env/                    |            |
|    strehl               | 0.576      |
| rollout/                |            |
|    ep_len_mean          | 8          |
|    ep_rew_mean          | -6.1       |
| time/                   |            |
|    fps                  | 217        |
|    iterations           | 604        |
|    time_elapsed         | 1422       |
|    total_timesteps      | 309248     |
| train/                  |            |
|    approx_kl            | 0.08472353 |
|    clip_fraction        | 0.424      |
|    clip_range           | 0.2        |
|    entropy_loss         | -6.38      |
|    explained_variance   | -0.000994  |
|    learning_rate        | 0.0003     |
|    loss                 | -0.0505    |
|    n_updates            | 4574       |
|    policy_gradient_loss | -0.0499    |
|    std                  | 0.328      |
|    value_loss           | 0.0829     |
----------------------------------------
Early stopping at step 4 due to reaching max kl: 0.09
----------------------------------------
| env/                    |            |
|    strehl               | 0.491      |
| rollout/                |            |
|    ep_len_mean          | 8          |
|    ep_rew_mean          | -6.13      |
| time/                   |            |
|    fps                  | 217        |
|    iterations           | 605        |
|    time_elapsed         | 1424       |
|    total_timesteps      | 309760     |
| train/                  |            |
|    approx_kl            | 0.07870698 |
|    clip_fraction        | 0.405      |
|    clip_range           | 0.2        |
|    entropy_loss         | -6.38      |
|    explained_variance   | -0.00124   |
|    learning_rate        | 0.0003     |
|    loss                 | -0.0253    |
|    n_updates            | 4579       |
|    policy_gradient_loss | -0.0441    |
|    std                  | 0.328      |
|    value_loss           | 0.0983     |
----------------------------------------
Early stopping at step 5 due to reaching max kl: 0.08
----------------------------------------
| env/                    |            |
|    strehl               | 0.519      |
| rollout/                |            |
|    ep_len_mean          | 8          |
|    ep_rew_mean          | -6.05      |
| time/                   |            |
|    fps                  | 217        |
|    iterations           | 606        |
|    time_elapsed         | 1426       |
|    total_timesteps      | 310272     |
| train/                  |            |
|    approx_kl            | 0.08131252 |
|    clip_fraction        | 0.383      |
|    clip_range           | 0.2        |
|    entropy_loss         | -6.37      |
|    explained_variance   | -0.00186   |
|    learning_rate        | 0.0003     |
|    loss                 | -0.0468    |
|    n_updates            | 4585       |
|    policy_gradient_loss | -0.0528    |
|    std                  | 0.328      |
|    value_loss           | 0.108      |
----------------------------------------
Early stopping at step 4 due to reaching max kl: 0.09
----------------------------------------
| env/                    |            |
|    strehl               | 0.518      |
| rollout/                |            |
|    ep_len_mean          | 8          |
|    ep_rew_mean          | -6.07      |
| time/                   |            |
|    fps                  | 217        |
|    iterations           | 607        |
|    time_elapsed         | 1428       |
|    total_timesteps      | 310784     |
| train/                  |            |
|    approx_kl            | 0.07712528 |
|    clip_fraction        | 0.362      |
|    clip_range           | 0.2        |
|    entropy_loss         | -6.37      |
|    explained_variance   | -0.000868  |
|    learning_rate        | 0.0003     |
|    loss                 | -0.0604    |
|    n_updates            | 4590       |
|    policy_gradient_loss | -0.0427    |
|    std                  | 0.328      |
|    value_loss           | 0.0757     |
----------------------------------------
Early stopping at step 5 due to reaching max kl: 0.08
----------------------------------------
| env/                    |            |
|    strehl               | 0.539      |
| rollout/                |            |
|    ep_len_mean          | 8          |
|    ep_rew_mean          | -6.14      |
| time/                   |            |
|    fps                  | 217        |
|    iterations           | 608        |
|    time_elapsed         | 1430       |
|    total_timesteps      | 311296     |
| train/                  |            |
|    approx_kl            | 0.08373012 |
|    clip_fraction        | 0.397      |
|    clip_range           | 0.2        |
|    entropy_loss         | -6.36      |
|    explained_variance   | -0.000567  |
|    learning_rate        | 0.0003     |
|    loss                 | -0.065     |
|    n_updates            | 4596       |
|    policy_gradient_loss | -0.0527    |
|    std                  | 0.328      |
|    value_loss           | 0.071      |
----------------------------------------
Early stopping at step 5 due to reaching max kl: 0.08
---------------------------------------
| env/                    |           |
|    strehl               | 0.469     |
| rollout/                |           |
|    ep_len_mean          | 8         |
|    ep_rew_mean          | -6.11     |
| time/                   |           |
|    fps                  | 217       |
|    iterations           | 609       |
|    time_elapsed         | 1432      |
|    total_timesteps      | 311808    |
| train/                  |           |
|    approx_kl            | 0.0762238 |
|    clip_fraction        | 0.342     |
|    clip_range           | 0.2       |
|    entropy_loss         | -6.36     |
|    explained_variance   | -0.00108  |
|    learning_rate        | 0.0003    |
|    loss                 | -0.0727   |
|    n_updates            | 4602      |
|    policy_gradient_loss | -0.0555   |
|    std                  | 0.328     |
|    value_loss           | 0.0767    |
---------------------------------------
Early stopping at step 5 due to reaching max kl: 0.08
----------------------------------------
| env/                    |            |
|    strehl               | 0.519      |
| rollout/                |            |
|    ep_len_mean          | 8          |
|    ep_rew_mean          | -6.07      |
| time/                   |            |
|    fps                  | 217        |
|    iterations           | 610        |
|    time_elapsed         | 1434       |
|    total_timesteps      | 312320     |
| train/                  |            |
|    approx_kl            | 0.07776663 |
|    clip_fraction        | 0.354      |
|    clip_range           | 0.2        |
|    entropy_loss         | -6.35      |
|    explained_variance   | -0.000423  |
|    learning_rate        | 0.0003     |
|    loss                 | -0.0519    |
|    n_updates            | 4608       |
|    policy_gradient_loss | -0.0541    |
|    std                  | 0.328      |
|    value_loss           | 0.0774     |
----------------------------------------
Early stopping at step 5 due to reaching max kl: 0.10
----------------------------------------
| env/                    |            |
|    strehl               | 0.522      |
| rollout/                |            |
|    ep_len_mean          | 8          |
|    ep_rew_mean          | -6.1       |
| time/                   |            |
|    fps                  | 217        |
|    iterations           | 611        |
|    time_elapsed         | 1437       |
|    total_timesteps      | 312832     |
| train/                  |            |
|    approx_kl            | 0.09677043 |
|    clip_fraction        | 0.382      |
|    clip_range           | 0.2        |
|    entropy_loss         | -6.33      |
|    explained_variance   | -0.000936  |
|    learning_rate        | 0.0003     |
|    loss                 | -0.0426    |
|    n_updates            | 4614       |
|    policy_gradient_loss | -0.0486    |
|    std                  | 0.328      |
|    value_loss           | 0.102      |
----------------------------------------
Early stopping at step 5 due to reaching max kl: 0.09
----------------------------------------
| env/                    |            |
|    strehl               | 0.479      |
| rollout/                |            |
|    ep_len_mean          | 8          |
|    ep_rew_mean          | -6.12      |
| time/                   |            |
|    fps                  | 217        |
|    iterations           | 612        |
|    time_elapsed         | 1439       |
|    total_timesteps      | 313344     |
| train/                  |            |
|    approx_kl            | 0.07974534 |
|    clip_fraction        | 0.381      |
|    clip_range           | 0.2        |
|    entropy_loss         | -6.32      |
|    explained_variance   | -0.00097   |
|    learning_rate        | 0.0003     |
|    loss                 | -0.0524    |
|    n_updates            | 4620       |
|    policy_gradient_loss | -0.053     |
|    std                  | 0.328      |
|    value_loss           | 0.0776     |
----------------------------------------
Early stopping at step 4 due to reaching max kl: 0.08
---------------------------------------
| env/                    |           |
|    strehl               | 0.514     |
| rollout/                |           |
|    ep_len_mean          | 8         |
|    ep_rew_mean          | -6.14     |
| time/                   |           |
|    fps                  | 217       |
|    iterations           | 613       |
|    time_elapsed         | 1441      |
|    total_timesteps      | 313856    |
| train/                  |           |
|    approx_kl            | 0.0772918 |
|    clip_fraction        | 0.429     |
|    clip_range           | 0.2       |
|    entropy_loss         | -6.32     |
|    explained_variance   | -0.000951 |
|    learning_rate        | 0.0003    |
|    loss                 | -0.0224   |
|    n_updates            | 4625      |
|    policy_gradient_loss | -0.0394   |
|    std                  | 0.327     |
|    value_loss           | 0.0928    |
---------------------------------------
Early stopping at step 5 due to reaching max kl: 0.08
----------------------------------------
| env/                    |            |
|    strehl               | 0.399      |
| rollout/                |            |
|    ep_len_mean          | 8          |
|    ep_rew_mean          | -6.19      |
| time/                   |            |
|    fps                  | 217        |
|    iterations           | 614        |
|    time_elapsed         | 1443       |
|    total_timesteps      | 314368     |
| train/                  |            |
|    approx_kl            | 0.07628889 |
|    clip_fraction        | 0.418      |
|    clip_range           | 0.2        |
|    entropy_loss         | -6.31      |
|    explained_variance   | -0.000676  |
|    learning_rate        | 0.0003     |
|    loss                 | -0.0329    |
|    n_updates            | 4631       |
|    policy_gradient_loss | -0.0461    |
|    std                  | 0.327      |
|    value_loss           | 0.126      |
----------------------------------------
Early stopping at step 5 due to reaching max kl: 0.08
----------------------------------------
| env/                    |            |
|    strehl               | 0.484      |
| rollout/                |            |
|    ep_len_mean          | 8          |
|    ep_rew_mean          | -6.16      |
| time/                   |            |
|    fps                  | 217        |
|    iterations           | 615        |
|    time_elapsed         | 1445       |
|    total_timesteps      | 314880     |
| train/                  |            |
|    approx_kl            | 0.07060394 |
|    clip_fraction        | 0.406      |
|    clip_range           | 0.2        |
|    entropy_loss         | -6.31      |
|    explained_variance   | -0.00101   |
|    learning_rate        | 0.0003     |
|    loss                 | -0.0544    |
|    n_updates            | 4637       |
|    policy_gradient_loss | -0.0522    |
|    std                  | 0.327      |
|    value_loss           | 0.0882     |
----------------------------------------
Early stopping at step 5 due to reaching max kl: 0.08
----------------------------------------
| env/                    |            |
|    strehl               | 0.53       |
| rollout/                |            |
|    ep_len_mean          | 8          |
|    ep_rew_mean          | -6.15      |
| time/                   |            |
|    fps                  | 217        |
|    iterations           | 616        |
|    time_elapsed         | 1447       |
|    total_timesteps      | 315392     |
| train/                  |            |
|    approx_kl            | 0.07813629 |
|    clip_fraction        | 0.349      |
|    clip_range           | 0.2        |
|    entropy_loss         | -6.31      |
|    explained_variance   | -0.000981  |
|    learning_rate        | 0.0003     |
|    loss                 | -0.0793    |
|    n_updates            | 4643       |
|    policy_gradient_loss | -0.0587    |
|    std                  | 0.327      |
|    value_loss           | 0.0636     |
----------------------------------------
Early stopping at step 4 due to reaching max kl: 0.08
----------------------------------------
| env/                    |            |
|    strehl               | 0.472      |
| rollout/                |            |
|    ep_len_mean          | 8          |
|    ep_rew_mean          | -6.11      |
| time/                   |            |
|    fps                  | 217        |
|    iterations           | 617        |
|    time_elapsed         | 1449       |
|    total_timesteps      | 315904     |
| train/                  |            |
|    approx_kl            | 0.08004294 |
|    clip_fraction        | 0.289      |
|    clip_range           | 0.2        |
|    entropy_loss         | -6.31      |
|    explained_variance   | -0.000926  |
|    learning_rate        | 0.0003     |
|    loss                 | -0.0275    |
|    n_updates            | 4648       |
|    policy_gradient_loss | -0.04      |
|    std                  | 0.327      |
|    value_loss           | 0.105      |
----------------------------------------
Early stopping at step 4 due to reaching max kl: 0.08
-----------------------------------------
| env/                    |             |
|    strehl               | 0.532       |
| rollout/                |             |
|    ep_len_mean          | 8           |
|    ep_rew_mean          | -6.1        |
| time/                   |             |
|    fps                  | 217         |
|    iterations           | 618         |
|    time_elapsed         | 1451        |
|    total_timesteps      | 316416      |
| train/                  |             |
|    approx_kl            | 0.075439826 |
|    clip_fraction        | 0.305       |
|    clip_range           | 0.2         |
|    entropy_loss         | -6.31       |
|    explained_variance   | -0.00081    |
|    learning_rate        | 0.0003      |
|    loss                 | -0.057      |
|    n_updates            | 4653        |
|    policy_gradient_loss | -0.0472     |
|    std                  | 0.327       |
|    value_loss           | 0.0701      |
-----------------------------------------
Early stopping at step 4 due to reaching max kl: 0.08
----------------------------------------
| env/                    |            |
|    strehl               | 0.471      |
| rollout/                |            |
|    ep_len_mean          | 8          |
|    ep_rew_mean          | -6.23      |
| time/                   |            |
|    fps                  | 218        |
|    iterations           | 619        |
|    time_elapsed         | 1453       |
|    total_timesteps      | 316928     |
| train/                  |            |
|    approx_kl            | 0.07959552 |
|    clip_fraction        | 0.319      |
|    clip_range           | 0.2        |
|    entropy_loss         | -6.31      |
|    explained_variance   | -0.000933  |
|    learning_rate        | 0.0003     |
|    loss                 | -0.0444    |
|    n_updates            | 4658       |
|    policy_gradient_loss | -0.0435    |
|    std                  | 0.327      |
|    value_loss           | 0.0823     |
----------------------------------------
Early stopping at step 6 due to reaching max kl: 0.08
---------------------------------------
| env/                    |           |
|    strehl               | 0.484     |
| rollout/                |           |
|    ep_len_mean          | 8         |
|    ep_rew_mean          | -6.21     |
| time/                   |           |
|    fps                  | 218       |
|    iterations           | 620       |
|    time_elapsed         | 1456      |
|    total_timesteps      | 317440    |
| train/                  |           |
|    approx_kl            | 0.0792527 |
|    clip_fraction        | 0.422     |
|    clip_range           | 0.2       |
|    entropy_loss         | -6.3      |
|    explained_variance   | -0.00104  |
|    learning_rate        | 0.0003    |
|    loss                 | -0.0491   |
|    n_updates            | 4665      |
|    policy_gradient_loss | -0.0492   |
|    std                  | 0.327     |
|    value_loss           | 0.121     |
---------------------------------------
Early stopping at step 3 due to reaching max kl: 0.08
----------------------------------------
| env/                    |            |
|    strehl               | 0.5        |
| rollout/                |            |
|    ep_len_mean          | 8          |
|    ep_rew_mean          | -6.14      |
| time/                   |            |
|    fps                  | 218        |
|    iterations           | 621        |
|    time_elapsed         | 1457       |
|    total_timesteps      | 317952     |
| train/                  |            |
|    approx_kl            | 0.06702209 |
|    clip_fraction        | 0.299      |
|    clip_range           | 0.2        |
|    entropy_loss         | -6.3       |
|    explained_variance   | -0.0016    |
|    learning_rate        | 0.0003     |
|    loss                 | -0.036     |
|    n_updates            | 4669       |
|    policy_gradient_loss | -0.0469    |
|    std                  | 0.327      |
|    value_loss           | 0.106      |
----------------------------------------
Early stopping at step 5 due to reaching max kl: 0.08
----------------------------------------
| env/                    |            |
|    strehl               | 0.468      |
| rollout/                |            |
|    ep_len_mean          | 8          |
|    ep_rew_mean          | -6.16      |
| time/                   |            |
|    fps                  | 218        |
|    iterations           | 622        |
|    time_elapsed         | 1460       |
|    total_timesteps      | 318464     |
| train/                  |            |
|    approx_kl            | 0.07591055 |
|    clip_fraction        | 0.39       |
|    clip_range           | 0.2        |
|    entropy_loss         | -6.3       |
|    explained_variance   | -0.000866  |
|    learning_rate        | 0.0003     |
|    loss                 | -0.0758    |
|    n_updates            | 4675       |
|    policy_gradient_loss | -0.0531    |
|    std                  | 0.327      |
|    value_loss           | 0.0542     |
----------------------------------------
Early stopping at step 5 due to reaching max kl: 0.08
----------------------------------------
| env/                    |            |
|    strehl               | 0.483      |
| rollout/                |            |
|    ep_len_mean          | 8          |
|    ep_rew_mean          | -6.25      |
| time/                   |            |
|    fps                  | 218        |
|    iterations           | 623        |
|    time_elapsed         | 1462       |
|    total_timesteps      | 318976     |
| train/                  |            |
|    approx_kl            | 0.07575413 |
|    clip_fraction        | 0.392      |
|    clip_range           | 0.2        |
|    entropy_loss         | -6.3       |
|    explained_variance   | -0.00078   |
|    learning_rate        | 0.0003     |
|    loss                 | -0.0586    |
|    n_updates            | 4681       |
|    policy_gradient_loss | -0.0491    |
|    std                  | 0.327      |
|    value_loss           | 0.0736     |
----------------------------------------
Early stopping at step 4 due to reaching max kl: 0.10
----------------------------------------
| env/                    |            |
|    strehl               | 0.418      |
| rollout/                |            |
|    ep_len_mean          | 8          |
|    ep_rew_mean          | -6.27      |
| time/                   |            |
|    fps                  | 218        |
|    iterations           | 624        |
|    time_elapsed         | 1464       |
|    total_timesteps      | 319488     |
| train/                  |            |
|    approx_kl            | 0.08037121 |
|    clip_fraction        | 0.336      |
|    clip_range           | 0.2        |
|    entropy_loss         | -6.3       |
|    explained_variance   | -0.00191   |
|    learning_rate        | 0.0003     |
|    loss                 | -0.0459    |
|    n_updates            | 4686       |
|    policy_gradient_loss | -0.0449    |
|    std                  | 0.327      |
|    value_loss           | 0.0824     |
----------------------------------------
Early stopping at step 4 due to reaching max kl: 0.08
-----------------------------------------
| env/                    |             |
|    strehl               | 0.451       |
| rollout/                |             |
|    ep_len_mean          | 8           |
|    ep_rew_mean          | -6.29       |
| time/                   |             |
|    fps                  | 218         |
|    iterations           | 625         |
|    time_elapsed         | 1466        |
|    total_timesteps      | 320000      |
| train/                  |             |
|    approx_kl            | 0.081997134 |
|    clip_fraction        | 0.359       |
|    clip_range           | 0.2         |
|    entropy_loss         | -6.29       |
|    explained_variance   | -0.0011     |
|    learning_rate        | 0.0003      |
|    loss                 | -0.0573     |
|    n_updates            | 4691        |
|    policy_gradient_loss | -0.0476     |
|    std                  | 0.327       |
|    value_loss           | 0.0821      |
-----------------------------------------
Early stopping at step 5 due to reaching max kl: 0.10
----------------------------------------
| env/                    |            |
|    strehl               | 0.427      |
| rollout/                |            |
|    ep_len_mean          | 8          |
|    ep_rew_mean          | -6.16      |
| time/                   |            |
|    fps                  | 218        |
|    iterations           | 626        |
|    time_elapsed         | 1468       |
|    total_timesteps      | 320512     |
| train/                  |            |
|    approx_kl            | 0.08805647 |
|    clip_fraction        | 0.39       |
|    clip_range           | 0.2        |
|    entropy_loss         | -6.29      |
|    explained_variance   | -0.00158   |
|    learning_rate        | 0.0003     |
|    loss                 | -0.0688    |
|    n_updates            | 4697       |
|    policy_gradient_loss | -0.0598    |
|    std                  | 0.327      |
|    value_loss           | 0.0628     |
----------------------------------------
Early stopping at step 4 due to reaching max kl: 0.08
----------------------------------------
| env/                    |            |
|    strehl               | 0.433      |
| rollout/                |            |
|    ep_len_mean          | 8          |
|    ep_rew_mean          | -6.1       |
| time/                   |            |
|    fps                  | 218        |
|    iterations           | 627        |
|    time_elapsed         | 1470       |
|    total_timesteps      | 321024     |
| train/                  |            |
|    approx_kl            | 0.07620488 |
|    clip_fraction        | 0.347      |
|    clip_range           | 0.2        |
|    entropy_loss         | -6.29      |
|    explained_variance   | -0.00168   |
|    learning_rate        | 0.0003     |
|    loss                 | -0.0159    |
|    n_updates            | 4702       |
|    policy_gradient_loss | -0.0439    |
|    std                  | 0.327      |
|    value_loss           | 0.156      |
----------------------------------------
Early stopping at step 4 due to reaching max kl: 0.08
----------------------------------------
| env/                    |            |
|    strehl               | 0.471      |
| rollout/                |            |
|    ep_len_mean          | 8          |
|    ep_rew_mean          | -6.23      |
| time/                   |            |
|    fps                  | 218        |
|    iterations           | 628        |
|    time_elapsed         | 1472       |
|    total_timesteps      | 321536     |
| train/                  |            |
|    approx_kl            | 0.06669674 |
|    clip_fraction        | 0.363      |
|    clip_range           | 0.2        |
|    entropy_loss         | -6.29      |
|    explained_variance   | -0.000801  |
|    learning_rate        | 0.0003     |
|    loss                 | -0.0619    |
|    n_updates            | 4707       |
|    policy_gradient_loss | -0.0478    |
|    std                  | 0.327      |
|    value_loss           | 0.0591     |
----------------------------------------
Early stopping at step 4 due to reaching max kl: 0.08
----------------------------------------
| env/                    |            |
|    strehl               | 0.556      |
| rollout/                |            |
|    ep_len_mean          | 8          |
|    ep_rew_mean          | -6.15      |
| time/                   |            |
|    fps                  | 218        |
|    iterations           | 629        |
|    time_elapsed         | 1474       |
|    total_timesteps      | 322048     |
| train/                  |            |
|    approx_kl            | 0.07321602 |
|    clip_fraction        | 0.4        |
|    clip_range           | 0.2        |
|    entropy_loss         | -6.28      |
|    explained_variance   | -0.000911  |
|    learning_rate        | 0.0003     |
|    loss                 | -0.0498    |
|    n_updates            | 4712       |
|    policy_gradient_loss | -0.0504    |
|    std                  | 0.327      |
|    value_loss           | 0.0896     |
----------------------------------------
Early stopping at step 4 due to reaching max kl: 0.08
-----------------------------------------
| env/                    |             |
|    strehl               | 0.516       |
| rollout/                |             |
|    ep_len_mean          | 8           |
|    ep_rew_mean          | -6.18       |
| time/                   |             |
|    fps                  | 218         |
|    iterations           | 630         |
|    time_elapsed         | 1476        |
|    total_timesteps      | 322560      |
| train/                  |             |
|    approx_kl            | 0.068753436 |
|    clip_fraction        | 0.383       |
|    clip_range           | 0.2         |
|    entropy_loss         | -6.28       |
|    explained_variance   | -0.00106    |
|    learning_rate        | 0.0003      |
|    loss                 | -0.0561     |
|    n_updates            | 4717        |
|    policy_gradient_loss | -0.0502     |
|    std                  | 0.327       |
|    value_loss           | 0.073       |
-----------------------------------------
Early stopping at step 4 due to reaching max kl: 0.09
----------------------------------------
| env/                    |            |
|    strehl               | 0.569      |
| rollout/                |            |
|    ep_len_mean          | 8          |
|    ep_rew_mean          | -6.16      |
| time/                   |            |
|    fps                  | 218        |
|    iterations           | 631        |
|    time_elapsed         | 1478       |
|    total_timesteps      | 323072     |
| train/                  |            |
|    approx_kl            | 0.07859228 |
|    clip_fraction        | 0.343      |
|    clip_range           | 0.2        |
|    entropy_loss         | -6.28      |
|    explained_variance   | -0.00111   |
|    learning_rate        | 0.0003     |
|    loss                 | -0.0444    |
|    n_updates            | 4722       |
|    policy_gradient_loss | -0.0398    |
|    std                  | 0.327      |
|    value_loss           | 0.0673     |
----------------------------------------
Early stopping at step 5 due to reaching max kl: 0.08
----------------------------------------
| env/                    |            |
|    strehl               | 0.447      |
| rollout/                |            |
|    ep_len_mean          | 8          |
|    ep_rew_mean          | -6.08      |
| time/                   |            |
|    fps                  | 218        |
|    iterations           | 632        |
|    time_elapsed         | 1480       |
|    total_timesteps      | 323584     |
| train/                  |            |
|    approx_kl            | 0.08157113 |
|    clip_fraction        | 0.368      |
|    clip_range           | 0.2        |
|    entropy_loss         | -6.27      |
|    explained_variance   | -0.00106   |
|    learning_rate        | 0.0003     |
|    loss                 | -0.0503    |
|    n_updates            | 4728       |
|    policy_gradient_loss | -0.0492    |
|    std                  | 0.327      |
|    value_loss           | 0.11       |
----------------------------------------
Early stopping at step 6 due to reaching max kl: 0.08
----------------------------------------
| env/                    |            |
|    strehl               | 0.482      |
| rollout/                |            |
|    ep_len_mean          | 8          |
|    ep_rew_mean          | -6.11      |
| time/                   |            |
|    fps                  | 218        |
|    iterations           | 633        |
|    time_elapsed         | 1483       |
|    total_timesteps      | 324096     |
| train/                  |            |
|    approx_kl            | 0.08051991 |
|    clip_fraction        | 0.419      |
|    clip_range           | 0.2        |
|    entropy_loss         | -6.27      |
|    explained_variance   | -0.000972  |
|    learning_rate        | 0.0003     |
|    loss                 | -0.0674    |
|    n_updates            | 4735       |
|    policy_gradient_loss | -0.0585    |
|    std                  | 0.327      |
|    value_loss           | 0.0884     |
----------------------------------------
Early stopping at step 4 due to reaching max kl: 0.09
----------------------------------------
| env/                    |            |
|    strehl               | 0.517      |
| rollout/                |            |
|    ep_len_mean          | 8          |
|    ep_rew_mean          | -6.11      |
| time/                   |            |
|    fps                  | 218        |
|    iterations           | 634        |
|    time_elapsed         | 1485       |
|    total_timesteps      | 324608     |
| train/                  |            |
|    approx_kl            | 0.08115404 |
|    clip_fraction        | 0.345      |
|    clip_range           | 0.2        |
|    entropy_loss         | -6.27      |
|    explained_variance   | -0.00102   |
|    learning_rate        | 0.0003     |
|    loss                 | -0.0332    |
|    n_updates            | 4740       |
|    policy_gradient_loss | -0.0482    |
|    std                  | 0.327      |
|    value_loss           | 0.106      |
----------------------------------------
Early stopping at step 5 due to reaching max kl: 0.09
Eval num_timesteps=325000, episode_reward=-6.24 +/- 0.69
Episode length: 8.00 +/- 0.00
-----------------------------------------
| env/                    |             |
|    strehl               | 0.552       |
| eval/                   |             |
|    mean_ep_length       | 8           |
|    mean_reward          | -6.24       |
| time/                   |             |
|    total_timesteps      | 325000      |
| train/                  |             |
|    approx_kl            | 0.085573494 |
|    clip_fraction        | 0.416       |
|    clip_range           | 0.2         |
|    entropy_loss         | -6.27       |
|    explained_variance   | -0.000628   |
|    learning_rate        | 0.0003      |
|    loss                 | -0.0612     |
|    n_updates            | 4746        |
|    policy_gradient_loss | -0.0487     |
|    std                  | 0.327       |
|    value_loss           | 0.0762      |
-----------------------------------------
---------------------------------
| env/               |          |
|    strehl          | 0.554    |
| rollout/           |          |
|    ep_len_mean     | 8        |
|    ep_rew_mean     | -6.11    |
| time/              |          |
|    fps             | 218      |
|    iterations      | 635      |
|    time_elapsed    | 1488     |
|    total_timesteps | 325120   |
---------------------------------
Early stopping at step 5 due to reaching max kl: 0.10
----------------------------------------
| env/                    |            |
|    strehl               | 0.51       |
| rollout/                |            |
|    ep_len_mean          | 8          |
|    ep_rew_mean          | -6.23      |
| time/                   |            |
|    fps                  | 218        |
|    iterations           | 636        |
|    time_elapsed         | 1490       |
|    total_timesteps      | 325632     |
| train/                  |            |
|    approx_kl            | 0.08539477 |
|    clip_fraction        | 0.409      |
|    clip_range           | 0.2        |
|    entropy_loss         | -6.27      |
|    explained_variance   | -0.000918  |
|    learning_rate        | 0.0003     |
|    loss                 | -0.0581    |
|    n_updates            | 4752       |
|    policy_gradient_loss | -0.052     |
|    std                  | 0.327      |
|    value_loss           | 0.0969     |
----------------------------------------
Early stopping at step 3 due to reaching max kl: 0.08
-----------------------------------------
| env/                    |             |
|    strehl               | 0.485       |
| rollout/                |             |
|    ep_len_mean          | 8           |
|    ep_rew_mean          | -6.15       |
| time/                   |             |
|    fps                  | 218         |
|    iterations           | 637         |
|    time_elapsed         | 1492        |
|    total_timesteps      | 326144      |
| train/                  |             |
|    approx_kl            | 0.062311776 |
|    clip_fraction        | 0.297       |
|    clip_range           | 0.2         |
|    entropy_loss         | -6.26       |
|    explained_variance   | -0.00144    |
|    learning_rate        | 0.0003      |
|    loss                 | -0.032      |
|    n_updates            | 4756        |
|    policy_gradient_loss | -0.0414     |
|    std                  | 0.327       |
|    value_loss           | 0.0923      |
-----------------------------------------
Early stopping at step 4 due to reaching max kl: 0.09
----------------------------------------
| env/                    |            |
|    strehl               | 0.539      |
| rollout/                |            |
|    ep_len_mean          | 8          |
|    ep_rew_mean          | -6.16      |
| time/                   |            |
|    fps                  | 218        |
|    iterations           | 638        |
|    time_elapsed         | 1494       |
|    total_timesteps      | 326656     |
| train/                  |            |
|    approx_kl            | 0.07430875 |
|    clip_fraction        | 0.347      |
|    clip_range           | 0.2        |
|    entropy_loss         | -6.26      |
|    explained_variance   | -0.00119   |
|    learning_rate        | 0.0003     |
|    loss                 | -0.0544    |
|    n_updates            | 4761       |
|    policy_gradient_loss | -0.0476    |
|    std                  | 0.327      |
|    value_loss           | 0.0707     |
----------------------------------------
Early stopping at step 5 due to reaching max kl: 0.08
-----------------------------------------
| env/                    |             |
|    strehl               | 0.513       |
| rollout/                |             |
|    ep_len_mean          | 8           |
|    ep_rew_mean          | -6.02       |
| time/                   |             |
|    fps                  | 218         |
|    iterations           | 639         |
|    time_elapsed         | 1496        |
|    total_timesteps      | 327168      |
| train/                  |             |
|    approx_kl            | 0.079014674 |
|    clip_fraction        | 0.422       |
|    clip_range           | 0.2         |
|    entropy_loss         | -6.25       |
|    explained_variance   | -0.000917   |
|    learning_rate        | 0.0003      |
|    loss                 | -0.0474     |
|    n_updates            | 4767        |
|    policy_gradient_loss | -0.0454     |
|    std                  | 0.326       |
|    value_loss           | 0.0951      |
-----------------------------------------
Early stopping at step 4 due to reaching max kl: 0.09
----------------------------------------
| env/                    |            |
|    strehl               | 0.506      |
| rollout/                |            |
|    ep_len_mean          | 8          |
|    ep_rew_mean          | -6.14      |
| time/                   |            |
|    fps                  | 218        |
|    iterations           | 640        |
|    time_elapsed         | 1498       |
|    total_timesteps      | 327680     |
| train/                  |            |
|    approx_kl            | 0.08974065 |
|    clip_fraction        | 0.426      |
|    clip_range           | 0.2        |
|    entropy_loss         | -6.24      |
|    explained_variance   | -0.00289   |
|    learning_rate        | 0.0003     |
|    loss                 | -0.0439    |
|    n_updates            | 4772       |
|    policy_gradient_loss | -0.0395    |
|    std                  | 0.326      |
|    value_loss           | 0.087      |
----------------------------------------
Early stopping at step 4 due to reaching max kl: 0.09
----------------------------------------
| env/                    |            |
|    strehl               | 0.509      |
| rollout/                |            |
|    ep_len_mean          | 8          |
|    ep_rew_mean          | -6.08      |
| time/                   |            |
|    fps                  | 218        |
|    iterations           | 641        |
|    time_elapsed         | 1500       |
|    total_timesteps      | 328192     |
| train/                  |            |
|    approx_kl            | 0.08511079 |
|    clip_fraction        | 0.297      |
|    clip_range           | 0.2        |
|    entropy_loss         | -6.24      |
|    explained_variance   | -0.00142   |
|    learning_rate        | 0.0003     |
|    loss                 | -0.0184    |
|    n_updates            | 4777       |
|    policy_gradient_loss | -0.0424    |
|    std                  | 0.326      |
|    value_loss           | 0.145      |
----------------------------------------
Early stopping at step 4 due to reaching max kl: 0.08
-----------------------------------------
| env/                    |             |
|    strehl               | 0.355       |
| rollout/                |             |
|    ep_len_mean          | 8           |
|    ep_rew_mean          | -6.06       |
| time/                   |             |
|    fps                  | 218         |
|    iterations           | 642         |
|    time_elapsed         | 1502        |
|    total_timesteps      | 328704      |
| train/                  |             |
|    approx_kl            | 0.075688966 |
|    clip_fraction        | 0.414       |
|    clip_range           | 0.2         |
|    entropy_loss         | -6.24       |
|    explained_variance   | -0.00152    |
|    learning_rate        | 0.0003      |
|    loss                 | -0.0571     |
|    n_updates            | 4782        |
|    policy_gradient_loss | -0.0412     |
|    std                  | 0.326       |
|    value_loss           | 0.0705      |
-----------------------------------------
Early stopping at step 4 due to reaching max kl: 0.08
-----------------------------------------
| env/                    |             |
|    strehl               | 0.462       |
| rollout/                |             |
|    ep_len_mean          | 8           |
|    ep_rew_mean          | -6.25       |
| time/                   |             |
|    fps                  | 218         |
|    iterations           | 643         |
|    time_elapsed         | 1504        |
|    total_timesteps      | 329216      |
| train/                  |             |
|    approx_kl            | 0.072503366 |
|    clip_fraction        | 0.366       |
|    clip_range           | 0.2         |
|    entropy_loss         | -6.24       |
|    explained_variance   | -0.00113    |
|    learning_rate        | 0.0003      |
|    loss                 | -0.0413     |
|    n_updates            | 4787        |
|    policy_gradient_loss | -0.0493     |
|    std                  | 0.326       |
|    value_loss           | 0.0985      |
-----------------------------------------
Early stopping at step 4 due to reaching max kl: 0.08
----------------------------------------
| env/                    |            |
|    strehl               | 0.509      |
| rollout/                |            |
|    ep_len_mean          | 8          |
|    ep_rew_mean          | -6.19      |
| time/                   |            |
|    fps                  | 218        |
|    iterations           | 644        |
|    time_elapsed         | 1506       |
|    total_timesteps      | 329728     |
| train/                  |            |
|    approx_kl            | 0.07584517 |
|    clip_fraction        | 0.378      |
|    clip_range           | 0.2        |
|    entropy_loss         | -6.23      |
|    explained_variance   | -0.00112   |
|    learning_rate        | 0.0003     |
|    loss                 | -0.0329    |
|    n_updates            | 4792       |
|    policy_gradient_loss | -0.0424    |
|    std                  | 0.326      |
|    value_loss           | 0.115      |
----------------------------------------
Early stopping at step 4 due to reaching max kl: 0.10
----------------------------------------
| env/                    |            |
|    strehl               | 0.453      |
| rollout/                |            |
|    ep_len_mean          | 8          |
|    ep_rew_mean          | -6.08      |
| time/                   |            |
|    fps                  | 218        |
|    iterations           | 645        |
|    time_elapsed         | 1508       |
|    total_timesteps      | 330240     |
| train/                  |            |
|    approx_kl            | 0.08176449 |
|    clip_fraction        | 0.375      |
|    clip_range           | 0.2        |
|    entropy_loss         | -6.22      |
|    explained_variance   | -0.00081   |
|    learning_rate        | 0.0003     |
|    loss                 | -0.0193    |
|    n_updates            | 4797       |
|    policy_gradient_loss | -0.0354    |
|    std                  | 0.326      |
|    value_loss           | 0.0771     |
----------------------------------------
Early stopping at step 4 due to reaching max kl: 0.08
----------------------------------------
| env/                    |            |
|    strehl               | 0.501      |
| rollout/                |            |
|    ep_len_mean          | 8          |
|    ep_rew_mean          | -6.12      |
| time/                   |            |
|    fps                  | 218        |
|    iterations           | 646        |
|    time_elapsed         | 1510       |
|    total_timesteps      | 330752     |
| train/                  |            |
|    approx_kl            | 0.07010127 |
|    clip_fraction        | 0.393      |
|    clip_range           | 0.2        |
|    entropy_loss         | -6.22      |
|    explained_variance   | -0.000996  |
|    learning_rate        | 0.0003     |
|    loss                 | -0.0342    |
|    n_updates            | 4802       |
|    policy_gradient_loss | -0.0527    |
|    std                  | 0.326      |
|    value_loss           | 0.0975     |
----------------------------------------
Early stopping at step 4 due to reaching max kl: 0.10
-----------------------------------------
| env/                    |             |
|    strehl               | 0.513       |
| rollout/                |             |
|    ep_len_mean          | 8           |
|    ep_rew_mean          | -6.11       |
| time/                   |             |
|    fps                  | 218         |
|    iterations           | 647         |
|    time_elapsed         | 1512        |
|    total_timesteps      | 331264      |
| train/                  |             |
|    approx_kl            | 0.087362945 |
|    clip_fraction        | 0.382       |
|    clip_range           | 0.2         |
|    entropy_loss         | -6.21       |
|    explained_variance   | -0.00129    |
|    learning_rate        | 0.0003      |
|    loss                 | -0.0488     |
|    n_updates            | 4807        |
|    policy_gradient_loss | -0.0472     |
|    std                  | 0.326       |
|    value_loss           | 0.0863      |
-----------------------------------------
Early stopping at step 4 due to reaching max kl: 0.08
---------------------------------------
| env/                    |           |
|    strehl               | 0.526     |
| rollout/                |           |
|    ep_len_mean          | 8         |
|    ep_rew_mean          | -6.16     |
| time/                   |           |
|    fps                  | 218       |
|    iterations           | 648       |
|    time_elapsed         | 1515      |
|    total_timesteps      | 331776    |
| train/                  |           |
|    approx_kl            | 0.0770599 |
|    clip_fraction        | 0.394     |
|    clip_range           | 0.2       |
|    entropy_loss         | -6.21     |
|    explained_variance   | -0.00116  |
|    learning_rate        | 0.0003    |
|    loss                 | -0.0552   |
|    n_updates            | 4812      |
|    policy_gradient_loss | -0.0398   |
|    std                  | 0.326     |
|    value_loss           | 0.0735    |
---------------------------------------
Early stopping at step 5 due to reaching max kl: 0.09
---------------------------------------
| env/                    |           |
|    strehl               | 0.422     |
| rollout/                |           |
|    ep_len_mean          | 8         |
|    ep_rew_mean          | -6.25     |
| time/                   |           |
|    fps                  | 219       |
|    iterations           | 649       |
|    time_elapsed         | 1517      |
|    total_timesteps      | 332288    |
| train/                  |           |
|    approx_kl            | 0.0889681 |
|    clip_fraction        | 0.388     |
|    clip_range           | 0.2       |
|    entropy_loss         | -6.21     |
|    explained_variance   | -0.000708 |
|    learning_rate        | 0.0003    |
|    loss                 | -0.0612   |
|    n_updates            | 4818      |
|    policy_gradient_loss | -0.0514   |
|    std                  | 0.326     |
|    value_loss           | 0.0807    |
---------------------------------------
Early stopping at step 4 due to reaching max kl: 0.10
-----------------------------------------
| env/                    |             |
|    strehl               | 0.484       |
| rollout/                |             |
|    ep_len_mean          | 8           |
|    ep_rew_mean          | -6.2        |
| time/                   |             |
|    fps                  | 219         |
|    iterations           | 650         |
|    time_elapsed         | 1519        |
|    total_timesteps      | 332800      |
| train/                  |             |
|    approx_kl            | 0.087437354 |
|    clip_fraction        | 0.425       |
|    clip_range           | 0.2         |
|    entropy_loss         | -6.2        |
|    explained_variance   | -0.00119    |
|    learning_rate        | 0.0003      |
|    loss                 | -0.0384     |
|    n_updates            | 4823        |
|    policy_gradient_loss | -0.0489     |
|    std                  | 0.326       |
|    value_loss           | 0.115       |
-----------------------------------------
Early stopping at step 4 due to reaching max kl: 0.08
----------------------------------------
| env/                    |            |
|    strehl               | 0.521      |
| rollout/                |            |
|    ep_len_mean          | 8          |
|    ep_rew_mean          | -6.17      |
| time/                   |            |
|    fps                  | 219        |
|    iterations           | 651        |
|    time_elapsed         | 1521       |
|    total_timesteps      | 333312     |
| train/                  |            |
|    approx_kl            | 0.06849575 |
|    clip_fraction        | 0.359      |
|    clip_range           | 0.2        |
|    entropy_loss         | -6.2       |
|    explained_variance   | -0.000945  |
|    learning_rate        | 0.0003     |
|    loss                 | -0.0425    |
|    n_updates            | 4828       |
|    policy_gradient_loss | -0.0491    |
|    std                  | 0.326      |
|    value_loss           | 0.102      |
----------------------------------------
Early stopping at step 4 due to reaching max kl: 0.08
----------------------------------------
| env/                    |            |
|    strehl               | 0.493      |
| rollout/                |            |
|    ep_len_mean          | 8          |
|    ep_rew_mean          | -6.21      |
| time/                   |            |
|    fps                  | 219        |
|    iterations           | 652        |
|    time_elapsed         | 1523       |
|    total_timesteps      | 333824     |
| train/                  |            |
|    approx_kl            | 0.07608479 |
|    clip_fraction        | 0.372      |
|    clip_range           | 0.2        |
|    entropy_loss         | -6.2       |
|    explained_variance   | -0.00121   |
|    learning_rate        | 0.0003     |
|    loss                 | -0.0185    |
|    n_updates            | 4833       |
|    policy_gradient_loss | -0.0396    |
|    std                  | 0.326      |
|    value_loss           | 0.123      |
----------------------------------------
Early stopping at step 5 due to reaching max kl: 0.09
----------------------------------------
| env/                    |            |
|    strehl               | 0.556      |
| rollout/                |            |
|    ep_len_mean          | 8          |
|    ep_rew_mean          | -6.14      |
| time/                   |            |
|    fps                  | 219        |
|    iterations           | 653        |
|    time_elapsed         | 1525       |
|    total_timesteps      | 334336     |
| train/                  |            |
|    approx_kl            | 0.08875781 |
|    clip_fraction        | 0.38       |
|    clip_range           | 0.2        |
|    entropy_loss         | -6.2       |
|    explained_variance   | -0.000639  |
|    learning_rate        | 0.0003     |
|    loss                 | -0.064     |
|    n_updates            | 4839       |
|    policy_gradient_loss | -0.0505    |
|    std                  | 0.326      |
|    value_loss           | 0.0818     |
----------------------------------------
Early stopping at step 4 due to reaching max kl: 0.10
-----------------------------------------
| env/                    |             |
|    strehl               | 0.499       |
| rollout/                |             |
|    ep_len_mean          | 8           |
|    ep_rew_mean          | -6.04       |
| time/                   |             |
|    fps                  | 219         |
|    iterations           | 654         |
|    time_elapsed         | 1527        |
|    total_timesteps      | 334848      |
| train/                  |             |
|    approx_kl            | 0.079908505 |
|    clip_fraction        | 0.342       |
|    clip_range           | 0.2         |
|    entropy_loss         | -6.2        |
|    explained_variance   | -0.000761   |
|    learning_rate        | 0.0003      |
|    loss                 | -0.0561     |
|    n_updates            | 4844        |
|    policy_gradient_loss | -0.0416     |
|    std                  | 0.326       |
|    value_loss           | 0.0775      |
-----------------------------------------
Early stopping at step 5 due to reaching max kl: 0.08
----------------------------------------
| env/                    |            |
|    strehl               | 0.537      |
| rollout/                |            |
|    ep_len_mean          | 8          |
|    ep_rew_mean          | -6.06      |
| time/                   |            |
|    fps                  | 219        |
|    iterations           | 655        |
|    time_elapsed         | 1529       |
|    total_timesteps      | 335360     |
| train/                  |            |
|    approx_kl            | 0.08186564 |
|    clip_fraction        | 0.379      |
|    clip_range           | 0.2        |
|    entropy_loss         | -6.19      |
|    explained_variance   | -0.00103   |
|    learning_rate        | 0.0003     |
|    loss                 | -0.062     |
|    n_updates            | 4850       |
|    policy_gradient_loss | -0.0506    |
|    std                  | 0.325      |
|    value_loss           | 0.0683     |
----------------------------------------
Early stopping at step 4 due to reaching max kl: 0.08
-----------------------------------------
| env/                    |             |
|    strehl               | 0.475       |
| rollout/                |             |
|    ep_len_mean          | 8           |
|    ep_rew_mean          | -6.11       |
| time/                   |             |
|    fps                  | 219         |
|    iterations           | 656         |
|    time_elapsed         | 1531        |
|    total_timesteps      | 335872      |
| train/                  |             |
|    approx_kl            | 0.070500806 |
|    clip_fraction        | 0.376       |
|    clip_range           | 0.2         |
|    entropy_loss         | -6.18       |
|    explained_variance   | -0.00111    |
|    learning_rate        | 0.0003      |
|    loss                 | -0.0481     |
|    n_updates            | 4855        |
|    policy_gradient_loss | -0.0467     |
|    std                  | 0.325       |
|    value_loss           | 0.0813      |
-----------------------------------------
Early stopping at step 4 due to reaching max kl: 0.09
----------------------------------------
| env/                    |            |
|    strehl               | 0.545      |
| rollout/                |            |
|    ep_len_mean          | 8          |
|    ep_rew_mean          | -6.09      |
| time/                   |            |
|    fps                  | 219        |
|    iterations           | 657        |
|    time_elapsed         | 1533       |
|    total_timesteps      | 336384     |
| train/                  |            |
|    approx_kl            | 0.08154948 |
|    clip_fraction        | 0.431      |
|    clip_range           | 0.2        |
|    entropy_loss         | -6.18      |
|    explained_variance   | -0.00122   |
|    learning_rate        | 0.0003     |
|    loss                 | -0.0515    |
|    n_updates            | 4860       |
|    policy_gradient_loss | -0.0441    |
|    std                  | 0.325      |
|    value_loss           | 0.0822     |
----------------------------------------
Early stopping at step 4 due to reaching max kl: 0.08
----------------------------------------
| env/                    |            |
|    strehl               | 0.41       |
| rollout/                |            |
|    ep_len_mean          | 8          |
|    ep_rew_mean          | -6.13      |
| time/                   |            |
|    fps                  | 219        |
|    iterations           | 658        |
|    time_elapsed         | 1536       |
|    total_timesteps      | 336896     |
| train/                  |            |
|    approx_kl            | 0.07947345 |
|    clip_fraction        | 0.352      |
|    clip_range           | 0.2        |
|    entropy_loss         | -6.17      |
|    explained_variance   | -0.000659  |
|    learning_rate        | 0.0003     |
|    loss                 | -0.0549    |
|    n_updates            | 4865       |
|    policy_gradient_loss | -0.0536    |
|    std                  | 0.325      |
|    value_loss           | 0.0849     |
----------------------------------------
Early stopping at step 4 due to reaching max kl: 0.09
-----------------------------------------
| env/                    |             |
|    strehl               | 0.423       |
| rollout/                |             |
|    ep_len_mean          | 8           |
|    ep_rew_mean          | -6.15       |
| time/                   |             |
|    fps                  | 219         |
|    iterations           | 659         |
|    time_elapsed         | 1538        |
|    total_timesteps      | 337408      |
| train/                  |             |
|    approx_kl            | 0.078720786 |
|    clip_fraction        | 0.355       |
|    clip_range           | 0.2         |
|    entropy_loss         | -6.17       |
|    explained_variance   | -0.00171    |
|    learning_rate        | 0.0003      |
|    loss                 | -0.0401     |
|    n_updates            | 4870        |
|    policy_gradient_loss | -0.0543     |
|    std                  | 0.325       |
|    value_loss           | 0.119       |
-----------------------------------------
Early stopping at step 5 due to reaching max kl: 0.08
----------------------------------------
| env/                    |            |
|    strehl               | 0.477      |
| rollout/                |            |
|    ep_len_mean          | 8          |
|    ep_rew_mean          | -6.2       |
| time/                   |            |
|    fps                  | 219        |
|    iterations           | 660        |
|    time_elapsed         | 1540       |
|    total_timesteps      | 337920     |
| train/                  |            |
|    approx_kl            | 0.07531403 |
|    clip_fraction        | 0.409      |
|    clip_range           | 0.2        |
|    entropy_loss         | -6.17      |
|    explained_variance   | -0.000812  |
|    learning_rate        | 0.0003     |
|    loss                 | -0.0587    |
|    n_updates            | 4876       |
|    policy_gradient_loss | -0.0515    |
|    std                  | 0.325      |
|    value_loss           | 0.0869     |
----------------------------------------
Early stopping at step 5 due to reaching max kl: 0.08
----------------------------------------
| env/                    |            |
|    strehl               | 0.624      |
| rollout/                |            |
|    ep_len_mean          | 8          |
|    ep_rew_mean          | -6.09      |
| time/                   |            |
|    fps                  | 219        |
|    iterations           | 661        |
|    time_elapsed         | 1542       |
|    total_timesteps      | 338432     |
| train/                  |            |
|    approx_kl            | 0.07643412 |
|    clip_fraction        | 0.426      |
|    clip_range           | 0.2        |
|    entropy_loss         | -6.16      |
|    explained_variance   | -0.00088   |
|    learning_rate        | 0.0003     |
|    loss                 | -0.0395    |
|    n_updates            | 4882       |
|    policy_gradient_loss | -0.0437    |
|    std                  | 0.325      |
|    value_loss           | 0.115      |
----------------------------------------
Early stopping at step 3 due to reaching max kl: 0.09
----------------------------------------
| env/                    |            |
|    strehl               | 0.522      |
| rollout/                |            |
|    ep_len_mean          | 8          |
|    ep_rew_mean          | -6.07      |
| time/                   |            |
|    fps                  | 219        |
|    iterations           | 662        |
|    time_elapsed         | 1544       |
|    total_timesteps      | 338944     |
| train/                  |            |
|    approx_kl            | 0.08949022 |
|    clip_fraction        | 0.35       |
|    clip_range           | 0.2        |
|    entropy_loss         | -6.16      |
|    explained_variance   | -0.00119   |
|    learning_rate        | 0.0003     |
|    loss                 | 0.00109    |
|    n_updates            | 4886       |
|    policy_gradient_loss | -0.0236    |
|    std                  | 0.325      |
|    value_loss           | 0.101      |
----------------------------------------
Early stopping at step 4 due to reaching max kl: 0.08
----------------------------------------
| env/                    |            |
|    strehl               | 0.488      |
| rollout/                |            |
|    ep_len_mean          | 8          |
|    ep_rew_mean          | -6.09      |
| time/                   |            |
|    fps                  | 219        |
|    iterations           | 663        |
|    time_elapsed         | 1546       |
|    total_timesteps      | 339456     |
| train/                  |            |
|    approx_kl            | 0.07631155 |
|    clip_fraction        | 0.37       |
|    clip_range           | 0.2        |
|    entropy_loss         | -6.15      |
|    explained_variance   | -0.000818  |
|    learning_rate        | 0.0003     |
|    loss                 | -0.058     |
|    n_updates            | 4891       |
|    policy_gradient_loss | -0.0502    |
|    std                  | 0.325      |
|    value_loss           | 0.0749     |
----------------------------------------
Early stopping at step 4 due to reaching max kl: 0.08
-----------------------------------------
| env/                    |             |
|    strehl               | 0.456       |
| rollout/                |             |
|    ep_len_mean          | 8           |
|    ep_rew_mean          | -6.17       |
| time/                   |             |
|    fps                  | 219         |
|    iterations           | 664         |
|    time_elapsed         | 1548        |
|    total_timesteps      | 339968      |
| train/                  |             |
|    approx_kl            | 0.075781435 |
|    clip_fraction        | 0.407       |
|    clip_range           | 0.2         |
|    entropy_loss         | -6.15       |
|    explained_variance   | -0.000738   |
|    learning_rate        | 0.0003      |
|    loss                 | -0.0401     |
|    n_updates            | 4896        |
|    policy_gradient_loss | -0.0458     |
|    std                  | 0.325       |
|    value_loss           | 0.0796      |
-----------------------------------------
Early stopping at step 3 due to reaching max kl: 0.09
-----------------------------------------
| env/                    |             |
|    strehl               | 0.413       |
| rollout/                |             |
|    ep_len_mean          | 8           |
|    ep_rew_mean          | -6.24       |
| time/                   |             |
|    fps                  | 219         |
|    iterations           | 665         |
|    time_elapsed         | 1550        |
|    total_timesteps      | 340480      |
| train/                  |             |
|    approx_kl            | 0.075531214 |
|    clip_fraction        | 0.376       |
|    clip_range           | 0.2         |
|    entropy_loss         | -6.14       |
|    explained_variance   | -0.00114    |
|    learning_rate        | 0.0003      |
|    loss                 | 0.00377     |
|    n_updates            | 4900        |
|    policy_gradient_loss | -0.0426     |
|    std                  | 0.325       |
|    value_loss           | 0.138       |
-----------------------------------------
Early stopping at step 4 due to reaching max kl: 0.08
-----------------------------------------
| env/                    |             |
|    strehl               | 0.44        |
| rollout/                |             |
|    ep_len_mean          | 8           |
|    ep_rew_mean          | -6.23       |
| time/                   |             |
|    fps                  | 219         |
|    iterations           | 666         |
|    time_elapsed         | 1552        |
|    total_timesteps      | 340992      |
| train/                  |             |
|    approx_kl            | 0.078596994 |
|    clip_fraction        | 0.373       |
|    clip_range           | 0.2         |
|    entropy_loss         | -6.14       |
|    explained_variance   | -0.00118    |
|    learning_rate        | 0.0003      |
|    loss                 | -0.0319     |
|    n_updates            | 4905        |
|    policy_gradient_loss | -0.045      |
|    std                  | 0.325       |
|    value_loss           | 0.118       |
-----------------------------------------
Early stopping at step 4 due to reaching max kl: 0.08
----------------------------------------
| env/                    |            |
|    strehl               | 0.55       |
| rollout/                |            |
|    ep_len_mean          | 8          |
|    ep_rew_mean          | -6.16      |
| time/                   |            |
|    fps                  | 219        |
|    iterations           | 667        |
|    time_elapsed         | 1554       |
|    total_timesteps      | 341504     |
| train/                  |            |
|    approx_kl            | 0.08218979 |
|    clip_fraction        | 0.4        |
|    clip_range           | 0.2        |
|    entropy_loss         | -6.14      |
|    explained_variance   | -0.000791  |
|    learning_rate        | 0.0003     |
|    loss                 | -0.034     |
|    n_updates            | 4910       |
|    policy_gradient_loss | -0.0424    |
|    std                  | 0.325      |
|    value_loss           | 0.0971     |
----------------------------------------
Early stopping at step 4 due to reaching max kl: 0.08
-----------------------------------------
| env/                    |             |
|    strehl               | 0.464       |
| rollout/                |             |
|    ep_len_mean          | 8           |
|    ep_rew_mean          | -6.13       |
| time/                   |             |
|    fps                  | 219         |
|    iterations           | 668         |
|    time_elapsed         | 1556        |
|    total_timesteps      | 342016      |
| train/                  |             |
|    approx_kl            | 0.073869705 |
|    clip_fraction        | 0.395       |
|    clip_range           | 0.2         |
|    entropy_loss         | -6.15       |
|    explained_variance   | -0.00113    |
|    learning_rate        | 0.0003      |
|    loss                 | -0.0742     |
|    n_updates            | 4915        |
|    policy_gradient_loss | -0.0546     |
|    std                  | 0.325       |
|    value_loss           | 0.0754      |
-----------------------------------------
Early stopping at step 4 due to reaching max kl: 0.08
-----------------------------------------
| env/                    |             |
|    strehl               | 0.536       |
| rollout/                |             |
|    ep_len_mean          | 8           |
|    ep_rew_mean          | -6.01       |
| time/                   |             |
|    fps                  | 219         |
|    iterations           | 669         |
|    time_elapsed         | 1558        |
|    total_timesteps      | 342528      |
| train/                  |             |
|    approx_kl            | 0.070299685 |
|    clip_fraction        | 0.322       |
|    clip_range           | 0.2         |
|    entropy_loss         | -6.16       |
|    explained_variance   | -0.000944   |
|    learning_rate        | 0.0003      |
|    loss                 | -0.0646     |
|    n_updates            | 4920        |
|    policy_gradient_loss | -0.0497     |
|    std                  | 0.325       |
|    value_loss           | 0.0643      |
-----------------------------------------
Early stopping at step 5 due to reaching max kl: 0.09
----------------------------------------
| env/                    |            |
|    strehl               | 0.5        |
| rollout/                |            |
|    ep_len_mean          | 8          |
|    ep_rew_mean          | -6.11      |
| time/                   |            |
|    fps                  | 219        |
|    iterations           | 670        |
|    time_elapsed         | 1560       |
|    total_timesteps      | 343040     |
| train/                  |            |
|    approx_kl            | 0.08902963 |
|    clip_fraction        | 0.371      |
|    clip_range           | 0.2        |
|    entropy_loss         | -6.16      |
|    explained_variance   | -0.000903  |
|    learning_rate        | 0.0003     |
|    loss                 | -0.0463    |
|    n_updates            | 4926       |
|    policy_gradient_loss | -0.0489    |
|    std                  | 0.325      |
|    value_loss           | 0.0906     |
----------------------------------------
Early stopping at step 5 due to reaching max kl: 0.09
----------------------------------------
| env/                    |            |
|    strehl               | 0.51       |
| rollout/                |            |
|    ep_len_mean          | 8          |
|    ep_rew_mean          | -6.15      |
| time/                   |            |
|    fps                  | 219        |
|    iterations           | 671        |
|    time_elapsed         | 1562       |
|    total_timesteps      | 343552     |
| train/                  |            |
|    approx_kl            | 0.09000538 |
|    clip_fraction        | 0.319      |
|    clip_range           | 0.2        |
|    entropy_loss         | -6.17      |
|    explained_variance   | -0.000925  |
|    learning_rate        | 0.0003     |
|    loss                 | -0.0452    |
|    n_updates            | 4932       |
|    policy_gradient_loss | -0.0595    |
|    std                  | 0.325      |
|    value_loss           | 0.116      |
----------------------------------------
Early stopping at step 4 due to reaching max kl: 0.09
-----------------------------------------
| env/                    |             |
|    strehl               | 0.549       |
| rollout/                |             |
|    ep_len_mean          | 8           |
|    ep_rew_mean          | -6.21       |
| time/                   |             |
|    fps                  | 219         |
|    iterations           | 672         |
|    time_elapsed         | 1564        |
|    total_timesteps      | 344064      |
| train/                  |             |
|    approx_kl            | 0.075006574 |
|    clip_fraction        | 0.355       |
|    clip_range           | 0.2         |
|    entropy_loss         | -6.17       |
|    explained_variance   | -0.000478   |
|    learning_rate        | 0.0003      |
|    loss                 | -0.0439     |
|    n_updates            | 4937        |
|    policy_gradient_loss | -0.0513     |
|    std                  | 0.325       |
|    value_loss           | 0.102       |
-----------------------------------------
Early stopping at step 4 due to reaching max kl: 0.08
-----------------------------------------
| env/                    |             |
|    strehl               | 0.558       |
| rollout/                |             |
|    ep_len_mean          | 8           |
|    ep_rew_mean          | -6.11       |
| time/                   |             |
|    fps                  | 219         |
|    iterations           | 673         |
|    time_elapsed         | 1566        |
|    total_timesteps      | 344576      |
| train/                  |             |
|    approx_kl            | 0.082261026 |
|    clip_fraction        | 0.35        |
|    clip_range           | 0.2         |
|    entropy_loss         | -6.16       |
|    explained_variance   | -0.0012     |
|    learning_rate        | 0.0003      |
|    loss                 | -0.0426     |
|    n_updates            | 4942        |
|    policy_gradient_loss | -0.0487     |
|    std                  | 0.325       |
|    value_loss           | 0.108       |
-----------------------------------------
Early stopping at step 5 due to reaching max kl: 0.08
----------------------------------------
| env/                    |            |
|    strehl               | 0.444      |
| rollout/                |            |
|    ep_len_mean          | 8          |
|    ep_rew_mean          | -6.07      |
| time/                   |            |
|    fps                  | 219        |
|    iterations           | 674        |
|    time_elapsed         | 1569       |
|    total_timesteps      | 345088     |
| train/                  |            |
|    approx_kl            | 0.08131426 |
|    clip_fraction        | 0.371      |
|    clip_range           | 0.2        |
|    entropy_loss         | -6.16      |
|    explained_variance   | -0.000675  |
|    learning_rate        | 0.0003     |
|    loss                 | -0.0548    |
|    n_updates            | 4948       |
|    policy_gradient_loss | -0.0585    |
|    std                  | 0.325      |
|    value_loss           | 0.117      |
----------------------------------------
Early stopping at step 4 due to reaching max kl: 0.08
----------------------------------------
| env/                    |            |
|    strehl               | 0.505      |
| rollout/                |            |
|    ep_len_mean          | 8          |
|    ep_rew_mean          | -6.03      |
| time/                   |            |
|    fps                  | 219        |
|    iterations           | 675        |
|    time_elapsed         | 1571       |
|    total_timesteps      | 345600     |
| train/                  |            |
|    approx_kl            | 0.07967699 |
|    clip_fraction        | 0.337      |
|    clip_range           | 0.2        |
|    entropy_loss         | -6.15      |
|    explained_variance   | -0.000769  |
|    learning_rate        | 0.0003     |
|    loss                 | -0.0307    |
|    n_updates            | 4953       |
|    policy_gradient_loss | -0.0523    |
|    std                  | 0.325      |
|    value_loss           | 0.125      |
----------------------------------------
Early stopping at step 3 due to reaching max kl: 0.08
----------------------------------------
| env/                    |            |
|    strehl               | 0.481      |
| rollout/                |            |
|    ep_len_mean          | 8          |
|    ep_rew_mean          | -6.09      |
| time/                   |            |
|    fps                  | 220        |
|    iterations           | 676        |
|    time_elapsed         | 1573       |
|    total_timesteps      | 346112     |
| train/                  |            |
|    approx_kl            | 0.08011549 |
|    clip_fraction        | 0.372      |
|    clip_range           | 0.2        |
|    entropy_loss         | -6.15      |
|    explained_variance   | -0.000794  |
|    learning_rate        | 0.0003     |
|    loss                 | -0.0281    |
|    n_updates            | 4957       |
|    policy_gradient_loss | -0.0291    |
|    std                  | 0.325      |
|    value_loss           | 0.0896     |
----------------------------------------
Early stopping at step 4 due to reaching max kl: 0.08
----------------------------------------
| env/                    |            |
|    strehl               | 0.545      |
| rollout/                |            |
|    ep_len_mean          | 8          |
|    ep_rew_mean          | -6.17      |
| time/                   |            |
|    fps                  | 220        |
|    iterations           | 677        |
|    time_elapsed         | 1575       |
|    total_timesteps      | 346624     |
| train/                  |            |
|    approx_kl            | 0.08045602 |
|    clip_fraction        | 0.364      |
|    clip_range           | 0.2        |
|    entropy_loss         | -6.15      |
|    explained_variance   | -0.000761  |
|    learning_rate        | 0.0003     |
|    loss                 | -0.0291    |
|    n_updates            | 4962       |
|    policy_gradient_loss | -0.0427    |
|    std                  | 0.325      |
|    value_loss           | 0.104      |
----------------------------------------
Early stopping at step 5 due to reaching max kl: 0.08
----------------------------------------
| env/                    |            |
|    strehl               | 0.47       |
| rollout/                |            |
|    ep_len_mean          | 8          |
|    ep_rew_mean          | -6.15      |
| time/                   |            |
|    fps                  | 220        |
|    iterations           | 678        |
|    time_elapsed         | 1577       |
|    total_timesteps      | 347136     |
| train/                  |            |
|    approx_kl            | 0.08484754 |
|    clip_fraction        | 0.428      |
|    clip_range           | 0.2        |
|    entropy_loss         | -6.15      |
|    explained_variance   | -0.000742  |
|    learning_rate        | 0.0003     |
|    loss                 | -0.0541    |
|    n_updates            | 4968       |
|    policy_gradient_loss | -0.0424    |
|    std                  | 0.325      |
|    value_loss           | 0.0934     |
----------------------------------------
Early stopping at step 4 due to reaching max kl: 0.10
----------------------------------------
| env/                    |            |
|    strehl               | 0.517      |
| rollout/                |            |
|    ep_len_mean          | 8          |
|    ep_rew_mean          | -6.1       |
| time/                   |            |
|    fps                  | 220        |
|    iterations           | 679        |
|    time_elapsed         | 1579       |
|    total_timesteps      | 347648     |
| train/                  |            |
|    approx_kl            | 0.08286075 |
|    clip_fraction        | 0.412      |
|    clip_range           | 0.2        |
|    entropy_loss         | -6.15      |
|    explained_variance   | -0.000898  |
|    learning_rate        | 0.0003     |
|    loss                 | -0.053     |
|    n_updates            | 4973       |
|    policy_gradient_loss | -0.0522    |
|    std                  | 0.325      |
|    value_loss           | 0.0869     |
----------------------------------------
Early stopping at step 5 due to reaching max kl: 0.08
----------------------------------------
| env/                    |            |
|    strehl               | 0.507      |
| rollout/                |            |
|    ep_len_mean          | 8          |
|    ep_rew_mean          | -6.08      |
| time/                   |            |
|    fps                  | 220        |
|    iterations           | 680        |
|    time_elapsed         | 1581       |
|    total_timesteps      | 348160     |
| train/                  |            |
|    approx_kl            | 0.07650791 |
|    clip_fraction        | 0.379      |
|    clip_range           | 0.2        |
|    entropy_loss         | -6.15      |
|    explained_variance   | -0.000683  |
|    learning_rate        | 0.0003     |
|    loss                 | -0.0501    |
|    n_updates            | 4979       |
|    policy_gradient_loss | -0.0498    |
|    std                  | 0.325      |
|    value_loss           | 0.12       |
----------------------------------------
Early stopping at step 4 due to reaching max kl: 0.08
-----------------------------------------
| env/                    |             |
|    strehl               | 0.55        |
| rollout/                |             |
|    ep_len_mean          | 8           |
|    ep_rew_mean          | -6.08       |
| time/                   |             |
|    fps                  | 220         |
|    iterations           | 681         |
|    time_elapsed         | 1583        |
|    total_timesteps      | 348672      |
| train/                  |             |
|    approx_kl            | 0.082631536 |
|    clip_fraction        | 0.391       |
|    clip_range           | 0.2         |
|    entropy_loss         | -6.15       |
|    explained_variance   | -0.000824   |
|    learning_rate        | 0.0003      |
|    loss                 | -0.0343     |
|    n_updates            | 4984        |
|    policy_gradient_loss | -0.0429     |
|    std                  | 0.325       |
|    value_loss           | 0.1         |
-----------------------------------------
Early stopping at step 4 due to reaching max kl: 0.09
-----------------------------------------
| env/                    |             |
|    strehl               | 0.499       |
| rollout/                |             |
|    ep_len_mean          | 8           |
|    ep_rew_mean          | -6.11       |
| time/                   |             |
|    fps                  | 220         |
|    iterations           | 682         |
|    time_elapsed         | 1585        |
|    total_timesteps      | 349184      |
| train/                  |             |
|    approx_kl            | 0.080529734 |
|    clip_fraction        | 0.375       |
|    clip_range           | 0.2         |
|    entropy_loss         | -6.14       |
|    explained_variance   | -0.000757   |
|    learning_rate        | 0.0003      |
|    loss                 | -0.0397     |
|    n_updates            | 4989        |
|    policy_gradient_loss | -0.0511     |
|    std                  | 0.325       |
|    value_loss           | 0.106       |
-----------------------------------------
Early stopping at step 4 due to reaching max kl: 0.08
----------------------------------------
| env/                    |            |
|    strehl               | 0.497      |
| rollout/                |            |
|    ep_len_mean          | 8          |
|    ep_rew_mean          | -6.15      |
| time/                   |            |
|    fps                  | 220        |
|    iterations           | 683        |
|    time_elapsed         | 1587       |
|    total_timesteps      | 349696     |
| train/                  |            |
|    approx_kl            | 0.07211956 |
|    clip_fraction        | 0.331      |
|    clip_range           | 0.2        |
|    entropy_loss         | -6.14      |
|    explained_variance   | -0.00109   |
|    learning_rate        | 0.0003     |
|    loss                 | -0.0247    |
|    n_updates            | 4994       |
|    policy_gradient_loss | -0.0511    |
|    std                  | 0.325      |
|    value_loss           | 0.117      |
----------------------------------------
Early stopping at step 3 due to reaching max kl: 0.08
Eval num_timesteps=350000, episode_reward=-6.02 +/- 0.13
Episode length: 8.00 +/- 0.00
-----------------------------------------
| env/                    |             |
|    strehl               | 0.444       |
| eval/                   |             |
|    mean_ep_length       | 8           |
|    mean_reward          | -6.02       |
| time/                   |             |
|    total_timesteps      | 350000      |
| train/                  |             |
|    approx_kl            | 0.076795354 |
|    clip_fraction        | 0.33        |
|    clip_range           | 0.2         |
|    entropy_loss         | -6.14       |
|    explained_variance   | -0.000608   |
|    learning_rate        | 0.0003      |
|    loss                 | -0.0131     |
|    n_updates            | 4998        |
|    policy_gradient_loss | -0.0267     |
|    std                  | 0.325       |
|    value_loss           | 0.0917      |
-----------------------------------------
---------------------------------
| env/               |          |
|    strehl          | 0.527    |
| rollout/           |          |
|    ep_len_mean     | 8        |
|    ep_rew_mean     | -6.09    |
| time/              |          |
|    fps             | 220      |
|    iterations      | 684      |
|    time_elapsed    | 1590     |
|    total_timesteps | 350208   |
---------------------------------
Early stopping at step 4 due to reaching max kl: 0.08
----------------------------------------
| env/                    |            |
|    strehl               | 0.484      |
| rollout/                |            |
|    ep_len_mean          | 8          |
|    ep_rew_mean          | -6.08      |
| time/                   |            |
|    fps                  | 220        |
|    iterations           | 685        |
|    time_elapsed         | 1592       |
|    total_timesteps      | 350720     |
| train/                  |            |
|    approx_kl            | 0.07436408 |
|    clip_fraction        | 0.39       |
|    clip_range           | 0.2        |
|    entropy_loss         | -6.13      |
|    explained_variance   | -0.000903  |
|    learning_rate        | 0.0003     |
|    loss                 | -0.0636    |
|    n_updates            | 5003       |
|    policy_gradient_loss | -0.0511    |
|    std                  | 0.325      |
|    value_loss           | 0.0807     |
----------------------------------------
Early stopping at step 4 due to reaching max kl: 0.09
-----------------------------------------
| env/                    |             |
|    strehl               | 0.512       |
| rollout/                |             |
|    ep_len_mean          | 8           |
|    ep_rew_mean          | -6.05       |
| time/                   |             |
|    fps                  | 220         |
|    iterations           | 686         |
|    time_elapsed         | 1594        |
|    total_timesteps      | 351232      |
| train/                  |             |
|    approx_kl            | 0.083533116 |
|    clip_fraction        | 0.375       |
|    clip_range           | 0.2         |
|    entropy_loss         | -6.13       |
|    explained_variance   | -0.000789   |
|    learning_rate        | 0.0003      |
|    loss                 | -0.0297     |
|    n_updates            | 5008        |
|    policy_gradient_loss | -0.0473     |
|    std                  | 0.325       |
|    value_loss           | 0.109       |
-----------------------------------------
Early stopping at step 4 due to reaching max kl: 0.08
-----------------------------------------
| env/                    |             |
|    strehl               | 0.424       |
| rollout/                |             |
|    ep_len_mean          | 8           |
|    ep_rew_mean          | -6.13       |
| time/                   |             |
|    fps                  | 220         |
|    iterations           | 687         |
|    time_elapsed         | 1596        |
|    total_timesteps      | 351744      |
| train/                  |             |
|    approx_kl            | 0.071957216 |
|    clip_fraction        | 0.381       |
|    clip_range           | 0.2         |
|    entropy_loss         | -6.13       |
|    explained_variance   | -0.00123    |
|    learning_rate        | 0.0003      |
|    loss                 | -0.0248     |
|    n_updates            | 5013        |
|    policy_gradient_loss | -0.0445     |
|    std                  | 0.325       |
|    value_loss           | 0.115       |
-----------------------------------------
Early stopping at step 4 due to reaching max kl: 0.08
----------------------------------------
| env/                    |            |
|    strehl               | 0.506      |
| rollout/                |            |
|    ep_len_mean          | 8          |
|    ep_rew_mean          | -6.21      |
| time/                   |            |
|    fps                  | 220        |
|    iterations           | 688        |
|    time_elapsed         | 1598       |
|    total_timesteps      | 352256     |
| train/                  |            |
|    approx_kl            | 0.06415866 |
|    clip_fraction        | 0.394      |
|    clip_range           | 0.2        |
|    entropy_loss         | -6.13      |
|    explained_variance   | -0.000775  |
|    learning_rate        | 0.0003     |
|    loss                 | -0.0232    |
|    n_updates            | 5018       |
|    policy_gradient_loss | -0.0439    |
|    std                  | 0.325      |
|    value_loss           | 0.119      |
----------------------------------------
Early stopping at step 4 due to reaching max kl: 0.11
----------------------------------------
| env/                    |            |
|    strehl               | 0.547      |
| rollout/                |            |
|    ep_len_mean          | 8          |
|    ep_rew_mean          | -6.08      |
| time/                   |            |
|    fps                  | 220        |
|    iterations           | 689        |
|    time_elapsed         | 1600       |
|    total_timesteps      | 352768     |
| train/                  |            |
|    approx_kl            | 0.09071477 |
|    clip_fraction        | 0.348      |
|    clip_range           | 0.2        |
|    entropy_loss         | -6.14      |
|    explained_variance   | -0.00194   |
|    learning_rate        | 0.0003     |
|    loss                 | -0.0257    |
|    n_updates            | 5023       |
|    policy_gradient_loss | -0.0567    |
|    std                  | 0.325      |
|    value_loss           | 0.128      |
----------------------------------------
Early stopping at step 4 due to reaching max kl: 0.08
----------------------------------------
| env/                    |            |
|    strehl               | 0.465      |
| rollout/                |            |
|    ep_len_mean          | 8          |
|    ep_rew_mean          | -6.07      |
| time/                   |            |
|    fps                  | 220        |
|    iterations           | 690        |
|    time_elapsed         | 1602       |
|    total_timesteps      | 353280     |
| train/                  |            |
|    approx_kl            | 0.08129704 |
|    clip_fraction        | 0.351      |
|    clip_range           | 0.2        |
|    entropy_loss         | -6.14      |
|    explained_variance   | -0.000993  |
|    learning_rate        | 0.0003     |
|    loss                 | -0.0322    |
|    n_updates            | 5028       |
|    policy_gradient_loss | -0.0421    |
|    std                  | 0.325      |
|    value_loss           | 0.11       |
----------------------------------------
Early stopping at step 4 due to reaching max kl: 0.08
-----------------------------------------
| env/                    |             |
|    strehl               | 0.475       |
| rollout/                |             |
|    ep_len_mean          | 8           |
|    ep_rew_mean          | -6.15       |
| time/                   |             |
|    fps                  | 220         |
|    iterations           | 691         |
|    time_elapsed         | 1604        |
|    total_timesteps      | 353792      |
| train/                  |             |
|    approx_kl            | 0.076322146 |
|    clip_fraction        | 0.408       |
|    clip_range           | 0.2         |
|    entropy_loss         | -6.14       |
|    explained_variance   | -0.00059    |
|    learning_rate        | 0.0003      |
|    loss                 | -0.0347     |
|    n_updates            | 5033        |
|    policy_gradient_loss | -0.0447     |
|    std                  | 0.325       |
|    value_loss           | 0.0974      |
-----------------------------------------
Early stopping at step 5 due to reaching max kl: 0.08
----------------------------------------
| env/                    |            |
|    strehl               | 0.5        |
| rollout/                |            |
|    ep_len_mean          | 8          |
|    ep_rew_mean          | -6.14      |
| time/                   |            |
|    fps                  | 220        |
|    iterations           | 692        |
|    time_elapsed         | 1606       |
|    total_timesteps      | 354304     |
| train/                  |            |
|    approx_kl            | 0.07772008 |
|    clip_fraction        | 0.374      |
|    clip_range           | 0.2        |
|    entropy_loss         | -6.13      |
|    explained_variance   | -0.000671  |
|    learning_rate        | 0.0003     |
|    loss                 | -0.058     |
|    n_updates            | 5039       |
|    policy_gradient_loss | -0.0556    |
|    std                  | 0.325      |
|    value_loss           | 0.104      |
----------------------------------------
Early stopping at step 4 due to reaching max kl: 0.09
-----------------------------------------
| env/                    |             |
|    strehl               | 0.516       |
| rollout/                |             |
|    ep_len_mean          | 8           |
|    ep_rew_mean          | -6.08       |
| time/                   |             |
|    fps                  | 220         |
|    iterations           | 693         |
|    time_elapsed         | 1608        |
|    total_timesteps      | 354816      |
| train/                  |             |
|    approx_kl            | 0.074804395 |
|    clip_fraction        | 0.389       |
|    clip_range           | 0.2         |
|    entropy_loss         | -6.12       |
|    explained_variance   | -0.00109    |
|    learning_rate        | 0.0003      |
|    loss                 | -0.0451     |
|    n_updates            | 5044        |
|    policy_gradient_loss | -0.0504     |
|    std                  | 0.325       |
|    value_loss           | 0.0942      |
-----------------------------------------
Early stopping at step 3 due to reaching max kl: 0.08
----------------------------------------
| env/                    |            |
|    strehl               | 0.545      |
| rollout/                |            |
|    ep_len_mean          | 8          |
|    ep_rew_mean          | -6.12      |
| time/                   |            |
|    fps                  | 220        |
|    iterations           | 694        |
|    time_elapsed         | 1610       |
|    total_timesteps      | 355328     |
| train/                  |            |
|    approx_kl            | 0.07526793 |
|    clip_fraction        | 0.357      |
|    clip_range           | 0.2        |
|    entropy_loss         | -6.12      |
|    explained_variance   | -0.000808  |
|    learning_rate        | 0.0003     |
|    loss                 | -0.0378    |
|    n_updates            | 5048       |
|    policy_gradient_loss | -0.0448    |
|    std                  | 0.324      |
|    value_loss           | 0.0962     |
----------------------------------------
Early stopping at step 5 due to reaching max kl: 0.08
-----------------------------------------
| env/                    |             |
|    strehl               | 0.506       |
| rollout/                |             |
|    ep_len_mean          | 8           |
|    ep_rew_mean          | -6.07       |
| time/                   |             |
|    fps                  | 220         |
|    iterations           | 695         |
|    time_elapsed         | 1612        |
|    total_timesteps      | 355840      |
| train/                  |             |
|    approx_kl            | 0.076383874 |
|    clip_fraction        | 0.404       |
|    clip_range           | 0.2         |
|    entropy_loss         | -6.12       |
|    explained_variance   | -0.00099    |
|    learning_rate        | 0.0003      |
|    loss                 | -0.0397     |
|    n_updates            | 5054        |
|    policy_gradient_loss | -0.0453     |
|    std                  | 0.324       |
|    value_loss           | 0.104       |
-----------------------------------------
Early stopping at step 4 due to reaching max kl: 0.08
----------------------------------------
| env/                    |            |
|    strehl               | 0.5        |
| rollout/                |            |
|    ep_len_mean          | 8          |
|    ep_rew_mean          | -6.15      |
| time/                   |            |
|    fps                  | 220        |
|    iterations           | 696        |
|    time_elapsed         | 1614       |
|    total_timesteps      | 356352     |
| train/                  |            |
|    approx_kl            | 0.07175501 |
|    clip_fraction        | 0.406      |
|    clip_range           | 0.2        |
|    entropy_loss         | -6.11      |
|    explained_variance   | -0.000578  |
|    learning_rate        | 0.0003     |
|    loss                 | -0.0465    |
|    n_updates            | 5059       |
|    policy_gradient_loss | -0.0461    |
|    std                  | 0.324      |
|    value_loss           | 0.104      |
----------------------------------------
Early stopping at step 4 due to reaching max kl: 0.09
----------------------------------------
| env/                    |            |
|    strehl               | 0.555      |
| rollout/                |            |
|    ep_len_mean          | 8          |
|    ep_rew_mean          | -6.1       |
| time/                   |            |
|    fps                  | 220        |
|    iterations           | 697        |
|    time_elapsed         | 1616       |
|    total_timesteps      | 356864     |
| train/                  |            |
|    approx_kl            | 0.07795516 |
|    clip_fraction        | 0.375      |
|    clip_range           | 0.2        |
|    entropy_loss         | -6.1       |
|    explained_variance   | -0.000746  |
|    learning_rate        | 0.0003     |
|    loss                 | -0.0262    |
|    n_updates            | 5064       |
|    policy_gradient_loss | -0.0463    |
|    std                  | 0.324      |
|    value_loss           | 0.129      |
----------------------------------------
Early stopping at step 4 due to reaching max kl: 0.08
-----------------------------------------
| env/                    |             |
|    strehl               | 0.482       |
| rollout/                |             |
|    ep_len_mean          | 8           |
|    ep_rew_mean          | -6.03       |
| time/                   |             |
|    fps                  | 220         |
|    iterations           | 698         |
|    time_elapsed         | 1618        |
|    total_timesteps      | 357376      |
| train/                  |             |
|    approx_kl            | 0.061908826 |
|    clip_fraction        | 0.425       |
|    clip_range           | 0.2         |
|    entropy_loss         | -6.1        |
|    explained_variance   | -0.00114    |
|    learning_rate        | 0.0003      |
|    loss                 | -0.0178     |
|    n_updates            | 5069        |
|    policy_gradient_loss | -0.0396     |
|    std                  | 0.324       |
|    value_loss           | 0.111       |
-----------------------------------------
Early stopping at step 5 due to reaching max kl: 0.08
----------------------------------------
| env/                    |            |
|    strehl               | 0.447      |
| rollout/                |            |
|    ep_len_mean          | 8          |
|    ep_rew_mean          | -6.1       |
| time/                   |            |
|    fps                  | 220        |
|    iterations           | 699        |
|    time_elapsed         | 1621       |
|    total_timesteps      | 357888     |
| train/                  |            |
|    approx_kl            | 0.07849899 |
|    clip_fraction        | 0.386      |
|    clip_range           | 0.2        |
|    entropy_loss         | -6.1       |
|    explained_variance   | -0.00103   |
|    learning_rate        | 0.0003     |
|    loss                 | -0.0511    |
|    n_updates            | 5075       |
|    policy_gradient_loss | -0.0567    |
|    std                  | 0.324      |
|    value_loss           | 0.116      |
----------------------------------------
Early stopping at step 5 due to reaching max kl: 0.10
----------------------------------------
| env/                    |            |
|    strehl               | 0.533      |
| rollout/                |            |
|    ep_len_mean          | 8          |
|    ep_rew_mean          | -6.06      |
| time/                   |            |
|    fps                  | 220        |
|    iterations           | 700        |
|    time_elapsed         | 1623       |
|    total_timesteps      | 358400     |
| train/                  |            |
|    approx_kl            | 0.08185651 |
|    clip_fraction        | 0.429      |
|    clip_range           | 0.2        |
|    entropy_loss         | -6.09      |
|    explained_variance   | -0.000803  |
|    learning_rate        | 0.0003     |
|    loss                 | -0.0488    |
|    n_updates            | 5081       |
|    policy_gradient_loss | -0.0507    |
|    std                  | 0.324      |
|    value_loss           | 0.0998     |
----------------------------------------
Early stopping at step 2 due to reaching max kl: 0.08
----------------------------------------
| env/                    |            |
|    strehl               | 0.511      |
| rollout/                |            |
|    ep_len_mean          | 8          |
|    ep_rew_mean          | -6.13      |
| time/                   |            |
|    fps                  | 220        |
|    iterations           | 701        |
|    time_elapsed         | 1625       |
|    total_timesteps      | 358912     |
| train/                  |            |
|    approx_kl            | 0.06781277 |
|    clip_fraction        | 0.307      |
|    clip_range           | 0.2        |
|    entropy_loss         | -6.08      |
|    explained_variance   | -0.000918  |
|    learning_rate        | 0.0003     |
|    loss                 | -0.0192    |
|    n_updates            | 5084       |
|    policy_gradient_loss | -0.0331    |
|    std                  | 0.324      |
|    value_loss           | 0.0865     |
----------------------------------------
Early stopping at step 4 due to reaching max kl: 0.09
----------------------------------------
| env/                    |            |
|    strehl               | 0.561      |
| rollout/                |            |
|    ep_len_mean          | 8          |
|    ep_rew_mean          | -6.11      |
| time/                   |            |
|    fps                  | 220        |
|    iterations           | 702        |
|    time_elapsed         | 1627       |
|    total_timesteps      | 359424     |
| train/                  |            |
|    approx_kl            | 0.07883259 |
|    clip_fraction        | 0.387      |
|    clip_range           | 0.2        |
|    entropy_loss         | -6.08      |
|    explained_variance   | -0.00117   |
|    learning_rate        | 0.0003     |
|    loss                 | -0.0405    |
|    n_updates            | 5089       |
|    policy_gradient_loss | -0.0549    |
|    std                  | 0.324      |
|    value_loss           | 0.114      |
----------------------------------------
Early stopping at step 5 due to reaching max kl: 0.11
----------------------------------------
| env/                    |            |
|    strehl               | 0.573      |
| rollout/                |            |
|    ep_len_mean          | 8          |
|    ep_rew_mean          | -6.04      |
| time/                   |            |
|    fps                  | 220        |
|    iterations           | 703        |
|    time_elapsed         | 1629       |
|    total_timesteps      | 359936     |
| train/                  |            |
|    approx_kl            | 0.09137212 |
|    clip_fraction        | 0.424      |
|    clip_range           | 0.2        |
|    entropy_loss         | -6.07      |
|    explained_variance   | -0.00111   |
|    learning_rate        | 0.0003     |
|    loss                 | -0.0463    |
|    n_updates            | 5095       |
|    policy_gradient_loss | -0.051     |
|    std                  | 0.324      |
|    value_loss           | 0.085      |
----------------------------------------
Early stopping at step 4 due to reaching max kl: 0.08
----------------------------------------
| env/                    |            |
|    strehl               | 0.469      |
| rollout/                |            |
|    ep_len_mean          | 8          |
|    ep_rew_mean          | -6.07      |
| time/                   |            |
|    fps                  | 220        |
|    iterations           | 704        |
|    time_elapsed         | 1631       |
|    total_timesteps      | 360448     |
| train/                  |            |
|    approx_kl            | 0.08488557 |
|    clip_fraction        | 0.369      |
|    clip_range           | 0.2        |
|    entropy_loss         | -6.05      |
|    explained_variance   | -0.00065   |
|    learning_rate        | 0.0003     |
|    loss                 | -0.0251    |
|    n_updates            | 5100       |
|    policy_gradient_loss | -0.0478    |
|    std                  | 0.323      |
|    value_loss           | 0.118      |
----------------------------------------
Early stopping at step 4 due to reaching max kl: 0.09
----------------------------------------
| env/                    |            |
|    strehl               | 0.503      |
| rollout/                |            |
|    ep_len_mean          | 8          |
|    ep_rew_mean          | -6.08      |
| time/                   |            |
|    fps                  | 220        |
|    iterations           | 705        |
|    time_elapsed         | 1633       |
|    total_timesteps      | 360960     |
| train/                  |            |
|    approx_kl            | 0.07932626 |
|    clip_fraction        | 0.384      |
|    clip_range           | 0.2        |
|    entropy_loss         | -6.05      |
|    explained_variance   | -0.000869  |
|    learning_rate        | 0.0003     |
|    loss                 | -0.0561    |
|    n_updates            | 5105       |
|    policy_gradient_loss | -0.056     |
|    std                  | 0.323      |
|    value_loss           | 0.089      |
----------------------------------------
Early stopping at step 3 due to reaching max kl: 0.08
----------------------------------------
| env/                    |            |
|    strehl               | 0.567      |
| rollout/                |            |
|    ep_len_mean          | 8          |
|    ep_rew_mean          | -6.07      |
| time/                   |            |
|    fps                  | 221        |
|    iterations           | 706        |
|    time_elapsed         | 1635       |
|    total_timesteps      | 361472     |
| train/                  |            |
|    approx_kl            | 0.08271101 |
|    clip_fraction        | 0.383      |
|    clip_range           | 0.2        |
|    entropy_loss         | -6.04      |
|    explained_variance   | -0.000593  |
|    learning_rate        | 0.0003     |
|    loss                 | -0.00945   |
|    n_updates            | 5109       |
|    policy_gradient_loss | -0.0296    |
|    std                  | 0.323      |
|    value_loss           | 0.107      |
----------------------------------------
Early stopping at step 5 due to reaching max kl: 0.11
----------------------------------------
| env/                    |            |
|    strehl               | 0.533      |
| rollout/                |            |
|    ep_len_mean          | 8          |
|    ep_rew_mean          | -6         |
| time/                   |            |
|    fps                  | 221        |
|    iterations           | 707        |
|    time_elapsed         | 1637       |
|    total_timesteps      | 361984     |
| train/                  |            |
|    approx_kl            | 0.09134725 |
|    clip_fraction        | 0.484      |
|    clip_range           | 0.2        |
|    entropy_loss         | -6.04      |
|    explained_variance   | -0.000536  |
|    learning_rate        | 0.0003     |
|    loss                 | -0.0828    |
|    n_updates            | 5115       |
|    policy_gradient_loss | -0.0561    |
|    std                  | 0.323      |
|    value_loss           | 0.0554     |
----------------------------------------
Early stopping at step 5 due to reaching max kl: 0.10
----------------------------------------
| env/                    |            |
|    strehl               | 0.44       |
| rollout/                |            |
|    ep_len_mean          | 8          |
|    ep_rew_mean          | -6.05      |
| time/                   |            |
|    fps                  | 221        |
|    iterations           | 708        |
|    time_elapsed         | 1639       |
|    total_timesteps      | 362496     |
| train/                  |            |
|    approx_kl            | 0.08616765 |
|    clip_fraction        | 0.398      |
|    clip_range           | 0.2        |
|    entropy_loss         | -6.03      |
|    explained_variance   | -0.000874  |
|    learning_rate        | 0.0003     |
|    loss                 | -0.049     |
|    n_updates            | 5121       |
|    policy_gradient_loss | -0.057     |
|    std                  | 0.323      |
|    value_loss           | 0.108      |
----------------------------------------
Early stopping at step 4 due to reaching max kl: 0.08
-----------------------------------------
| env/                    |             |
|    strehl               | 0.526       |
| rollout/                |             |
|    ep_len_mean          | 8           |
|    ep_rew_mean          | -6.18       |
| time/                   |             |
|    fps                  | 221         |
|    iterations           | 709         |
|    time_elapsed         | 1641        |
|    total_timesteps      | 363008      |
| train/                  |             |
|    approx_kl            | 0.070287704 |
|    clip_fraction        | 0.447       |
|    clip_range           | 0.2         |
|    entropy_loss         | -6.03       |
|    explained_variance   | -0.000714   |
|    learning_rate        | 0.0003      |
|    loss                 | -0.0535     |
|    n_updates            | 5126        |
|    policy_gradient_loss | -0.0525     |
|    std                  | 0.323       |
|    value_loss           | 0.0888      |
-----------------------------------------
Early stopping at step 4 due to reaching max kl: 0.08
----------------------------------------
| env/                    |            |
|    strehl               | 0.515      |
| rollout/                |            |
|    ep_len_mean          | 8          |
|    ep_rew_mean          | -6.02      |
| time/                   |            |
|    fps                  | 221        |
|    iterations           | 710        |
|    time_elapsed         | 1643       |
|    total_timesteps      | 363520     |
| train/                  |            |
|    approx_kl            | 0.07197386 |
|    clip_fraction        | 0.4        |
|    clip_range           | 0.2        |
|    entropy_loss         | -6.04      |
|    explained_variance   | -0.000899  |
|    learning_rate        | 0.0003     |
|    loss                 | -0.0325    |
|    n_updates            | 5131       |
|    policy_gradient_loss | -0.0449    |
|    std                  | 0.323      |
|    value_loss           | 0.127      |
----------------------------------------
Early stopping at step 5 due to reaching max kl: 0.09
----------------------------------------
| env/                    |            |
|    strehl               | 0.478      |
| rollout/                |            |
|    ep_len_mean          | 8          |
|    ep_rew_mean          | -6.1       |
| time/                   |            |
|    fps                  | 221        |
|    iterations           | 711        |
|    time_elapsed         | 1645       |
|    total_timesteps      | 364032     |
| train/                  |            |
|    approx_kl            | 0.07780626 |
|    clip_fraction        | 0.393      |
|    clip_range           | 0.2        |
|    entropy_loss         | -6.04      |
|    explained_variance   | -0.00106   |
|    learning_rate        | 0.0003     |
|    loss                 | -0.0711    |
|    n_updates            | 5137       |
|    policy_gradient_loss | -0.0551    |
|    std                  | 0.323      |
|    value_loss           | 0.0758     |
----------------------------------------
Early stopping at step 4 due to reaching max kl: 0.09
----------------------------------------
| env/                    |            |
|    strehl               | 0.544      |
| rollout/                |            |
|    ep_len_mean          | 8          |
|    ep_rew_mean          | -6.11      |
| time/                   |            |
|    fps                  | 221        |
|    iterations           | 712        |
|    time_elapsed         | 1647       |
|    total_timesteps      | 364544     |
| train/                  |            |
|    approx_kl            | 0.08802149 |
|    clip_fraction        | 0.368      |
|    clip_range           | 0.2        |
|    entropy_loss         | -6.03      |
|    explained_variance   | -0.000511  |
|    learning_rate        | 0.0003     |
|    loss                 | -0.0518    |
|    n_updates            | 5142       |
|    policy_gradient_loss | -0.0501    |
|    std                  | 0.323      |
|    value_loss           | 0.0864     |
----------------------------------------
Early stopping at step 4 due to reaching max kl: 0.10
----------------------------------------
| env/                    |            |
|    strehl               | 0.519      |
| rollout/                |            |
|    ep_len_mean          | 8          |
|    ep_rew_mean          | -6.19      |
| time/                   |            |
|    fps                  | 221        |
|    iterations           | 713        |
|    time_elapsed         | 1648       |
|    total_timesteps      | 365056     |
| train/                  |            |
|    approx_kl            | 0.08150208 |
|    clip_fraction        | 0.375      |
|    clip_range           | 0.2        |
|    entropy_loss         | -6.03      |
|    explained_variance   | -0.000865  |
|    learning_rate        | 0.0003     |
|    loss                 | -0.034     |
|    n_updates            | 5147       |
|    policy_gradient_loss | -0.0434    |
|    std                  | 0.323      |
|    value_loss           | 0.101      |
----------------------------------------
Early stopping at step 4 due to reaching max kl: 0.09
----------------------------------------
| env/                    |            |
|    strehl               | 0.636      |
| rollout/                |            |
|    ep_len_mean          | 8          |
|    ep_rew_mean          | -5.95      |
| time/                   |            |
|    fps                  | 221        |
|    iterations           | 714        |
|    time_elapsed         | 1650       |
|    total_timesteps      | 365568     |
| train/                  |            |
|    approx_kl            | 0.09076008 |
|    clip_fraction        | 0.435      |
|    clip_range           | 0.2        |
|    entropy_loss         | -6.03      |
|    explained_variance   | -0.0012    |
|    learning_rate        | 0.0003     |
|    loss                 | -0.0211    |
|    n_updates            | 5152       |
|    policy_gradient_loss | -0.0369    |
|    std                  | 0.323      |
|    value_loss           | 0.123      |
----------------------------------------
Early stopping at step 4 due to reaching max kl: 0.08
-----------------------------------------
| env/                    |             |
|    strehl               | 0.451       |
| rollout/                |             |
|    ep_len_mean          | 8           |
|    ep_rew_mean          | -6.08       |
| time/                   |             |
|    fps                  | 221         |
|    iterations           | 715         |
|    time_elapsed         | 1652        |
|    total_timesteps      | 366080      |
| train/                  |             |
|    approx_kl            | 0.078494266 |
|    clip_fraction        | 0.414       |
|    clip_range           | 0.2         |
|    entropy_loss         | -6.03       |
|    explained_variance   | -0.000816   |
|    learning_rate        | 0.0003      |
|    loss                 | -0.029      |
|    n_updates            | 5157        |
|    policy_gradient_loss | -0.0384     |
|    std                  | 0.323       |
|    value_loss           | 0.103       |
-----------------------------------------
Early stopping at step 3 due to reaching max kl: 0.09
---------------------------------------
| env/                    |           |
|    strehl               | 0.451     |
| rollout/                |           |
|    ep_len_mean          | 8         |
|    ep_rew_mean          | -6.04     |
| time/                   |           |
|    fps                  | 221       |
|    iterations           | 716       |
|    time_elapsed         | 1654      |
|    total_timesteps      | 366592    |
| train/                  |           |
|    approx_kl            | 0.0795991 |
|    clip_fraction        | 0.311     |
|    clip_range           | 0.2       |
|    entropy_loss         | -6.03     |
|    explained_variance   | -0.000724 |
|    learning_rate        | 0.0003    |
|    loss                 | -0.0336   |
|    n_updates            | 5161      |
|    policy_gradient_loss | -0.0473   |
|    std                  | 0.323     |
|    value_loss           | 0.0971    |
---------------------------------------
Early stopping at step 4 due to reaching max kl: 0.08
---------------------------------------
| env/                    |           |
|    strehl               | 0.52      |
| rollout/                |           |
|    ep_len_mean          | 8         |
|    ep_rew_mean          | -6.02     |
| time/                   |           |
|    fps                  | 221       |
|    iterations           | 717       |
|    time_elapsed         | 1656      |
|    total_timesteps      | 367104    |
| train/                  |           |
|    approx_kl            | 0.0721107 |
|    clip_fraction        | 0.353     |
|    clip_range           | 0.2       |
|    entropy_loss         | -6.03     |
|    explained_variance   | -0.000685 |
|    learning_rate        | 0.0003    |
|    loss                 | -0.0431   |
|    n_updates            | 5166      |
|    policy_gradient_loss | -0.0453   |
|    std                  | 0.323     |
|    value_loss           | 0.106     |
---------------------------------------
Early stopping at step 4 due to reaching max kl: 0.08
----------------------------------------
| env/                    |            |
|    strehl               | 0.411      |
| rollout/                |            |
|    ep_len_mean          | 8          |
|    ep_rew_mean          | -6.06      |
| time/                   |            |
|    fps                  | 221        |
|    iterations           | 718        |
|    time_elapsed         | 1658       |
|    total_timesteps      | 367616     |
| train/                  |            |
|    approx_kl            | 0.07537355 |
|    clip_fraction        | 0.317      |
|    clip_range           | 0.2        |
|    entropy_loss         | -6.03      |
|    explained_variance   | -0.000581  |
|    learning_rate        | 0.0003     |
|    loss                 | -0.0457    |
|    n_updates            | 5171       |
|    policy_gradient_loss | -0.0447    |
|    std                  | 0.323      |
|    value_loss           | 0.084      |
----------------------------------------
Early stopping at step 4 due to reaching max kl: 0.11
-----------------------------------------
| env/                    |             |
|    strehl               | 0.507       |
| rollout/                |             |
|    ep_len_mean          | 8           |
|    ep_rew_mean          | -6.2        |
| time/                   |             |
|    fps                  | 221         |
|    iterations           | 719         |
|    time_elapsed         | 1660        |
|    total_timesteps      | 368128      |
| train/                  |             |
|    approx_kl            | 0.088971846 |
|    clip_fraction        | 0.37        |
|    clip_range           | 0.2         |
|    entropy_loss         | -6.02       |
|    explained_variance   | -0.000451   |
|    learning_rate        | 0.0003      |
|    loss                 | -0.0334     |
|    n_updates            | 5176        |
|    policy_gradient_loss | -0.0481     |
|    std                  | 0.323       |
|    value_loss           | 0.105       |
-----------------------------------------
Early stopping at step 5 due to reaching max kl: 0.08
-----------------------------------------
| env/                    |             |
|    strehl               | 0.524       |
| rollout/                |             |
|    ep_len_mean          | 8           |
|    ep_rew_mean          | -6.14       |
| time/                   |             |
|    fps                  | 221         |
|    iterations           | 720         |
|    time_elapsed         | 1662        |
|    total_timesteps      | 368640      |
| train/                  |             |
|    approx_kl            | 0.083235465 |
|    clip_fraction        | 0.393       |
|    clip_range           | 0.2         |
|    entropy_loss         | -6.02       |
|    explained_variance   | -0.000721   |
|    learning_rate        | 0.0003      |
|    loss                 | -0.0571     |
|    n_updates            | 5182        |
|    policy_gradient_loss | -0.0453     |
|    std                  | 0.323       |
|    value_loss           | 0.0931      |
-----------------------------------------
Early stopping at step 4 due to reaching max kl: 0.08
----------------------------------------
| env/                    |            |
|    strehl               | 0.516      |
| rollout/                |            |
|    ep_len_mean          | 8          |
|    ep_rew_mean          | -6.05      |
| time/                   |            |
|    fps                  | 221        |
|    iterations           | 721        |
|    time_elapsed         | 1664       |
|    total_timesteps      | 369152     |
| train/                  |            |
|    approx_kl            | 0.07564386 |
|    clip_fraction        | 0.366      |
|    clip_range           | 0.2        |
|    entropy_loss         | -6.02      |
|    explained_variance   | -0.000701  |
|    learning_rate        | 0.0003     |
|    loss                 | -0.0526    |
|    n_updates            | 5187       |
|    policy_gradient_loss | -0.0501    |
|    std                  | 0.323      |
|    value_loss           | 0.119      |
----------------------------------------
Early stopping at step 4 due to reaching max kl: 0.08
----------------------------------------
| env/                    |            |
|    strehl               | 0.514      |
| rollout/                |            |
|    ep_len_mean          | 8          |
|    ep_rew_mean          | -6.06      |
| time/                   |            |
|    fps                  | 221        |
|    iterations           | 722        |
|    time_elapsed         | 1665       |
|    total_timesteps      | 369664     |
| train/                  |            |
|    approx_kl            | 0.07854997 |
|    clip_fraction        | 0.358      |
|    clip_range           | 0.2        |
|    entropy_loss         | -6.02      |
|    explained_variance   | -0.00112   |
|    learning_rate        | 0.0003     |
|    loss                 | -0.0264    |
|    n_updates            | 5192       |
|    policy_gradient_loss | -0.0446    |
|    std                  | 0.323      |
|    value_loss           | 0.114      |
----------------------------------------
Early stopping at step 4 due to reaching max kl: 0.09
----------------------------------------
| env/                    |            |
|    strehl               | 0.539      |
| rollout/                |            |
|    ep_len_mean          | 8          |
|    ep_rew_mean          | -6.07      |
| time/                   |            |
|    fps                  | 221        |
|    iterations           | 723        |
|    time_elapsed         | 1667       |
|    total_timesteps      | 370176     |
| train/                  |            |
|    approx_kl            | 0.07631487 |
|    clip_fraction        | 0.438      |
|    clip_range           | 0.2        |
|    entropy_loss         | -6.01      |
|    explained_variance   | -0.000513  |
|    learning_rate        | 0.0003     |
|    loss                 | -0.0422    |
|    n_updates            | 5197       |
|    policy_gradient_loss | -0.0383    |
|    std                  | 0.323      |
|    value_loss           | 0.0746     |
----------------------------------------
Early stopping at step 3 due to reaching max kl: 0.09
-----------------------------------------
| env/                    |             |
|    strehl               | 0.495       |
| rollout/                |             |
|    ep_len_mean          | 8           |
|    ep_rew_mean          | -6.07       |
| time/                   |             |
|    fps                  | 222         |
|    iterations           | 724         |
|    time_elapsed         | 1669        |
|    total_timesteps      | 370688      |
| train/                  |             |
|    approx_kl            | 0.069249496 |
|    clip_fraction        | 0.353       |
|    clip_range           | 0.2         |
|    entropy_loss         | -6.01       |
|    explained_variance   | -0.000764   |
|    learning_rate        | 0.0003      |
|    loss                 | -0.0308     |
|    n_updates            | 5201        |
|    policy_gradient_loss | -0.0384     |
|    std                  | 0.323       |
|    value_loss           | 0.0668      |
-----------------------------------------
Early stopping at step 4 due to reaching max kl: 0.08
-----------------------------------------
| env/                    |             |
|    strehl               | 0.468       |
| rollout/                |             |
|    ep_len_mean          | 8           |
|    ep_rew_mean          | -6.13       |
| time/                   |             |
|    fps                  | 222         |
|    iterations           | 725         |
|    time_elapsed         | 1671        |
|    total_timesteps      | 371200      |
| train/                  |             |
|    approx_kl            | 0.073057696 |
|    clip_fraction        | 0.359       |
|    clip_range           | 0.2         |
|    entropy_loss         | -6          |
|    explained_variance   | -0.00256    |
|    learning_rate        | 0.0003      |
|    loss                 | -0.0381     |
|    n_updates            | 5206        |
|    policy_gradient_loss | -0.0488     |
|    std                  | 0.323       |
|    value_loss           | 0.113       |
-----------------------------------------
Early stopping at step 3 due to reaching max kl: 0.08
-----------------------------------------
| env/                    |             |
|    strehl               | 0.599       |
| rollout/                |             |
|    ep_len_mean          | 8           |
|    ep_rew_mean          | -6.05       |
| time/                   |             |
|    fps                  | 222         |
|    iterations           | 726         |
|    time_elapsed         | 1673        |
|    total_timesteps      | 371712      |
| train/                  |             |
|    approx_kl            | 0.063471146 |
|    clip_fraction        | 0.309       |
|    clip_range           | 0.2         |
|    entropy_loss         | -6          |
|    explained_variance   | -0.000424   |
|    learning_rate        | 0.0003      |
|    loss                 | -0.0236     |
|    n_updates            | 5210        |
|    policy_gradient_loss | -0.0459     |
|    std                  | 0.323       |
|    value_loss           | 0.123       |
-----------------------------------------
Early stopping at step 4 due to reaching max kl: 0.09
-----------------------------------------
| env/                    |             |
|    strehl               | 0.555       |
| rollout/                |             |
|    ep_len_mean          | 8           |
|    ep_rew_mean          | -6.07       |
| time/                   |             |
|    fps                  | 222         |
|    iterations           | 727         |
|    time_elapsed         | 1675        |
|    total_timesteps      | 372224      |
| train/                  |             |
|    approx_kl            | 0.080627576 |
|    clip_fraction        | 0.389       |
|    clip_range           | 0.2         |
|    entropy_loss         | -6          |
|    explained_variance   | -0.000709   |
|    learning_rate        | 0.0003      |
|    loss                 | -0.0414     |
|    n_updates            | 5215        |
|    policy_gradient_loss | -0.0461     |
|    std                  | 0.323       |
|    value_loss           | 0.0962      |
-----------------------------------------
Early stopping at step 3 due to reaching max kl: 0.08
----------------------------------------
| env/                    |            |
|    strehl               | 0.545      |
| rollout/                |            |
|    ep_len_mean          | 8          |
|    ep_rew_mean          | -6.12      |
| time/                   |            |
|    fps                  | 222        |
|    iterations           | 728        |
|    time_elapsed         | 1677       |
|    total_timesteps      | 372736     |
| train/                  |            |
|    approx_kl            | 0.08183154 |
|    clip_fraction        | 0.337      |
|    clip_range           | 0.2        |
|    entropy_loss         | -6         |
|    explained_variance   | -0.00114   |
|    learning_rate        | 0.0003     |
|    loss                 | -0.0207    |
|    n_updates            | 5219       |
|    policy_gradient_loss | -0.0335    |
|    std                  | 0.323      |
|    value_loss           | 0.104      |
----------------------------------------
Early stopping at step 2 due to reaching max kl: 0.08
-----------------------------------------
| env/                    |             |
|    strehl               | 0.526       |
| rollout/                |             |
|    ep_len_mean          | 8           |
|    ep_rew_mean          | -6.06       |
| time/                   |             |
|    fps                  | 222         |
|    iterations           | 729         |
|    time_elapsed         | 1678        |
|    total_timesteps      | 373248      |
| train/                  |             |
|    approx_kl            | 0.073648274 |
|    clip_fraction        | 0.372       |
|    clip_range           | 0.2         |
|    entropy_loss         | -5.99       |
|    explained_variance   | -0.000753   |
|    learning_rate        | 0.0003      |
|    loss                 | 0.0153      |
|    n_updates            | 5222        |
|    policy_gradient_loss | -0.0272     |
|    std                  | 0.323       |
|    value_loss           | 0.146       |
-----------------------------------------
Early stopping at step 4 due to reaching max kl: 0.08
---------------------------------------
| env/                    |           |
|    strehl               | 0.583     |
| rollout/                |           |
|    ep_len_mean          | 8         |
|    ep_rew_mean          | -6.03     |
| time/                   |           |
|    fps                  | 222       |
|    iterations           | 730       |
|    time_elapsed         | 1680      |
|    total_timesteps      | 373760    |
| train/                  |           |
|    approx_kl            | 0.070422  |
|    clip_fraction        | 0.43      |
|    clip_range           | 0.2       |
|    entropy_loss         | -5.99     |
|    explained_variance   | -0.000853 |
|    learning_rate        | 0.0003    |
|    loss                 | -0.0415   |
|    n_updates            | 5227      |
|    policy_gradient_loss | -0.0419   |
|    std                  | 0.323     |
|    value_loss           | 0.0986    |
---------------------------------------
Early stopping at step 4 due to reaching max kl: 0.10
----------------------------------------
| env/                    |            |
|    strehl               | 0.599      |
| rollout/                |            |
|    ep_len_mean          | 8          |
|    ep_rew_mean          | -6.04      |
| time/                   |            |
|    fps                  | 222        |
|    iterations           | 731        |
|    time_elapsed         | 1682       |
|    total_timesteps      | 374272     |
| train/                  |            |
|    approx_kl            | 0.08358396 |
|    clip_fraction        | 0.44       |
|    clip_range           | 0.2        |
|    entropy_loss         | -6         |
|    explained_variance   | -0.00101   |
|    learning_rate        | 0.0003     |
|    loss                 | -0.0301    |
|    n_updates            | 5232       |
|    policy_gradient_loss | -0.0482    |
|    std                  | 0.323      |
|    value_loss           | 0.12       |
----------------------------------------
Early stopping at step 3 due to reaching max kl: 0.08
----------------------------------------
| env/                    |            |
|    strehl               | 0.551      |
| rollout/                |            |
|    ep_len_mean          | 8          |
|    ep_rew_mean          | -5.98      |
| time/                   |            |
|    fps                  | 222        |
|    iterations           | 732        |
|    time_elapsed         | 1684       |
|    total_timesteps      | 374784     |
| train/                  |            |
|    approx_kl            | 0.07912797 |
|    clip_fraction        | 0.354      |
|    clip_range           | 0.2        |
|    entropy_loss         | -6         |
|    explained_variance   | -0.00152   |
|    learning_rate        | 0.0003     |
|    loss                 | -0.000846  |
|    n_updates            | 5236       |
|    policy_gradient_loss | -0.0255    |
|    std                  | 0.323      |
|    value_loss           | 0.0962     |
----------------------------------------
Early stopping at step 4 due to reaching max kl: 0.08
Eval num_timesteps=375000, episode_reward=-5.57 +/- 0.56
Episode length: 8.00 +/- 0.00
----------------------------------------
| env/                    |            |
|    strehl               | 0.471      |
| eval/                   |            |
|    mean_ep_length       | 8          |
|    mean_reward          | -5.57      |
| time/                   |            |
|    total_timesteps      | 375000     |
| train/                  |            |
|    approx_kl            | 0.07226423 |
|    clip_fraction        | 0.324      |
|    clip_range           | 0.2        |
|    entropy_loss         | -6         |
|    explained_variance   | -0.000802  |
|    learning_rate        | 0.0003     |
|    loss                 | -0.0531    |
|    n_updates            | 5241       |
|    policy_gradient_loss | -0.0528    |
|    std                  | 0.323      |
|    value_loss           | 0.081      |
----------------------------------------
New best mean reward!
---------------------------------
| env/               |          |
|    strehl          | 0.522    |
| rollout/           |          |
|    ep_len_mean     | 8        |
|    ep_rew_mean     | -6.08    |
| time/              |          |
|    fps             | 222      |
|    iterations      | 733      |
|    time_elapsed    | 1686     |
|    total_timesteps | 375296   |
---------------------------------
Early stopping at step 5 due to reaching max kl: 0.09
----------------------------------------
| env/                    |            |
|    strehl               | 0.583      |
| rollout/                |            |
|    ep_len_mean          | 8          |
|    ep_rew_mean          | -6.04      |
| time/                   |            |
|    fps                  | 222        |
|    iterations           | 734        |
|    time_elapsed         | 1688       |
|    total_timesteps      | 375808     |
| train/                  |            |
|    approx_kl            | 0.09405975 |
|    clip_fraction        | 0.443      |
|    clip_range           | 0.2        |
|    entropy_loss         | -6         |
|    explained_variance   | -0.000691  |
|    learning_rate        | 0.0003     |
|    loss                 | -0.021     |
|    n_updates            | 5247       |
|    policy_gradient_loss | -0.0433    |
|    std                  | 0.323      |
|    value_loss           | 0.133      |
----------------------------------------
Early stopping at step 4 due to reaching max kl: 0.08
----------------------------------------
| env/                    |            |
|    strehl               | 0.55       |
| rollout/                |            |
|    ep_len_mean          | 8          |
|    ep_rew_mean          | -6.03      |
| time/                   |            |
|    fps                  | 222        |
|    iterations           | 735        |
|    time_elapsed         | 1690       |
|    total_timesteps      | 376320     |
| train/                  |            |
|    approx_kl            | 0.07909869 |
|    clip_fraction        | 0.368      |
|    clip_range           | 0.2        |
|    entropy_loss         | -6         |
|    explained_variance   | -0.000998  |
|    learning_rate        | 0.0003     |
|    loss                 | -0.0534    |
|    n_updates            | 5252       |
|    policy_gradient_loss | -0.0418    |
|    std                  | 0.323      |
|    value_loss           | 0.0881     |
----------------------------------------
Early stopping at step 3 due to reaching max kl: 0.08
----------------------------------------
| env/                    |            |
|    strehl               | 0.504      |
| rollout/                |            |
|    ep_len_mean          | 8          |
|    ep_rew_mean          | -6.07      |
| time/                   |            |
|    fps                  | 222        |
|    iterations           | 736        |
|    time_elapsed         | 1692       |
|    total_timesteps      | 376832     |
| train/                  |            |
|    approx_kl            | 0.07549122 |
|    clip_fraction        | 0.38       |
|    clip_range           | 0.2        |
|    entropy_loss         | -6         |
|    explained_variance   | -0.00098   |
|    learning_rate        | 0.0003     |
|    loss                 | -0.0134    |
|    n_updates            | 5256       |
|    policy_gradient_loss | -0.0419    |
|    std                  | 0.323      |
|    value_loss           | 0.111      |
----------------------------------------
Early stopping at step 2 due to reaching max kl: 0.08
----------------------------------------
| env/                    |            |
|    strehl               | 0.466      |
| rollout/                |            |
|    ep_len_mean          | 8          |
|    ep_rew_mean          | -6.09      |
| time/                   |            |
|    fps                  | 222        |
|    iterations           | 737        |
|    time_elapsed         | 1694       |
|    total_timesteps      | 377344     |
| train/                  |            |
|    approx_kl            | 0.07533251 |
|    clip_fraction        | 0.379      |
|    clip_range           | 0.2        |
|    entropy_loss         | -6         |
|    explained_variance   | -0.000446  |
|    learning_rate        | 0.0003     |
|    loss                 | 0.00595    |
|    n_updates            | 5259       |
|    policy_gradient_loss | -0.0262    |
|    std                  | 0.323      |
|    value_loss           | 0.124      |
----------------------------------------
Early stopping at step 3 due to reaching max kl: 0.08
----------------------------------------
| env/                    |            |
|    strehl               | 0.493      |
| rollout/                |            |
|    ep_len_mean          | 8          |
|    ep_rew_mean          | -6.11      |
| time/                   |            |
|    fps                  | 222        |
|    iterations           | 738        |
|    time_elapsed         | 1695       |
|    total_timesteps      | 377856     |
| train/                  |            |
|    approx_kl            | 0.07112197 |
|    clip_fraction        | 0.32       |
|    clip_range           | 0.2        |
|    entropy_loss         | -6         |
|    explained_variance   | -0.000817  |
|    learning_rate        | 0.0003     |
|    loss                 | -0.0442    |
|    n_updates            | 5263       |
|    policy_gradient_loss | -0.039     |
|    std                  | 0.323      |
|    value_loss           | 0.0837     |
----------------------------------------
Early stopping at step 4 due to reaching max kl: 0.08
----------------------------------------
| env/                    |            |
|    strehl               | 0.541      |
| rollout/                |            |
|    ep_len_mean          | 8          |
|    ep_rew_mean          | -6.09      |
| time/                   |            |
|    fps                  | 222        |
|    iterations           | 739        |
|    time_elapsed         | 1697       |
|    total_timesteps      | 378368     |
| train/                  |            |
|    approx_kl            | 0.07441226 |
|    clip_fraction        | 0.382      |
|    clip_range           | 0.2        |
|    entropy_loss         | -6         |
|    explained_variance   | -0.000719  |
|    learning_rate        | 0.0003     |
|    loss                 | -0.0614    |
|    n_updates            | 5268       |
|    policy_gradient_loss | -0.0448    |
|    std                  | 0.323      |
|    value_loss           | 0.0839     |
----------------------------------------
Early stopping at step 4 due to reaching max kl: 0.08
----------------------------------------
| env/                    |            |
|    strehl               | 0.511      |
| rollout/                |            |
|    ep_len_mean          | 8          |
|    ep_rew_mean          | -6.14      |
| time/                   |            |
|    fps                  | 222        |
|    iterations           | 740        |
|    time_elapsed         | 1699       |
|    total_timesteps      | 378880     |
| train/                  |            |
|    approx_kl            | 0.07482572 |
|    clip_fraction        | 0.402      |
|    clip_range           | 0.2        |
|    entropy_loss         | -6         |
|    explained_variance   | -0.000612  |
|    learning_rate        | 0.0003     |
|    loss                 | -0.0496    |
|    n_updates            | 5273       |
|    policy_gradient_loss | -0.0473    |
|    std                  | 0.323      |
|    value_loss           | 0.0914     |
----------------------------------------
Early stopping at step 3 due to reaching max kl: 0.10
-----------------------------------------
| env/                    |             |
|    strehl               | 0.489       |
| rollout/                |             |
|    ep_len_mean          | 8           |
|    ep_rew_mean          | -6.02       |
| time/                   |             |
|    fps                  | 222         |
|    iterations           | 741         |
|    time_elapsed         | 1701        |
|    total_timesteps      | 379392      |
| train/                  |             |
|    approx_kl            | 0.076876715 |
|    clip_fraction        | 0.328       |
|    clip_range           | 0.2         |
|    entropy_loss         | -6          |
|    explained_variance   | -0.000692   |
|    learning_rate        | 0.0003      |
|    loss                 | -0.0171     |
|    n_updates            | 5277        |
|    policy_gradient_loss | -0.0423     |
|    std                  | 0.323       |
|    value_loss           | 0.125       |
-----------------------------------------
Early stopping at step 4 due to reaching max kl: 0.08
----------------------------------------
| env/                    |            |
|    strehl               | 0.471      |
| rollout/                |            |
|    ep_len_mean          | 8          |
|    ep_rew_mean          | -6.02      |
| time/                   |            |
|    fps                  | 223        |
|    iterations           | 742        |
|    time_elapsed         | 1703       |
|    total_timesteps      | 379904     |
| train/                  |            |
|    approx_kl            | 0.07833407 |
|    clip_fraction        | 0.405      |
|    clip_range           | 0.2        |
|    entropy_loss         | -5.99      |
|    explained_variance   | -0.00106   |
|    learning_rate        | 0.0003     |
|    loss                 | -0.0298    |
|    n_updates            | 5282       |
|    policy_gradient_loss | -0.0386    |
|    std                  | 0.322      |
|    value_loss           | 0.0914     |
----------------------------------------
Early stopping at step 4 due to reaching max kl: 0.10
-----------------------------------------
| env/                    |             |
|    strehl               | 0.591       |
| rollout/                |             |
|    ep_len_mean          | 8           |
|    ep_rew_mean          | -6.08       |
| time/                   |             |
|    fps                  | 223         |
|    iterations           | 743         |
|    time_elapsed         | 1705        |
|    total_timesteps      | 380416      |
| train/                  |             |
|    approx_kl            | 0.086423606 |
|    clip_fraction        | 0.388       |
|    clip_range           | 0.2         |
|    entropy_loss         | -5.99       |
|    explained_variance   | -0.000756   |
|    learning_rate        | 0.0003      |
|    loss                 | -0.0441     |
|    n_updates            | 5287        |
|    policy_gradient_loss | -0.0506     |
|    std                  | 0.322       |
|    value_loss           | 0.0791      |
-----------------------------------------
Early stopping at step 4 due to reaching max kl: 0.08
----------------------------------------
| env/                    |            |
|    strehl               | 0.5        |
| rollout/                |            |
|    ep_len_mean          | 8          |
|    ep_rew_mean          | -6.03      |
| time/                   |            |
|    fps                  | 223        |
|    iterations           | 744        |
|    time_elapsed         | 1707       |
|    total_timesteps      | 380928     |
| train/                  |            |
|    approx_kl            | 0.07633066 |
|    clip_fraction        | 0.404      |
|    clip_range           | 0.2        |
|    entropy_loss         | -5.99      |
|    explained_variance   | -0.000675  |
|    learning_rate        | 0.0003     |
|    loss                 | 0.00251    |
|    n_updates            | 5292       |
|    policy_gradient_loss | -0.0364    |
|    std                  | 0.322      |
|    value_loss           | 0.132      |
----------------------------------------
Early stopping at step 2 due to reaching max kl: 0.08
-----------------------------------------
| env/                    |             |
|    strehl               | 0.509       |
| rollout/                |             |
|    ep_len_mean          | 8           |
|    ep_rew_mean          | -6.09       |
| time/                   |             |
|    fps                  | 223         |
|    iterations           | 745         |
|    time_elapsed         | 1709        |
|    total_timesteps      | 381440      |
| train/                  |             |
|    approx_kl            | 0.057611506 |
|    clip_fraction        | 0.361       |
|    clip_range           | 0.2         |
|    entropy_loss         | -5.99       |
|    explained_variance   | -0.000802   |
|    learning_rate        | 0.0003      |
|    loss                 | 0.009       |
|    n_updates            | 5295        |
|    policy_gradient_loss | -0.0174     |
|    std                  | 0.322       |
|    value_loss           | 0.105       |
-----------------------------------------
Early stopping at step 5 due to reaching max kl: 0.09
----------------------------------------
| env/                    |            |
|    strehl               | 0.54       |
| rollout/                |            |
|    ep_len_mean          | 8          |
|    ep_rew_mean          | -6.03      |
| time/                   |            |
|    fps                  | 223        |
|    iterations           | 746        |
|    time_elapsed         | 1711       |
|    total_timesteps      | 381952     |
| train/                  |            |
|    approx_kl            | 0.08958795 |
|    clip_fraction        | 0.398      |
|    clip_range           | 0.2        |
|    entropy_loss         | -5.99      |
|    explained_variance   | -0.000713  |
|    learning_rate        | 0.0003     |
|    loss                 | -0.0373    |
|    n_updates            | 5301       |
|    policy_gradient_loss | -0.0516    |
|    std                  | 0.323      |
|    value_loss           | 0.12       |
----------------------------------------
Early stopping at step 3 due to reaching max kl: 0.08
---------------------------------------
| env/                    |           |
|    strehl               | 0.621     |
| rollout/                |           |
|    ep_len_mean          | 8         |
|    ep_rew_mean          | -5.95     |
| time/                   |           |
|    fps                  | 223       |
|    iterations           | 747       |
|    time_elapsed         | 1712      |
|    total_timesteps      | 382464    |
| train/                  |           |
|    approx_kl            | 0.0705689 |
|    clip_fraction        | 0.371     |
|    clip_range           | 0.2       |
|    entropy_loss         | -5.99     |
|    explained_variance   | -0.000493 |
|    learning_rate        | 0.0003    |
|    loss                 | -0.0301   |
|    n_updates            | 5305      |
|    policy_gradient_loss | -0.0446   |
|    std                  | 0.322     |
|    value_loss           | 0.0974    |
---------------------------------------
Early stopping at step 4 due to reaching max kl: 0.08
----------------------------------------
| env/                    |            |
|    strehl               | 0.459      |
| rollout/                |            |
|    ep_len_mean          | 8          |
|    ep_rew_mean          | -6.05      |
| time/                   |            |
|    fps                  | 223        |
|    iterations           | 748        |
|    time_elapsed         | 1714       |
|    total_timesteps      | 382976     |
| train/                  |            |
|    approx_kl            | 0.08360684 |
|    clip_fraction        | 0.336      |
|    clip_range           | 0.2        |
|    entropy_loss         | -5.98      |
|    explained_variance   | -0.000542  |
|    learning_rate        | 0.0003     |
|    loss                 | -0.0508    |
|    n_updates            | 5310       |
|    policy_gradient_loss | -0.0504    |
|    std                  | 0.322      |
|    value_loss           | 0.112      |
----------------------------------------
Early stopping at step 3 due to reaching max kl: 0.10
----------------------------------------
| env/                    |            |
|    strehl               | 0.522      |
| rollout/                |            |
|    ep_len_mean          | 8          |
|    ep_rew_mean          | -6.13      |
| time/                   |            |
|    fps                  | 223        |
|    iterations           | 749        |
|    time_elapsed         | 1716       |
|    total_timesteps      | 383488     |
| train/                  |            |
|    approx_kl            | 0.07838559 |
|    clip_fraction        | 0.306      |
|    clip_range           | 0.2        |
|    entropy_loss         | -5.98      |
|    explained_variance   | -0.00113   |
|    learning_rate        | 0.0003     |
|    loss                 | -0.0173    |
|    n_updates            | 5314       |
|    policy_gradient_loss | -0.0413    |
|    std                  | 0.322      |
|    value_loss           | 0.105      |
----------------------------------------
Early stopping at step 3 due to reaching max kl: 0.10
----------------------------------------
| env/                    |            |
|    strehl               | 0.46       |
| rollout/                |            |
|    ep_len_mean          | 8          |
|    ep_rew_mean          | -6.15      |
| time/                   |            |
|    fps                  | 223        |
|    iterations           | 750        |
|    time_elapsed         | 1718       |
|    total_timesteps      | 384000     |
| train/                  |            |
|    approx_kl            | 0.07560316 |
|    clip_fraction        | 0.401      |
|    clip_range           | 0.2        |
|    entropy_loss         | -5.97      |
|    explained_variance   | -0.000476  |
|    learning_rate        | 0.0003     |
|    loss                 | -0.0388    |
|    n_updates            | 5318       |
|    policy_gradient_loss | -0.0409    |
|    std                  | 0.322      |
|    value_loss           | 0.0715     |
----------------------------------------
Early stopping at step 4 due to reaching max kl: 0.08
-----------------------------------------
| env/                    |             |
|    strehl               | 0.546       |
| rollout/                |             |
|    ep_len_mean          | 8           |
|    ep_rew_mean          | -6.13       |
| time/                   |             |
|    fps                  | 223         |
|    iterations           | 751         |
|    time_elapsed         | 1720        |
|    total_timesteps      | 384512      |
| train/                  |             |
|    approx_kl            | 0.077435926 |
|    clip_fraction        | 0.306       |
|    clip_range           | 0.2         |
|    entropy_loss         | -5.97       |
|    explained_variance   | -0.000824   |
|    learning_rate        | 0.0003      |
|    loss                 | -0.0513     |
|    n_updates            | 5323        |
|    policy_gradient_loss | -0.05       |
|    std                  | 0.322       |
|    value_loss           | 0.114       |
-----------------------------------------
Early stopping at step 5 due to reaching max kl: 0.08
----------------------------------------
| env/                    |            |
|    strehl               | 0.519      |
| rollout/                |            |
|    ep_len_mean          | 8          |
|    ep_rew_mean          | -6.08      |
| time/                   |            |
|    fps                  | 223        |
|    iterations           | 752        |
|    time_elapsed         | 1722       |
|    total_timesteps      | 385024     |
| train/                  |            |
|    approx_kl            | 0.08254221 |
|    clip_fraction        | 0.405      |
|    clip_range           | 0.2        |
|    entropy_loss         | -5.97      |
|    explained_variance   | -0.000774  |
|    learning_rate        | 0.0003     |
|    loss                 | -0.0666    |
|    n_updates            | 5329       |
|    policy_gradient_loss | -0.0518    |
|    std                  | 0.322      |
|    value_loss           | 0.0766     |
----------------------------------------
Early stopping at step 4 due to reaching max kl: 0.09
----------------------------------------
| env/                    |            |
|    strehl               | 0.576      |
| rollout/                |            |
|    ep_len_mean          | 8          |
|    ep_rew_mean          | -6.02      |
| time/                   |            |
|    fps                  | 223        |
|    iterations           | 753        |
|    time_elapsed         | 1724       |
|    total_timesteps      | 385536     |
| train/                  |            |
|    approx_kl            | 0.09421822 |
|    clip_fraction        | 0.364      |
|    clip_range           | 0.2        |
|    entropy_loss         | -5.97      |
|    explained_variance   | -0.000468  |
|    learning_rate        | 0.0003     |
|    loss                 | -0.0452    |
|    n_updates            | 5334       |
|    policy_gradient_loss | -0.0479    |
|    std                  | 0.322      |
|    value_loss           | 0.0788     |
----------------------------------------
Early stopping at step 5 due to reaching max kl: 0.08
----------------------------------------
| env/                    |            |
|    strehl               | 0.575      |
| rollout/                |            |
|    ep_len_mean          | 8          |
|    ep_rew_mean          | -6.07      |
| time/                   |            |
|    fps                  | 223        |
|    iterations           | 754        |
|    time_elapsed         | 1726       |
|    total_timesteps      | 386048     |
| train/                  |            |
|    approx_kl            | 0.08431433 |
|    clip_fraction        | 0.359      |
|    clip_range           | 0.2        |
|    entropy_loss         | -5.97      |
|    explained_variance   | -0.000684  |
|    learning_rate        | 0.0003     |
|    loss                 | -0.0681    |
|    n_updates            | 5340       |
|    policy_gradient_loss | -0.0464    |
|    std                  | 0.322      |
|    value_loss           | 0.0817     |
----------------------------------------
Early stopping at step 5 due to reaching max kl: 0.08
----------------------------------------
| env/                    |            |
|    strehl               | 0.481      |
| rollout/                |            |
|    ep_len_mean          | 8          |
|    ep_rew_mean          | -6.06      |
| time/                   |            |
|    fps                  | 223        |
|    iterations           | 755        |
|    time_elapsed         | 1728       |
|    total_timesteps      | 386560     |
| train/                  |            |
|    approx_kl            | 0.08430369 |
|    clip_fraction        | 0.424      |
|    clip_range           | 0.2        |
|    entropy_loss         | -5.96      |
|    explained_variance   | -0.000563  |
|    learning_rate        | 0.0003     |
|    loss                 | -0.0609    |
|    n_updates            | 5346       |
|    policy_gradient_loss | -0.0576    |
|    std                  | 0.322      |
|    value_loss           | 0.0951     |
----------------------------------------
Early stopping at step 5 due to reaching max kl: 0.08
-----------------------------------------
| env/                    |             |
|    strehl               | 0.525       |
| rollout/                |             |
|    ep_len_mean          | 8           |
|    ep_rew_mean          | -6.03       |
| time/                   |             |
|    fps                  | 223         |
|    iterations           | 756         |
|    time_elapsed         | 1729        |
|    total_timesteps      | 387072      |
| train/                  |             |
|    approx_kl            | 0.084003925 |
|    clip_fraction        | 0.379       |
|    clip_range           | 0.2         |
|    entropy_loss         | -5.95       |
|    explained_variance   | -0.000767   |
|    learning_rate        | 0.0003      |
|    loss                 | -0.0619     |
|    n_updates            | 5352        |
|    policy_gradient_loss | -0.0548     |
|    std                  | 0.322       |
|    value_loss           | 0.085       |
-----------------------------------------
Early stopping at step 3 due to reaching max kl: 0.09
----------------------------------------
| env/                    |            |
|    strehl               | 0.496      |
| rollout/                |            |
|    ep_len_mean          | 8          |
|    ep_rew_mean          | -6.01      |
| time/                   |            |
|    fps                  | 223        |
|    iterations           | 757        |
|    time_elapsed         | 1731       |
|    total_timesteps      | 387584     |
| train/                  |            |
|    approx_kl            | 0.08136375 |
|    clip_fraction        | 0.365      |
|    clip_range           | 0.2        |
|    entropy_loss         | -5.93      |
|    explained_variance   | -0.000629  |
|    learning_rate        | 0.0003     |
|    loss                 | -0.0184    |
|    n_updates            | 5356       |
|    policy_gradient_loss | -0.0272    |
|    std                  | 0.322      |
|    value_loss           | 0.081      |
----------------------------------------
Early stopping at step 4 due to reaching max kl: 0.08
----------------------------------------
| env/                    |            |
|    strehl               | 0.523      |
| rollout/                |            |
|    ep_len_mean          | 8          |
|    ep_rew_mean          | -6.16      |
| time/                   |            |
|    fps                  | 223        |
|    iterations           | 758        |
|    time_elapsed         | 1733       |
|    total_timesteps      | 388096     |
| train/                  |            |
|    approx_kl            | 0.07542314 |
|    clip_fraction        | 0.372      |
|    clip_range           | 0.2        |
|    entropy_loss         | -5.93      |
|    explained_variance   | -0.000867  |
|    learning_rate        | 0.0003     |
|    loss                 | -0.0393    |
|    n_updates            | 5361       |
|    policy_gradient_loss | -0.0386    |
|    std                  | 0.322      |
|    value_loss           | 0.0947     |
----------------------------------------
Early stopping at step 4 due to reaching max kl: 0.09
-----------------------------------------
| env/                    |             |
|    strehl               | 0.464       |
| rollout/                |             |
|    ep_len_mean          | 8           |
|    ep_rew_mean          | -6.16       |
| time/                   |             |
|    fps                  | 223         |
|    iterations           | 759         |
|    time_elapsed         | 1735        |
|    total_timesteps      | 388608      |
| train/                  |             |
|    approx_kl            | 0.074724704 |
|    clip_fraction        | 0.384       |
|    clip_range           | 0.2         |
|    entropy_loss         | -5.92       |
|    explained_variance   | -0.000616   |
|    learning_rate        | 0.0003      |
|    loss                 | -0.0621     |
|    n_updates            | 5366        |
|    policy_gradient_loss | -0.0562     |
|    std                  | 0.322       |
|    value_loss           | 0.0754      |
-----------------------------------------
Early stopping at step 4 due to reaching max kl: 0.09
-----------------------------------------
| env/                    |             |
|    strehl               | 0.531       |
| rollout/                |             |
|    ep_len_mean          | 8           |
|    ep_rew_mean          | -6.02       |
| time/                   |             |
|    fps                  | 224         |
|    iterations           | 760         |
|    time_elapsed         | 1736        |
|    total_timesteps      | 389120      |
| train/                  |             |
|    approx_kl            | 0.079969525 |
|    clip_fraction        | 0.395       |
|    clip_range           | 0.2         |
|    entropy_loss         | -5.92       |
|    explained_variance   | -0.000545   |
|    learning_rate        | 0.0003      |
|    loss                 | -0.0529     |
|    n_updates            | 5371        |
|    policy_gradient_loss | -0.0474     |
|    std                  | 0.322       |
|    value_loss           | 0.0786      |
-----------------------------------------
Early stopping at step 3 due to reaching max kl: 0.08
----------------------------------------
| env/                    |            |
|    strehl               | 0.598      |
| rollout/                |            |
|    ep_len_mean          | 8          |
|    ep_rew_mean          | -5.99      |
| time/                   |            |
|    fps                  | 224        |
|    iterations           | 761        |
|    time_elapsed         | 1738       |
|    total_timesteps      | 389632     |
| train/                  |            |
|    approx_kl            | 0.06117588 |
|    clip_fraction        | 0.305      |
|    clip_range           | 0.2        |
|    entropy_loss         | -5.92      |
|    explained_variance   | -0.000553  |
|    learning_rate        | 0.0003     |
|    loss                 | -0.0217    |
|    n_updates            | 5375       |
|    policy_gradient_loss | -0.0349    |
|    std                  | 0.322      |
|    value_loss           | 0.0735     |
----------------------------------------
Early stopping at step 4 due to reaching max kl: 0.08
----------------------------------------
| env/                    |            |
|    strehl               | 0.595      |
| rollout/                |            |
|    ep_len_mean          | 8          |
|    ep_rew_mean          | -6.01      |
| time/                   |            |
|    fps                  | 224        |
|    iterations           | 762        |
|    time_elapsed         | 1740       |
|    total_timesteps      | 390144     |
| train/                  |            |
|    approx_kl            | 0.07403915 |
|    clip_fraction        | 0.379      |
|    clip_range           | 0.2        |
|    entropy_loss         | -5.92      |
|    explained_variance   | -0.000367  |
|    learning_rate        | 0.0003     |
|    loss                 | -0.0354    |
|    n_updates            | 5380       |
|    policy_gradient_loss | -0.0446    |
|    std                  | 0.321      |
|    value_loss           | 0.0939     |
----------------------------------------
Early stopping at step 4 due to reaching max kl: 0.09
----------------------------------------
| env/                    |            |
|    strehl               | 0.565      |
| rollout/                |            |
|    ep_len_mean          | 8          |
|    ep_rew_mean          | -6.04      |
| time/                   |            |
|    fps                  | 224        |
|    iterations           | 763        |
|    time_elapsed         | 1741       |
|    total_timesteps      | 390656     |
| train/                  |            |
|    approx_kl            | 0.08915242 |
|    clip_fraction        | 0.374      |
|    clip_range           | 0.2        |
|    entropy_loss         | -5.91      |
|    explained_variance   | -0.000667  |
|    learning_rate        | 0.0003     |
|    loss                 | -0.0354    |
|    n_updates            | 5385       |
|    policy_gradient_loss | -0.0437    |
|    std                  | 0.321      |
|    value_loss           | 0.0962     |
----------------------------------------
Early stopping at step 3 due to reaching max kl: 0.08
-----------------------------------------
| env/                    |             |
|    strehl               | 0.582       |
| rollout/                |             |
|    ep_len_mean          | 8           |
|    ep_rew_mean          | -6.07       |
| time/                   |             |
|    fps                  | 224         |
|    iterations           | 764         |
|    time_elapsed         | 1743        |
|    total_timesteps      | 391168      |
| train/                  |             |
|    approx_kl            | 0.069426395 |
|    clip_fraction        | 0.332       |
|    clip_range           | 0.2         |
|    entropy_loss         | -5.91       |
|    explained_variance   | -0.000528   |
|    learning_rate        | 0.0003      |
|    loss                 | -0.0313     |
|    n_updates            | 5389        |
|    policy_gradient_loss | -0.0419     |
|    std                  | 0.321       |
|    value_loss           | 0.0788      |
-----------------------------------------
Early stopping at step 4 due to reaching max kl: 0.08
-----------------------------------------
| env/                    |             |
|    strehl               | 0.496       |
| rollout/                |             |
|    ep_len_mean          | 8           |
|    ep_rew_mean          | -6.12       |
| time/                   |             |
|    fps                  | 224         |
|    iterations           | 765         |
|    time_elapsed         | 1745        |
|    total_timesteps      | 391680      |
| train/                  |             |
|    approx_kl            | 0.076617815 |
|    clip_fraction        | 0.363       |
|    clip_range           | 0.2         |
|    entropy_loss         | -5.9        |
|    explained_variance   | -0.000534   |
|    learning_rate        | 0.0003      |
|    loss                 | -0.0437     |
|    n_updates            | 5394        |
|    policy_gradient_loss | -0.0447     |
|    std                  | 0.321       |
|    value_loss           | 0.0972      |
-----------------------------------------
Early stopping at step 4 due to reaching max kl: 0.09
-----------------------------------------
| env/                    |             |
|    strehl               | 0.554       |
| rollout/                |             |
|    ep_len_mean          | 8           |
|    ep_rew_mean          | -6.14       |
| time/                   |             |
|    fps                  | 224         |
|    iterations           | 766         |
|    time_elapsed         | 1747        |
|    total_timesteps      | 392192      |
| train/                  |             |
|    approx_kl            | 0.077857584 |
|    clip_fraction        | 0.356       |
|    clip_range           | 0.2         |
|    entropy_loss         | -5.9        |
|    explained_variance   | -0.001      |
|    learning_rate        | 0.0003      |
|    loss                 | -0.054      |
|    n_updates            | 5399        |
|    policy_gradient_loss | -0.0514     |
|    std                  | 0.321       |
|    value_loss           | 0.106       |
-----------------------------------------
Early stopping at step 4 due to reaching max kl: 0.08
----------------------------------------
| env/                    |            |
|    strehl               | 0.641      |
| rollout/                |            |
|    ep_len_mean          | 8          |
|    ep_rew_mean          | -6.02      |
| time/                   |            |
|    fps                  | 224        |
|    iterations           | 767        |
|    time_elapsed         | 1748       |
|    total_timesteps      | 392704     |
| train/                  |            |
|    approx_kl            | 0.07602209 |
|    clip_fraction        | 0.409      |
|    clip_range           | 0.2        |
|    entropy_loss         | -5.9       |
|    explained_variance   | -0.000494  |
|    learning_rate        | 0.0003     |
|    loss                 | -0.0467    |
|    n_updates            | 5404       |
|    policy_gradient_loss | -0.0402    |
|    std                  | 0.321      |
|    value_loss           | 0.0711     |
----------------------------------------
Early stopping at step 4 due to reaching max kl: 0.09
---------------------------------------
| env/                    |           |
|    strehl               | 0.518     |
| rollout/                |           |
|    ep_len_mean          | 8         |
|    ep_rew_mean          | -6.02     |
| time/                   |           |
|    fps                  | 224       |
|    iterations           | 768       |
|    time_elapsed         | 1750      |
|    total_timesteps      | 393216    |
| train/                  |           |
|    approx_kl            | 0.0792746 |
|    clip_fraction        | 0.39      |
|    clip_range           | 0.2       |
|    entropy_loss         | -5.9      |
|    explained_variance   | -0.000888 |
|    learning_rate        | 0.0003    |
|    loss                 | -0.0397   |
|    n_updates            | 5409      |
|    policy_gradient_loss | -0.0503   |
|    std                  | 0.321     |
|    value_loss           | 0.11      |
---------------------------------------
Early stopping at step 3 due to reaching max kl: 0.09
---------------------------------------
| env/                    |           |
|    strehl               | 0.494     |
| rollout/                |           |
|    ep_len_mean          | 8         |
|    ep_rew_mean          | -6.1      |
| time/                   |           |
|    fps                  | 224       |
|    iterations           | 769       |
|    time_elapsed         | 1752      |
|    total_timesteps      | 393728    |
| train/                  |           |
|    approx_kl            | 0.0854001 |
|    clip_fraction        | 0.268     |
|    clip_range           | 0.2       |
|    entropy_loss         | -5.9      |
|    explained_variance   | -0.000633 |
|    learning_rate        | 0.0003    |
|    loss                 | -0.0303   |
|    n_updates            | 5413      |
|    policy_gradient_loss | -0.0371   |
|    std                  | 0.321     |
|    value_loss           | 0.0872    |
---------------------------------------
Early stopping at step 4 due to reaching max kl: 0.09
-----------------------------------------
| env/                    |             |
|    strehl               | 0.578       |
| rollout/                |             |
|    ep_len_mean          | 8           |
|    ep_rew_mean          | -6.11       |
| time/                   |             |
|    fps                  | 224         |
|    iterations           | 770         |
|    time_elapsed         | 1753        |
|    total_timesteps      | 394240      |
| train/                  |             |
|    approx_kl            | 0.075368464 |
|    clip_fraction        | 0.343       |
|    clip_range           | 0.2         |
|    entropy_loss         | -5.91       |
|    explained_variance   | -0.000774   |
|    learning_rate        | 0.0003      |
|    loss                 | -0.0512     |
|    n_updates            | 5418        |
|    policy_gradient_loss | -0.0492     |
|    std                  | 0.321       |
|    value_loss           | 0.0946      |
-----------------------------------------
Early stopping at step 4 due to reaching max kl: 0.08
-----------------------------------------
| env/                    |             |
|    strehl               | 0.586       |
| rollout/                |             |
|    ep_len_mean          | 8           |
|    ep_rew_mean          | -6.03       |
| time/                   |             |
|    fps                  | 224         |
|    iterations           | 771         |
|    time_elapsed         | 1755        |
|    total_timesteps      | 394752      |
| train/                  |             |
|    approx_kl            | 0.068817385 |
|    clip_fraction        | 0.379       |
|    clip_range           | 0.2         |
|    entropy_loss         | -5.91       |
|    explained_variance   | -0.000502   |
|    learning_rate        | 0.0003      |
|    loss                 | -0.0486     |
|    n_updates            | 5423        |
|    policy_gradient_loss | -0.0448     |
|    std                  | 0.321       |
|    value_loss           | 0.0849      |
-----------------------------------------
Early stopping at step 3 due to reaching max kl: 0.08
----------------------------------------
| env/                    |            |
|    strehl               | 0.524      |
| rollout/                |            |
|    ep_len_mean          | 8          |
|    ep_rew_mean          | -6.07      |
| time/                   |            |
|    fps                  | 224        |
|    iterations           | 772        |
|    time_elapsed         | 1757       |
|    total_timesteps      | 395264     |
| train/                  |            |
|    approx_kl            | 0.06960146 |
|    clip_fraction        | 0.358      |
|    clip_range           | 0.2        |
|    entropy_loss         | -5.9       |
|    explained_variance   | -0.000381  |
|    learning_rate        | 0.0003     |
|    loss                 | -0.0347    |
|    n_updates            | 5427       |
|    policy_gradient_loss | -0.0422    |
|    std                  | 0.321      |
|    value_loss           | 0.0865     |
----------------------------------------
Early stopping at step 4 due to reaching max kl: 0.08
----------------------------------------
| env/                    |            |
|    strehl               | 0.556      |
| rollout/                |            |
|    ep_len_mean          | 8          |
|    ep_rew_mean          | -6.14      |
| time/                   |            |
|    fps                  | 224        |
|    iterations           | 773        |
|    time_elapsed         | 1759       |
|    total_timesteps      | 395776     |
| train/                  |            |
|    approx_kl            | 0.07659464 |
|    clip_fraction        | 0.391      |
|    clip_range           | 0.2        |
|    entropy_loss         | -5.9       |
|    explained_variance   | -0.000696  |
|    learning_rate        | 0.0003     |
|    loss                 | -0.0482    |
|    n_updates            | 5432       |
|    policy_gradient_loss | -0.0388    |
|    std                  | 0.321      |
|    value_loss           | 0.0607     |
----------------------------------------
Early stopping at step 5 due to reaching max kl: 0.08
----------------------------------------
| env/                    |            |
|    strehl               | 0.564      |
| rollout/                |            |
|    ep_len_mean          | 8          |
|    ep_rew_mean          | -6.07      |
| time/                   |            |
|    fps                  | 225        |
|    iterations           | 774        |
|    time_elapsed         | 1760       |
|    total_timesteps      | 396288     |
| train/                  |            |
|    approx_kl            | 0.08174712 |
|    clip_fraction        | 0.405      |
|    clip_range           | 0.2        |
|    entropy_loss         | -5.9       |
|    explained_variance   | -0.000533  |
|    learning_rate        | 0.0003     |
|    loss                 | -0.0354    |
|    n_updates            | 5438       |
|    policy_gradient_loss | -0.0479    |
|    std                  | 0.321      |
|    value_loss           | 0.11       |
----------------------------------------
Early stopping at step 4 due to reaching max kl: 0.09
-----------------------------------------
| env/                    |             |
|    strehl               | 0.595       |
| rollout/                |             |
|    ep_len_mean          | 8           |
|    ep_rew_mean          | -6.02       |
| time/                   |             |
|    fps                  | 225         |
|    iterations           | 775         |
|    time_elapsed         | 1762        |
|    total_timesteps      | 396800      |
| train/                  |             |
|    approx_kl            | 0.081168346 |
|    clip_fraction        | 0.386       |
|    clip_range           | 0.2         |
|    entropy_loss         | -5.9        |
|    explained_variance   | -0.000579   |
|    learning_rate        | 0.0003      |
|    loss                 | -0.0581     |
|    n_updates            | 5443        |
|    policy_gradient_loss | -0.0501     |
|    std                  | 0.321       |
|    value_loss           | 0.0832      |
-----------------------------------------
Early stopping at step 4 due to reaching max kl: 0.08
----------------------------------------
| env/                    |            |
|    strehl               | 0.477      |
| rollout/                |            |
|    ep_len_mean          | 8          |
|    ep_rew_mean          | -5.98      |
| time/                   |            |
|    fps                  | 225        |
|    iterations           | 776        |
|    time_elapsed         | 1764       |
|    total_timesteps      | 397312     |
| train/                  |            |
|    approx_kl            | 0.07979868 |
|    clip_fraction        | 0.385      |
|    clip_range           | 0.2        |
|    entropy_loss         | -5.89      |
|    explained_variance   | -0.000612  |
|    learning_rate        | 0.0003     |
|    loss                 | -0.0487    |
|    n_updates            | 5448       |
|    policy_gradient_loss | -0.0394    |
|    std                  | 0.321      |
|    value_loss           | 0.0685     |
----------------------------------------
Early stopping at step 4 due to reaching max kl: 0.08
----------------------------------------
| env/                    |            |
|    strehl               | 0.437      |
| rollout/                |            |
|    ep_len_mean          | 8          |
|    ep_rew_mean          | -5.95      |
| time/                   |            |
|    fps                  | 225        |
|    iterations           | 777        |
|    time_elapsed         | 1766       |
|    total_timesteps      | 397824     |
| train/                  |            |
|    approx_kl            | 0.07556394 |
|    clip_fraction        | 0.361      |
|    clip_range           | 0.2        |
|    entropy_loss         | -5.89      |
|    explained_variance   | -0.000728  |
|    learning_rate        | 0.0003     |
|    loss                 | -0.0598    |
|    n_updates            | 5453       |
|    policy_gradient_loss | -0.0428    |
|    std                  | 0.321      |
|    value_loss           | 0.0765     |
----------------------------------------
Early stopping at step 4 due to reaching max kl: 0.08
-----------------------------------------
| env/                    |             |
|    strehl               | 0.475       |
| rollout/                |             |
|    ep_len_mean          | 8           |
|    ep_rew_mean          | -6.03       |
| time/                   |             |
|    fps                  | 225         |
|    iterations           | 778         |
|    time_elapsed         | 1767        |
|    total_timesteps      | 398336      |
| train/                  |             |
|    approx_kl            | 0.074167654 |
|    clip_fraction        | 0.389       |
|    clip_range           | 0.2         |
|    entropy_loss         | -5.88       |
|    explained_variance   | -0.00051    |
|    learning_rate        | 0.0003      |
|    loss                 | -0.0247     |
|    n_updates            | 5458        |
|    policy_gradient_loss | -0.0431     |
|    std                  | 0.321       |
|    value_loss           | 0.1         |
-----------------------------------------
Early stopping at step 3 due to reaching max kl: 0.08
----------------------------------------
| env/                    |            |
|    strehl               | 0.62       |
| rollout/                |            |
|    ep_len_mean          | 8          |
|    ep_rew_mean          | -6.02      |
| time/                   |            |
|    fps                  | 225        |
|    iterations           | 779        |
|    time_elapsed         | 1769       |
|    total_timesteps      | 398848     |
| train/                  |            |
|    approx_kl            | 0.07912457 |
|    clip_fraction        | 0.264      |
|    clip_range           | 0.2        |
|    entropy_loss         | -5.88      |
|    explained_variance   | -0.000629  |
|    learning_rate        | 0.0003     |
|    loss                 | -0.0415    |
|    n_updates            | 5462       |
|    policy_gradient_loss | -0.0469    |
|    std                  | 0.321      |
|    value_loss           | 0.0975     |
----------------------------------------
Early stopping at step 5 due to reaching max kl: 0.08
---------------------------------------
| env/                    |           |
|    strehl               | 0.576     |
| rollout/                |           |
|    ep_len_mean          | 8         |
|    ep_rew_mean          | -6.08     |
| time/                   |           |
|    fps                  | 225       |
|    iterations           | 780       |
|    time_elapsed         | 1771      |
|    total_timesteps      | 399360    |
| train/                  |           |
|    approx_kl            | 0.0792821 |
|    clip_fraction        | 0.354     |
|    clip_range           | 0.2       |
|    entropy_loss         | -5.88     |
|    explained_variance   | -0.000668 |
|    learning_rate        | 0.0003    |
|    loss                 | -0.0496   |
|    n_updates            | 5468      |
|    policy_gradient_loss | -0.0524   |
|    std                  | 0.321     |
|    value_loss           | 0.0924    |
---------------------------------------
Early stopping at step 3 due to reaching max kl: 0.08
----------------------------------------
| env/                    |            |
|    strehl               | 0.589      |
| rollout/                |            |
|    ep_len_mean          | 8          |
|    ep_rew_mean          | -6.01      |
| time/                   |            |
|    fps                  | 225        |
|    iterations           | 781        |
|    time_elapsed         | 1772       |
|    total_timesteps      | 399872     |
| train/                  |            |
|    approx_kl            | 0.07100785 |
|    clip_fraction        | 0.331      |
|    clip_range           | 0.2        |
|    entropy_loss         | -5.87      |
|    explained_variance   | -0.000665  |
|    learning_rate        | 0.0003     |
|    loss                 | -0.0361    |
|    n_updates            | 5472       |
|    policy_gradient_loss | -0.0497    |
|    std                  | 0.321      |
|    value_loss           | 0.107      |
----------------------------------------
Early stopping at step 4 due to reaching max kl: 0.11
Eval num_timesteps=400000, episode_reward=-5.64 +/- 0.34
Episode length: 8.00 +/- 0.00
----------------------------------------
| env/                    |            |
|    strehl               | 0.521      |
| eval/                   |            |
|    mean_ep_length       | 8          |
|    mean_reward          | -5.64      |
| time/                   |            |
|    total_timesteps      | 400000     |
| train/                  |            |
|    approx_kl            | 0.08903259 |
|    clip_fraction        | 0.416      |
|    clip_range           | 0.2        |
|    entropy_loss         | -5.86      |
|    explained_variance   | -0.000773  |
|    learning_rate        | 0.0003     |
|    loss                 | -0.0574    |
|    n_updates            | 5477       |
|    policy_gradient_loss | -0.0509    |
|    std                  | 0.321      |
|    value_loss           | 0.0746     |
----------------------------------------
---------------------------------
| env/               |          |
|    strehl          | 0.506    |
| rollout/           |          |
|    ep_len_mean     | 8        |
|    ep_rew_mean     | -6.01    |
| time/              |          |
|    fps             | 225      |
|    iterations      | 782      |
|    time_elapsed    | 1775     |
|    total_timesteps | 400384   |
---------------------------------
Early stopping at step 5 due to reaching max kl: 0.09
 100% ━━━━━━━━━━━━━━━━━━━━━━━━ 400,384/400,000  [ 0:29:34 < 0:00:00 , 295 it/s ]
Saved final model to: logs/sweep_linear_e0.001_a2e-8/sweep_linear_e0.001_a2e-8_final.zip
=== DONE sweep_linear_e0.001_a2e-8 ===
