y: [[-8.89294595e-02  3.68765652e-01 -3.35200205e-02 ... -2.49889821e-01
   1.67958364e-02  4.47161561e-08]
 [-1.95354253e-01  3.17699492e-01  3.17823112e-01 ...  1.36494249e-01
  -1.03578465e-02  4.47161561e-08]
 [-2.90432423e-01 -1.80993274e-01  2.23017558e-01 ... -2.44340330e-01
  -2.15393677e-02  4.47161597e-08]
 ...
 [ 2.77905110e-02 -3.24629903e-01  2.85629988e-01 ...  5.68953492e-02
  -8.27765688e-02  4.47161561e-08]
 [-2.45659456e-01 -2.43513435e-01  6.57291114e-01 ...  1.29223362e-01
  -6.41752034e-02  4.47161597e-08]
 [-1.38641492e-01  1.17867850e-01  3.85931842e-02 ...  1.19241446e-01
  -2.43191440e-02  4.47161561e-08]]
Dataset loaded: N=100000 (original 100000), C=3, H=20, W=20, y_dim=26
using device: cpu
Epoch 1/10000 - train 0.398829 - val 0.279392
Epoch 2/10000 - train 0.247310 - val 0.218630
Epoch 3/10000 - train 0.199875 - val 0.169828
Epoch 4/10000 - train 0.164562 - val 0.152179
Epoch 5/10000 - train 0.139449 - val 0.141177
Epoch 6/10000 - train 0.124057 - val 0.117422
Epoch 7/10000 - train 0.114891 - val 0.105166
Epoch 8/10000 - train 0.111122 - val 0.107543
Epoch 9/10000 - train 0.103321 - val 0.093777
Epoch 10/10000 - train 0.103336 - val 0.093163
Epoch 11/10000 - train 0.093890 - val 0.090634
Epoch 12/10000 - train 0.095967 - val 0.090668
Epoch 13/10000 - train 0.091285 - val 0.088672
Epoch 14/10000 - train 0.088729 - val 0.092673
Epoch 15/10000 - train 0.088290 - val 0.087489
Epoch 16/10000 - train 0.088325 - val 0.087657
Epoch 17/10000 - train 0.082809 - val 0.080790
Epoch 18/10000 - train 0.083501 - val 0.085005
Epoch 19/10000 - train 0.081920 - val 0.093113
Epoch 20/10000 - train 0.081395 - val 0.085566
Epoch 21/10000 - train 0.083269 - val 0.102066
Epoch 22/10000 - train 0.079569 - val 0.078569
Epoch 23/10000 - train 0.076986 - val 0.077301
Epoch 24/10000 - train 0.076125 - val 0.085489
Epoch 25/10000 - train 0.074309 - val 0.083303
Epoch 26/10000 - train 0.077701 - val 0.078532
Epoch 27/10000 - train 0.073279 - val 0.090390
Epoch 28/10000 - train 0.075307 - val 0.078886
Epoch 29/10000 - train 0.072250 - val 0.083324
Epoch 30/10000 - train 0.073923 - val 0.072839
Epoch 31/10000 - train 0.072245 - val 0.072880
Epoch 32/10000 - train 0.073315 - val 0.071249
Epoch 33/10000 - train 0.068870 - val 0.072814
Epoch 34/10000 - train 0.071657 - val 0.073151
Epoch 35/10000 - train 0.069437 - val 0.073020
Epoch 36/10000 - train 0.067576 - val 0.073471
Epoch 37/10000 - train 0.068790 - val 0.122765
Epoch 38/10000 - train 0.069207 - val 0.112879
Epoch 39/10000 - train 0.067430 - val 0.068351
Epoch 40/10000 - train 0.068179 - val 0.085347
Epoch 41/10000 - train 0.067620 - val 0.085959
Epoch 42/10000 - train 0.063465 - val 0.069644
Epoch 43/10000 - train 0.069747 - val 0.068122
Epoch 44/10000 - train 0.066729 - val 0.100644
Epoch 45/10000 - train 0.066296 - val 0.066610
Epoch 46/10000 - train 0.065341 - val 0.067840
Epoch 47/10000 - train 0.060069 - val 0.064623
Epoch 48/10000 - train 0.072005 - val 0.078189
Epoch 49/10000 - train 0.059697 - val 0.069004
Epoch 50/10000 - train 0.063398 - val 0.067232
Epoch 51/10000 - train 0.061933 - val 0.075869
Epoch 52/10000 - train 0.062626 - val 0.068969
Epoch 53/10000 - train 0.060217 - val 0.079453
Epoch 54/10000 - train 0.058107 - val 0.068646
Epoch 55/10000 - train 0.067731 - val 0.083830
Epoch 56/10000 - train 0.060803 - val 0.065795
Epoch 57/10000 - train 0.058655 - val 0.106674
Epoch 58/10000 - train 0.065146 - val 0.071462
Epoch 59/10000 - train 0.055141 - val 0.076372
Epoch 60/10000 - train 0.058781 - val 0.072225
Epoch 61/10000 - train 0.055936 - val 0.073650
Epoch 62/10000 - train 0.055702 - val 0.072301
Epoch 63/10000 - train 0.056501 - val 0.090288
Epoch 64/10000 - train 0.056270 - val 0.064185
Epoch 65/10000 - train 0.051806 - val 0.072664
Epoch 66/10000 - train 0.055472 - val 0.082966
Epoch 67/10000 - train 0.052595 - val 0.062947
Epoch 68/10000 - train 0.052279 - val 0.071775
Epoch 69/10000 - train 0.051404 - val 0.061479
Epoch 70/10000 - train 0.049976 - val 0.076848
Epoch 71/10000 - train 0.052155 - val 0.060618
Epoch 72/10000 - train 0.049172 - val 0.065138
Epoch 73/10000 - train 0.053697 - val 0.066031
Epoch 74/10000 - train 0.046840 - val 0.066367
Epoch 75/10000 - train 0.042958 - val 0.065421
Epoch 76/10000 - train 0.053277 - val 0.071808
Epoch 77/10000 - train 0.047023 - val 0.069655
Epoch 78/10000 - train 0.050309 - val 0.070620
Epoch 79/10000 - train 0.048664 - val 0.064298
Epoch 80/10000 - train 0.046331 - val 0.061902
Epoch 81/10000 - train 0.047106 - val 0.071295
Epoch 82/10000 - train 0.045646 - val 0.084403
Epoch 83/10000 - train 0.046514 - val 0.063659
Epoch 84/10000 - train 0.044445 - val 0.071692
Epoch 85/10000 - train 0.043512 - val 0.075430
Epoch 86/10000 - train 0.045210 - val 0.066089
Epoch 87/10000 - train 0.041942 - val 0.066766
Epoch 88/10000 - train 0.042727 - val 0.083108
Epoch 89/10000 - train 0.041698 - val 0.084279
Epoch 90/10000 - train 0.040785 - val 0.066996
Epoch 91/10000 - train 0.041619 - val 0.077087
Epoch 92/10000 - train 0.042985 - val 0.062496
Epoch 93/10000 - train 0.042826 - val 0.059214
Epoch 94/10000 - train 0.040111 - val 0.058516
Epoch 95/10000 - train 0.040508 - val 0.060967
Epoch 96/10000 - train 0.037719 - val 0.073083
Epoch 97/10000 - train 0.037317 - val 0.072095
Epoch 98/10000 - train 0.039765 - val 0.060993
Epoch 99/10000 - train 0.038471 - val 0.065316
Epoch 100/10000 - train 0.039304 - val 0.062938
Epoch 101/10000 - train 0.042199 - val 0.077816
Epoch 102/10000 - train 0.036793 - val 0.060443
Epoch 103/10000 - train 0.036323 - val 0.059950
Epoch 104/10000 - train 0.036374 - val 0.067626
Epoch 105/10000 - train 0.038570 - val 0.070571
Epoch 106/10000 - train 0.037764 - val 0.061542
Epoch 107/10000 - train 0.033279 - val 0.057483
Epoch 108/10000 - train 0.033303 - val 0.070854
Epoch 109/10000 - train 0.033861 - val 0.062029
Epoch 110/10000 - train 0.033461 - val 0.059170
Epoch 111/10000 - train 0.032389 - val 0.053490
Epoch 112/10000 - train 0.033007 - val 0.060010
Epoch 113/10000 - train 0.030732 - val 0.118755
Epoch 114/10000 - train 0.038853 - val 0.084627
Epoch 115/10000 - train 0.037431 - val 0.056022
Epoch 116/10000 - train 0.029774 - val 0.067274
Epoch 117/10000 - train 0.035080 - val 0.055712
Epoch 118/10000 - train 0.035109 - val 0.061057
Epoch 119/10000 - train 0.035980 - val 0.055235
Epoch 120/10000 - train 0.028241 - val 0.057309
Epoch 121/10000 - train 0.031986 - val 0.074454
Epoch 122/10000 - train 0.027816 - val 0.080973
Epoch 123/10000 - train 0.034786 - val 0.056747
Epoch 124/10000 - train 0.032591 - val 0.063062
Epoch 125/10000 - train 0.036082 - val 0.061955
Epoch 126/10000 - train 0.027124 - val 0.057290
Epoch 127/10000 - train 0.030150 - val 0.062756
Epoch 128/10000 - train 0.030430 - val 0.080046
Epoch 129/10000 - train 0.028837 - val 0.053355
Epoch 130/10000 - train 0.028288 - val 0.056620
Epoch 131/10000 - train 0.029069 - val 0.060498
Epoch 132/10000 - train 0.030290 - val 0.081519
Epoch 133/10000 - train 0.030571 - val 0.055803
Epoch 134/10000 - train 0.027941 - val 0.065426
Epoch 135/10000 - train 0.027891 - val 0.074251
Epoch 136/10000 - train 0.030210 - val 0.055386
Epoch 137/10000 - train 0.025168 - val 0.058397
Epoch 138/10000 - train 0.027543 - val 0.059917
Epoch 139/10000 - train 0.026092 - val 0.052671
Epoch 140/10000 - train 0.027609 - val 0.054508
Epoch 141/10000 - train 0.030225 - val 0.056379
Epoch 142/10000 - train 0.023240 - val 0.059468
Epoch 143/10000 - train 0.033161 - val 0.053831
Epoch 144/10000 - train 0.027487 - val 0.057130
Epoch 145/10000 - train 0.022982 - val 0.051921
Epoch 146/10000 - train 0.025096 - val 0.058648
Epoch 147/10000 - train 0.023078 - val 0.055041
Epoch 148/10000 - train 0.028382 - val 0.077548
Epoch 149/10000 - train 0.025641 - val 0.051819
Epoch 150/10000 - train 0.022447 - val 0.053618
Epoch 151/10000 - train 0.026180 - val 0.054511
Epoch 152/10000 - train 0.022249 - val 0.054170
Epoch 153/10000 - train 0.022407 - val 0.052574
Epoch 154/10000 - train 0.029731 - val 0.055484
Epoch 155/10000 - train 0.021482 - val 0.052689
Epoch 156/10000 - train 0.023215 - val 0.073065
Epoch 157/10000 - train 0.023656 - val 0.062352
Epoch 158/10000 - train 0.021565 - val 0.114484
Epoch 159/10000 - train 0.034347 - val 0.056137
Epoch 160/10000 - train 0.023689 - val 0.057701
Epoch 161/10000 - train 0.020523 - val 0.053661
Epoch 162/10000 - train 0.021595 - val 0.054301
Epoch 163/10000 - train 0.022706 - val 0.058960
Epoch 164/10000 - train 0.021156 - val 0.074054
Epoch 165/10000 - train 0.028381 - val 0.054201
Epoch 166/10000 - train 0.019269 - val 0.088579
Epoch 167/10000 - train 0.025253 - val 0.056365
Epoch 168/10000 - train 0.021135 - val 0.057407
Epoch 169/10000 - train 0.025313 - val 0.054299
Epoch 170/10000 - train 0.017984 - val 0.052087
Epoch 171/10000 - train 0.025770 - val 0.060876
Epoch 172/10000 - train 0.018954 - val 0.082382
Epoch 173/10000 - train 0.036283 - val 0.063158
Epoch 174/10000 - train 0.019262 - val 0.072935
Epoch 175/10000 - train 0.023111 - val 0.053991
Epoch 176/10000 - train 0.016337 - val 0.052326
Epoch 177/10000 - train 0.017858 - val 0.061303
Epoch 178/10000 - train 0.031349 - val 0.056652
Epoch 179/10000 - train 0.016768 - val 0.050403
Epoch 180/10000 - train 0.023829 - val 0.051774
Epoch 181/10000 - train 0.020802 - val 0.053192
Epoch 182/10000 - train 0.021272 - val 0.058567
Epoch 183/10000 - train 0.020515 - val 0.051189
Epoch 184/10000 - train 0.018988 - val 0.051122
Epoch 185/10000 - train 0.016091 - val 0.051107
Epoch 186/10000 - train 0.030975 - val 0.067703
Epoch 187/10000 - train 0.020845 - val 0.063776
Epoch 188/10000 - train 0.018805 - val 0.052439
Epoch 189/10000 - train 0.018803 - val 0.051388
Epoch 190/10000 - train 0.021932 - val 0.061181
Epoch 191/10000 - train 0.016163 - val 0.050051
Epoch 192/10000 - train 0.038195 - val 0.063366
Epoch 193/10000 - train 0.018628 - val 0.050958
Epoch 194/10000 - train 0.014559 - val 0.051507
Epoch 195/10000 - train 0.021326 - val 0.064385
Epoch 196/10000 - train 0.017321 - val 0.051094
Epoch 197/10000 - train 0.016018 - val 0.049466
Epoch 198/10000 - train 0.015810 - val 0.054027
Epoch 199/10000 - train 0.043337 - val 0.066944
Epoch 200/10000 - train 0.021393 - val 0.052644
Epoch 201/10000 - train 0.017457 - val 0.050724
Epoch 202/10000 - train 0.015676 - val 0.061807
Epoch 203/10000 - train 0.026466 - val 0.052524
Epoch 204/10000 - train 0.014846 - val 0.053037
Epoch 205/10000 - train 0.014456 - val 0.049769
Epoch 206/10000 - train 0.041492 - val 0.065857
Epoch 207/10000 - train 0.023868 - val 0.052033
Epoch 208/10000 - train 0.014554 - val 0.050600
Epoch 209/10000 - train 0.017383 - val 0.051291
Epoch 210/10000 - train 0.014884 - val 0.053647
Epoch 211/10000 - train 0.016027 - val 0.058107
Epoch 212/10000 - train 0.018030 - val 0.052897
Epoch 213/10000 - train 0.026437 - val 0.054793
Epoch 214/10000 - train 0.014397 - val 0.055517
Epoch 215/10000 - train 0.037018 - val 0.070240
Epoch 216/10000 - train 0.022832 - val 0.052262
Epoch 217/10000 - train 0.013469 - val 0.048705
Epoch 218/10000 - train 0.012547 - val 0.054559
Epoch 219/10000 - train 0.022933 - val 0.066796
Epoch 220/10000 - train 0.028409 - val 0.052722
Epoch 221/10000 - train 0.013565 - val 0.053116
Epoch 222/10000 - train 0.016795 - val 0.049690
Epoch 223/10000 - train 0.012453 - val 0.052397
Epoch 224/10000 - train 0.022229 - val 0.054784
Epoch 225/10000 - train 0.013472 - val 0.049403
Epoch 226/10000 - train 0.013108 - val 0.049732
Epoch 227/10000 - train 0.027834 - val 0.061641
Epoch 228/10000 - train 0.021001 - val 0.052824
Epoch 229/10000 - train 0.014270 - val 0.050313
Epoch 230/10000 - train 0.013921 - val 0.051417
Epoch 231/10000 - train 0.020035 - val 0.052806
Epoch 232/10000 - train 0.013881 - val 0.053461
Epoch 233/10000 - train 0.017374 - val 0.053772
Epoch 234/10000 - train 0.042455 - val 0.064957
Epoch 235/10000 - train 0.016940 - val 0.048797
Epoch 236/10000 - train 0.012338 - val 0.051807
Epoch 237/10000 - train 0.011966 - val 0.060231
Epoch 238/10000 - train 0.021840 - val 0.051221
Epoch 239/10000 - train 0.012237 - val 0.050665
Epoch 240/10000 - train 0.026855 - val 0.058730
Epoch 241/10000 - train 0.013037 - val 0.049726
Epoch 242/10000 - train 0.012163 - val 0.049881
Epoch 243/10000 - train 0.014095 - val 0.054414
Epoch 244/10000 - train 0.029172 - val 0.055759
Epoch 245/10000 - train 0.013141 - val 0.055096
Epoch 246/10000 - train 0.023388 - val 0.054076
Epoch 247/10000 - train 0.012358 - val 0.049572
Epoch 248/10000 - train 0.011397 - val 0.052464
Epoch 249/10000 - train 0.011667 - val 0.050322
Epoch 250/10000 - train 0.026440 - val 0.055294
Epoch 251/10000 - train 0.015495 - val 0.052338
Epoch 252/10000 - train 0.012253 - val 0.050784
Epoch 253/10000 - train 0.011562 - val 0.051939
Epoch 254/10000 - train 0.015159 - val 0.144158
Epoch 255/10000 - train 0.050610 - val 0.060932
Epoch 256/10000 - train 0.019338 - val 0.052111
Epoch 257/10000 - train 0.015350 - val 0.056795
Epoch 258/10000 - train 0.018126 - val 0.058153
Epoch 259/10000 - train 0.013379 - val 0.049695
Epoch 260/10000 - train 0.011769 - val 0.051477
Epoch 261/10000 - train 0.012683 - val 0.051856
Epoch 262/10000 - train 0.016881 - val 0.058780
Epoch 263/10000 - train 0.030779 - val 0.055064
Epoch 264/10000 - train 0.013798 - val 0.049657
Epoch 265/10000 - train 0.010904 - val 0.049046
Epoch 266/10000 - train 0.027306 - val 0.069099
Epoch 267/10000 - train 0.021002 - val 0.049871
Epoch 268/10000 - train 0.011520 - val 0.048597
Epoch 269/10000 - train 0.010696 - val 0.049024
Epoch 270/10000 - train 0.010193 - val 0.050047
Epoch 271/10000 - train 0.013429 - val 0.049316
Epoch 272/10000 - train 0.036574 - val 0.059962
Epoch 273/10000 - train 0.018532 - val 0.053094
Epoch 274/10000 - train 0.011706 - val 0.048467
Epoch 275/10000 - train 0.012157 - val 0.051174
Epoch 276/10000 - train 0.012688 - val 0.051428
Epoch 277/10000 - train 0.010268 - val 0.049124
Epoch 278/10000 - train 0.012817 - val 0.049985
Epoch 279/10000 - train 0.012149 - val 0.053904
Epoch 280/10000 - train 0.011500 - val 0.051303
Epoch 281/10000 - train 0.011820 - val 0.072489
Epoch 282/10000 - train 0.035574 - val 0.057093
Epoch 283/10000 - train 0.013954 - val 0.048954
Epoch 284/10000 - train 0.010917 - val 0.049825
Epoch 285/10000 - train 0.010572 - val 0.069128
Epoch 286/10000 - train 0.043753 - val 0.073981
Epoch 287/10000 - train 0.022258 - val 0.058727
Epoch 288/10000 - train 0.021377 - val 0.051295
Epoch 289/10000 - train 0.011743 - val 0.048236
Epoch 290/10000 - train 0.010282 - val 0.050165
Epoch 291/10000 - train 0.010978 - val 0.049045
Epoch 292/10000 - train 0.010745 - val 0.074293
Epoch 293/10000 - train 0.026748 - val 0.055555
Epoch 294/10000 - train 0.012221 - val 0.048885
Epoch 295/10000 - train 0.009510 - val 0.048164
Epoch 296/10000 - train 0.009688 - val 0.049063
Epoch 297/10000 - train 0.014659 - val 0.054353
Epoch 298/10000 - train 0.012477 - val 0.048960
Epoch 299/10000 - train 0.010220 - val 0.048383
Epoch 300/10000 - train 0.023383 - val 0.067322
Epoch 301/10000 - train 0.027703 - val 0.051291
Epoch 302/10000 - train 0.011316 - val 0.050485
Epoch 303/10000 - train 0.011566 - val 0.049518
Epoch 304/10000 - train 0.009912 - val 0.052647
Epoch 305/10000 - train 0.023695 - val 0.095599
Epoch 306/10000 - train 0.022201 - val 0.055492
Epoch 307/10000 - train 0.012342 - val 0.049548
Epoch 308/10000 - train 0.010436 - val 0.049375
Epoch 309/10000 - train 0.009796 - val 0.053381
Epoch 310/10000 - train 0.011321 - val 0.054142
Epoch 311/10000 - train 0.010816 - val 0.050462
Epoch 312/10000 - train 0.041706 - val 0.057189
Epoch 313/10000 - train 0.028609 - val 0.052612
Epoch 314/10000 - train 0.011960 - val 0.052253
Epoch 315/10000 - train 0.010806 - val 0.052605
Epoch 316/10000 - train 0.010886 - val 0.048704
Epoch 317/10000 - train 0.009185 - val 0.048938
Epoch 318/10000 - train 0.009383 - val 0.051135
Epoch 319/10000 - train 0.009781 - val 0.048482
Epoch 320/10000 - train 0.009377 - val 0.050070
Epoch 321/10000 - train 0.041230 - val 0.072365
Epoch 322/10000 - train 0.022215 - val 0.053365
Epoch 323/10000 - train 0.011375 - val 0.049282
Epoch 324/10000 - train 0.009443 - val 0.047405
Epoch 325/10000 - train 0.008469 - val 0.050462
Epoch 326/10000 - train 0.010090 - val 0.049165
Epoch 327/10000 - train 0.022132 - val 0.063153
Epoch 328/10000 - train 0.020138 - val 0.052477
Epoch 329/10000 - train 0.010165 - val 0.048615
Epoch 330/10000 - train 0.008569 - val 0.049198
Epoch 331/10000 - train 0.010213 - val 0.050829
Epoch 332/10000 - train 0.009632 - val 0.049875
Epoch 333/10000 - train 0.037769 - val 0.069793
Epoch 334/10000 - train 0.028008 - val 0.053068
Epoch 335/10000 - train 0.012534 - val 0.049864
Epoch 336/10000 - train 0.009750 - val 0.048348
Epoch 337/10000 - train 0.008755 - val 0.049557
Epoch 338/10000 - train 0.008870 - val 0.047641
Epoch 339/10000 - train 0.009421 - val 0.053271
Epoch 340/10000 - train 0.032255 - val 0.054864
Epoch 341/10000 - train 0.011879 - val 0.051106
Epoch 342/10000 - train 0.008982 - val 0.048518
Epoch 343/10000 - train 0.008507 - val 0.048259
Epoch 344/10000 - train 0.008993 - val 0.050247
Epoch 345/10000 - train 0.010067 - val 0.048566
Epoch 346/10000 - train 0.010994 - val 0.060455
Epoch 347/10000 - train 0.040520 - val 0.066985
Epoch 348/10000 - train 0.016563 - val 0.049465
Epoch 349/10000 - train 0.009026 - val 0.047853
Epoch 350/10000 - train 0.008717 - val 0.048853
Epoch 351/10000 - train 0.008494 - val 0.048381
Epoch 352/10000 - train 0.034988 - val 0.061215
Epoch 353/10000 - train 0.014971 - val 0.050069
Epoch 354/10000 - train 0.008884 - val 0.048124
Epoch 355/10000 - train 0.007882 - val 0.047921
Epoch 356/10000 - train 0.007918 - val 0.049017
Epoch 357/10000 - train 0.008970 - val 0.048142
Epoch 358/10000 - train 0.009161 - val 0.073587
Epoch 359/10000 - train 0.025872 - val 0.050664
Epoch 360/10000 - train 0.010835 - val 0.048947
Epoch 361/10000 - train 0.008374 - val 0.052855
Epoch 362/10000 - train 0.012624 - val 0.049981
Epoch 363/10000 - train 0.009076 - val 0.051755
Epoch 364/10000 - train 0.009995 - val 0.056836
Epoch 365/10000 - train 0.012128 - val 0.050230
Epoch 366/10000 - train 0.014262 - val 0.053138
Epoch 367/10000 - train 0.009916 - val 0.048888
Epoch 368/10000 - train 0.007951 - val 0.049304
Epoch 369/10000 - train 0.007821 - val 0.047746
Epoch 370/10000 - train 0.008468 - val 0.073300
Epoch 371/10000 - train 0.059374 - val 0.089846
Epoch 372/10000 - train 0.031757 - val 0.057573
Epoch 373/10000 - train 0.018550 - val 0.070148
Epoch 374/10000 - train 0.039094 - val 0.056011
Epoch 375/10000 - train 0.013617 - val 0.049677
Epoch 376/10000 - train 0.010417 - val 0.057202
Epoch 377/10000 - train 0.011492 - val 0.073681
Epoch 378/10000 - train 0.021301 - val 0.053303
Epoch 379/10000 - train 0.011806 - val 0.050133
Epoch 380/10000 - train 0.008702 - val 0.047897
Epoch 381/10000 - train 0.007710 - val 0.047192
Epoch 382/10000 - train 0.007868 - val 0.048745
Epoch 383/10000 - train 0.009526 - val 0.048486
Epoch 384/10000 - train 0.018633 - val 0.067634
Epoch 385/10000 - train 0.033872 - val 0.051627
Epoch 386/10000 - train 0.012055 - val 0.048098
Epoch 387/10000 - train 0.008514 - val 0.047949
Epoch 388/10000 - train 0.008128 - val 0.048686
Epoch 389/10000 - train 0.008852 - val 0.047164
Epoch 390/10000 - train 0.009320 - val 0.048522
Epoch 391/10000 - train 0.008539 - val 0.048495
Epoch 392/10000 - train 0.011371 - val 0.052488
Epoch 393/10000 - train 0.012252 - val 0.050203
Epoch 394/10000 - train 0.008812 - val 0.047769
Epoch 395/10000 - train 0.008842 - val 0.047454
Epoch 396/10000 - train 0.007398 - val 0.047622
Epoch 397/10000 - train 0.014885 - val 0.078523
Epoch 398/10000 - train 0.023371 - val 0.076204
Epoch 399/10000 - train 0.034658 - val 0.067188
Epoch 400/10000 - train 0.014519 - val 0.049062
Epoch 401/10000 - train 0.008410 - val 0.048114
Epoch 402/10000 - train 0.007585 - val 0.047905
Epoch 403/10000 - train 0.007875 - val 0.048222
Epoch 404/10000 - train 0.007478 - val 0.062644
Epoch 405/10000 - train 0.035515 - val 0.059318
Epoch 406/10000 - train 0.013338 - val 0.048352
Epoch 407/10000 - train 0.008040 - val 0.047676
Epoch 408/10000 - train 0.007285 - val 0.047032
Epoch 409/10000 - train 0.006995 - val 0.047700
Epoch 410/10000 - train 0.007550 - val 0.047679
Epoch 411/10000 - train 0.007554 - val 0.047773
Epoch 412/10000 - train 0.008112 - val 0.073851
Epoch 413/10000 - train 0.046838 - val 0.074075
Epoch 414/10000 - train 0.024201 - val 0.057544
Epoch 415/10000 - train 0.011382 - val 0.048247
Epoch 416/10000 - train 0.007901 - val 0.050116
Epoch 417/10000 - train 0.007780 - val 0.047841
Epoch 418/10000 - train 0.007114 - val 0.047669
Epoch 419/10000 - train 0.007444 - val 0.047517
Epoch 420/10000 - train 0.007310 - val 0.050516
Epoch 421/10000 - train 0.010048 - val 0.048077
Epoch 422/10000 - train 0.007791 - val 0.047555
Epoch 423/10000 - train 0.007037 - val 0.047860
Epoch 424/10000 - train 0.022150 - val 0.052998
Epoch 425/10000 - train 0.010199 - val 0.051256
Epoch 426/10000 - train 0.008595 - val 0.047988
Epoch 427/10000 - train 0.007211 - val 0.047454
Epoch 428/10000 - train 0.007178 - val 0.054470
Epoch 429/10000 - train 0.012279 - val 0.048410
Epoch 430/10000 - train 0.007937 - val 0.048379
Epoch 431/10000 - train 0.025750 - val 0.082427
Epoch 432/10000 - train 0.036911 - val 0.063981
Epoch 433/10000 - train 0.015418 - val 0.048989
Epoch 434/10000 - train 0.008436 - val 0.048716
Epoch 435/10000 - train 0.007709 - val 0.048025
Epoch 436/10000 - train 0.006929 - val 0.047577
Epoch 437/10000 - train 0.007197 - val 0.046991
Epoch 438/10000 - train 0.007046 - val 0.048572
Epoch 439/10000 - train 0.007838 - val 0.048992
Epoch 440/10000 - train 0.006951 - val 0.047975
Epoch 441/10000 - train 0.006999 - val 0.049079
Epoch 442/10000 - train 0.031795 - val 0.078198
Epoch 443/10000 - train 0.026182 - val 0.052922
Epoch 444/10000 - train 0.009699 - val 0.048340
Epoch 445/10000 - train 0.007292 - val 0.050478
Epoch 446/10000 - train 0.011998 - val 0.071679
Epoch 447/10000 - train 0.017193 - val 0.049603
Epoch 448/10000 - train 0.007671 - val 0.048513
Epoch 449/10000 - train 0.006964 - val 0.047689
Epoch 450/10000 - train 0.006691 - val 0.047690
Epoch 451/10000 - train 0.006575 - val 0.047504
Epoch 452/10000 - train 0.006766 - val 0.047490
Epoch 453/10000 - train 0.007678 - val 0.049695
Epoch 454/10000 - train 0.042615 - val 0.068017
Epoch 455/10000 - train 0.018540 - val 0.050201
Epoch 456/10000 - train 0.008815 - val 0.047083
Epoch 457/10000 - train 0.007387 - val 0.047445
Epoch 458/10000 - train 0.007380 - val 0.047835
Epoch 459/10000 - train 0.007360 - val 0.046866
Epoch 460/10000 - train 0.007646 - val 0.048846
Epoch 461/10000 - train 0.007033 - val 0.048913
Epoch 462/10000 - train 0.026006 - val 0.070240
Epoch 463/10000 - train 0.015178 - val 0.052777
Epoch 464/10000 - train 0.008181 - val 0.048098
Epoch 465/10000 - train 0.007094 - val 0.047588
Epoch 466/10000 - train 0.006573 - val 0.048150
Epoch 467/10000 - train 0.006340 - val 0.047366
Epoch 468/10000 - train 0.028868 - val 0.059394
Epoch 469/10000 - train 0.025468 - val 0.053333
Epoch 470/10000 - train 0.009472 - val 0.049279
Epoch 471/10000 - train 0.007398 - val 0.051034
Epoch 472/10000 - train 0.007496 - val 0.049224
Epoch 473/10000 - train 0.006809 - val 0.048289
Epoch 474/10000 - train 0.006652 - val 0.049242
Epoch 475/10000 - train 0.006615 - val 0.047771
Epoch 476/10000 - train 0.018271 - val 0.071119
Epoch 477/10000 - train 0.022134 - val 0.049749
Epoch 478/10000 - train 0.007744 - val 0.048975
Epoch 479/10000 - train 0.006890 - val 0.047584
Epoch 480/10000 - train 0.006363 - val 0.048287
Epoch 481/10000 - train 0.007553 - val 0.047800
Epoch 482/10000 - train 0.006591 - val 0.047108
Epoch 483/10000 - train 0.006684 - val 0.049119
Epoch 484/10000 - train 0.008187 - val 0.064883
Epoch 485/10000 - train 0.047627 - val 0.060102
Epoch 486/10000 - train 0.022858 - val 0.053064
Epoch 487/10000 - train 0.010643 - val 0.049380
Epoch 488/10000 - train 0.007035 - val 0.047661
Epoch 489/10000 - train 0.006771 - val 0.048247
Epoch 490/10000 - train 0.006499 - val 0.048016
Epoch 491/10000 - train 0.006219 - val 0.047350
Epoch 492/10000 - train 0.006322 - val 0.048149
Epoch 493/10000 - train 0.025694 - val 0.054340
Epoch 494/10000 - train 0.008703 - val 0.049060
Epoch 495/10000 - train 0.006591 - val 0.046833
Epoch 496/10000 - train 0.006671 - val 0.048306
Epoch 497/10000 - train 0.006548 - val 0.049596
Epoch 498/10000 - train 0.006676 - val 0.049901
Epoch 499/10000 - train 0.031739 - val 0.066471
Epoch 500/10000 - train 0.015932 - val 0.050099
Epoch 501/10000 - train 0.007629 - val 0.048301
Epoch 502/10000 - train 0.006472 - val 0.047733
Epoch 503/10000 - train 0.006780 - val 0.049401
Epoch 504/10000 - train 0.006562 - val 0.047702
Epoch 505/10000 - train 0.006449 - val 0.047998
Epoch 506/10000 - train 0.019570 - val 0.067464
Epoch 507/10000 - train 0.025637 - val 0.051291
Epoch 508/10000 - train 0.008351 - val 0.048245
Epoch 509/10000 - train 0.006376 - val 0.047798
Epoch 510/10000 - train 0.006478 - val 0.047297
Epoch 511/10000 - train 0.006043 - val 0.047538
Epoch 512/10000 - train 0.006547 - val 0.048053
Epoch 513/10000 - train 0.006394 - val 0.047772
Epoch 514/10000 - train 0.006463 - val 0.047255
Epoch 515/10000 - train 0.027458 - val 0.085212
Epoch 516/10000 - train 0.027007 - val 0.056246
Epoch 517/10000 - train 0.010833 - val 0.050566
Epoch 518/10000 - train 0.007231 - val 0.048184
Epoch 519/10000 - train 0.006243 - val 0.047803
Epoch 520/10000 - train 0.006366 - val 0.048561
Epoch 521/10000 - train 0.008871 - val 0.053152
Epoch 522/10000 - train 0.009401 - val 0.048834
Epoch 523/10000 - train 0.006981 - val 0.049312
Epoch 524/10000 - train 0.006754 - val 0.047068
Epoch 525/10000 - train 0.006139 - val 0.048955
Epoch 526/10000 - train 0.007044 - val 0.047034
Epoch 527/10000 - train 0.017654 - val 0.081481
Epoch 528/10000 - train 0.024288 - val 0.058307
Epoch 529/10000 - train 0.044492 - val 0.068277
Epoch 530/10000 - train 0.024594 - val 0.052309
Epoch 531/10000 - train 0.011274 - val 0.049108
Epoch 532/10000 - train 0.007902 - val 0.047595
Epoch 533/10000 - train 0.006715 - val 0.047170
Epoch 534/10000 - train 0.006315 - val 0.046719
Epoch 535/10000 - train 0.006017 - val 0.048445
Epoch 536/10000 - train 0.006399 - val 0.047298
Epoch 537/10000 - train 0.006555 - val 0.046532
Epoch 538/10000 - train 0.006390 - val 0.048241
Epoch 539/10000 - train 0.006158 - val 0.048627
Epoch 540/10000 - train 0.018200 - val 0.055936
Epoch 541/10000 - train 0.018200 - val 0.050240
Epoch 542/10000 - train 0.007846 - val 0.047114
Epoch 543/10000 - train 0.006201 - val 0.046697
Epoch 544/10000 - train 0.005879 - val 0.047079
Epoch 545/10000 - train 0.005823 - val 0.047801
Epoch 546/10000 - train 0.007314 - val 0.049489
Epoch 547/10000 - train 0.008661 - val 0.049205
Epoch 548/10000 - train 0.012258 - val 0.048909
Epoch 549/10000 - train 0.006382 - val 0.048498
Epoch 550/10000 - train 0.006873 - val 0.047914
Epoch 551/10000 - train 0.006122 - val 0.047762
Epoch 552/10000 - train 0.012770 - val 0.084054
Epoch 553/10000 - train 0.017484 - val 0.049922
Epoch 554/10000 - train 0.007508 - val 0.046835
Epoch 555/10000 - train 0.006137 - val 0.046839
Epoch 556/10000 - train 0.005871 - val 0.046884
Epoch 557/10000 - train 0.006311 - val 0.046994
Epoch 558/10000 - train 0.026664 - val 0.070347
Epoch 559/10000 - train 0.017674 - val 0.049555
Epoch 560/10000 - train 0.007101 - val 0.047299
Epoch 561/10000 - train 0.006454 - val 0.047820
Epoch 562/10000 - train 0.005820 - val 0.047240
Epoch 563/10000 - train 0.005615 - val 0.046847
Epoch 564/10000 - train 0.005887 - val 0.047198
Epoch 565/10000 - train 0.005968 - val 0.047875
Epoch 566/10000 - train 0.005895 - val 0.047684
Epoch 567/10000 - train 0.019192 - val 0.057863
Epoch 568/10000 - train 0.011024 - val 0.049898
Epoch 569/10000 - train 0.006774 - val 0.048319
Epoch 570/10000 - train 0.005901 - val 0.047617
Epoch 571/10000 - train 0.006254 - val 0.047318
Epoch 572/10000 - train 0.005881 - val 0.048733
Epoch 573/10000 - train 0.006248 - val 0.047699
Epoch 574/10000 - train 0.030117 - val 0.060770
Epoch 575/10000 - train 0.012309 - val 0.048625
Epoch 576/10000 - train 0.006563 - val 0.048214
Epoch 577/10000 - train 0.005811 - val 0.047862
Epoch 578/10000 - train 0.005725 - val 0.047126
Epoch 579/10000 - train 0.005735 - val 0.048261
Epoch 580/10000 - train 0.006965 - val 0.047375
Epoch 581/10000 - train 0.005760 - val 0.046847
Epoch 582/10000 - train 0.006082 - val 0.047195
Epoch 583/10000 - train 0.006092 - val 0.048171
Epoch 584/10000 - train 0.038737 - val 0.090295
Epoch 585/10000 - train 0.026971 - val 0.050952
Epoch 586/10000 - train 0.008326 - val 0.048073
Epoch 587/10000 - train 0.006562 - val 0.047154
Epoch 588/10000 - train 0.005401 - val 0.047542
Epoch 589/10000 - train 0.005679 - val 0.048405
Epoch 590/10000 - train 0.006000 - val 0.046900
Epoch 591/10000 - train 0.005497 - val 0.048188
Epoch 592/10000 - train 0.010350 - val 0.048502
Epoch 593/10000 - train 0.006192 - val 0.046455
Epoch 594/10000 - train 0.005533 - val 0.046754
Epoch 595/10000 - train 0.005431 - val 0.047447
Epoch 596/10000 - train 0.019386 - val 0.087938
Epoch 597/10000 - train 0.038939 - val 0.057301
Epoch 598/10000 - train 0.015673 - val 0.062834
Epoch 599/10000 - train 0.010677 - val 0.049165
Epoch 600/10000 - train 0.006660 - val 0.046918
Epoch 601/10000 - train 0.005808 - val 0.046865
Epoch 602/10000 - train 0.005281 - val 0.046754
Epoch 603/10000 - train 0.005487 - val 0.046796
Epoch 604/10000 - train 0.005516 - val 0.047042
Epoch 605/10000 - train 0.005669 - val 0.047397
Epoch 606/10000 - train 0.025094 - val 0.069653
Epoch 607/10000 - train 0.016058 - val 0.049167
Epoch 608/10000 - train 0.006808 - val 0.047397
Epoch 609/10000 - train 0.005751 - val 0.047037
Epoch 610/10000 - train 0.005399 - val 0.047573
Epoch 611/10000 - train 0.005559 - val 0.047770
Epoch 612/10000 - train 0.005167 - val 0.047204
Epoch 613/10000 - train 0.005571 - val 0.047212
Epoch 614/10000 - train 0.006351 - val 0.047704
Epoch 615/10000 - train 0.006191 - val 0.047000
Epoch 616/10000 - train 0.005742 - val 0.050465
Epoch 617/10000 - train 0.025682 - val 0.061921
Epoch 618/10000 - train 0.010809 - val 0.048413
Epoch 619/10000 - train 0.006205 - val 0.048311
Epoch 620/10000 - train 0.005550 - val 0.047602
Epoch 621/10000 - train 0.005482 - val 0.047577
Epoch 622/10000 - train 0.005384 - val 0.046991
Epoch 623/10000 - train 0.008547 - val 0.050013
Epoch 624/10000 - train 0.006323 - val 0.047561
Epoch 625/10000 - train 0.005890 - val 0.047575
Epoch 626/10000 - train 0.005684 - val 0.046751
Epoch 627/10000 - train 0.005790 - val 0.046952
Epoch 628/10000 - train 0.034976 - val 0.058588
Epoch 629/10000 - train 0.016562 - val 0.048073
Epoch 630/10000 - train 0.006324 - val 0.047879
Epoch 631/10000 - train 0.005357 - val 0.047093
Epoch 632/10000 - train 0.005108 - val 0.047198
Epoch 633/10000 - train 0.005407 - val 0.047062
Epoch 634/10000 - train 0.005078 - val 0.048278
Epoch 635/10000 - train 0.005875 - val 0.048747
Epoch 636/10000 - train 0.006054 - val 0.047412
Epoch 637/10000 - train 0.012798 - val 0.073144
Epoch 638/10000 - train 0.034603 - val 0.056215
Epoch 639/10000 - train 0.011560 - val 0.048769
Epoch 640/10000 - train 0.006248 - val 0.047866
Epoch 641/10000 - train 0.005566 - val 0.047301
Epoch 642/10000 - train 0.005161 - val 0.047200
Epoch 643/10000 - train 0.005030 - val 0.047290
Epoch 644/10000 - train 0.004956 - val 0.047338
Epoch 645/10000 - train 0.005399 - val 0.047877
Epoch 646/10000 - train 0.007065 - val 0.056376
Epoch 647/10000 - train 0.007881 - val 0.047172
Epoch 648/10000 - train 0.005415 - val 0.046697
Epoch 649/10000 - train 0.005149 - val 0.046889
Epoch 650/10000 - train 0.005505 - val 0.054905
Epoch 651/10000 - train 0.026276 - val 0.051663
Epoch 652/10000 - train 0.008467 - val 0.047467
Epoch 653/10000 - train 0.005719 - val 0.047060
Epoch 654/10000 - train 0.005737 - val 0.047112
Epoch 655/10000 - train 0.005552 - val 0.047408
Epoch 656/10000 - train 0.005658 - val 0.047332
Epoch 657/10000 - train 0.005368 - val 0.047429
Epoch 658/10000 - train 0.019637 - val 0.068767
Epoch 659/10000 - train 0.018179 - val 0.049712
Epoch 660/10000 - train 0.006670 - val 0.048593
Epoch 661/10000 - train 0.005646 - val 0.047338
Epoch 662/10000 - train 0.005051 - val 0.047097
Epoch 663/10000 - train 0.005042 - val 0.046741
Epoch 664/10000 - train 0.005620 - val 0.054316
Epoch 665/10000 - train 0.009419 - val 0.047760
Epoch 666/10000 - train 0.005418 - val 0.047166
Epoch 667/10000 - train 0.005013 - val 0.047208
Epoch 668/10000 - train 0.005794 - val 0.047740
Epoch 669/10000 - train 0.022925 - val 0.074296
Epoch 670/10000 - train 0.018769 - val 0.050752
Epoch 671/10000 - train 0.007287 - val 0.047455
Epoch 672/10000 - train 0.005430 - val 0.046523
Epoch 673/10000 - train 0.005016 - val 0.047078
Epoch 674/10000 - train 0.004863 - val 0.047322
Epoch 675/10000 - train 0.005089 - val 0.047025
Epoch 676/10000 - train 0.004890 - val 0.046945
Epoch 677/10000 - train 0.005155 - val 0.049530
Epoch 678/10000 - train 0.014924 - val 0.065750
Epoch 679/10000 - train 0.032806 - val 0.053631
Epoch 680/10000 - train 0.009134 - val 0.048092
Epoch 681/10000 - train 0.005552 - val 0.047469
Epoch 682/10000 - train 0.005067 - val 0.047156
Epoch 683/10000 - train 0.004873 - val 0.048204
Epoch 684/10000 - train 0.005411 - val 0.047236
Epoch 685/10000 - train 0.004841 - val 0.047821
Epoch 686/10000 - train 0.004954 - val 0.047314
Epoch 687/10000 - train 0.005051 - val 0.049572
Epoch 688/10000 - train 0.006284 - val 0.047290
Epoch 689/10000 - train 0.005920 - val 0.048416
Epoch 690/10000 - train 0.005314 - val 0.048036
Epoch 691/10000 - train 0.005219 - val 0.047048
Epoch 692/10000 - train 0.021440 - val 0.059075
Epoch 693/10000 - train 0.012595 - val 0.050147
Epoch 694/10000 - train 0.006551 - val 0.048191
Epoch 695/10000 - train 0.005745 - val 0.047760
Epoch 696/10000 - train 0.005098 - val 0.047275
Epoch 697/10000 - train 0.005044 - val 0.048252
Epoch 698/10000 - train 0.005411 - val 0.047454
Epoch 699/10000 - train 0.022370 - val 0.082589
Epoch 700/10000 - train 0.021250 - val 0.049947
Epoch 701/10000 - train 0.006940 - val 0.047385
Epoch 702/10000 - train 0.005668 - val 0.047367
Epoch 703/10000 - train 0.005017 - val 0.047004
Epoch 704/10000 - train 0.004795 - val 0.047848
Epoch 705/10000 - train 0.005244 - val 0.047124
Epoch 706/10000 - train 0.004990 - val 0.047332
Epoch 707/10000 - train 0.005147 - val 0.046732
Epoch 708/10000 - train 0.004799 - val 0.049911
Epoch 709/10000 - train 0.026635 - val 0.129139
Epoch 710/10000 - train 0.036009 - val 0.054247
Epoch 711/10000 - train 0.012022 - val 0.049688
Epoch 712/10000 - train 0.008607 - val 0.047850
Epoch 713/10000 - train 0.005842 - val 0.048224
Epoch 714/10000 - train 0.005320 - val 0.046889
Epoch 715/10000 - train 0.005099 - val 0.046277
Epoch 716/10000 - train 0.004834 - val 0.047624
Epoch 717/10000 - train 0.004890 - val 0.046932
Epoch 718/10000 - train 0.005103 - val 0.047386
Epoch 719/10000 - train 0.005044 - val 0.046898
Epoch 720/10000 - train 0.005263 - val 0.047196
Epoch 721/10000 - train 0.006410 - val 0.048417
Epoch 722/10000 - train 0.008881 - val 0.049152
Epoch 723/10000 - train 0.005981 - val 0.048493
Epoch 724/10000 - train 0.005111 - val 0.047381
Epoch 725/10000 - train 0.004998 - val 0.047134
Epoch 726/10000 - train 0.005301 - val 0.046936
Epoch 727/10000 - train 0.008256 - val 0.103429
Epoch 728/10000 - train 0.031884 - val 0.056490
Epoch 729/10000 - train 0.010660 - val 0.047192
Epoch 730/10000 - train 0.006182 - val 0.048508
Epoch 731/10000 - train 0.005466 - val 0.046705
Epoch 732/10000 - train 0.005186 - val 0.046612
Epoch 733/10000 - train 0.005021 - val 0.046382
Epoch 734/10000 - train 0.004958 - val 0.046371
Epoch 735/10000 - train 0.006343 - val 0.052361
Epoch 736/10000 - train 0.007607 - val 0.048709
Epoch 737/10000 - train 0.005622 - val 0.047084
Epoch 738/10000 - train 0.005166 - val 0.049866
Epoch 739/10000 - train 0.028229 - val 0.077989
Epoch 740/10000 - train 0.017640 - val 0.049035
Epoch 741/10000 - train 0.007554 - val 0.049041
Epoch 742/10000 - train 0.005499 - val 0.046571
Epoch 743/10000 - train 0.004768 - val 0.046858
Epoch 744/10000 - train 0.004888 - val 0.048911
Epoch 745/10000 - train 0.005074 - val 0.046777
Epoch 746/10000 - train 0.004597 - val 0.047099
Epoch 747/10000 - train 0.004613 - val 0.047073
Epoch 748/10000 - train 0.005529 - val 0.047004
Epoch 749/10000 - train 0.005075 - val 0.046521
Epoch 750/10000 - train 0.015182 - val 0.065951
Epoch 751/10000 - train 0.029268 - val 0.081896
Epoch 752/10000 - train 0.015716 - val 0.048816
Epoch 753/10000 - train 0.005946 - val 0.047177
Epoch 754/10000 - train 0.004927 - val 0.046805
Epoch 755/10000 - train 0.004689 - val 0.046561
Epoch 756/10000 - train 0.004600 - val 0.046224
Epoch 757/10000 - train 0.004431 - val 0.047300
Epoch 758/10000 - train 0.004948 - val 0.046868
Epoch 759/10000 - train 0.004546 - val 0.046666
Epoch 760/10000 - train 0.004754 - val 0.047747
Epoch 761/10000 - train 0.004913 - val 0.047079
Epoch 762/10000 - train 0.005008 - val 0.047713
Epoch 763/10000 - train 0.005040 - val 0.049630
Epoch 764/10000 - train 0.023849 - val 0.051934
Epoch 765/10000 - train 0.008466 - val 0.047394
Epoch 766/10000 - train 0.005092 - val 0.046345
Epoch 767/10000 - train 0.004560 - val 0.046749
Epoch 768/10000 - train 0.004455 - val 0.047077
Epoch 769/10000 - train 0.004649 - val 0.046561
Epoch 770/10000 - train 0.004673 - val 0.046771
Epoch 771/10000 - train 0.005194 - val 0.047278
Epoch 772/10000 - train 0.005826 - val 0.051279
Epoch 773/10000 - train 0.041629 - val 0.093755
Epoch 774/10000 - train 0.026730 - val 0.059800
Epoch 775/10000 - train 0.013936 - val 0.049702
Epoch 776/10000 - train 0.007492 - val 0.047818
Epoch 777/10000 - train 0.005954 - val 0.049357
Epoch 778/10000 - train 0.006789 - val 0.048342
Epoch 779/10000 - train 0.005491 - val 0.048058
Epoch 780/10000 - train 0.005198 - val 0.047098
Epoch 781/10000 - train 0.005310 - val 0.047230
Epoch 782/10000 - train 0.005273 - val 0.047783
Epoch 783/10000 - train 0.006505 - val 0.049282
Epoch 784/10000 - train 0.014036 - val 0.053641
Epoch 785/10000 - train 0.007216 - val 0.047540
Epoch 786/10000 - train 0.005299 - val 0.047995
Epoch 787/10000 - train 0.005444 - val 0.047169
Epoch 788/10000 - train 0.004871 - val 0.047087
Epoch 789/10000 - train 0.004994 - val 0.047964
Epoch 790/10000 - train 0.009472 - val 0.048607
Epoch 791/10000 - train 0.005525 - val 0.047474
Epoch 792/10000 - train 0.005056 - val 0.048232
Epoch 793/10000 - train 0.005349 - val 0.047545
Epoch 794/10000 - train 0.004803 - val 0.047636
Epoch 795/10000 - train 0.004852 - val 0.047244
Epoch 796/10000 - train 0.005645 - val 0.048992
Epoch 797/10000 - train 0.049172 - val 0.064600
Epoch 798/10000 - train 0.026724 - val 0.053248
Epoch 799/10000 - train 0.011013 - val 0.049329
Epoch 800/10000 - train 0.006902 - val 0.048637
Epoch 801/10000 - train 0.007154 - val 0.047525
Epoch 802/10000 - train 0.005398 - val 0.047110
Epoch 803/10000 - train 0.005134 - val 0.047086
Epoch 804/10000 - train 0.004910 - val 0.047063
Epoch 805/10000 - train 0.004924 - val 0.046939
Epoch 806/10000 - train 0.005102 - val 0.048808
Epoch 807/10000 - train 0.005442 - val 0.047148
Epoch 808/10000 - train 0.013162 - val 0.068631
Epoch 809/10000 - train 0.022392 - val 0.073783
Epoch 810/10000 - train 0.012835 - val 0.048705
Epoch 811/10000 - train 0.005996 - val 0.047075
Epoch 812/10000 - train 0.005123 - val 0.047404
Epoch 813/10000 - train 0.004844 - val 0.047012
Epoch 814/10000 - train 0.004976 - val 0.046809
Epoch 815/10000 - train 0.004759 - val 0.046445
Epoch 816/10000 - train 0.005012 - val 0.046843
Epoch 817/10000 - train 0.004795 - val 0.047116
Epoch 818/10000 - train 0.004625 - val 0.048325
Epoch 819/10000 - train 0.005945 - val 0.046912
Epoch 820/10000 - train 0.006267 - val 0.052204
Epoch 821/10000 - train 0.009802 - val 0.050082
Epoch 822/10000 - train 0.005642 - val 0.047171
Epoch 823/10000 - train 0.004832 - val 0.048821
Epoch 824/10000 - train 0.027951 - val 0.106134
Epoch 825/10000 - train 0.023838 - val 0.050180
Epoch 826/10000 - train 0.007733 - val 0.047201
Epoch 827/10000 - train 0.005592 - val 0.047713
Epoch 828/10000 - train 0.004950 - val 0.046255
Epoch 829/10000 - train 0.004623 - val 0.046633
Epoch 830/10000 - train 0.004593 - val 0.046326
Epoch 831/10000 - train 0.004555 - val 0.046687
Epoch 832/10000 - train 0.004557 - val 0.048377
Epoch 833/10000 - train 0.004967 - val 0.046483
Epoch 834/10000 - train 0.004621 - val 0.047154
Epoch 835/10000 - train 0.004963 - val 0.047332
Epoch 836/10000 - train 0.005222 - val 0.047720
Epoch 837/10000 - train 0.005727 - val 0.046511
Epoch 838/10000 - train 0.006874 - val 0.054843
Epoch 839/10000 - train 0.006642 - val 0.047840
Epoch 840/10000 - train 0.005150 - val 0.048330
Epoch 841/10000 - train 0.005298 - val 0.047314
Epoch 842/10000 - train 0.006266 - val 0.066365
Epoch 843/10000 - train 0.033004 - val 0.065107
Epoch 844/10000 - train 0.010446 - val 0.047830
Epoch 845/10000 - train 0.006012 - val 0.047384
Epoch 846/10000 - train 0.004728 - val 0.046468
Epoch 847/10000 - train 0.004441 - val 0.046737
Epoch 848/10000 - train 0.004506 - val 0.047775
Epoch 849/10000 - train 0.004831 - val 0.046768
Epoch 850/10000 - train 0.004435 - val 0.046365
Epoch 851/10000 - train 0.004366 - val 0.047041
Epoch 852/10000 - train 0.004759 - val 0.047068
Epoch 853/10000 - train 0.004876 - val 0.046423
Epoch 854/10000 - train 0.005006 - val 0.048697
Epoch 855/10000 - train 0.005990 - val 0.052312
Epoch 856/10000 - train 0.038213 - val 0.060384
Epoch 857/10000 - train 0.017418 - val 0.049066
Epoch 858/10000 - train 0.007654 - val 0.046806
Epoch 859/10000 - train 0.005113 - val 0.047273
Epoch 860/10000 - train 0.004605 - val 0.046453
Epoch 861/10000 - train 0.004309 - val 0.047398
Epoch 862/10000 - train 0.004498 - val 0.046679
Epoch 863/10000 - train 0.004396 - val 0.046226
Epoch 864/10000 - train 0.004245 - val 0.046836
Epoch 865/10000 - train 0.005280 - val 0.047008
Epoch 866/10000 - train 0.004668 - val 0.047615
Epoch 867/10000 - train 0.004542 - val 0.046463
Epoch 868/10000 - train 0.004475 - val 0.047015
Epoch 869/10000 - train 0.008292 - val 0.047425
Epoch 870/10000 - train 0.005513 - val 0.047095
Epoch 871/10000 - train 0.004908 - val 0.047575
Epoch 872/10000 - train 0.011426 - val 0.059751
Epoch 873/10000 - train 0.022690 - val 0.050808
Epoch 874/10000 - train 0.006987 - val 0.046894
Epoch 875/10000 - train 0.005156 - val 0.046644
Epoch 876/10000 - train 0.004457 - val 0.046735
Epoch 877/10000 - train 0.004383 - val 0.046737
Epoch 878/10000 - train 0.004425 - val 0.047262
Epoch 879/10000 - train 0.004673 - val 0.046432
Epoch 880/10000 - train 0.004591 - val 0.046644
Epoch 881/10000 - train 0.004952 - val 0.048600
Epoch 882/10000 - train 0.008829 - val 0.047419
Epoch 883/10000 - train 0.005042 - val 0.050698
Epoch 884/10000 - train 0.005872 - val 0.046582
Epoch 885/10000 - train 0.022759 - val 0.057808
Epoch 886/10000 - train 0.011655 - val 0.048298
Epoch 887/10000 - train 0.005463 - val 0.047253
Epoch 888/10000 - train 0.004884 - val 0.046545
Epoch 889/10000 - train 0.004313 - val 0.046278
Epoch 890/10000 - train 0.004103 - val 0.046616
Epoch 891/10000 - train 0.004212 - val 0.046393
Epoch 892/10000 - train 0.004572 - val 0.047522
Epoch 893/10000 - train 0.004601 - val 0.045957
Epoch 894/10000 - train 0.004428 - val 0.046395
Epoch 895/10000 - train 0.004606 - val 0.047685
Epoch 896/10000 - train 0.033396 - val 0.060071
Epoch 897/10000 - train 0.013163 - val 0.048085
Epoch 898/10000 - train 0.005568 - val 0.049159
Epoch 899/10000 - train 0.004813 - val 0.046749
Epoch 900/10000 - train 0.004159 - val 0.046417
Epoch 901/10000 - train 0.003999 - val 0.046450
Epoch 902/10000 - train 0.004124 - val 0.046291
Epoch 903/10000 - train 0.004302 - val 0.046390
Epoch 904/10000 - train 0.004225 - val 0.047021
Epoch 905/10000 - train 0.005224 - val 0.046488
Epoch 906/10000 - train 0.004477 - val 0.046602
Epoch 907/10000 - train 0.005071 - val 0.049991
Epoch 908/10000 - train 0.007994 - val 0.059097
Epoch 909/10000 - train 0.040209 - val 0.073876
Epoch 910/10000 - train 0.018243 - val 0.049820
Epoch 911/10000 - train 0.007702 - val 0.047050
Epoch 912/10000 - train 0.004906 - val 0.046053
Epoch 913/10000 - train 0.004482 - val 0.046188
Epoch 914/10000 - train 0.004138 - val 0.046349
Epoch 915/10000 - train 0.004270 - val 0.046851
Epoch 916/10000 - train 0.004366 - val 0.046513
Epoch 917/10000 - train 0.004433 - val 0.048008
Epoch 918/10000 - train 0.004861 - val 0.046143
Epoch 919/10000 - train 0.004223 - val 0.046932
Epoch 920/10000 - train 0.004340 - val 0.046349
Epoch 921/10000 - train 0.004314 - val 0.045855
Epoch 922/10000 - train 0.004370 - val 0.046402
Epoch 923/10000 - train 0.018645 - val 0.072419
Epoch 924/10000 - train 0.019688 - val 0.049298
Epoch 925/10000 - train 0.006908 - val 0.046819
Epoch 926/10000 - train 0.005002 - val 0.046282
Epoch 927/10000 - train 0.004279 - val 0.045944
Epoch 928/10000 - train 0.004126 - val 0.046651
Epoch 929/10000 - train 0.004296 - val 0.045948
Epoch 930/10000 - train 0.004120 - val 0.046701
Epoch 931/10000 - train 0.004318 - val 0.046432
Epoch 932/10000 - train 0.004559 - val 0.046534
Epoch 933/10000 - train 0.004742 - val 0.047212
Epoch 934/10000 - train 0.004819 - val 0.047320
Epoch 935/10000 - train 0.028745 - val 0.074613
Epoch 936/10000 - train 0.026705 - val 0.049330
Epoch 937/10000 - train 0.007517 - val 0.048430
Epoch 938/10000 - train 0.005044 - val 0.047004
Epoch 939/10000 - train 0.004352 - val 0.046290
Epoch 940/10000 - train 0.004134 - val 0.046100
Epoch 941/10000 - train 0.003963 - val 0.047049
Epoch 942/10000 - train 0.004370 - val 0.046430
Epoch 943/10000 - train 0.004098 - val 0.046524
Epoch 944/10000 - train 0.004225 - val 0.047571
Epoch 945/10000 - train 0.004465 - val 0.046905
Epoch 946/10000 - train 0.004506 - val 0.047597
Epoch 947/10000 - train 0.004779 - val 0.058844
Epoch 948/10000 - train 0.048126 - val 0.057136
Epoch 949/10000 - train 0.018625 - val 0.057784
Epoch 950/10000 - train 0.009276 - val 0.048180
Epoch 951/10000 - train 0.007287 - val 0.048147
Epoch 952/10000 - train 0.005224 - val 0.046932
Epoch 953/10000 - train 0.004756 - val 0.047434
Epoch 954/10000 - train 0.004795 - val 0.048188
Epoch 955/10000 - train 0.004919 - val 0.046960
Epoch 956/10000 - train 0.004590 - val 0.046493
Epoch 957/10000 - train 0.004435 - val 0.047393
Epoch 958/10000 - train 0.021552 - val 0.061493
Epoch 959/10000 - train 0.014807 - val 0.048609
Epoch 960/10000 - train 0.005935 - val 0.047536
Epoch 961/10000 - train 0.004828 - val 0.046897
Epoch 962/10000 - train 0.004475 - val 0.047377
Epoch 963/10000 - train 0.004591 - val 0.047178
Epoch 964/10000 - train 0.004808 - val 0.046839
Epoch 965/10000 - train 0.004543 - val 0.047305
Epoch 966/10000 - train 0.004670 - val 0.046821
Epoch 967/10000 - train 0.004575 - val 0.046977
Epoch 968/10000 - train 0.004466 - val 0.047261
Epoch 969/10000 - train 0.004789 - val 0.046957
Epoch 970/10000 - train 0.004663 - val 0.047052
Epoch 971/10000 - train 0.004703 - val 0.047021
Epoch 972/10000 - train 0.005212 - val 0.047215
Epoch 973/10000 - train 0.007874 - val 0.050912
Epoch 974/10000 - train 0.005550 - val 0.047730
Epoch 975/10000 - train 0.004918 - val 0.046166
Epoch 976/10000 - train 0.004381 - val 0.046557
Epoch 977/10000 - train 0.004554 - val 0.046811
Epoch 978/10000 - train 0.004853 - val 0.047588
Epoch 979/10000 - train 0.004815 - val 0.047487
Epoch 980/10000 - train 0.019510 - val 0.080679
Epoch 981/10000 - train 0.030706 - val 0.052340
Epoch 982/10000 - train 0.008771 - val 0.046900
Epoch 983/10000 - train 0.005109 - val 0.046598
Epoch 984/10000 - train 0.004427 - val 0.046387
Epoch 985/10000 - train 0.004202 - val 0.047664
Epoch 986/10000 - train 0.004475 - val 0.046716
Epoch 987/10000 - train 0.004315 - val 0.046404
Epoch 988/10000 - train 0.004300 - val 0.046276
Epoch 989/10000 - train 0.004279 - val 0.046968
Epoch 990/10000 - train 0.004445 - val 0.046924
Epoch 991/10000 - train 0.004421 - val 0.046111
Epoch 992/10000 - train 0.004200 - val 0.045896
Epoch 993/10000 - train 0.032390 - val 0.066461
Epoch 994/10000 - train 0.021191 - val 0.051244
Epoch 995/10000 - train 0.007936 - val 0.046463
Epoch 996/10000 - train 0.005977 - val 0.046052
Epoch 997/10000 - train 0.004350 - val 0.046623
Epoch 998/10000 - train 0.004155 - val 0.046275
Epoch 999/10000 - train 0.003961 - val 0.045876
Epoch 1000/10000 - train 0.003973 - val 0.046489
Epoch 1001/10000 - train 0.004099 - val 0.045924
Epoch 1002/10000 - train 0.004372 - val 0.046555
Epoch 1003/10000 - train 0.004176 - val 0.045820
Epoch 1004/10000 - train 0.006918 - val 0.052151
Epoch 1005/10000 - train 0.032619 - val 0.065415
Epoch 1006/10000 - train 0.017915 - val 0.049646
Epoch 1007/10000 - train 0.006457 - val 0.050399
Epoch 1008/10000 - train 0.005044 - val 0.046259
Epoch 1009/10000 - train 0.004185 - val 0.045794
Epoch 1010/10000 - train 0.003991 - val 0.045866
Epoch 1011/10000 - train 0.004021 - val 0.045601
Epoch 1012/10000 - train 0.004028 - val 0.046051
Epoch 1013/10000 - train 0.003913 - val 0.045782
Epoch 1014/10000 - train 0.003913 - val 0.046264
Epoch 1015/10000 - train 0.003903 - val 0.045737
Epoch 1016/10000 - train 0.004064 - val 0.046722
Epoch 1017/10000 - train 0.004280 - val 0.046734
Epoch 1018/10000 - train 0.004803 - val 0.046078
Epoch 1019/10000 - train 0.004584 - val 0.047943
Epoch 1020/10000 - train 0.005140 - val 0.055450
Epoch 1021/10000 - train 0.005828 - val 0.047197
Epoch 1022/10000 - train 0.004874 - val 0.046884
Epoch 1023/10000 - train 0.004992 - val 0.045948
Epoch 1024/10000 - train 0.004147 - val 0.047282
Epoch 1025/10000 - train 0.034367 - val 0.070872
Epoch 1026/10000 - train 0.017471 - val 0.050184
Epoch 1027/10000 - train 0.006689 - val 0.046600
Epoch 1028/10000 - train 0.005047 - val 0.045978
Epoch 1029/10000 - train 0.004143 - val 0.046091
Epoch 1030/10000 - train 0.004030 - val 0.046190
Epoch 1031/10000 - train 0.004060 - val 0.045981
Epoch 1032/10000 - train 0.003914 - val 0.046518
Epoch 1033/10000 - train 0.004082 - val 0.046222
Epoch 1034/10000 - train 0.003988 - val 0.046146
Epoch 1035/10000 - train 0.003819 - val 0.046095
Epoch 1036/10000 - train 0.004026 - val 0.047397
Epoch 1037/10000 - train 0.005395 - val 0.047032
Epoch 1038/10000 - train 0.004426 - val 0.045839
Epoch 1039/10000 - train 0.004537 - val 0.053387
Epoch 1040/10000 - train 0.033759 - val 0.058020
Epoch 1041/10000 - train 0.011735 - val 0.047314
Epoch 1042/10000 - train 0.006101 - val 0.047250
Epoch 1043/10000 - train 0.004337 - val 0.046267
Epoch 1044/10000 - train 0.003966 - val 0.045957
Epoch 1045/10000 - train 0.003759 - val 0.046267
Epoch 1046/10000 - train 0.003793 - val 0.046406
Epoch 1047/10000 - train 0.003795 - val 0.046679
Epoch 1048/10000 - train 0.004045 - val 0.046203
Epoch 1049/10000 - train 0.003888 - val 0.046021
Epoch 1050/10000 - train 0.003870 - val 0.046593
Epoch 1051/10000 - train 0.005721 - val 0.048092
Epoch 1052/10000 - train 0.004431 - val 0.047689
Epoch 1053/10000 - train 0.004046 - val 0.046461
Epoch 1054/10000 - train 0.004436 - val 0.050205
Epoch 1055/10000 - train 0.009539 - val 0.048327
Epoch 1056/10000 - train 0.004750 - val 0.046008
Epoch 1057/10000 - train 0.003938 - val 0.046077
Epoch 1058/10000 - train 0.004164 - val 0.047216
Epoch 1059/10000 - train 0.004173 - val 0.046158
Epoch 1060/10000 - train 0.004613 - val 0.046644
Epoch 1061/10000 - train 0.043418 - val 0.063965
Epoch 1062/10000 - train 0.027396 - val 0.054522
Epoch 1063/10000 - train 0.017602 - val 0.049257
Epoch 1064/10000 - train 0.008299 - val 0.046200
Epoch 1065/10000 - train 0.006071 - val 0.047596
Epoch 1066/10000 - train 0.006543 - val 0.046352
Epoch 1067/10000 - train 0.004973 - val 0.045853
Epoch 1068/10000 - train 0.004594 - val 0.045963
Epoch 1069/10000 - train 0.004400 - val 0.046123
Epoch 1070/10000 - train 0.004289 - val 0.045801
Epoch 1071/10000 - train 0.004284 - val 0.047005
Epoch 1072/10000 - train 0.004492 - val 0.046176
Epoch 1073/10000 - train 0.004368 - val 0.046205
Epoch 1074/10000 - train 0.008130 - val 0.046733
Epoch 1075/10000 - train 0.004563 - val 0.046251
Epoch 1076/10000 - train 0.004451 - val 0.046142
Epoch 1077/10000 - train 0.004225 - val 0.045577
Epoch 1078/10000 - train 0.004011 - val 0.045747
Epoch 1079/10000 - train 0.004595 - val 0.046058
Epoch 1080/10000 - train 0.004679 - val 0.046693
Epoch 1081/10000 - train 0.007724 - val 0.048020
Epoch 1082/10000 - train 0.004729 - val 0.046246
Epoch 1083/10000 - train 0.004319 - val 0.045886
Epoch 1084/10000 - train 0.004201 - val 0.045886
Epoch 1085/10000 - train 0.016564 - val 0.050056
Epoch 1086/10000 - train 0.010053 - val 0.046428
Epoch 1087/10000 - train 0.004787 - val 0.046459
Epoch 1088/10000 - train 0.004108 - val 0.045444
Epoch 1089/10000 - train 0.004258 - val 0.045831
Epoch 1090/10000 - train 0.003898 - val 0.045417
Epoch 1091/10000 - train 0.003892 - val 0.046640
Epoch 1092/10000 - train 0.004129 - val 0.045644
Epoch 1093/10000 - train 0.003982 - val 0.047944
Epoch 1094/10000 - train 0.004762 - val 0.045904
Epoch 1095/10000 - train 0.007800 - val 0.047982
Epoch 1096/10000 - train 0.004917 - val 0.046070
Epoch 1097/10000 - train 0.004506 - val 0.045901
Epoch 1098/10000 - train 0.004363 - val 0.046531
Epoch 1099/10000 - train 0.004512 - val 0.046204
Epoch 1100/10000 - train 0.004228 - val 0.046426
Epoch 1101/10000 - train 0.004104 - val 0.046259
Epoch 1102/10000 - train 0.006648 - val 0.046504
Epoch 1103/10000 - train 0.004831 - val 0.046822
Epoch 1104/10000 - train 0.004626 - val 0.047222
Epoch 1105/10000 - train 0.006334 - val 0.064385
Epoch 1106/10000 - train 0.046016 - val 0.059877
Epoch 1107/10000 - train 0.015489 - val 0.047762
Epoch 1108/10000 - train 0.007572 - val 0.046717
Epoch 1109/10000 - train 0.004407 - val 0.045830
Epoch 1110/10000 - train 0.003903 - val 0.045974
Epoch 1111/10000 - train 0.003730 - val 0.046436
Epoch 1112/10000 - train 0.003922 - val 0.045929
Epoch 1113/10000 - train 0.003658 - val 0.045668
Epoch 1114/10000 - train 0.003601 - val 0.045645
Epoch 1115/10000 - train 0.003756 - val 0.046142
Epoch 1116/10000 - train 0.003808 - val 0.045600
Epoch 1117/10000 - train 0.003709 - val 0.046755
Epoch 1118/10000 - train 0.005294 - val 0.046442
Epoch 1119/10000 - train 0.003790 - val 0.046064
Epoch 1120/10000 - train 0.004410 - val 0.046974
Epoch 1121/10000 - train 0.004352 - val 0.049968
Epoch 1122/10000 - train 0.004696 - val 0.045962
Epoch 1123/10000 - train 0.028810 - val 0.062581
Epoch 1124/10000 - train 0.012304 - val 0.047811
Epoch 1125/10000 - train 0.005266 - val 0.046191
Epoch 1126/10000 - train 0.004546 - val 0.045912
Epoch 1127/10000 - train 0.003786 - val 0.045795
Epoch 1128/10000 - train 0.003706 - val 0.045641
Epoch 1129/10000 - train 0.003596 - val 0.046025
Epoch 1130/10000 - train 0.003895 - val 0.045701
Epoch 1131/10000 - train 0.003660 - val 0.045245
Epoch 1132/10000 - train 0.003940 - val 0.045885
Epoch 1133/10000 - train 0.004041 - val 0.045797
Epoch 1134/10000 - train 0.003971 - val 0.046559
Epoch 1135/10000 - train 0.004718 - val 0.046029
Epoch 1136/10000 - train 0.004235 - val 0.047665
Epoch 1137/10000 - train 0.037095 - val 0.060662
Epoch 1138/10000 - train 0.014212 - val 0.047298
Epoch 1139/10000 - train 0.005639 - val 0.047682
Epoch 1140/10000 - train 0.004850 - val 0.046231
Epoch 1141/10000 - train 0.003899 - val 0.045379
Epoch 1142/10000 - train 0.003695 - val 0.045494
Epoch 1143/10000 - train 0.003760 - val 0.046284
Epoch 1144/10000 - train 0.003958 - val 0.045505
Epoch 1145/10000 - train 0.003765 - val 0.045825
Epoch 1146/10000 - train 0.003598 - val 0.046137
Epoch 1147/10000 - train 0.003986 - val 0.046239
Epoch 1148/10000 - train 0.003995 - val 0.045487
Epoch 1149/10000 - train 0.003820 - val 0.046759
Epoch 1150/10000 - train 0.004431 - val 0.046609
Epoch 1151/10000 - train 0.022336 - val 0.067370
Epoch 1152/10000 - train 0.021780 - val 0.050821
Epoch 1153/10000 - train 0.007772 - val 0.047164
Epoch 1154/10000 - train 0.004990 - val 0.045934
Epoch 1155/10000 - train 0.003829 - val 0.045741
Epoch 1156/10000 - train 0.003659 - val 0.045461
Epoch 1157/10000 - train 0.003580 - val 0.045893
Epoch 1158/10000 - train 0.003602 - val 0.045434
Epoch 1159/10000 - train 0.003577 - val 0.045697
Epoch 1160/10000 - train 0.003723 - val 0.047069
Epoch 1161/10000 - train 0.003752 - val 0.046482
Epoch 1162/10000 - train 0.003813 - val 0.046258
Epoch 1163/10000 - train 0.003800 - val 0.046354
Epoch 1164/10000 - train 0.003908 - val 0.046866
Epoch 1165/10000 - train 0.004177 - val 0.046124
Epoch 1166/10000 - train 0.009201 - val 0.048516
Epoch 1167/10000 - train 0.005059 - val 0.045739
Epoch 1168/10000 - train 0.003811 - val 0.045953
Epoch 1169/10000 - train 0.003856 - val 0.045765
Epoch 1170/10000 - train 0.003878 - val 0.047649
Epoch 1171/10000 - train 0.004301 - val 0.046153
Epoch 1172/10000 - train 0.003821 - val 0.045518
Epoch 1173/10000 - train 0.017838 - val 0.070753
Epoch 1174/10000 - train 0.012551 - val 0.046716
Epoch 1175/10000 - train 0.005705 - val 0.046781
Epoch 1176/10000 - train 0.004104 - val 0.045938
Epoch 1177/10000 - train 0.003779 - val 0.045936
Epoch 1178/10000 - train 0.003836 - val 0.045539
Epoch 1179/10000 - train 0.003662 - val 0.046164
Epoch 1180/10000 - train 0.003548 - val 0.045468
Epoch 1181/10000 - train 0.003790 - val 0.045464
Epoch 1182/10000 - train 0.003586 - val 0.046130
Epoch 1183/10000 - train 0.004372 - val 0.046078
Epoch 1184/10000 - train 0.004790 - val 0.051336
Epoch 1185/10000 - train 0.005343 - val 0.046586
Epoch 1186/10000 - train 0.004494 - val 0.046735
Epoch 1187/10000 - train 0.004846 - val 0.047464
Epoch 1188/10000 - train 0.005505 - val 0.046348
Epoch 1189/10000 - train 0.004315 - val 0.046256
Epoch 1190/10000 - train 0.004490 - val 0.046198
Epoch 1191/10000 - train 0.004485 - val 0.045783
Epoch 1192/10000 - train 0.004867 - val 0.046836
Epoch 1193/10000 - train 0.036455 - val 0.060830
Epoch 1194/10000 - train 0.017252 - val 0.048022
Epoch 1195/10000 - train 0.008345 - val 0.047594
Epoch 1196/10000 - train 0.004927 - val 0.045743
Epoch 1197/10000 - train 0.004065 - val 0.046073
Epoch 1198/10000 - train 0.003903 - val 0.045713
Epoch 1199/10000 - train 0.003666 - val 0.045353
Epoch 1200/10000 - train 0.003784 - val 0.045280
Epoch 1201/10000 - train 0.003550 - val 0.045401
Epoch 1202/10000 - train 0.003699 - val 0.046053
Epoch 1203/10000 - train 0.003765 - val 0.045628
Epoch 1204/10000 - train 0.003959 - val 0.045751
Epoch 1205/10000 - train 0.004340 - val 0.046342
Epoch 1206/10000 - train 0.004079 - val 0.046475
Epoch 1207/10000 - train 0.004921 - val 0.048004
Epoch 1208/10000 - train 0.018283 - val 0.087292
Epoch 1209/10000 - train 0.037200 - val 0.085267
Epoch 1210/10000 - train 0.016256 - val 0.050115
Epoch 1211/10000 - train 0.006515 - val 0.045896
Epoch 1212/10000 - train 0.004301 - val 0.045273
Epoch 1213/10000 - train 0.003867 - val 0.045437
Epoch 1214/10000 - train 0.003696 - val 0.046017
Epoch 1215/10000 - train 0.003728 - val 0.045324
Epoch 1216/10000 - train 0.003514 - val 0.045704
Epoch 1217/10000 - train 0.003453 - val 0.045217
Epoch 1218/10000 - train 0.003420 - val 0.045271
Epoch 1219/10000 - train 0.003732 - val 0.045526
Epoch 1220/10000 - train 0.003599 - val 0.045447
Epoch 1221/10000 - train 0.003589 - val 0.046645
Epoch 1222/10000 - train 0.003818 - val 0.045424
Epoch 1223/10000 - train 0.003861 - val 0.046496
Epoch 1224/10000 - train 0.004016 - val 0.045573
Epoch 1225/10000 - train 0.003871 - val 0.046625
Epoch 1226/10000 - train 0.004241 - val 0.046452
Epoch 1227/10000 - train 0.006665 - val 0.067867
Epoch 1228/10000 - train 0.021482 - val 0.051611
Epoch 1229/10000 - train 0.007459 - val 0.045934
Epoch 1230/10000 - train 0.005018 - val 0.045696
Epoch 1231/10000 - train 0.003863 - val 0.045116
Epoch 1232/10000 - train 0.003622 - val 0.045177
Epoch 1233/10000 - train 0.003646 - val 0.045039
Epoch 1234/10000 - train 0.003587 - val 0.046268
Epoch 1235/10000 - train 0.003744 - val 0.045205
Epoch 1236/10000 - train 0.003760 - val 0.045600
Epoch 1237/10000 - train 0.004036 - val 0.045462
Epoch 1238/10000 - train 0.004213 - val 0.046460
Epoch 1239/10000 - train 0.004183 - val 0.046231
Epoch 1240/10000 - train 0.021639 - val 0.059859
Epoch 1241/10000 - train 0.012586 - val 0.046720
Epoch 1242/10000 - train 0.005430 - val 0.046319
Epoch 1243/10000 - train 0.003873 - val 0.045328
Epoch 1244/10000 - train 0.003617 - val 0.045098
Epoch 1245/10000 - train 0.003535 - val 0.044922
Epoch 1246/10000 - train 0.003452 - val 0.045067
Epoch 1247/10000 - train 0.003600 - val 0.046267
Epoch 1248/10000 - train 0.003503 - val 0.044926
Epoch 1249/10000 - train 0.003392 - val 0.044808
Epoch 1250/10000 - train 0.003740 - val 0.045212
Epoch 1251/10000 - train 0.005208 - val 0.059715
Epoch 1252/10000 - train 0.030467 - val 0.052211
Epoch 1253/10000 - train 0.007487 - val 0.046167
Epoch 1254/10000 - train 0.004227 - val 0.045579
Epoch 1255/10000 - train 0.003756 - val 0.048751
Epoch 1256/10000 - train 0.003817 - val 0.045552
Epoch 1257/10000 - train 0.003419 - val 0.045328
Epoch 1258/10000 - train 0.003325 - val 0.045706
Epoch 1259/10000 - train 0.003387 - val 0.045741
Epoch 1260/10000 - train 0.003553 - val 0.045402
Epoch 1261/10000 - train 0.003473 - val 0.045746
Epoch 1262/10000 - train 0.003932 - val 0.045755
Epoch 1263/10000 - train 0.003831 - val 0.045327
Epoch 1264/10000 - train 0.003741 - val 0.045977
Epoch 1265/10000 - train 0.004117 - val 0.045957
Epoch 1266/10000 - train 0.004296 - val 0.048158
Epoch 1267/10000 - train 0.013048 - val 0.048940
Epoch 1268/10000 - train 0.005869 - val 0.047226
Epoch 1269/10000 - train 0.004156 - val 0.045718
Epoch 1270/10000 - train 0.003771 - val 0.045898
Epoch 1271/10000 - train 0.003575 - val 0.045826
Epoch 1272/10000 - train 0.003550 - val 0.045573
Epoch 1273/10000 - train 0.003940 - val 0.045030
Epoch 1274/10000 - train 0.018682 - val 0.056575
Epoch 1275/10000 - train 0.007959 - val 0.046594
Epoch 1276/10000 - train 0.003996 - val 0.046012
Epoch 1277/10000 - train 0.003633 - val 0.045254
Epoch 1278/10000 - train 0.003715 - val 0.045359
Epoch 1279/10000 - train 0.003319 - val 0.045348
Epoch 1280/10000 - train 0.003417 - val 0.045363
Epoch 1281/10000 - train 0.003375 - val 0.045700
Epoch 1282/10000 - train 0.003658 - val 0.045572
Epoch 1283/10000 - train 0.003704 - val 0.045355
Epoch 1284/10000 - train 0.003566 - val 0.046219
Epoch 1285/10000 - train 0.004176 - val 0.047677
Epoch 1286/10000 - train 0.004487 - val 0.045927
Epoch 1287/10000 - train 0.004464 - val 0.047055
Epoch 1288/10000 - train 0.004436 - val 0.046393
Epoch 1289/10000 - train 0.004017 - val 0.045715
Epoch 1290/10000 - train 0.003645 - val 0.046188
Epoch 1291/10000 - train 0.022014 - val 0.056328
Epoch 1292/10000 - train 0.009078 - val 0.046663
Epoch 1293/10000 - train 0.004273 - val 0.045306
Epoch 1294/10000 - train 0.003463 - val 0.045155
Epoch 1295/10000 - train 0.003448 - val 0.045290
Epoch 1296/10000 - train 0.003274 - val 0.045231
Epoch 1297/10000 - train 0.003384 - val 0.045302
Epoch 1298/10000 - train 0.003362 - val 0.045210
Epoch 1299/10000 - train 0.003654 - val 0.045612
Epoch 1300/10000 - train 0.003604 - val 0.045347
Epoch 1301/10000 - train 0.003611 - val 0.046183
Epoch 1302/10000 - train 0.005738 - val 0.049410
Epoch 1303/10000 - train 0.030213 - val 0.063584
Epoch 1304/10000 - train 0.015053 - val 0.049812
Epoch 1305/10000 - train 0.007682 - val 0.047414
Epoch 1306/10000 - train 0.004231 - val 0.045775
Epoch 1307/10000 - train 0.003485 - val 0.045221
Epoch 1308/10000 - train 0.003354 - val 0.045458
Epoch 1309/10000 - train 0.003265 - val 0.045280
Epoch 1310/10000 - train 0.003286 - val 0.045179
Epoch 1311/10000 - train 0.003509 - val 0.045465
Epoch 1312/10000 - train 0.003350 - val 0.045683
Epoch 1313/10000 - train 0.003424 - val 0.045454
Epoch 1314/10000 - train 0.003431 - val 0.046087
Epoch 1315/10000 - train 0.003810 - val 0.045169
Epoch 1316/10000 - train 0.003467 - val 0.045388
Epoch 1317/10000 - train 0.003827 - val 0.046080
Epoch 1318/10000 - train 0.003850 - val 0.045157
Epoch 1319/10000 - train 0.003846 - val 0.046555
Epoch 1320/10000 - train 0.027255 - val 0.061927
Epoch 1321/10000 - train 0.018471 - val 0.050977
Epoch 1322/10000 - train 0.008179 - val 0.048281
Epoch 1323/10000 - train 0.004517 - val 0.046036
Epoch 1324/10000 - train 0.003648 - val 0.045636
Epoch 1325/10000 - train 0.003401 - val 0.045585
Epoch 1326/10000 - train 0.003358 - val 0.045699
Epoch 1327/10000 - train 0.003333 - val 0.045172
Epoch 1328/10000 - train 0.003334 - val 0.046354
Epoch 1329/10000 - train 0.003329 - val 0.045269
Epoch 1330/10000 - train 0.003209 - val 0.045478
Epoch 1331/10000 - train 0.003440 - val 0.046001
Epoch 1332/10000 - train 0.003756 - val 0.046036
Epoch 1333/10000 - train 0.003369 - val 0.045137
Epoch 1334/10000 - train 0.003611 - val 0.045697
Epoch 1335/10000 - train 0.003695 - val 0.045871
Epoch 1336/10000 - train 0.003882 - val 0.048148
Epoch 1337/10000 - train 0.005765 - val 0.046446
Epoch 1338/10000 - train 0.004145 - val 0.046169
Epoch 1339/10000 - train 0.004775 - val 0.047623
Epoch 1340/10000 - train 0.024712 - val 0.080674
Epoch 1341/10000 - train 0.018383 - val 0.047906
Epoch 1342/10000 - train 0.005895 - val 0.047243
Epoch 1343/10000 - train 0.004117 - val 0.045655
Epoch 1344/10000 - train 0.003515 - val 0.045863
Epoch 1345/10000 - train 0.003351 - val 0.045459
Epoch 1346/10000 - train 0.003341 - val 0.045197
Epoch 1347/10000 - train 0.003258 - val 0.045821
Epoch 1348/10000 - train 0.003516 - val 0.045709
Epoch 1349/10000 - train 0.003375 - val 0.045356
Epoch 1350/10000 - train 0.003272 - val 0.045617
Epoch 1351/10000 - train 0.003781 - val 0.046403
Epoch 1352/10000 - train 0.003776 - val 0.045603
Epoch 1353/10000 - train 0.003506 - val 0.046010
Epoch 1354/10000 - train 0.003690 - val 0.046447
Epoch 1355/10000 - train 0.004338 - val 0.046622
Epoch 1356/10000 - train 0.004420 - val 0.048153
Epoch 1357/10000 - train 0.030089 - val 0.072943
Epoch 1358/10000 - train 0.023521 - val 0.051302
Epoch 1359/10000 - train 0.010064 - val 0.048410
Epoch 1360/10000 - train 0.005854 - val 0.046104
Epoch 1361/10000 - train 0.003925 - val 0.046024
Epoch 1362/10000 - train 0.003590 - val 0.045573
Epoch 1363/10000 - train 0.003366 - val 0.045810
Epoch 1364/10000 - train 0.003289 - val 0.045622
Epoch 1365/10000 - train 0.003296 - val 0.045305
Epoch 1366/10000 - train 0.003257 - val 0.045585
Epoch 1367/10000 - train 0.003141 - val 0.045339
Epoch 1368/10000 - train 0.003209 - val 0.045659
Epoch 1369/10000 - train 0.003386 - val 0.045439
Epoch 1370/10000 - train 0.003297 - val 0.045457
Epoch 1371/10000 - train 0.003231 - val 0.045892
Epoch 1372/10000 - train 0.003604 - val 0.045587
Epoch 1373/10000 - train 0.003657 - val 0.045427
Epoch 1374/10000 - train 0.004444 - val 0.046534
Epoch 1375/10000 - train 0.003931 - val 0.045703
Epoch 1376/10000 - train 0.005018 - val 0.047664
Epoch 1377/10000 - train 0.003909 - val 0.045804
Epoch 1378/10000 - train 0.003999 - val 0.046027
Epoch 1379/10000 - train 0.003472 - val 0.045505
Epoch 1380/10000 - train 0.003531 - val 0.045395
Epoch 1381/10000 - train 0.011736 - val 0.058955
Epoch 1382/10000 - train 0.017331 - val 0.047603
Epoch 1383/10000 - train 0.005503 - val 0.046368
Epoch 1384/10000 - train 0.005165 - val 0.046733
Epoch 1385/10000 - train 0.003691 - val 0.045567
Epoch 1386/10000 - train 0.003245 - val 0.045770
Epoch 1387/10000 - train 0.003293 - val 0.045630
Epoch 1388/10000 - train 0.003353 - val 0.045426
Epoch 1389/10000 - train 0.003304 - val 0.045508
Epoch 1390/10000 - train 0.003439 - val 0.045543
Epoch 1391/10000 - train 0.003429 - val 0.045073
Epoch 1392/10000 - train 0.003564 - val 0.045889
Epoch 1393/10000 - train 0.003979 - val 0.047707
Epoch 1394/10000 - train 0.033341 - val 0.064642
Epoch 1395/10000 - train 0.018085 - val 0.048093
Epoch 1396/10000 - train 0.007152 - val 0.046735
Epoch 1397/10000 - train 0.004522 - val 0.045655
Epoch 1398/10000 - train 0.003416 - val 0.045363
Epoch 1399/10000 - train 0.003244 - val 0.045657
Epoch 1400/10000 - train 0.003243 - val 0.045296
Epoch 1401/10000 - train 0.003145 - val 0.045354
Epoch 1402/10000 - train 0.003113 - val 0.045036
Epoch 1403/10000 - train 0.003054 - val 0.045302
Epoch 1404/10000 - train 0.003118 - val 0.045442
Epoch 1405/10000 - train 0.003248 - val 0.046209
Epoch 1406/10000 - train 0.003506 - val 0.045621
Epoch 1407/10000 - train 0.003588 - val 0.045537
Epoch 1408/10000 - train 0.003214 - val 0.046077
Epoch 1409/10000 - train 0.003517 - val 0.046052
Epoch 1410/10000 - train 0.003581 - val 0.046918
Epoch 1411/10000 - train 0.003766 - val 0.049337
Epoch 1412/10000 - train 0.022731 - val 0.074986
Epoch 1413/10000 - train 0.025206 - val 0.048625
Epoch 1414/10000 - train 0.008001 - val 0.045955
Epoch 1415/10000 - train 0.004446 - val 0.045441
Epoch 1416/10000 - train 0.003526 - val 0.045608
Epoch 1417/10000 - train 0.003312 - val 0.045674
Epoch 1418/10000 - train 0.003252 - val 0.045473
Epoch 1419/10000 - train 0.003161 - val 0.045330
Epoch 1420/10000 - train 0.003250 - val 0.045563
Epoch 1421/10000 - train 0.003245 - val 0.045327
Epoch 1422/10000 - train 0.003337 - val 0.046808
Epoch 1423/10000 - train 0.003549 - val 0.045893
Epoch 1424/10000 - train 0.003491 - val 0.045557
Epoch 1425/10000 - train 0.003536 - val 0.046219
Epoch 1426/10000 - train 0.003679 - val 0.046294
Epoch 1427/10000 - train 0.003881 - val 0.045269
Epoch 1428/10000 - train 0.003691 - val 0.045986
Epoch 1429/10000 - train 0.003943 - val 0.045589
Epoch 1430/10000 - train 0.003856 - val 0.048072
Epoch 1431/10000 - train 0.030054 - val 0.056056
Epoch 1432/10000 - train 0.013410 - val 0.047201
Epoch 1433/10000 - train 0.005691 - val 0.045597
Epoch 1434/10000 - train 0.003878 - val 0.045492
Epoch 1435/10000 - train 0.003354 - val 0.045241
Epoch 1436/10000 - train 0.003649 - val 0.045191
Epoch 1437/10000 - train 0.003206 - val 0.045210
Epoch 1438/10000 - train 0.003177 - val 0.045559
Epoch 1439/10000 - train 0.003190 - val 0.045040
Epoch 1440/10000 - train 0.003282 - val 0.047609
Epoch 1441/10000 - train 0.003513 - val 0.045163
Epoch 1442/10000 - train 0.003458 - val 0.045244
Epoch 1443/10000 - train 0.003302 - val 0.046001
Epoch 1444/10000 - train 0.003488 - val 0.045537
Epoch 1445/10000 - train 0.003990 - val 0.046151
Epoch 1446/10000 - train 0.008799 - val 0.046165
Epoch 1447/10000 - train 0.004026 - val 0.045246
Epoch 1448/10000 - train 0.003367 - val 0.045294
Epoch 1449/10000 - train 0.003461 - val 0.045604
Epoch 1450/10000 - train 0.003782 - val 0.045747
Epoch 1451/10000 - train 0.003485 - val 0.045892
Epoch 1452/10000 - train 0.003567 - val 0.046545
Epoch 1453/10000 - train 0.004166 - val 0.046399
Epoch 1454/10000 - train 0.003774 - val 0.050721
Epoch 1455/10000 - train 0.006689 - val 0.050213
Epoch 1456/10000 - train 0.006844 - val 0.046615
Epoch 1457/10000 - train 0.004691 - val 0.046567
Epoch 1458/10000 - train 0.004368 - val 0.045202
Epoch 1459/10000 - train 0.003432 - val 0.045412
Epoch 1460/10000 - train 0.003223 - val 0.045366
Epoch 1461/10000 - train 0.003570 - val 0.045306
Epoch 1462/10000 - train 0.003468 - val 0.045795
Epoch 1463/10000 - train 0.003931 - val 0.049657
Epoch 1464/10000 - train 0.033150 - val 0.070366
Epoch 1465/10000 - train 0.016273 - val 0.051016
Epoch 1466/10000 - train 0.005725 - val 0.045515
Epoch 1467/10000 - train 0.004092 - val 0.045780
Epoch 1468/10000 - train 0.003376 - val 0.045490
Epoch 1469/10000 - train 0.003148 - val 0.045193
Epoch 1470/10000 - train 0.003343 - val 0.045947
Epoch 1471/10000 - train 0.003097 - val 0.045429
Epoch 1472/10000 - train 0.003012 - val 0.045284
Epoch 1473/10000 - train 0.002980 - val 0.045803
Epoch 1474/10000 - train 0.003247 - val 0.045228
Epoch 1475/10000 - train 0.003055 - val 0.045072
Epoch 1476/10000 - train 0.003047 - val 0.045862
Epoch 1477/10000 - train 0.003441 - val 0.046068
Epoch 1478/10000 - train 0.003528 - val 0.045370
Epoch 1479/10000 - train 0.003203 - val 0.045664
Epoch 1480/10000 - train 0.003707 - val 0.046218
Epoch 1481/10000 - train 0.003813 - val 0.047777
Epoch 1482/10000 - train 0.003942 - val 0.045982
Epoch 1483/10000 - train 0.003766 - val 0.045408
Epoch 1484/10000 - train 0.003492 - val 0.045910
Epoch 1485/10000 - train 0.003950 - val 0.045625
Epoch 1486/10000 - train 0.005352 - val 0.047028
Epoch 1487/10000 - train 0.003765 - val 0.047221
Epoch 1488/10000 - train 0.004470 - val 0.046433
Epoch 1489/10000 - train 0.003836 - val 0.051056
Epoch 1490/10000 - train 0.026746 - val 0.054618
Epoch 1491/10000 - train 0.010009 - val 0.047317
Epoch 1492/10000 - train 0.005393 - val 0.046411
Epoch 1493/10000 - train 0.003783 - val 0.045743
Epoch 1494/10000 - train 0.003252 - val 0.045595
Epoch 1495/10000 - train 0.003129 - val 0.045482
Epoch 1496/10000 - train 0.003050 - val 0.045215
Epoch 1497/10000 - train 0.003003 - val 0.045642
Epoch 1498/10000 - train 0.003130 - val 0.045644
Epoch 1499/10000 - train 0.003221 - val 0.045457
Epoch 1500/10000 - train 0.003533 - val 0.046146
Epoch 1501/10000 - train 0.003327 - val 0.046325
Epoch 1502/10000 - train 0.003434 - val 0.045250
Epoch 1503/10000 - train 0.003562 - val 0.048243
Epoch 1504/10000 - train 0.005112 - val 0.045202
Epoch 1505/10000 - train 0.003561 - val 0.050215
Epoch 1506/10000 - train 0.003819 - val 0.045705
Epoch 1507/10000 - train 0.003655 - val 0.045470
Epoch 1508/10000 - train 0.004755 - val 0.047265
Epoch 1509/10000 - train 0.025157 - val 0.050931
Epoch 1510/10000 - train 0.006635 - val 0.046017
Epoch 1511/10000 - train 0.005435 - val 0.045638
Epoch 1512/10000 - train 0.003601 - val 0.045298
Epoch 1513/10000 - train 0.003240 - val 0.044959
Epoch 1514/10000 - train 0.003112 - val 0.045462
Epoch 1515/10000 - train 0.003152 - val 0.045522
Epoch 1516/10000 - train 0.003110 - val 0.045284
Epoch 1517/10000 - train 0.003243 - val 0.045579
Epoch 1518/10000 - train 0.003185 - val 0.046133
Epoch 1519/10000 - train 0.003522 - val 0.046124
Epoch 1520/10000 - train 0.003391 - val 0.045456
Epoch 1521/10000 - train 0.003415 - val 0.045485
Epoch 1522/10000 - train 0.004133 - val 0.045651
Epoch 1523/10000 - train 0.003783 - val 0.045697
Epoch 1524/10000 - train 0.004171 - val 0.045008
Epoch 1525/10000 - train 0.003975 - val 0.046266
Epoch 1526/10000 - train 0.003350 - val 0.048446
Epoch 1527/10000 - train 0.023188 - val 0.050821
Epoch 1528/10000 - train 0.007343 - val 0.045452
Epoch 1529/10000 - train 0.003785 - val 0.045553
Epoch 1530/10000 - train 0.003331 - val 0.045987
Epoch 1531/10000 - train 0.003269 - val 0.045945
Epoch 1532/10000 - train 0.003136 - val 0.045033
Epoch 1533/10000 - train 0.003416 - val 0.044801
Epoch 1534/10000 - train 0.003015 - val 0.045195
Epoch 1535/10000 - train 0.003099 - val 0.045193
Epoch 1536/10000 - train 0.003056 - val 0.045545
Epoch 1537/10000 - train 0.003416 - val 0.045392
Epoch 1538/10000 - train 0.003635 - val 0.045825
Epoch 1539/10000 - train 0.003323 - val 0.045197
Epoch 1540/10000 - train 0.005395 - val 0.045532
Epoch 1541/10000 - train 0.003834 - val 0.045732
Epoch 1542/10000 - train 0.003690 - val 0.047976
Epoch 1543/10000 - train 0.004528 - val 0.045544
Epoch 1544/10000 - train 0.003419 - val 0.045924
Epoch 1545/10000 - train 0.003728 - val 0.047052
Epoch 1546/10000 - train 0.057233 - val 0.066621
Epoch 1547/10000 - train 0.022114 - val 0.049663
Epoch 1548/10000 - train 0.009350 - val 0.046096
Epoch 1549/10000 - train 0.004967 - val 0.045983
Epoch 1550/10000 - train 0.004052 - val 0.045556
Epoch 1551/10000 - train 0.003537 - val 0.045009
Epoch 1552/10000 - train 0.003416 - val 0.045471
Epoch 1553/10000 - train 0.003315 - val 0.044645
Epoch 1554/10000 - train 0.003237 - val 0.044637
Epoch 1555/10000 - train 0.003074 - val 0.045230
Epoch 1556/10000 - train 0.003325 - val 0.044749
Epoch 1557/10000 - train 0.003073 - val 0.045029
Epoch 1558/10000 - train 0.003167 - val 0.044781
Epoch 1559/10000 - train 0.003404 - val 0.045627
Epoch 1560/10000 - train 0.003442 - val 0.046009
Epoch 1561/10000 - train 0.003700 - val 0.045241
Epoch 1562/10000 - train 0.003368 - val 0.045124
Epoch 1563/10000 - train 0.004017 - val 0.044937
Epoch 1564/10000 - train 0.003781 - val 0.045288
Epoch 1565/10000 - train 0.003261 - val 0.045324
Epoch 1566/10000 - train 0.009169 - val 0.066835
Epoch 1567/10000 - train 0.011710 - val 0.046473
Epoch 1568/10000 - train 0.004689 - val 0.045628
Epoch 1569/10000 - train 0.003425 - val 0.044925
Epoch 1570/10000 - train 0.003213 - val 0.044775
Epoch 1571/10000 - train 0.003093 - val 0.044693
Epoch 1572/10000 - train 0.003129 - val 0.044830
Epoch 1573/10000 - train 0.003140 - val 0.045001
Epoch 1574/10000 - train 0.003228 - val 0.045226
Epoch 1575/10000 - train 0.003188 - val 0.044726
Epoch 1576/10000 - train 0.003448 - val 0.045074
Epoch 1577/10000 - train 0.003550 - val 0.045164
Epoch 1578/10000 - train 0.004451 - val 0.047232
Epoch 1579/10000 - train 0.004187 - val 0.045695
Epoch 1580/10000 - train 0.003243 - val 0.044648
Epoch 1581/10000 - train 0.013617 - val 0.089084
Epoch 1582/10000 - train 0.023779 - val 0.052685
Epoch 1583/10000 - train 0.006501 - val 0.044917
Epoch 1584/10000 - train 0.004028 - val 0.053787
Epoch 1585/10000 - train 0.004297 - val 0.045594
Epoch 1586/10000 - train 0.003208 - val 0.044682
Epoch 1587/10000 - train 0.003080 - val 0.045190
Epoch 1588/10000 - train 0.003048 - val 0.044736
Epoch 1589/10000 - train 0.003091 - val 0.045122
Epoch 1590/10000 - train 0.003167 - val 0.044844
Epoch 1591/10000 - train 0.003049 - val 0.045333
Epoch 1592/10000 - train 0.003184 - val 0.045680
Epoch 1593/10000 - train 0.003523 - val 0.046603
Epoch 1594/10000 - train 0.003428 - val 0.045252
Epoch 1595/10000 - train 0.003623 - val 0.045318
Epoch 1596/10000 - train 0.003288 - val 0.046387
Epoch 1597/10000 - train 0.004846 - val 0.045604
Epoch 1598/10000 - train 0.003669 - val 0.045087
Epoch 1599/10000 - train 0.003962 - val 0.045620
Epoch 1600/10000 - train 0.003528 - val 0.044845
Epoch 1601/10000 - train 0.027782 - val 0.057087
Epoch 1602/10000 - train 0.009267 - val 0.046301
Epoch 1603/10000 - train 0.003916 - val 0.045536
Epoch 1604/10000 - train 0.003749 - val 0.044996
Epoch 1605/10000 - train 0.003115 - val 0.044900
Epoch 1606/10000 - train 0.002946 - val 0.044872
Epoch 1607/10000 - train 0.002924 - val 0.045390
Epoch 1608/10000 - train 0.002925 - val 0.045012
Epoch 1609/10000 - train 0.003286 - val 0.046249
Epoch 1610/10000 - train 0.002978 - val 0.045069
Epoch 1611/10000 - train 0.003009 - val 0.045590
Epoch 1612/10000 - train 0.003129 - val 0.044964
Epoch 1613/10000 - train 0.003035 - val 0.045067
Epoch 1614/10000 - train 0.003912 - val 0.045458
Epoch 1615/10000 - train 0.003210 - val 0.045035
Epoch 1616/10000 - train 0.003356 - val 0.045604
Epoch 1617/10000 - train 0.003335 - val 0.045638
Epoch 1618/10000 - train 0.003951 - val 0.045199
Epoch 1619/10000 - train 0.003650 - val 0.045249
Epoch 1620/10000 - train 0.003699 - val 0.045571
Epoch 1621/10000 - train 0.003682 - val 0.045599
Epoch 1622/10000 - train 0.023520 - val 0.072642
Epoch 1623/10000 - train 0.014275 - val 0.046853
Epoch 1624/10000 - train 0.007097 - val 0.046820
Epoch 1625/10000 - train 0.003805 - val 0.045267
Epoch 1626/10000 - train 0.003174 - val 0.045690
Epoch 1627/10000 - train 0.003051 - val 0.045291
Epoch 1628/10000 - train 0.002970 - val 0.045294
Epoch 1629/10000 - train 0.003006 - val 0.044991
Epoch 1630/10000 - train 0.002909 - val 0.045311
Epoch 1631/10000 - train 0.002902 - val 0.045566
Epoch 1632/10000 - train 0.003085 - val 0.045696
Epoch 1633/10000 - train 0.003146 - val 0.044858
Epoch 1634/10000 - train 0.003124 - val 0.045562
Epoch 1635/10000 - train 0.003429 - val 0.045838
Epoch 1636/10000 - train 0.003301 - val 0.045622
Epoch 1637/10000 - train 0.003368 - val 0.045220
Epoch 1638/10000 - train 0.003794 - val 0.046298
Epoch 1639/10000 - train 0.003743 - val 0.045768
Epoch 1640/10000 - train 0.003570 - val 0.045449
Epoch 1641/10000 - train 0.015896 - val 0.050584
Epoch 1642/10000 - train 0.007540 - val 0.046000
Epoch 1643/10000 - train 0.003777 - val 0.045779
Epoch 1644/10000 - train 0.003878 - val 0.045417
Epoch 1645/10000 - train 0.003199 - val 0.045345
Epoch 1646/10000 - train 0.003005 - val 0.045175
Epoch 1647/10000 - train 0.002953 - val 0.045551
Epoch 1648/10000 - train 0.003142 - val 0.045502
Epoch 1649/10000 - train 0.003436 - val 0.045306
Epoch 1650/10000 - train 0.003095 - val 0.045712
Epoch 1651/10000 - train 0.003299 - val 0.045618
Epoch 1652/10000 - train 0.003369 - val 0.046218
Epoch 1653/10000 - train 0.003573 - val 0.045247
Epoch 1654/10000 - train 0.003756 - val 0.046477
Epoch 1655/10000 - train 0.004791 - val 0.046185
Epoch 1656/10000 - train 0.003704 - val 0.045525
Epoch 1657/10000 - train 0.003425 - val 0.045142
Epoch 1658/10000 - train 0.003393 - val 0.045507
Epoch 1659/10000 - train 0.003872 - val 0.046393
Epoch 1660/10000 - train 0.004066 - val 0.046240
Epoch 1661/10000 - train 0.032684 - val 0.064915
Epoch 1662/10000 - train 0.016769 - val 0.048010
Epoch 1663/10000 - train 0.006002 - val 0.045312
Epoch 1664/10000 - train 0.004361 - val 0.045248
Epoch 1665/10000 - train 0.003300 - val 0.044776
Epoch 1666/10000 - train 0.003067 - val 0.044757
Epoch 1667/10000 - train 0.002960 - val 0.044500
Epoch 1668/10000 - train 0.003058 - val 0.046351
Epoch 1669/10000 - train 0.003269 - val 0.045012
Epoch 1670/10000 - train 0.002954 - val 0.045327
Epoch 1671/10000 - train 0.003109 - val 0.044871
Epoch 1672/10000 - train 0.003072 - val 0.045521
Epoch 1673/10000 - train 0.003584 - val 0.045163
Epoch 1674/10000 - train 0.003075 - val 0.044648
Epoch 1675/10000 - train 0.003323 - val 0.045914
Epoch 1676/10000 - train 0.003457 - val 0.048571
Epoch 1677/10000 - train 0.007051 - val 0.046632
Epoch 1678/10000 - train 0.003699 - val 0.044986
Epoch 1679/10000 - train 0.003187 - val 0.045082
Epoch 1680/10000 - train 0.003622 - val 0.044587
Epoch 1681/10000 - train 0.002929 - val 0.044701
Epoch 1682/10000 - train 0.003901 - val 0.047166
Epoch 1683/10000 - train 0.004649 - val 0.047898
Epoch 1684/10000 - train 0.005177 - val 0.045679
Epoch 1685/10000 - train 0.003535 - val 0.048620
Epoch 1686/10000 - train 0.004772 - val 0.044896
Epoch 1687/10000 - train 0.003272 - val 0.045169
Epoch 1688/10000 - train 0.003234 - val 0.045121
Epoch 1689/10000 - train 0.003261 - val 0.045529
Epoch 1690/10000 - train 0.003932 - val 0.045077
Epoch 1691/10000 - train 0.003625 - val 0.045075
Epoch 1692/10000 - train 0.003271 - val 0.045639
Epoch 1693/10000 - train 0.041798 - val 0.067428
Epoch 1694/10000 - train 0.019972 - val 0.053169
Epoch 1695/10000 - train 0.007455 - val 0.045295
Epoch 1696/10000 - train 0.003950 - val 0.044896
Epoch 1697/10000 - train 0.003264 - val 0.044503
Epoch 1698/10000 - train 0.003137 - val 0.044588
Epoch 1699/10000 - train 0.003032 - val 0.044641
Epoch 1700/10000 - train 0.002938 - val 0.044900
Epoch 1701/10000 - train 0.002971 - val 0.044985
Epoch 1702/10000 - train 0.002835 - val 0.044860
Epoch 1703/10000 - train 0.003166 - val 0.044309
Epoch 1704/10000 - train 0.002878 - val 0.045019
Epoch 1705/10000 - train 0.003003 - val 0.044691
Epoch 1706/10000 - train 0.003024 - val 0.044859
Epoch 1707/10000 - train 0.003139 - val 0.045220
Epoch 1708/10000 - train 0.003168 - val 0.046380
Epoch 1709/10000 - train 0.003583 - val 0.045362
Epoch 1710/10000 - train 0.003663 - val 0.045254
Epoch 1711/10000 - train 0.003242 - val 0.044993
Epoch 1712/10000 - train 0.003995 - val 0.045191
Epoch 1713/10000 - train 0.020976 - val 0.051733
Epoch 1714/10000 - train 0.007021 - val 0.046236
Epoch 1715/10000 - train 0.003665 - val 0.044622
Epoch 1716/10000 - train 0.003457 - val 0.045192
Epoch 1717/10000 - train 0.002971 - val 0.044493
Epoch 1718/10000 - train 0.002914 - val 0.045115
Epoch 1719/10000 - train 0.002903 - val 0.047078
Epoch 1720/10000 - train 0.003206 - val 0.044816
Epoch 1721/10000 - train 0.002999 - val 0.045049
Epoch 1722/10000 - train 0.003062 - val 0.045246
Epoch 1723/10000 - train 0.003026 - val 0.044758
Epoch 1724/10000 - train 0.003508 - val 0.045614
Epoch 1725/10000 - train 0.003162 - val 0.045579
Epoch 1726/10000 - train 0.004386 - val 0.045209
Epoch 1727/10000 - train 0.003291 - val 0.045551
Epoch 1728/10000 - train 0.003605 - val 0.045631
Epoch 1729/10000 - train 0.003212 - val 0.045366
Epoch 1730/10000 - train 0.003857 - val 0.044865
Epoch 1731/10000 - train 0.025717 - val 0.056206
Epoch 1732/10000 - train 0.008314 - val 0.047773
Epoch 1733/10000 - train 0.004795 - val 0.046094
Epoch 1734/10000 - train 0.003308 - val 0.045027
Epoch 1735/10000 - train 0.002933 - val 0.044689
Epoch 1736/10000 - train 0.002890 - val 0.044972
Epoch 1737/10000 - train 0.003126 - val 0.045224
Epoch 1738/10000 - train 0.002803 - val 0.044747
Epoch 1739/10000 - train 0.002788 - val 0.044775
Epoch 1740/10000 - train 0.002850 - val 0.044913
Epoch 1741/10000 - train 0.003330 - val 0.045101
Epoch 1742/10000 - train 0.003175 - val 0.046112
Epoch 1743/10000 - train 0.003015 - val 0.045380
Epoch 1744/10000 - train 0.003036 - val 0.045524
Epoch 1745/10000 - train 0.003476 - val 0.045276
Epoch 1746/10000 - train 0.003567 - val 0.046014
Epoch 1747/10000 - train 0.003218 - val 0.045989
Epoch 1748/10000 - train 0.028793 - val 0.060757
Epoch 1749/10000 - train 0.010511 - val 0.047742
Epoch 1750/10000 - train 0.006745 - val 0.045948
Epoch 1751/10000 - train 0.003527 - val 0.044874
Epoch 1752/10000 - train 0.002986 - val 0.045141
Epoch 1753/10000 - train 0.002833 - val 0.044836
Epoch 1754/10000 - train 0.002842 - val 0.044974
Epoch 1755/10000 - train 0.002886 - val 0.045331
Epoch 1756/10000 - train 0.002952 - val 0.044662
Epoch 1757/10000 - train 0.002771 - val 0.044708
Epoch 1758/10000 - train 0.002788 - val 0.045159
Epoch 1759/10000 - train 0.002975 - val 0.045222
Epoch 1760/10000 - train 0.003000 - val 0.045307
Epoch 1761/10000 - train 0.003387 - val 0.044802
Epoch 1762/10000 - train 0.002823 - val 0.045146
Epoch 1763/10000 - train 0.003146 - val 0.045194
Epoch 1764/10000 - train 0.003268 - val 0.045715
Epoch 1765/10000 - train 0.003430 - val 0.045377
Epoch 1766/10000 - train 0.003025 - val 0.045219
Epoch 1767/10000 - train 0.003370 - val 0.046613
Epoch 1768/10000 - train 0.004603 - val 0.048340
Epoch 1769/10000 - train 0.004696 - val 0.045040
Epoch 1770/10000 - train 0.004528 - val 0.045414
Epoch 1771/10000 - train 0.003833 - val 0.045626
Epoch 1772/10000 - train 0.003183 - val 0.045193
Epoch 1773/10000 - train 0.003517 - val 0.045731
Epoch 1774/10000 - train 0.003322 - val 0.044937
Epoch 1775/10000 - train 0.003170 - val 0.045241
Epoch 1776/10000 - train 0.031593 - val 0.068237
Epoch 1777/10000 - train 0.015219 - val 0.056951
Epoch 1778/10000 - train 0.006396 - val 0.045141
Epoch 1779/10000 - train 0.003496 - val 0.044779
Epoch 1780/10000 - train 0.003093 - val 0.044929
Epoch 1781/10000 - train 0.002924 - val 0.045372
Epoch 1782/10000 - train 0.003046 - val 0.044496
Epoch 1783/10000 - train 0.002779 - val 0.045379
Epoch 1784/10000 - train 0.003045 - val 0.045333
Epoch 1785/10000 - train 0.003008 - val 0.045122
Epoch 1786/10000 - train 0.002758 - val 0.044612
Epoch 1787/10000 - train 0.002985 - val 0.045631
Epoch 1788/10000 - train 0.003010 - val 0.044375
Epoch 1789/10000 - train 0.002967 - val 0.044754
Epoch 1790/10000 - train 0.003008 - val 0.045477
Epoch 1791/10000 - train 0.003411 - val 0.045046
Epoch 1792/10000 - train 0.003766 - val 0.045929
Epoch 1793/10000 - train 0.003237 - val 0.044918
Epoch 1794/10000 - train 0.003089 - val 0.045355
Epoch 1795/10000 - train 0.003447 - val 0.045655
Epoch 1796/10000 - train 0.025883 - val 0.062422
Epoch 1797/10000 - train 0.010639 - val 0.046280
Epoch 1798/10000 - train 0.003997 - val 0.045498
Epoch 1799/10000 - train 0.003127 - val 0.045021
Epoch 1800/10000 - train 0.002840 - val 0.044518
Epoch 1801/10000 - train 0.002767 - val 0.044984
Epoch 1802/10000 - train 0.002865 - val 0.044827
Epoch 1803/10000 - train 0.002723 - val 0.044815
Epoch 1804/10000 - train 0.002905 - val 0.044961
Epoch 1805/10000 - train 0.002768 - val 0.045170
Epoch 1806/10000 - train 0.002913 - val 0.045314
Epoch 1807/10000 - train 0.002875 - val 0.045465
Epoch 1808/10000 - train 0.002915 - val 0.044830
Epoch 1809/10000 - train 0.002902 - val 0.045155
Epoch 1810/10000 - train 0.003414 - val 0.045122
Epoch 1811/10000 - train 0.003300 - val 0.045192
Epoch 1812/10000 - train 0.003828 - val 0.045354
Epoch 1813/10000 - train 0.003595 - val 0.045500
Epoch 1814/10000 - train 0.003728 - val 0.045605
Epoch 1815/10000 - train 0.003362 - val 0.045178
Epoch 1816/10000 - train 0.004468 - val 0.053981
Epoch 1817/10000 - train 0.008461 - val 0.058195
Epoch 1818/10000 - train 0.017054 - val 0.048286
Epoch 1819/10000 - train 0.005463 - val 0.045285
Epoch 1820/10000 - train 0.005725 - val 0.045569
Epoch 1821/10000 - train 0.003344 - val 0.045315
Epoch 1822/10000 - train 0.002909 - val 0.044569
Epoch 1823/10000 - train 0.002842 - val 0.044635
Epoch 1824/10000 - train 0.002677 - val 0.044659
Epoch 1825/10000 - train 0.002704 - val 0.044642
Epoch 1826/10000 - train 0.002779 - val 0.044653
Epoch 1827/10000 - train 0.002847 - val 0.045431
Epoch 1828/10000 - train 0.003010 - val 0.044974
Epoch 1829/10000 - train 0.002855 - val 0.044982
Epoch 1830/10000 - train 0.002923 - val 0.046106
Epoch 1831/10000 - train 0.003130 - val 0.045014
Epoch 1832/10000 - train 0.002982 - val 0.044943
Epoch 1833/10000 - train 0.003727 - val 0.046174
Epoch 1834/10000 - train 0.003436 - val 0.044727
Epoch 1835/10000 - train 0.003255 - val 0.045779
Epoch 1836/10000 - train 0.003712 - val 0.045480
Epoch 1837/10000 - train 0.003750 - val 0.048404
Epoch 1838/10000 - train 0.032837 - val 0.057993
Epoch 1839/10000 - train 0.016763 - val 0.048188
Epoch 1840/10000 - train 0.006077 - val 0.044283
Epoch 1841/10000 - train 0.003737 - val 0.045608
Epoch 1842/10000 - train 0.003750 - val 0.045030
Epoch 1843/10000 - train 0.003000 - val 0.044439
Epoch 1844/10000 - train 0.002904 - val 0.044167
Epoch 1845/10000 - train 0.003011 - val 0.044528
Epoch 1846/10000 - train 0.002809 - val 0.044362
Epoch 1847/10000 - train 0.002813 - val 0.044538
Epoch 1848/10000 - train 0.003229 - val 0.044660
Epoch 1849/10000 - train 0.002882 - val 0.045016
Epoch 1850/10000 - train 0.002883 - val 0.044463
Epoch 1851/10000 - train 0.003021 - val 0.045271
Epoch 1852/10000 - train 0.003043 - val 0.045082
Epoch 1853/10000 - train 0.002931 - val 0.044511
Epoch 1854/10000 - train 0.003234 - val 0.045001
Epoch 1855/10000 - train 0.003776 - val 0.045857
Epoch 1856/10000 - train 0.003259 - val 0.045136
Epoch 1857/10000 - train 0.003272 - val 0.045627
Epoch 1858/10000 - train 0.003860 - val 0.046224
Epoch 1859/10000 - train 0.003685 - val 0.047592
Epoch 1860/10000 - train 0.003557 - val 0.045133
Epoch 1861/10000 - train 0.003480 - val 0.044936
Epoch 1862/10000 - train 0.014384 - val 0.058481
Epoch 1863/10000 - train 0.012990 - val 0.045783
Epoch 1864/10000 - train 0.004349 - val 0.045099
Epoch 1865/10000 - train 0.003924 - val 0.044440
Epoch 1866/10000 - train 0.002938 - val 0.044705
Epoch 1867/10000 - train 0.002904 - val 0.044329
Epoch 1868/10000 - train 0.002807 - val 0.044498
Epoch 1869/10000 - train 0.003073 - val 0.044447
Epoch 1870/10000 - train 0.002673 - val 0.044665
Epoch 1871/10000 - train 0.002844 - val 0.044543
Epoch 1872/10000 - train 0.003010 - val 0.047818
Epoch 1873/10000 - train 0.003459 - val 0.044835
Epoch 1874/10000 - train 0.002916 - val 0.044722
Epoch 1875/10000 - train 0.003234 - val 0.045293
Epoch 1876/10000 - train 0.003221 - val 0.044884
Epoch 1877/10000 - train 0.003633 - val 0.045228
Epoch 1878/10000 - train 0.003558 - val 0.045056
Epoch 1879/10000 - train 0.003016 - val 0.044763
Epoch 1880/10000 - train 0.003222 - val 0.044751
Epoch 1881/10000 - train 0.003275 - val 0.059239
Epoch 1882/10000 - train 0.040019 - val 0.058184
Epoch 1883/10000 - train 0.012532 - val 0.051216
Epoch 1884/10000 - train 0.007830 - val 0.045127
Epoch 1885/10000 - train 0.003481 - val 0.044296
Epoch 1886/10000 - train 0.002924 - val 0.044387
Epoch 1887/10000 - train 0.002769 - val 0.044317
Epoch 1888/10000 - train 0.002680 - val 0.044369
Epoch 1889/10000 - train 0.002740 - val 0.044142
Epoch 1890/10000 - train 0.002717 - val 0.044426
Epoch 1891/10000 - train 0.002772 - val 0.044765
Epoch 1892/10000 - train 0.002769 - val 0.044038
Epoch 1893/10000 - train 0.003053 - val 0.045006
Epoch 1894/10000 - train 0.002787 - val 0.044584
Epoch 1895/10000 - train 0.002835 - val 0.044688
Epoch 1896/10000 - train 0.002814 - val 0.044487
Epoch 1897/10000 - train 0.003312 - val 0.046059
Epoch 1898/10000 - train 0.003138 - val 0.044827
Epoch 1899/10000 - train 0.003090 - val 0.045547
Epoch 1900/10000 - train 0.003136 - val 0.050300
Epoch 1901/10000 - train 0.026646 - val 0.051523
Epoch 1902/10000 - train 0.008413 - val 0.045916
Epoch 1903/10000 - train 0.004595 - val 0.044595
Epoch 1904/10000 - train 0.003058 - val 0.044488
Epoch 1905/10000 - train 0.002840 - val 0.044899
Epoch 1906/10000 - train 0.002808 - val 0.044298
Epoch 1907/10000 - train 0.002750 - val 0.044552
Epoch 1908/10000 - train 0.002935 - val 0.044658
Epoch 1909/10000 - train 0.002807 - val 0.044623
Epoch 1910/10000 - train 0.002651 - val 0.044319
Epoch 1911/10000 - train 0.002977 - val 0.045802
Epoch 1912/10000 - train 0.003105 - val 0.044645
Epoch 1913/10000 - train 0.002956 - val 0.045259
Epoch 1914/10000 - train 0.003147 - val 0.045002
Epoch 1915/10000 - train 0.003100 - val 0.045960
Epoch 1916/10000 - train 0.003249 - val 0.045153
Epoch 1917/10000 - train 0.003062 - val 0.044525
Epoch 1918/10000 - train 0.003033 - val 0.045090
Epoch 1919/10000 - train 0.008999 - val 0.051278
Epoch 1920/10000 - train 0.005813 - val 0.044943
Epoch 1921/10000 - train 0.003451 - val 0.044657
Epoch 1922/10000 - train 0.002895 - val 0.045372
Epoch 1923/10000 - train 0.002925 - val 0.045055
Epoch 1924/10000 - train 0.002836 - val 0.044806
Epoch 1925/10000 - train 0.002816 - val 0.044847
Epoch 1926/10000 - train 0.002967 - val 0.044697
Epoch 1927/10000 - train 0.003422 - val 0.044677
Epoch 1928/10000 - train 0.003102 - val 0.044964
Epoch 1929/10000 - train 0.003359 - val 0.046286
Epoch 1930/10000 - train 0.003417 - val 0.045921
Epoch 1931/10000 - train 0.003942 - val 0.046852
Epoch 1932/10000 - train 0.004475 - val 0.045652
Epoch 1933/10000 - train 0.003669 - val 0.044940
Epoch 1934/10000 - train 0.003093 - val 0.045215
Epoch 1935/10000 - train 0.003498 - val 0.044760
Epoch 1936/10000 - train 0.003020 - val 0.045493
Epoch 1937/10000 - train 0.030584 - val 0.057422
Epoch 1938/10000 - train 0.009135 - val 0.045429
Epoch 1939/10000 - train 0.005915 - val 0.045275
Epoch 1940/10000 - train 0.003108 - val 0.044646
Epoch 1941/10000 - train 0.002805 - val 0.044568
Epoch 1942/10000 - train 0.002673 - val 0.044656
Epoch 1943/10000 - train 0.002696 - val 0.044613
Epoch 1944/10000 - train 0.002741 - val 0.044653
Epoch 1945/10000 - train 0.002640 - val 0.044602
Epoch 1946/10000 - train 0.002633 - val 0.044736
Epoch 1947/10000 - train 0.002797 - val 0.044538
Epoch 1948/10000 - train 0.003064 - val 0.045569
Epoch 1949/10000 - train 0.002861 - val 0.044418
Epoch 1950/10000 - train 0.002727 - val 0.044980
Epoch 1951/10000 - train 0.003028 - val 0.045050
Epoch 1952/10000 - train 0.003046 - val 0.045278
Epoch 1953/10000 - train 0.003579 - val 0.045249
Epoch 1954/10000 - train 0.003566 - val 0.044908
Epoch 1955/10000 - train 0.002789 - val 0.044876
Epoch 1956/10000 - train 0.003764 - val 0.049244
Epoch 1957/10000 - train 0.013553 - val 0.045978
Epoch 1958/10000 - train 0.004855 - val 0.045405
Epoch 1959/10000 - train 0.004065 - val 0.044603
Epoch 1960/10000 - train 0.002847 - val 0.044641
Epoch 1961/10000 - train 0.002730 - val 0.044669
Epoch 1962/10000 - train 0.002817 - val 0.044351
Epoch 1963/10000 - train 0.002756 - val 0.045355
Epoch 1964/10000 - train 0.003255 - val 0.044656
Epoch 1965/10000 - train 0.002788 - val 0.044639
Epoch 1966/10000 - train 0.002898 - val 0.044613
Epoch 1967/10000 - train 0.003033 - val 0.044487
Epoch 1968/10000 - train 0.003010 - val 0.044580
Epoch 1969/10000 - train 0.003070 - val 0.045291
Epoch 1970/10000 - train 0.004440 - val 0.045129
Epoch 1971/10000 - train 0.003177 - val 0.045135
Epoch 1972/10000 - train 0.004265 - val 0.047138
Epoch 1973/10000 - train 0.004085 - val 0.044759
Epoch 1974/10000 - train 0.003363 - val 0.044706
Epoch 1975/10000 - train 0.002843 - val 0.044605
Epoch 1976/10000 - train 0.003396 - val 0.044834
Epoch 1977/10000 - train 0.003140 - val 0.044636
Epoch 1978/10000 - train 0.020959 - val 0.049978
Epoch 1979/10000 - train 0.006559 - val 0.045506
Epoch 1980/10000 - train 0.004201 - val 0.044374
Epoch 1981/10000 - train 0.002935 - val 0.044428
Epoch 1982/10000 - train 0.002892 - val 0.044667
Epoch 1983/10000 - train 0.002994 - val 0.044416
Epoch 1984/10000 - train 0.002668 - val 0.044223
Epoch 1985/10000 - train 0.002607 - val 0.044346
Epoch 1986/10000 - train 0.002935 - val 0.045726
Epoch 1987/10000 - train 0.002860 - val 0.044375
Epoch 1988/10000 - train 0.002911 - val 0.044432
Epoch 1989/10000 - train 0.002843 - val 0.045489
Epoch 1990/10000 - train 0.003108 - val 0.044761
Epoch 1991/10000 - train 0.003441 - val 0.045195
Epoch 1992/10000 - train 0.003027 - val 0.044529
Epoch 1993/10000 - train 0.003226 - val 0.044939
Epoch 1994/10000 - train 0.004509 - val 0.046902
Epoch 1995/10000 - train 0.004172 - val 0.044452
Epoch 1996/10000 - train 0.003141 - val 0.045282
Epoch 1997/10000 - train 0.003115 - val 0.045159
Epoch 1998/10000 - train 0.030377 - val 0.056083
Epoch 1999/10000 - train 0.013128 - val 0.046270
Epoch 2000/10000 - train 0.007214 - val 0.047991
Epoch 2001/10000 - train 0.003961 - val 0.045105
Epoch 2002/10000 - train 0.003056 - val 0.044368
Epoch 2003/10000 - train 0.002797 - val 0.044359
Epoch 2004/10000 - train 0.002763 - val 0.044352
Epoch 2005/10000 - train 0.002657 - val 0.044369
Epoch 2006/10000 - train 0.002617 - val 0.044211
Epoch 2007/10000 - train 0.002573 - val 0.044033
Epoch 2008/10000 - train 0.002610 - val 0.044428
Epoch 2009/10000 - train 0.002624 - val 0.044393
Epoch 2010/10000 - train 0.002691 - val 0.044914
Epoch 2011/10000 - train 0.002827 - val 0.044292
Epoch 2012/10000 - train 0.002971 - val 0.044670
Epoch 2013/10000 - train 0.002884 - val 0.047582
Epoch 2014/10000 - train 0.003408 - val 0.044667
Epoch 2015/10000 - train 0.002659 - val 0.044860
Epoch 2016/10000 - train 0.002929 - val 0.044505
Epoch 2017/10000 - train 0.002716 - val 0.045355
Epoch 2018/10000 - train 0.003119 - val 0.044709
Epoch 2019/10000 - train 0.003610 - val 0.049797
Epoch 2020/10000 - train 0.029605 - val 0.065733
Epoch 2021/10000 - train 0.020582 - val 0.050332
Epoch 2022/10000 - train 0.008423 - val 0.046488
Epoch 2023/10000 - train 0.004048 - val 0.044085
Epoch 2024/10000 - train 0.003081 - val 0.043804
Epoch 2025/10000 - train 0.002809 - val 0.043808
Epoch 2026/10000 - train 0.003019 - val 0.044410
Epoch 2027/10000 - train 0.002799 - val 0.044010
Epoch 2028/10000 - train 0.002592 - val 0.044083
Epoch 2029/10000 - train 0.002701 - val 0.044161
Epoch 2030/10000 - train 0.002951 - val 0.044280
Epoch 2031/10000 - train 0.002708 - val 0.044371
Epoch 2032/10000 - train 0.002737 - val 0.044569
Epoch 2033/10000 - train 0.002701 - val 0.044346
Epoch 2034/10000 - train 0.003229 - val 0.045386
Epoch 2035/10000 - train 0.002945 - val 0.044458
Epoch 2036/10000 - train 0.003102 - val 0.044887
Epoch 2037/10000 - train 0.003158 - val 0.044636
Epoch 2038/10000 - train 0.002907 - val 0.044571
Epoch 2039/10000 - train 0.003604 - val 0.046183
Epoch 2040/10000 - train 0.003332 - val 0.044793
Epoch 2041/10000 - train 0.002969 - val 0.044465
Epoch 2042/10000 - train 0.003322 - val 0.045330
Epoch 2043/10000 - train 0.003527 - val 0.047395
Epoch 2044/10000 - train 0.004861 - val 0.045638
Epoch 2045/10000 - train 0.003601 - val 0.044494
Epoch 2046/10000 - train 0.006848 - val 0.045576
Epoch 2047/10000 - train 0.004120 - val 0.046819
Epoch 2048/10000 - train 0.004109 - val 0.044351
Epoch 2049/10000 - train 0.002792 - val 0.044425
Epoch 2050/10000 - train 0.002651 - val 0.045049
Epoch 2051/10000 - train 0.003008 - val 0.044847
Epoch 2052/10000 - train 0.002797 - val 0.044467
Epoch 2053/10000 - train 0.002670 - val 0.044847
Epoch 2054/10000 - train 0.003136 - val 0.045217
Epoch 2055/10000 - train 0.002930 - val 0.044787
Epoch 2056/10000 - train 0.007158 - val 0.061511
Epoch 2057/10000 - train 0.025269 - val 0.052707
Epoch 2058/10000 - train 0.007227 - val 0.045944
Epoch 2059/10000 - train 0.005435 - val 0.045216
Epoch 2060/10000 - train 0.003015 - val 0.044358
Epoch 2061/10000 - train 0.002697 - val 0.044278
Epoch 2062/10000 - train 0.002604 - val 0.044806
Epoch 2063/10000 - train 0.002611 - val 0.044349
Epoch 2064/10000 - train 0.002578 - val 0.044050
Epoch 2065/10000 - train 0.002554 - val 0.044574
Epoch 2066/10000 - train 0.002902 - val 0.044443
Epoch 2067/10000 - train 0.002560 - val 0.044771
Epoch 2068/10000 - train 0.002484 - val 0.044542
Epoch 2069/10000 - train 0.002967 - val 0.045284
Epoch 2070/10000 - train 0.002718 - val 0.044644
Epoch 2071/10000 - train 0.002832 - val 0.045120
Epoch 2072/10000 - train 0.003027 - val 0.044784
Epoch 2073/10000 - train 0.002937 - val 0.044704
Epoch 2074/10000 - train 0.003319 - val 0.044743
Epoch 2075/10000 - train 0.002995 - val 0.044940
Epoch 2076/10000 - train 0.002903 - val 0.044969
Epoch 2077/10000 - train 0.021903 - val 0.058089
Epoch 2078/10000 - train 0.010536 - val 0.045518
Epoch 2079/10000 - train 0.006501 - val 0.045044
Epoch 2080/10000 - train 0.003111 - val 0.044946
Epoch 2081/10000 - train 0.002767 - val 0.044395
Epoch 2082/10000 - train 0.002630 - val 0.044243
Epoch 2083/10000 - train 0.002636 - val 0.044362
Epoch 2084/10000 - train 0.002568 - val 0.044329
Epoch 2085/10000 - train 0.002628 - val 0.044202
Epoch 2086/10000 - train 0.002623 - val 0.044499
Epoch 2087/10000 - train 0.002557 - val 0.044731
Epoch 2088/10000 - train 0.002761 - val 0.044535
Epoch 2089/10000 - train 0.002595 - val 0.044687
Epoch 2090/10000 - train 0.002959 - val 0.044516
Epoch 2091/10000 - train 0.002705 - val 0.045312
Epoch 2092/10000 - train 0.002856 - val 0.045036
Epoch 2093/10000 - train 0.002939 - val 0.044782
Epoch 2094/10000 - train 0.003177 - val 0.045297
Epoch 2095/10000 - train 0.003019 - val 0.044825
Epoch 2096/10000 - train 0.037372 - val 0.073119
Epoch 2097/10000 - train 0.021877 - val 0.049296
Epoch 2098/10000 - train 0.007213 - val 0.044900
Epoch 2099/10000 - train 0.004275 - val 0.044447
Epoch 2100/10000 - train 0.003416 - val 0.044552
Epoch 2101/10000 - train 0.003117 - val 0.044301
Epoch 2102/10000 - train 0.003009 - val 0.044442
Epoch 2103/10000 - train 0.002983 - val 0.044153
Epoch 2104/10000 - train 0.002772 - val 0.044706
Epoch 2105/10000 - train 0.002807 - val 0.044647
Epoch 2106/10000 - train 0.002746 - val 0.044821
Epoch 2107/10000 - train 0.002953 - val 0.044214
Epoch 2108/10000 - train 0.002779 - val 0.044283
Epoch 2109/10000 - train 0.002815 - val 0.044170
Epoch 2110/10000 - train 0.002904 - val 0.044642
Epoch 2111/10000 - train 0.002737 - val 0.044064
Epoch 2112/10000 - train 0.002946 - val 0.045294
Epoch 2113/10000 - train 0.002848 - val 0.044574
Epoch 2114/10000 - train 0.004201 - val 0.045601
Epoch 2115/10000 - train 0.003207 - val 0.044305
Epoch 2116/10000 - train 0.002874 - val 0.044493
Epoch 2117/10000 - train 0.002887 - val 0.044496
Epoch 2118/10000 - train 0.003391 - val 0.044374
Epoch 2119/10000 - train 0.031013 - val 0.057412
Epoch 2120/10000 - train 0.017768 - val 0.050580
Epoch 2121/10000 - train 0.008248 - val 0.047110
Epoch 2122/10000 - train 0.004349 - val 0.044014
Epoch 2123/10000 - train 0.004140 - val 0.044376
Epoch 2124/10000 - train 0.002941 - val 0.044548
Epoch 2125/10000 - train 0.002679 - val 0.044115
Epoch 2126/10000 - train 0.002604 - val 0.044575
Epoch 2127/10000 - train 0.002628 - val 0.044211
Epoch 2128/10000 - train 0.002575 - val 0.044096
Epoch 2129/10000 - train 0.002934 - val 0.044405
Epoch 2130/10000 - train 0.002576 - val 0.044235
Epoch 2131/10000 - train 0.002718 - val 0.044671
Epoch 2132/10000 - train 0.002889 - val 0.044335
Epoch 2133/10000 - train 0.002777 - val 0.044278
Epoch 2134/10000 - train 0.003190 - val 0.044752
Epoch 2135/10000 - train 0.002842 - val 0.044369
Epoch 2136/10000 - train 0.002835 - val 0.044801
Epoch 2137/10000 - train 0.002834 - val 0.045760
Epoch 2138/10000 - train 0.003518 - val 0.045071
Epoch 2139/10000 - train 0.002885 - val 0.044542
Epoch 2140/10000 - train 0.003055 - val 0.045289
Epoch 2141/10000 - train 0.003164 - val 0.044202
Epoch 2142/10000 - train 0.003220 - val 0.045043
Epoch 2143/10000 - train 0.003244 - val 0.045620
Epoch 2144/10000 - train 0.016816 - val 0.049530
Epoch 2145/10000 - train 0.006345 - val 0.045094
Epoch 2146/10000 - train 0.004197 - val 0.044958
Epoch 2147/10000 - train 0.002849 - val 0.044615
Epoch 2148/10000 - train 0.002641 - val 0.044527
Epoch 2149/10000 - train 0.002620 - val 0.044218
Epoch 2150/10000 - train 0.002533 - val 0.044717
Epoch 2151/10000 - train 0.002752 - val 0.044582
Epoch 2152/10000 - train 0.002952 - val 0.044711
Epoch 2153/10000 - train 0.002739 - val 0.044644
Epoch 2154/10000 - train 0.002786 - val 0.044744
Epoch 2155/10000 - train 0.002735 - val 0.045996
Epoch 2156/10000 - train 0.003377 - val 0.044427
Epoch 2157/10000 - train 0.002725 - val 0.044327
Epoch 2158/10000 - train 0.002919 - val 0.044985
Epoch 2159/10000 - train 0.003317 - val 0.047814
Epoch 2160/10000 - train 0.030499 - val 0.056870
Epoch 2161/10000 - train 0.010169 - val 0.045475
Epoch 2162/10000 - train 0.004212 - val 0.045376
Epoch 2163/10000 - train 0.003163 - val 0.044355
Epoch 2164/10000 - train 0.002787 - val 0.044305
Epoch 2165/10000 - train 0.002656 - val 0.044937
Epoch 2166/10000 - train 0.002711 - val 0.044461
Epoch 2167/10000 - train 0.002651 - val 0.044475
Epoch 2168/10000 - train 0.002558 - val 0.044056
Epoch 2169/10000 - train 0.002565 - val 0.044150
Epoch 2170/10000 - train 0.002687 - val 0.044460
Epoch 2171/10000 - train 0.002938 - val 0.045018
Epoch 2172/10000 - train 0.002802 - val 0.044326
Epoch 2173/10000 - train 0.002685 - val 0.044373
Epoch 2174/10000 - train 0.002946 - val 0.045171
Epoch 2175/10000 - train 0.002722 - val 0.044174
Epoch 2176/10000 - train 0.003018 - val 0.044939
Epoch 2177/10000 - train 0.003337 - val 0.044683
Epoch 2178/10000 - train 0.002921 - val 0.045150
Epoch 2179/10000 - train 0.004135 - val 0.047174
Epoch 2180/10000 - train 0.003604 - val 0.046145
Epoch 2181/10000 - train 0.003269 - val 0.046558
Epoch 2182/10000 - train 0.006776 - val 0.044832
Epoch 2183/10000 - train 0.003302 - val 0.045596
Epoch 2184/10000 - train 0.003181 - val 0.044744
Epoch 2185/10000 - train 0.002920 - val 0.045218
Epoch 2186/10000 - train 0.002815 - val 0.044707
Epoch 2187/10000 - train 0.002949 - val 0.044645
Epoch 2188/10000 - train 0.005744 - val 0.075762
Epoch 2189/10000 - train 0.023171 - val 0.048785
Epoch 2190/10000 - train 0.005764 - val 0.045348
Epoch 2191/10000 - train 0.005058 - val 0.044678
Epoch 2192/10000 - train 0.002883 - val 0.044341
Epoch 2193/10000 - train 0.002666 - val 0.044379
Epoch 2194/10000 - train 0.002625 - val 0.044318
Epoch 2195/10000 - train 0.002521 - val 0.044428
Epoch 2196/10000 - train 0.002650 - val 0.044223
Epoch 2197/10000 - train 0.002480 - val 0.044556
Epoch 2198/10000 - train 0.002556 - val 0.044231
Epoch 2199/10000 - train 0.002846 - val 0.045064
Epoch 2200/10000 - train 0.002732 - val 0.045350
Epoch 2201/10000 - train 0.002652 - val 0.044360
Epoch 2202/10000 - train 0.002502 - val 0.045128
Epoch 2203/10000 - train 0.003072 - val 0.045082
Epoch 2204/10000 - train 0.002761 - val 0.044431
Epoch 2205/10000 - train 0.002759 - val 0.044426
Epoch 2206/10000 - train 0.002792 - val 0.044333
Epoch 2207/10000 - train 0.003149 - val 0.045472
Epoch 2208/10000 - train 0.003378 - val 0.044805
Epoch 2209/10000 - train 0.003150 - val 0.045435
Epoch 2210/10000 - train 0.003272 - val 0.045722
Epoch 2211/10000 - train 0.003491 - val 0.044769
Epoch 2212/10000 - train 0.003060 - val 0.045268
Epoch 2213/10000 - train 0.003336 - val 0.046560
Epoch 2214/10000 - train 0.035085 - val 0.056721
Epoch 2215/10000 - train 0.011207 - val 0.046678
Epoch 2216/10000 - train 0.006707 - val 0.044931
Epoch 2217/10000 - train 0.003146 - val 0.044315
Epoch 2218/10000 - train 0.002722 - val 0.044246
Epoch 2219/10000 - train 0.002551 - val 0.043961
Epoch 2220/10000 - train 0.002493 - val 0.044016
Epoch 2221/10000 - train 0.002455 - val 0.044293
Epoch 2222/10000 - train 0.002522 - val 0.044134
Epoch 2223/10000 - train 0.002505 - val 0.044232
Epoch 2224/10000 - train 0.002843 - val 0.044357
Epoch 2225/10000 - train 0.002562 - val 0.043956
Epoch 2226/10000 - train 0.002430 - val 0.044514
Epoch 2227/10000 - train 0.002937 - val 0.044312
Epoch 2228/10000 - train 0.002701 - val 0.044461
Epoch 2229/10000 - train 0.002601 - val 0.044422
Epoch 2230/10000 - train 0.002936 - val 0.044649
Epoch 2231/10000 - train 0.002905 - val 0.044610
Epoch 2232/10000 - train 0.002752 - val 0.045194
Epoch 2233/10000 - train 0.002935 - val 0.045082
Epoch 2234/10000 - train 0.003188 - val 0.045127
Epoch 2235/10000 - train 0.003624 - val 0.045513
Epoch 2236/10000 - train 0.003163 - val 0.044770
Epoch 2237/10000 - train 0.002743 - val 0.045068
Epoch 2238/10000 - train 0.003208 - val 0.044350
Epoch 2239/10000 - train 0.020158 - val 0.068044
Epoch 2240/10000 - train 0.017663 - val 0.050322
Epoch 2241/10000 - train 0.007922 - val 0.045624
Epoch 2242/10000 - train 0.003752 - val 0.044395
Epoch 2243/10000 - train 0.003000 - val 0.044291
Epoch 2244/10000 - train 0.002935 - val 0.044628
Epoch 2245/10000 - train 0.002834 - val 0.044107
Epoch 2246/10000 - train 0.002691 - val 0.043856
Epoch 2247/10000 - train 0.002801 - val 0.044556
Epoch 2248/10000 - train 0.002773 - val 0.044188
Epoch 2249/10000 - train 0.002615 - val 0.043984
Epoch 2250/10000 - train 0.002646 - val 0.044433
Epoch 2251/10000 - train 0.003010 - val 0.045088
Epoch 2252/10000 - train 0.002838 - val 0.044230
Epoch 2253/10000 - train 0.002803 - val 0.044173
Epoch 2254/10000 - train 0.002734 - val 0.044369
Epoch 2255/10000 - train 0.003248 - val 0.044274
Epoch 2256/10000 - train 0.002877 - val 0.044234
Epoch 2257/10000 - train 0.002687 - val 0.044273
Epoch 2258/10000 - train 0.022380 - val 0.049333
Epoch 2259/10000 - train 0.006627 - val 0.045865
Epoch 2260/10000 - train 0.005329 - val 0.044890
Epoch 2261/10000 - train 0.002836 - val 0.044109
Epoch 2262/10000 - train 0.002606 - val 0.043925
Epoch 2263/10000 - train 0.002488 - val 0.044650
Epoch 2264/10000 - train 0.002609 - val 0.044026
Epoch 2265/10000 - train 0.002465 - val 0.044350
Epoch 2266/10000 - train 0.002682 - val 0.044466
Epoch 2267/10000 - train 0.002661 - val 0.045880
Epoch 2268/10000 - train 0.003043 - val 0.044306
Epoch 2269/10000 - train 0.002573 - val 0.043945
Epoch 2270/10000 - train 0.002597 - val 0.044345
Epoch 2271/10000 - train 0.003087 - val 0.044280
Epoch 2272/10000 - train 0.002834 - val 0.044115
Epoch 2273/10000 - train 0.002922 - val 0.044398
Epoch 2274/10000 - train 0.003064 - val 0.045273
Epoch 2275/10000 - train 0.002879 - val 0.044164
Epoch 2276/10000 - train 0.003142 - val 0.044236
Epoch 2277/10000 - train 0.002770 - val 0.045925
Epoch 2278/10000 - train 0.023938 - val 0.055474
Epoch 2279/10000 - train 0.007557 - val 0.044482
Epoch 2280/10000 - train 0.005330 - val 0.044499
Epoch 2281/10000 - train 0.002894 - val 0.044183
Epoch 2282/10000 - train 0.002545 - val 0.043909
Epoch 2283/10000 - train 0.002400 - val 0.044146
Epoch 2284/10000 - train 0.002460 - val 0.044614
Epoch 2285/10000 - train 0.002483 - val 0.044095
Epoch 2286/10000 - train 0.002426 - val 0.044063
Epoch 2287/10000 - train 0.002385 - val 0.043987
Epoch 2288/10000 - train 0.002753 - val 0.044361
Epoch 2289/10000 - train 0.002583 - val 0.044451
Epoch 2290/10000 - train 0.002688 - val 0.044934
Epoch 2291/10000 - train 0.002685 - val 0.044658
Epoch 2292/10000 - train 0.002937 - val 0.044889
Epoch 2293/10000 - train 0.002704 - val 0.044894
Epoch 2294/10000 - train 0.002771 - val 0.044628
Epoch 2295/10000 - train 0.002972 - val 0.044695
Epoch 2296/10000 - train 0.002853 - val 0.045001
Epoch 2297/10000 - train 0.003128 - val 0.044574
Epoch 2298/10000 - train 0.003465 - val 0.044810
Epoch 2299/10000 - train 0.002854 - val 0.044939
Epoch 2300/10000 - train 0.002822 - val 0.044700
Epoch 2301/10000 - train 0.012966 - val 0.071835
Epoch 2302/10000 - train 0.021816 - val 0.049368
Epoch 2303/10000 - train 0.005927 - val 0.045036
Epoch 2304/10000 - train 0.003480 - val 0.044130
Epoch 2305/10000 - train 0.002842 - val 0.044470
Epoch 2306/10000 - train 0.002938 - val 0.044187
Epoch 2307/10000 - train 0.002532 - val 0.044085
Epoch 2308/10000 - train 0.002500 - val 0.044176
Epoch 2309/10000 - train 0.002502 - val 0.044262
Epoch 2310/10000 - train 0.002884 - val 0.044223
Epoch 2311/10000 - train 0.002520 - val 0.044380
Epoch 2312/10000 - train 0.002563 - val 0.044329
Epoch 2313/10000 - train 0.002713 - val 0.044735
Epoch 2314/10000 - train 0.003160 - val 0.044340
Epoch 2315/10000 - train 0.002788 - val 0.044433
Epoch 2316/10000 - train 0.003081 - val 0.044456
Epoch 2317/10000 - train 0.002983 - val 0.044637
Epoch 2318/10000 - train 0.002910 - val 0.044393
Epoch 2319/10000 - train 0.002997 - val 0.044339
Epoch 2320/10000 - train 0.002851 - val 0.045473
Epoch 2321/10000 - train 0.003281 - val 0.044498
Epoch 2322/10000 - train 0.002899 - val 0.044731
Epoch 2323/10000 - train 0.004396 - val 0.048798
Epoch 2324/10000 - train 0.004298 - val 0.045931
Epoch 2325/10000 - train 0.004438 - val 0.044563
Epoch 2326/10000 - train 0.002706 - val 0.044126
Epoch 2327/10000 - train 0.003390 - val 0.044526
Epoch 2328/10000 - train 0.002817 - val 0.044179
Epoch 2329/10000 - train 0.002754 - val 0.044193
Epoch 2330/10000 - train 0.002980 - val 0.044162
Epoch 2331/10000 - train 0.003282 - val 0.044701
Epoch 2332/10000 - train 0.003250 - val 0.044866
Epoch 2333/10000 - train 0.003110 - val 0.045016
Epoch 2334/10000 - train 0.003103 - val 0.045441
Epoch 2335/10000 - train 0.024816 - val 0.050869
Epoch 2336/10000 - train 0.006454 - val 0.046550
Epoch 2337/10000 - train 0.004034 - val 0.044023
Epoch 2338/10000 - train 0.002768 - val 0.044052
Epoch 2339/10000 - train 0.002497 - val 0.043909
Epoch 2340/10000 - train 0.002941 - val 0.044277
Epoch 2341/10000 - train 0.002505 - val 0.044275
Epoch 2342/10000 - train 0.002486 - val 0.043906
Epoch 2343/10000 - train 0.002489 - val 0.043725
Epoch 2344/10000 - train 0.002522 - val 0.043901
Epoch 2345/10000 - train 0.002898 - val 0.044384
Epoch 2346/10000 - train 0.002672 - val 0.044451
Epoch 2347/10000 - train 0.002585 - val 0.044129
Epoch 2348/10000 - train 0.002735 - val 0.044988
Epoch 2349/10000 - train 0.003085 - val 0.044415
Epoch 2350/10000 - train 0.002860 - val 0.045007
Epoch 2351/10000 - train 0.003295 - val 0.044621
Epoch 2352/10000 - train 0.008353 - val 0.098512
Epoch 2353/10000 - train 0.034086 - val 0.047632
Epoch 2354/10000 - train 0.009272 - val 0.045596
Epoch 2355/10000 - train 0.004918 - val 0.044018
Epoch 2356/10000 - train 0.003736 - val 0.043887
Epoch 2357/10000 - train 0.003164 - val 0.043510
Epoch 2358/10000 - train 0.003023 - val 0.043638
Epoch 2359/10000 - train 0.002813 - val 0.043990
Epoch 2360/10000 - train 0.002815 - val 0.044070
Epoch 2361/10000 - train 0.002777 - val 0.044168
Epoch 2362/10000 - train 0.002738 - val 0.043417
Epoch 2363/10000 - train 0.002728 - val 0.043751
Epoch 2364/10000 - train 0.002788 - val 0.043203
Epoch 2365/10000 - train 0.002686 - val 0.044614
Epoch 2366/10000 - train 0.002796 - val 0.044334
Epoch 2367/10000 - train 0.002865 - val 0.044525
Epoch 2368/10000 - train 0.003152 - val 0.044939
Epoch 2369/10000 - train 0.003379 - val 0.044849
Epoch 2370/10000 - train 0.003166 - val 0.045987
Epoch 2371/10000 - train 0.031311 - val 0.051524
Epoch 2372/10000 - train 0.008851 - val 0.049248
Epoch 2373/10000 - train 0.005358 - val 0.043997
Epoch 2374/10000 - train 0.002992 - val 0.044006
Epoch 2375/10000 - train 0.002780 - val 0.043701
Epoch 2376/10000 - train 0.002570 - val 0.043914
Epoch 2377/10000 - train 0.002587 - val 0.043569
Epoch 2378/10000 - train 0.002920 - val 0.043690
Epoch 2379/10000 - train 0.002511 - val 0.043703
Epoch 2380/10000 - train 0.002549 - val 0.043727
Epoch 2381/10000 - train 0.002721 - val 0.043389
Epoch 2382/10000 - train 0.002897 - val 0.044643
Epoch 2383/10000 - train 0.002762 - val 0.043894
Epoch 2384/10000 - train 0.002633 - val 0.043970
Epoch 2385/10000 - train 0.002737 - val 0.045811
Epoch 2386/10000 - train 0.002897 - val 0.044174
Epoch 2387/10000 - train 0.002626 - val 0.044514
Epoch 2388/10000 - train 0.002896 - val 0.044274
Epoch 2389/10000 - train 0.002910 - val 0.044565
Epoch 2390/10000 - train 0.003207 - val 0.044174
Epoch 2391/10000 - train 0.003378 - val 0.044161
Epoch 2392/10000 - train 0.003112 - val 0.044270
Epoch 2393/10000 - train 0.002803 - val 0.044382
Epoch 2394/10000 - train 0.003853 - val 0.044820
Epoch 2395/10000 - train 0.003205 - val 0.043994
Epoch 2396/10000 - train 0.003105 - val 0.044265
Epoch 2397/10000 - train 0.003017 - val 0.044090
Epoch 2398/10000 - train 0.007166 - val 0.061649
Epoch 2399/10000 - train 0.015025 - val 0.046337
Epoch 2400/10000 - train 0.004254 - val 0.043934
Epoch 2401/10000 - train 0.003376 - val 0.043840
Epoch 2402/10000 - train 0.002622 - val 0.043866
Epoch 2403/10000 - train 0.002497 - val 0.043794
Epoch 2404/10000 - train 0.002708 - val 0.044456
Epoch 2405/10000 - train 0.002546 - val 0.043839
Epoch 2406/10000 - train 0.002489 - val 0.044024
Epoch 2407/10000 - train 0.003087 - val 0.044015
Epoch 2408/10000 - train 0.002611 - val 0.043900
Epoch 2409/10000 - train 0.002637 - val 0.043733
Epoch 2410/10000 - train 0.002999 - val 0.044514
Epoch 2411/10000 - train 0.002825 - val 0.044452
Epoch 2412/10000 - train 0.002974 - val 0.044905
Epoch 2413/10000 - train 0.013021 - val 0.064388
Epoch 2414/10000 - train 0.010000 - val 0.044620
Epoch 2415/10000 - train 0.004676 - val 0.043749
Epoch 2416/10000 - train 0.002872 - val 0.044170
Epoch 2417/10000 - train 0.002586 - val 0.043706
Epoch 2418/10000 - train 0.002498 - val 0.043654
Epoch 2419/10000 - train 0.002863 - val 0.043869
Epoch 2420/10000 - train 0.002483 - val 0.043786
Epoch 2421/10000 - train 0.002479 - val 0.043807
Epoch 2422/10000 - train 0.002442 - val 0.043750
Epoch 2423/10000 - train 0.002998 - val 0.044381
Epoch 2424/10000 - train 0.002547 - val 0.043898
Epoch 2425/10000 - train 0.002461 - val 0.043940
Epoch 2426/10000 - train 0.002550 - val 0.045251
Epoch 2427/10000 - train 0.003073 - val 0.044515
Epoch 2428/10000 - train 0.003084 - val 0.044660
Epoch 2429/10000 - train 0.003081 - val 0.044494
Epoch 2430/10000 - train 0.002739 - val 0.045186
Epoch 2431/10000 - train 0.003165 - val 0.043860
Epoch 2432/10000 - train 0.003027 - val 0.044970
Epoch 2433/10000 - train 0.003263 - val 0.044680
Epoch 2434/10000 - train 0.002863 - val 0.044362
Epoch 2435/10000 - train 0.003671 - val 0.045106
Epoch 2436/10000 - train 0.003353 - val 0.044259
Epoch 2437/10000 - train 0.003551 - val 0.044119
Epoch 2438/10000 - train 0.002880 - val 0.044444
Epoch 2439/10000 - train 0.003170 - val 0.043912
Epoch 2440/10000 - train 0.002669 - val 0.044460
Epoch 2441/10000 - train 0.025878 - val 0.056957
Epoch 2442/10000 - train 0.025964 - val 0.048800
Epoch 2443/10000 - train 0.010696 - val 0.045339
Epoch 2444/10000 - train 0.003845 - val 0.043978
Epoch 2445/10000 - train 0.002852 - val 0.044286
Epoch 2446/10000 - train 0.002669 - val 0.043483
Epoch 2447/10000 - train 0.002548 - val 0.043788
Epoch 2448/10000 - train 0.002517 - val 0.043792
Epoch 2449/10000 - train 0.002432 - val 0.043441
Epoch 2450/10000 - train 0.002402 - val 0.043748
Epoch 2451/10000 - train 0.002338 - val 0.043734
Epoch 2452/10000 - train 0.002442 - val 0.043900
Epoch 2453/10000 - train 0.002410 - val 0.043704
Epoch 2454/10000 - train 0.002392 - val 0.044250
Epoch 2455/10000 - train 0.002816 - val 0.044165
Epoch 2456/10000 - train 0.002532 - val 0.043993
Epoch 2457/10000 - train 0.002585 - val 0.044579
Epoch 2458/10000 - train 0.002909 - val 0.044285
Epoch 2459/10000 - train 0.002510 - val 0.044565
Epoch 2460/10000 - train 0.003458 - val 0.044082
Epoch 2461/10000 - train 0.002647 - val 0.043963
Epoch 2462/10000 - train 0.002688 - val 0.045085
Epoch 2463/10000 - train 0.002985 - val 0.044138
Epoch 2464/10000 - train 0.002550 - val 0.044083
Epoch 2465/10000 - train 0.003069 - val 0.044402
Epoch 2466/10000 - train 0.002702 - val 0.044538
Epoch 2467/10000 - train 0.029444 - val 0.057176
Epoch 2468/10000 - train 0.010152 - val 0.044644
Epoch 2469/10000 - train 0.004895 - val 0.044995
Epoch 2470/10000 - train 0.003022 - val 0.043887
Epoch 2471/10000 - train 0.002500 - val 0.043873
Epoch 2472/10000 - train 0.002489 - val 0.044153
Epoch 2473/10000 - train 0.002462 - val 0.043883
Epoch 2474/10000 - train 0.002406 - val 0.043670
Epoch 2475/10000 - train 0.002582 - val 0.044730
Epoch 2476/10000 - train 0.002543 - val 0.043884
Epoch 2477/10000 - train 0.002387 - val 0.044254
Epoch 2478/10000 - train 0.002467 - val 0.043815
Epoch 2479/10000 - train 0.002533 - val 0.045580
Epoch 2480/10000 - train 0.002596 - val 0.044001
Epoch 2481/10000 - train 0.002561 - val 0.043860
Epoch 2482/10000 - train 0.002483 - val 0.044475
Epoch 2483/10000 - train 0.002886 - val 0.044581
Epoch 2484/10000 - train 0.002580 - val 0.043685
Epoch 2485/10000 - train 0.002968 - val 0.045229
Epoch 2486/10000 - train 0.002665 - val 0.043965
Epoch 2487/10000 - train 0.016296 - val 0.048556
Epoch 2488/10000 - train 0.006391 - val 0.044700
Epoch 2489/10000 - train 0.004586 - val 0.044647
Epoch 2490/10000 - train 0.002807 - val 0.043793
Epoch 2491/10000 - train 0.002466 - val 0.043996
Epoch 2492/10000 - train 0.002392 - val 0.043569
Epoch 2493/10000 - train 0.002419 - val 0.044013
Epoch 2494/10000 - train 0.002420 - val 0.044261
Epoch 2495/10000 - train 0.002424 - val 0.044047
Epoch 2496/10000 - train 0.002644 - val 0.043975
Epoch 2497/10000 - train 0.002642 - val 0.043660
Epoch 2498/10000 - train 0.002378 - val 0.044377
Epoch 2499/10000 - train 0.002798 - val 0.044234
Epoch 2500/10000 - train 0.002537 - val 0.044177
Epoch 2501/10000 - train 0.002531 - val 0.044512
Epoch 2502/10000 - train 0.003085 - val 0.044338
Epoch 2503/10000 - train 0.002780 - val 0.044788
Epoch 2504/10000 - train 0.003074 - val 0.045551
Epoch 2505/10000 - train 0.003229 - val 0.044243
Epoch 2506/10000 - train 0.003247 - val 0.045278
Epoch 2507/10000 - train 0.003955 - val 0.044499
Epoch 2508/10000 - train 0.003242 - val 0.044396
Epoch 2509/10000 - train 0.002701 - val 0.044270
Epoch 2510/10000 - train 0.026408 - val 0.057140
Epoch 2511/10000 - train 0.012010 - val 0.045614
Epoch 2512/10000 - train 0.005741 - val 0.045307
Epoch 2513/10000 - train 0.003397 - val 0.043918
Epoch 2514/10000 - train 0.002649 - val 0.043715
Epoch 2515/10000 - train 0.002481 - val 0.043414
Epoch 2516/10000 - train 0.002464 - val 0.043612
Epoch 2517/10000 - train 0.002363 - val 0.043546
Epoch 2518/10000 - train 0.002352 - val 0.043845
Epoch 2519/10000 - train 0.002832 - val 0.043860
Epoch 2520/10000 - train 0.002502 - val 0.043720
Epoch 2521/10000 - train 0.002416 - val 0.043983
Epoch 2522/10000 - train 0.002564 - val 0.043803
Epoch 2523/10000 - train 0.002604 - val 0.045685
Epoch 2524/10000 - train 0.002713 - val 0.044085
Epoch 2525/10000 - train 0.002694 - val 0.045355
Epoch 2526/10000 - train 0.002777 - val 0.044082
Epoch 2527/10000 - train 0.002761 - val 0.044560
Epoch 2528/10000 - train 0.002993 - val 0.044494
Epoch 2529/10000 - train 0.002769 - val 0.044518
Epoch 2530/10000 - train 0.002915 - val 0.045083
Epoch 2531/10000 - train 0.006947 - val 0.047525
Epoch 2532/10000 - train 0.005224 - val 0.044160
Epoch 2533/10000 - train 0.003403 - val 0.043773
Epoch 2534/10000 - train 0.002526 - val 0.044250
Epoch 2535/10000 - train 0.002532 - val 0.043844
Epoch 2536/10000 - train 0.002734 - val 0.044286
Epoch 2537/10000 - train 0.002470 - val 0.044202
Epoch 2538/10000 - train 0.002541 - val 0.043917
Epoch 2539/10000 - train 0.002570 - val 0.044796
Epoch 2540/10000 - train 0.003248 - val 0.044772
Epoch 2541/10000 - train 0.002764 - val 0.044658
Epoch 2542/10000 - train 0.003099 - val 0.044767
Epoch 2543/10000 - train 0.003058 - val 0.044948
Epoch 2544/10000 - train 0.003246 - val 0.045314
Epoch 2545/10000 - train 0.003011 - val 0.044871
Epoch 2546/10000 - train 0.003372 - val 0.046129
Epoch 2547/10000 - train 0.003807 - val 0.044486
Epoch 2548/10000 - train 0.002967 - val 0.045001
Epoch 2549/10000 - train 0.003101 - val 0.044314
Epoch 2550/10000 - train 0.002793 - val 0.045593
Epoch 2551/10000 - train 0.053116 - val 0.065158
Epoch 2552/10000 - train 0.019545 - val 0.047724
Epoch 2553/10000 - train 0.008005 - val 0.045610
Epoch 2554/10000 - train 0.005155 - val 0.045365
Epoch 2555/10000 - train 0.003883 - val 0.044419
Epoch 2556/10000 - train 0.003465 - val 0.043591
Epoch 2557/10000 - train 0.002851 - val 0.043217
Epoch 2558/10000 - train 0.002917 - val 0.043673
Epoch 2559/10000 - train 0.002576 - val 0.043729
Epoch 2560/10000 - train 0.002432 - val 0.043419
Epoch 2561/10000 - train 0.002460 - val 0.043793
Epoch 2562/10000 - train 0.002434 - val 0.043957
Epoch 2563/10000 - train 0.002610 - val 0.043731
Epoch 2564/10000 - train 0.002354 - val 0.043545
Epoch 2565/10000 - train 0.002604 - val 0.043958
Epoch 2566/10000 - train 0.002483 - val 0.043944
Epoch 2567/10000 - train 0.002893 - val 0.044132
Epoch 2568/10000 - train 0.002617 - val 0.044135
Epoch 2569/10000 - train 0.002825 - val 0.043636
Epoch 2570/10000 - train 0.002848 - val 0.044224
Epoch 2571/10000 - train 0.002656 - val 0.044124
Epoch 2572/10000 - train 0.002653 - val 0.044929
Epoch 2573/10000 - train 0.017053 - val 0.069092
Epoch 2574/10000 - train 0.015553 - val 0.046615
Epoch 2575/10000 - train 0.005401 - val 0.046348
Epoch 2576/10000 - train 0.003266 - val 0.044072
Epoch 2577/10000 - train 0.002548 - val 0.043675
Epoch 2578/10000 - train 0.002385 - val 0.043771
Epoch 2579/10000 - train 0.002313 - val 0.043644
Epoch 2580/10000 - train 0.002366 - val 0.044261
Epoch 2581/10000 - train 0.002360 - val 0.043874
Epoch 2582/10000 - train 0.002932 - val 0.043785
Epoch 2583/10000 - train 0.002319 - val 0.043894
Epoch 2584/10000 - train 0.002251 - val 0.044246
Epoch 2585/10000 - train 0.002500 - val 0.043800
Epoch 2586/10000 - train 0.002512 - val 0.043855
Epoch 2587/10000 - train 0.002788 - val 0.044249
Epoch 2588/10000 - train 0.002484 - val 0.043882
Epoch 2589/10000 - train 0.002461 - val 0.043922
Epoch 2590/10000 - train 0.002612 - val 0.043703
Epoch 2591/10000 - train 0.003006 - val 0.044874
Epoch 2592/10000 - train 0.002688 - val 0.044351
Epoch 2593/10000 - train 0.003072 - val 0.044393
Epoch 2594/10000 - train 0.002717 - val 0.043694
Epoch 2595/10000 - train 0.002597 - val 0.044476
Epoch 2596/10000 - train 0.003176 - val 0.044468
Epoch 2597/10000 - train 0.002711 - val 0.044084
Epoch 2598/10000 - train 0.024589 - val 0.049598
Epoch 2599/10000 - train 0.006641 - val 0.047242
Epoch 2600/10000 - train 0.004456 - val 0.043875
Epoch 2601/10000 - train 0.002687 - val 0.043796
Epoch 2602/10000 - train 0.002388 - val 0.043697
Epoch 2603/10000 - train 0.002380 - val 0.043510
Epoch 2604/10000 - train 0.002702 - val 0.043754
Epoch 2605/10000 - train 0.002374 - val 0.044028
Epoch 2606/10000 - train 0.002361 - val 0.043470
Epoch 2607/10000 - train 0.002301 - val 0.043940
Epoch 2608/10000 - train 0.002780 - val 0.045052
Epoch 2609/10000 - train 0.002622 - val 0.044240
Epoch 2610/10000 - train 0.002475 - val 0.044147
Epoch 2611/10000 - train 0.002672 - val 0.045201
Epoch 2612/10000 - train 0.002584 - val 0.044688
Epoch 2613/10000 - train 0.003026 - val 0.044563
Epoch 2614/10000 - train 0.002717 - val 0.044052
Epoch 2615/10000 - train 0.003389 - val 0.044115
Epoch 2616/10000 - train 0.003171 - val 0.044070
Epoch 2617/10000 - train 0.002689 - val 0.044623
Epoch 2618/10000 - train 0.003022 - val 0.044031
Epoch 2619/10000 - train 0.002878 - val 0.044135
Epoch 2620/10000 - train 0.003326 - val 0.044638
Epoch 2621/10000 - train 0.002735 - val 0.044541
Epoch 2622/10000 - train 0.003088 - val 0.045267
Epoch 2623/10000 - train 0.003107 - val 0.044418
Epoch 2624/10000 - train 0.003060 - val 0.044819
Epoch 2625/10000 - train 0.003011 - val 0.045316
Epoch 2626/10000 - train 0.019786 - val 0.074898
Epoch 2627/10000 - train 0.021241 - val 0.046772
Epoch 2628/10000 - train 0.007766 - val 0.043559
Epoch 2629/10000 - train 0.004472 - val 0.044378
Epoch 2630/10000 - train 0.003746 - val 0.043739
Epoch 2631/10000 - train 0.003229 - val 0.044482
Epoch 2632/10000 - train 0.003099 - val 0.043904
Epoch 2633/10000 - train 0.003012 - val 0.043665
Epoch 2634/10000 - train 0.002880 - val 0.043252
Epoch 2635/10000 - train 0.002781 - val 0.043455
Epoch 2636/10000 - train 0.002737 - val 0.043514
Epoch 2637/10000 - train 0.002747 - val 0.043551
Epoch 2638/10000 - train 0.002757 - val 0.043745
Epoch 2639/10000 - train 0.002684 - val 0.043608
Epoch 2640/10000 - train 0.002731 - val 0.044067
Epoch 2641/10000 - train 0.003023 - val 0.043566
Epoch 2642/10000 - train 0.002853 - val 0.043923
Epoch 2643/10000 - train 0.003053 - val 0.043558
Epoch 2644/10000 - train 0.007128 - val 0.161563
Epoch 2645/10000 - train 0.052800 - val 0.055231
Epoch 2646/10000 - train 0.014760 - val 0.046994
Epoch 2647/10000 - train 0.006543 - val 0.044682
Epoch 2648/10000 - train 0.004288 - val 0.043442
Epoch 2649/10000 - train 0.003376 - val 0.043742
Epoch 2650/10000 - train 0.003035 - val 0.043047
Epoch 2651/10000 - train 0.002846 - val 0.043390
Epoch 2652/10000 - train 0.002655 - val 0.043450
Epoch 2653/10000 - train 0.002636 - val 0.043287
Epoch 2654/10000 - train 0.002641 - val 0.043465
Epoch 2655/10000 - train 0.002667 - val 0.043644
Epoch 2656/10000 - train 0.002653 - val 0.043972
Epoch 2657/10000 - train 0.002648 - val 0.043557
Epoch 2658/10000 - train 0.002706 - val 0.043242
Epoch 2659/10000 - train 0.002572 - val 0.043757
Epoch 2660/10000 - train 0.002637 - val 0.043601
Epoch 2661/10000 - train 0.002675 - val 0.043493
Epoch 2662/10000 - train 0.002762 - val 0.044018
Epoch 2663/10000 - train 0.003012 - val 0.043863
Epoch 2664/10000 - train 0.003143 - val 0.047979
Epoch 2665/10000 - train 0.007990 - val 0.044499
Epoch 2666/10000 - train 0.003516 - val 0.044226
Epoch 2667/10000 - train 0.003329 - val 0.044365
Epoch 2668/10000 - train 0.002644 - val 0.043779
Epoch 2669/10000 - train 0.002547 - val 0.043922
Epoch 2670/10000 - train 0.002610 - val 0.043789
Epoch 2671/10000 - train 0.002660 - val 0.043571
Epoch 2672/10000 - train 0.002523 - val 0.044048
Epoch 2673/10000 - train 0.003146 - val 0.043702
Epoch 2674/10000 - train 0.002724 - val 0.043811
Epoch 2675/10000 - train 0.003588 - val 0.044385
Epoch 2676/10000 - train 0.002905 - val 0.043955
Epoch 2677/10000 - train 0.002901 - val 0.044173
Epoch 2678/10000 - train 0.003140 - val 0.043901
Epoch 2679/10000 - train 0.003514 - val 0.044023
Epoch 2680/10000 - train 0.002870 - val 0.045347
Epoch 2681/10000 - train 0.003344 - val 0.044167
Epoch 2682/10000 - train 0.002796 - val 0.044974
Epoch 2683/10000 - train 0.003219 - val 0.043871
Epoch 2684/10000 - train 0.003033 - val 0.044420
Epoch 2685/10000 - train 0.027199 - val 0.056277
Epoch 2686/10000 - train 0.014462 - val 0.046441
Epoch 2687/10000 - train 0.005600 - val 0.045860
Epoch 2688/10000 - train 0.004588 - val 0.044365
Epoch 2689/10000 - train 0.003395 - val 0.044077
Epoch 2690/10000 - train 0.003057 - val 0.044224
Epoch 2691/10000 - train 0.003116 - val 0.043820
Epoch 2692/10000 - train 0.002689 - val 0.044315
Epoch 2693/10000 - train 0.002919 - val 0.043661
Epoch 2694/10000 - train 0.002715 - val 0.043430
Epoch 2695/10000 - train 0.002870 - val 0.044203
Epoch 2696/10000 - train 0.002737 - val 0.044073
Epoch 2697/10000 - train 0.002830 - val 0.043569
Epoch 2698/10000 - train 0.002752 - val 0.043935
Epoch 2699/10000 - train 0.003063 - val 0.043894
Epoch 2700/10000 - train 0.002769 - val 0.043578
Epoch 2701/10000 - train 0.002816 - val 0.044137
Epoch 2702/10000 - train 0.002910 - val 0.044999
Epoch 2703/10000 - train 0.003113 - val 0.044462
Epoch 2704/10000 - train 0.003385 - val 0.043562
Epoch 2705/10000 - train 0.002842 - val 0.044240
Epoch 2706/10000 - train 0.002870 - val 0.046384
Epoch 2707/10000 - train 0.023599 - val 0.058760
Epoch 2708/10000 - train 0.009686 - val 0.045324
Epoch 2709/10000 - train 0.006328 - val 0.044382
Epoch 2710/10000 - train 0.003155 - val 0.043447
Epoch 2711/10000 - train 0.002581 - val 0.043712
Epoch 2712/10000 - train 0.002486 - val 0.043533
Epoch 2713/10000 - train 0.002518 - val 0.043539
Epoch 2714/10000 - train 0.002392 - val 0.043520
Epoch 2715/10000 - train 0.002416 - val 0.043723
Epoch 2716/10000 - train 0.002432 - val 0.043805
Epoch 2717/10000 - train 0.002383 - val 0.043942
Epoch 2718/10000 - train 0.002448 - val 0.043517
Epoch 2719/10000 - train 0.002451 - val 0.043998
Epoch 2720/10000 - train 0.002744 - val 0.043547
Epoch 2721/10000 - train 0.002652 - val 0.044066
Epoch 2722/10000 - train 0.002656 - val 0.043820
Epoch 2723/10000 - train 0.002646 - val 0.043435
Epoch 2724/10000 - train 0.002748 - val 0.043803
Epoch 2725/10000 - train 0.002546 - val 0.043993
Epoch 2726/10000 - train 0.002651 - val 0.043916
Epoch 2727/10000 - train 0.003670 - val 0.044042
Epoch 2728/10000 - train 0.002804 - val 0.043947
Epoch 2729/10000 - train 0.002929 - val 0.044612
Epoch 2730/10000 - train 0.002988 - val 0.044515
Epoch 2731/10000 - train 0.002888 - val 0.044652
Epoch 2732/10000 - train 0.006637 - val 0.045602
Epoch 2733/10000 - train 0.003507 - val 0.045687
Epoch 2734/10000 - train 0.002999 - val 0.044971
Epoch 2735/10000 - train 0.002682 - val 0.043866
Epoch 2736/10000 - train 0.002671 - val 0.044512
Epoch 2737/10000 - train 0.002629 - val 0.043958
Epoch 2738/10000 - train 0.002757 - val 0.044079
Epoch 2739/10000 - train 0.002799 - val 0.044220
Epoch 2740/10000 - train 0.003108 - val 0.044497
Epoch 2741/10000 - train 0.002789 - val 0.045704
Epoch 2742/10000 - train 0.003825 - val 0.044853
Epoch 2743/10000 - train 0.003108 - val 0.044311
Epoch 2744/10000 - train 0.003059 - val 0.044496
Epoch 2745/10000 - train 0.005428 - val 0.053724
Epoch 2746/10000 - train 0.006311 - val 0.043545
Epoch 2747/10000 - train 0.004096 - val 0.044493
Epoch 2748/10000 - train 0.002914 - val 0.043726
Epoch 2749/10000 - train 0.002644 - val 0.045867
Epoch 2750/10000 - train 0.002886 - val 0.043567
Epoch 2751/10000 - train 0.002604 - val 0.043474
Epoch 2752/10000 - train 0.002530 - val 0.043926
Epoch 2753/10000 - train 0.002881 - val 0.044377
Epoch 2754/10000 - train 0.003019 - val 0.044102
Epoch 2755/10000 - train 0.002994 - val 0.044778
Epoch 2756/10000 - train 0.002938 - val 0.043916
Epoch 2757/10000 - train 0.002706 - val 0.043713
Epoch 2758/10000 - train 0.002553 - val 0.044024
Epoch 2759/10000 - train 0.017355 - val 0.055890
Epoch 2760/10000 - train 0.012635 - val 0.044846
Epoch 2761/10000 - train 0.004647 - val 0.046851
Epoch 2762/10000 - train 0.003322 - val 0.043335
Epoch 2763/10000 - train 0.002501 - val 0.043597
Epoch 2764/10000 - train 0.002511 - val 0.043283
Epoch 2765/10000 - train 0.002370 - val 0.043821
Epoch 2766/10000 - train 0.002426 - val 0.043797
Epoch 2767/10000 - train 0.002427 - val 0.043771
Epoch 2768/10000 - train 0.002680 - val 0.043512
Epoch 2769/10000 - train 0.002405 - val 0.043881
Epoch 2770/10000 - train 0.002382 - val 0.043292
Epoch 2771/10000 - train 0.002902 - val 0.043860
Epoch 2772/10000 - train 0.002495 - val 0.044025
Epoch 2773/10000 - train 0.002612 - val 0.043824
Epoch 2774/10000 - train 0.002575 - val 0.043705
Epoch 2775/10000 - train 0.002824 - val 0.043624
Epoch 2776/10000 - train 0.002541 - val 0.043966
Epoch 2777/10000 - train 0.002813 - val 0.043388
Epoch 2778/10000 - train 0.002995 - val 0.043987
Epoch 2779/10000 - train 0.002622 - val 0.044279
Epoch 2780/10000 - train 0.003236 - val 0.043703
Epoch 2781/10000 - train 0.002689 - val 0.043946
Epoch 2782/10000 - train 0.004859 - val 0.050430
Epoch 2783/10000 - train 0.024079 - val 0.052083
Epoch 2784/10000 - train 0.007469 - val 0.044889
Epoch 2785/10000 - train 0.003565 - val 0.043401
Epoch 2786/10000 - train 0.002605 - val 0.043592
Epoch 2787/10000 - train 0.002430 - val 0.043935
Epoch 2788/10000 - train 0.002344 - val 0.043333
Epoch 2789/10000 - train 0.002716 - val 0.043655
Epoch 2790/10000 - train 0.002309 - val 0.043599
Epoch 2791/10000 - train 0.002283 - val 0.043429
Epoch 2792/10000 - train 0.002350 - val 0.045404
Epoch 2793/10000 - train 0.002647 - val 0.043399
Epoch 2794/10000 - train 0.002352 - val 0.043576
Epoch 2795/10000 - train 0.002360 - val 0.044163
Epoch 2796/10000 - train 0.002750 - val 0.043684
Epoch 2797/10000 - train 0.002452 - val 0.043692
Epoch 2798/10000 - train 0.002540 - val 0.044133
Epoch 2799/10000 - train 0.002554 - val 0.044101
Epoch 2800/10000 - train 0.002523 - val 0.043958
Epoch 2801/10000 - train 0.002834 - val 0.043782
Epoch 2802/10000 - train 0.002543 - val 0.043447
Epoch 2803/10000 - train 0.003206 - val 0.043692
Epoch 2804/10000 - train 0.003059 - val 0.043586
Epoch 2805/10000 - train 0.002742 - val 0.045338
Epoch 2806/10000 - train 0.002774 - val 0.044035
Epoch 2807/10000 - train 0.002873 - val 0.045366
Epoch 2808/10000 - train 0.003048 - val 0.044342
Epoch 2809/10000 - train 0.003075 - val 0.044612
Epoch 2810/10000 - train 0.003281 - val 0.044274
Epoch 2811/10000 - train 0.002902 - val 0.044836
Epoch 2812/10000 - train 0.002908 - val 0.044451
Epoch 2813/10000 - train 0.002837 - val 0.043913
Epoch 2814/10000 - train 0.008614 - val 0.048505
Epoch 2815/10000 - train 0.005105 - val 0.044910
Epoch 2816/10000 - train 0.003534 - val 0.044181
Epoch 2817/10000 - train 0.002552 - val 0.043569
Epoch 2818/10000 - train 0.002387 - val 0.043367
Epoch 2819/10000 - train 0.002763 - val 0.044463
Epoch 2820/10000 - train 0.002499 - val 0.043997
Epoch 2821/10000 - train 0.002469 - val 0.044048
Epoch 2822/10000 - train 0.002423 - val 0.044285
Epoch 2823/10000 - train 0.002998 - val 0.044508
Epoch 2824/10000 - train 0.003148 - val 0.043546
Epoch 2825/10000 - train 0.003034 - val 0.044320
Epoch 2826/10000 - train 0.003279 - val 0.044155
Epoch 2827/10000 - train 0.002541 - val 0.043546
Epoch 2828/10000 - train 0.003034 - val 0.043531
Epoch 2829/10000 - train 0.002799 - val 0.043547
Epoch 2830/10000 - train 0.002697 - val 0.044499
Epoch 2831/10000 - train 0.003253 - val 0.043968
Epoch 2832/10000 - train 0.014021 - val 0.047761
Epoch 2833/10000 - train 0.005046 - val 0.044046
Epoch 2834/10000 - train 0.004070 - val 0.043991
Epoch 2835/10000 - train 0.002580 - val 0.043406
Epoch 2836/10000 - train 0.002342 - val 0.043566
Epoch 2837/10000 - train 0.002332 - val 0.043244
Epoch 2838/10000 - train 0.002259 - val 0.043603
Epoch 2839/10000 - train 0.002617 - val 0.043662
Epoch 2840/10000 - train 0.002432 - val 0.043612
Epoch 2841/10000 - train 0.002402 - val 0.043495
Epoch 2842/10000 - train 0.002377 - val 0.044132
Epoch 2843/10000 - train 0.002804 - val 0.044306
Epoch 2844/10000 - train 0.002454 - val 0.043713
Epoch 2845/10000 - train 0.002617 - val 0.044040
Epoch 2846/10000 - train 0.002578 - val 0.043634
Epoch 2847/10000 - train 0.002386 - val 0.044373
Epoch 2848/10000 - train 0.003112 - val 0.044254
Epoch 2849/10000 - train 0.003397 - val 0.044983
Epoch 2850/10000 - train 0.003094 - val 0.044087
Epoch 2851/10000 - train 0.002820 - val 0.050133
Epoch 2852/10000 - train 0.016610 - val 0.046921
Epoch 2853/10000 - train 0.005175 - val 0.045126
Epoch 2854/10000 - train 0.003019 - val 0.043379
Epoch 2855/10000 - train 0.002423 - val 0.043542
Epoch 2856/10000 - train 0.002379 - val 0.043545
Epoch 2857/10000 - train 0.002404 - val 0.045770
Epoch 2858/10000 - train 0.002577 - val 0.043488
Epoch 2859/10000 - train 0.002222 - val 0.043385
Epoch 2860/10000 - train 0.002284 - val 0.044178
Epoch 2861/10000 - train 0.002714 - val 0.044061
Epoch 2862/10000 - train 0.002493 - val 0.043404
Epoch 2863/10000 - train 0.002359 - val 0.043806
Epoch 2864/10000 - train 0.002604 - val 0.044004
Epoch 2865/10000 - train 0.002782 - val 0.045179
Epoch 2866/10000 - train 0.003122 - val 0.044375
Epoch 2867/10000 - train 0.002618 - val 0.043715
Epoch 2868/10000 - train 0.002821 - val 0.044054
Epoch 2869/10000 - train 0.002693 - val 0.043581
Epoch 2870/10000 - train 0.002632 - val 0.045129
Epoch 2871/10000 - train 0.002918 - val 0.043889
Epoch 2872/10000 - train 0.003203 - val 0.044094
Epoch 2873/10000 - train 0.003313 - val 0.053250
Epoch 2874/10000 - train 0.028959 - val 0.052510
Epoch 2875/10000 - train 0.007408 - val 0.044275
Epoch 2876/10000 - train 0.003316 - val 0.043440
Epoch 2877/10000 - train 0.002541 - val 0.043991
Epoch 2878/10000 - train 0.002389 - val 0.043475
Epoch 2879/10000 - train 0.002296 - val 0.043436
Epoch 2880/10000 - train 0.002505 - val 0.043843
Epoch 2881/10000 - train 0.002274 - val 0.043629
Epoch 2882/10000 - train 0.002276 - val 0.043521
Epoch 2883/10000 - train 0.002563 - val 0.043808
Epoch 2884/10000 - train 0.002241 - val 0.043547
Epoch 2885/10000 - train 0.002293 - val 0.043438
Epoch 2886/10000 - train 0.002680 - val 0.044273
Epoch 2887/10000 - train 0.002361 - val 0.043732
Epoch 2888/10000 - train 0.002451 - val 0.043507
Epoch 2889/10000 - train 0.002533 - val 0.043544
Epoch 2890/10000 - train 0.002880 - val 0.043737
Epoch 2891/10000 - train 0.002450 - val 0.043951
Epoch 2892/10000 - train 0.002601 - val 0.043526
Epoch 2893/10000 - train 0.002634 - val 0.044881
Epoch 2894/10000 - train 0.003127 - val 0.044088
Epoch 2895/10000 - train 0.002502 - val 0.044819
Epoch 2896/10000 - train 0.002637 - val 0.043996
Epoch 2897/10000 - train 0.027848 - val 0.080062
Epoch 2898/10000 - train 0.028357 - val 0.049597
Epoch 2899/10000 - train 0.008599 - val 0.044837
Epoch 2900/10000 - train 0.004353 - val 0.043449
Epoch 2901/10000 - train 0.003210 - val 0.043174
Epoch 2902/10000 - train 0.002747 - val 0.043297
Epoch 2903/10000 - train 0.002625 - val 0.042916
Epoch 2904/10000 - train 0.002500 - val 0.042803
Epoch 2905/10000 - train 0.002523 - val 0.044497
Epoch 2906/10000 - train 0.002499 - val 0.043127
Epoch 2907/10000 - train 0.002250 - val 0.043556
Epoch 2908/10000 - train 0.002330 - val 0.043030
Epoch 2909/10000 - train 0.002283 - val 0.042915
Epoch 2910/10000 - train 0.002567 - val 0.043148
Epoch 2911/10000 - train 0.002405 - val 0.042844
Epoch 2912/10000 - train 0.002593 - val 0.043692
Epoch 2913/10000 - train 0.002453 - val 0.043571
Epoch 2914/10000 - train 0.002469 - val 0.043470
Epoch 2915/10000 - train 0.002650 - val 0.044017
Epoch 2916/10000 - train 0.002574 - val 0.044096
Epoch 2917/10000 - train 0.002541 - val 0.043458
Epoch 2918/10000 - train 0.003224 - val 0.043565
Epoch 2919/10000 - train 0.002423 - val 0.043294
Epoch 2920/10000 - train 0.002514 - val 0.044077
Epoch 2921/10000 - train 0.003986 - val 0.043501
Epoch 2922/10000 - train 0.003098 - val 0.043902
Epoch 2923/10000 - train 0.002988 - val 0.043234
Epoch 2924/10000 - train 0.002635 - val 0.043869
Epoch 2925/10000 - train 0.002502 - val 0.043380
Epoch 2926/10000 - train 0.003382 - val 0.043691
Epoch 2927/10000 - train 0.002609 - val 0.044125
Epoch 2928/10000 - train 0.002703 - val 0.044456
Epoch 2929/10000 - train 0.002812 - val 0.049508
Epoch 2930/10000 - train 0.025594 - val 0.048921
Epoch 2931/10000 - train 0.006968 - val 0.047441
Epoch 2932/10000 - train 0.005103 - val 0.043592
Epoch 2933/10000 - train 0.002612 - val 0.043245
Epoch 2934/10000 - train 0.002321 - val 0.043016
Epoch 2935/10000 - train 0.002217 - val 0.043737
Epoch 2936/10000 - train 0.002227 - val 0.043467
Epoch 2937/10000 - train 0.002337 - val 0.043344
Epoch 2938/10000 - train 0.002240 - val 0.043712
Epoch 2939/10000 - train 0.002259 - val 0.043430
Epoch 2940/10000 - train 0.002349 - val 0.043778
Epoch 2941/10000 - train 0.002353 - val 0.043960
Epoch 2942/10000 - train 0.002376 - val 0.043408
Epoch 2943/10000 - train 0.002366 - val 0.043331
Epoch 2944/10000 - train 0.002606 - val 0.044159
Epoch 2945/10000 - train 0.002357 - val 0.043211
Epoch 2946/10000 - train 0.002247 - val 0.043271
Epoch 2947/10000 - train 0.002877 - val 0.043609
Epoch 2948/10000 - train 0.002468 - val 0.044325
Epoch 2949/10000 - train 0.002874 - val 0.044040
Epoch 2950/10000 - train 0.003150 - val 0.043539
Epoch 2951/10000 - train 0.002409 - val 0.043424
Epoch 2952/10000 - train 0.002702 - val 0.044019
Epoch 2953/10000 - train 0.003424 - val 0.043389
Epoch 2954/10000 - train 0.002853 - val 0.043687
Epoch 2955/10000 - train 0.002461 - val 0.043935
Epoch 2956/10000 - train 0.002807 - val 0.044458
Epoch 2957/10000 - train 0.023568 - val 0.047132
Epoch 2958/10000 - train 0.006732 - val 0.045025
Epoch 2959/10000 - train 0.004168 - val 0.043497
Epoch 2960/10000 - train 0.002499 - val 0.043728
Epoch 2961/10000 - train 0.002327 - val 0.043037
Epoch 2962/10000 - train 0.002263 - val 0.043540
Epoch 2963/10000 - train 0.002192 - val 0.043082
Epoch 2964/10000 - train 0.002135 - val 0.043424
Epoch 2965/10000 - train 0.002206 - val 0.043259
Epoch 2966/10000 - train 0.002560 - val 0.043827
Epoch 2967/10000 - train 0.002292 - val 0.043466
Epoch 2968/10000 - train 0.002391 - val 0.043686
Epoch 2969/10000 - train 0.002606 - val 0.044081
Epoch 2970/10000 - train 0.002376 - val 0.043678
Epoch 2971/10000 - train 0.002279 - val 0.043335
Epoch 2972/10000 - train 0.002437 - val 0.044221
Epoch 2973/10000 - train 0.002959 - val 0.043631
Epoch 2974/10000 - train 0.002364 - val 0.043878
Epoch 2975/10000 - train 0.002752 - val 0.043685
Epoch 2976/10000 - train 0.003051 - val 0.044246
Epoch 2977/10000 - train 0.002986 - val 0.045264
Epoch 2978/10000 - train 0.002666 - val 0.043899
Epoch 2979/10000 - train 0.002452 - val 0.043435
Epoch 2980/10000 - train 0.002897 - val 0.045620
Epoch 2981/10000 - train 0.003561 - val 0.045033
Epoch 2982/10000 - train 0.003019 - val 0.043350
Epoch 2983/10000 - train 0.002839 - val 0.044177
Epoch 2984/10000 - train 0.002627 - val 0.043637
Epoch 2985/10000 - train 0.002697 - val 0.045640
Epoch 2986/10000 - train 0.004321 - val 0.045417
Epoch 2987/10000 - train 0.003433 - val 0.043879
Epoch 2988/10000 - train 0.003087 - val 0.043961
Epoch 2989/10000 - train 0.002489 - val 0.043438
Epoch 2990/10000 - train 0.002746 - val 0.043625
Epoch 2991/10000 - train 0.002545 - val 0.043610
Epoch 2992/10000 - train 0.003045 - val 0.043219
Epoch 2993/10000 - train 0.002751 - val 0.043618
Epoch 2994/10000 - train 0.002543 - val 0.044093
Epoch 2995/10000 - train 0.017568 - val 0.079719
Epoch 2996/10000 - train 0.019895 - val 0.046680
Epoch 2997/10000 - train 0.006844 - val 0.044291
Epoch 2998/10000 - train 0.003119 - val 0.043526
Epoch 2999/10000 - train 0.002520 - val 0.043348
Epoch 3000/10000 - train 0.002299 - val 0.043053
Epoch 3001/10000 - train 0.002234 - val 0.043144
Epoch 3002/10000 - train 0.002216 - val 0.043051
Epoch 3003/10000 - train 0.002195 - val 0.043024
Epoch 3004/10000 - train 0.002576 - val 0.043415
Epoch 3005/10000 - train 0.002188 - val 0.043277
Epoch 3006/10000 - train 0.002180 - val 0.043125
Epoch 3007/10000 - train 0.002181 - val 0.043464
Epoch 3008/10000 - train 0.002460 - val 0.043564
Epoch 3009/10000 - train 0.002389 - val 0.043065
Epoch 3010/10000 - train 0.002312 - val 0.043298
Epoch 3011/10000 - train 0.002734 - val 0.043923
Epoch 3012/10000 - train 0.002382 - val 0.043792
Epoch 3013/10000 - train 0.002402 - val 0.043511
Epoch 3014/10000 - train 0.002616 - val 0.043605
Epoch 3015/10000 - train 0.002294 - val 0.043417
Epoch 3016/10000 - train 0.002336 - val 0.044256
Epoch 3017/10000 - train 0.003262 - val 0.043900
Epoch 3018/10000 - train 0.002502 - val 0.043910
Epoch 3019/10000 - train 0.003019 - val 0.045014
Epoch 3020/10000 - train 0.003272 - val 0.043432
Epoch 3021/10000 - train 0.002512 - val 0.044109
Epoch 3022/10000 - train 0.003001 - val 0.043544
Epoch 3023/10000 - train 0.002702 - val 0.043669
Epoch 3024/10000 - train 0.002588 - val 0.043488
Epoch 3025/10000 - train 0.008009 - val 0.067840
Epoch 3026/10000 - train 0.022587 - val 0.047815
Epoch 3027/10000 - train 0.006216 - val 0.044912
Epoch 3028/10000 - train 0.003344 - val 0.043716
Epoch 3029/10000 - train 0.003030 - val 0.043317
Epoch 3030/10000 - train 0.002459 - val 0.043140
Epoch 3031/10000 - train 0.002337 - val 0.042693
Epoch 3032/10000 - train 0.002466 - val 0.043226
Epoch 3033/10000 - train 0.002255 - val 0.043116
Epoch 3034/10000 - train 0.002176 - val 0.042884
Epoch 3035/10000 - train 0.002487 - val 0.043652
Epoch 3036/10000 - train 0.002265 - val 0.043451
Epoch 3037/10000 - train 0.002237 - val 0.043234
Epoch 3038/10000 - train 0.002278 - val 0.043126
Epoch 3039/10000 - train 0.002659 - val 0.043820
Epoch 3040/10000 - train 0.002391 - val 0.043512
Epoch 3041/10000 - train 0.002429 - val 0.043341
Epoch 3042/10000 - train 0.002437 - val 0.046279
Epoch 3043/10000 - train 0.002964 - val 0.043197
Epoch 3044/10000 - train 0.002365 - val 0.043669
Epoch 3045/10000 - train 0.002507 - val 0.044062
Epoch 3046/10000 - train 0.002675 - val 0.043922
Epoch 3047/10000 - train 0.002551 - val 0.043967
Epoch 3048/10000 - train 0.002871 - val 0.044552
Epoch 3049/10000 - train 0.003002 - val 0.043860
Epoch 3050/10000 - train 0.003038 - val 0.045494
Epoch 3051/10000 - train 0.003268 - val 0.043576
Epoch 3052/10000 - train 0.002608 - val 0.044216
Epoch 3053/10000 - train 0.002835 - val 0.044557
Epoch 3054/10000 - train 0.002901 - val 0.043661
Epoch 3055/10000 - train 0.003384 - val 0.044510
Epoch 3056/10000 - train 0.002666 - val 0.044099
Epoch 3057/10000 - train 0.002846 - val 0.044029
Epoch 3058/10000 - train 0.002986 - val 0.045398
Epoch 3059/10000 - train 0.025437 - val 0.055536
Epoch 3060/10000 - train 0.007587 - val 0.044361
Epoch 3061/10000 - train 0.003402 - val 0.043840
Epoch 3062/10000 - train 0.002631 - val 0.043277
Epoch 3063/10000 - train 0.002348 - val 0.043139
Epoch 3064/10000 - train 0.002241 - val 0.043075
Epoch 3065/10000 - train 0.002179 - val 0.043193
Epoch 3066/10000 - train 0.002194 - val 0.043417
Epoch 3067/10000 - train 0.002315 - val 0.043343
Epoch 3068/10000 - train 0.002201 - val 0.043508
Epoch 3069/10000 - train 0.002276 - val 0.043374
Epoch 3070/10000 - train 0.002605 - val 0.043540
Epoch 3071/10000 - train 0.002302 - val 0.043628
Epoch 3072/10000 - train 0.002336 - val 0.043879
Epoch 3073/10000 - train 0.002672 - val 0.043586
Epoch 3074/10000 - train 0.002269 - val 0.043695
Epoch 3075/10000 - train 0.002679 - val 0.043981
Epoch 3076/10000 - train 0.002395 - val 0.043592
Epoch 3077/10000 - train 0.002700 - val 0.043786
Epoch 3078/10000 - train 0.002475 - val 0.043217
Epoch 3079/10000 - train 0.002984 - val 0.044800
Epoch 3080/10000 - train 0.002710 - val 0.044140
Epoch 3081/10000 - train 0.002621 - val 0.043937
Epoch 3082/10000 - train 0.003292 - val 0.044030
Epoch 3083/10000 - train 0.002667 - val 0.044605
Epoch 3084/10000 - train 0.025636 - val 0.049652
Epoch 3085/10000 - train 0.007674 - val 0.046280
Epoch 3086/10000 - train 0.006138 - val 0.043573
Epoch 3087/10000 - train 0.002797 - val 0.043287
Epoch 3088/10000 - train 0.002326 - val 0.043292
Epoch 3089/10000 - train 0.002260 - val 0.042975
Epoch 3090/10000 - train 0.002169 - val 0.042936
Epoch 3091/10000 - train 0.002163 - val 0.043225
Epoch 3092/10000 - train 0.002218 - val 0.043064
Epoch 3093/10000 - train 0.002161 - val 0.043237
Epoch 3094/10000 - train 0.002195 - val 0.042972
Epoch 3095/10000 - train 0.002377 - val 0.043534
Epoch 3096/10000 - train 0.002346 - val 0.043401
Epoch 3097/10000 - train 0.002244 - val 0.043093
Epoch 3098/10000 - train 0.002717 - val 0.043727
Epoch 3099/10000 - train 0.002374 - val 0.043461
Epoch 3100/10000 - train 0.002586 - val 0.043855
Epoch 3101/10000 - train 0.002447 - val 0.043565
Epoch 3102/10000 - train 0.002840 - val 0.043810
Epoch 3103/10000 - train 0.002434 - val 0.044072
Epoch 3104/10000 - train 0.002565 - val 0.043418
Epoch 3105/10000 - train 0.002992 - val 0.043556
Epoch 3106/10000 - train 0.002573 - val 0.043730
Epoch 3107/10000 - train 0.002380 - val 0.043945
Epoch 3108/10000 - train 0.015577 - val 0.054633
Epoch 3109/10000 - train 0.006683 - val 0.044407
Epoch 3110/10000 - train 0.005181 - val 0.043405
Epoch 3111/10000 - train 0.002585 - val 0.043436
Epoch 3112/10000 - train 0.002264 - val 0.043448
Epoch 3113/10000 - train 0.002208 - val 0.043143
Epoch 3114/10000 - train 0.002161 - val 0.043132
Epoch 3115/10000 - train 0.002125 - val 0.043140
Epoch 3116/10000 - train 0.002091 - val 0.043154
Epoch 3117/10000 - train 0.002145 - val 0.043519
Epoch 3118/10000 - train 0.002320 - val 0.045414
Epoch 3119/10000 - train 0.002664 - val 0.043413
Epoch 3120/10000 - train 0.002367 - val 0.043524
Epoch 3121/10000 - train 0.002636 - val 0.043997
Epoch 3122/10000 - train 0.002354 - val 0.043339
Epoch 3123/10000 - train 0.002348 - val 0.043840
Epoch 3124/10000 - train 0.002563 - val 0.043585
Epoch 3125/10000 - train 0.002224 - val 0.043738
Epoch 3126/10000 - train 0.002605 - val 0.044468
Epoch 3127/10000 - train 0.005099 - val 0.044428
Epoch 3128/10000 - train 0.002689 - val 0.043817
Epoch 3129/10000 - train 0.002500 - val 0.043375
Epoch 3130/10000 - train 0.002285 - val 0.043890
Epoch 3131/10000 - train 0.002331 - val 0.043959
Epoch 3132/10000 - train 0.003344 - val 0.044064
Epoch 3133/10000 - train 0.004115 - val 0.081419
Epoch 3134/10000 - train 0.031625 - val 0.047189
Epoch 3135/10000 - train 0.007489 - val 0.045620
Epoch 3136/10000 - train 0.003684 - val 0.043464
Epoch 3137/10000 - train 0.002552 - val 0.043180
Epoch 3138/10000 - train 0.002255 - val 0.043153
Epoch 3139/10000 - train 0.002242 - val 0.043313
Epoch 3140/10000 - train 0.002128 - val 0.043280
Epoch 3141/10000 - train 0.002100 - val 0.043651
Epoch 3142/10000 - train 0.002611 - val 0.043132
Epoch 3143/10000 - train 0.002099 - val 0.043000
Epoch 3144/10000 - train 0.002133 - val 0.043240
Epoch 3145/10000 - train 0.002125 - val 0.043282
Epoch 3146/10000 - train 0.002376 - val 0.043386
Epoch 3147/10000 - train 0.002196 - val 0.043419
Epoch 3148/10000 - train 0.002245 - val 0.043897
Epoch 3149/10000 - train 0.002535 - val 0.043434
Epoch 3150/10000 - train 0.002358 - val 0.043073
Epoch 3151/10000 - train 0.002752 - val 0.044609
Epoch 3152/10000 - train 0.002455 - val 0.043076
Epoch 3153/10000 - train 0.002288 - val 0.044160
Epoch 3154/10000 - train 0.002443 - val 0.043197
Epoch 3155/10000 - train 0.002240 - val 0.043761
Epoch 3156/10000 - train 0.002976 - val 0.043176
Epoch 3157/10000 - train 0.002340 - val 0.043992
Epoch 3158/10000 - train 0.003190 - val 0.044583
Epoch 3159/10000 - train 0.002708 - val 0.045935
Epoch 3160/10000 - train 0.005653 - val 0.045733
Epoch 3161/10000 - train 0.003199 - val 0.044021
Epoch 3162/10000 - train 0.002505 - val 0.043386
Epoch 3163/10000 - train 0.002219 - val 0.043370
Epoch 3164/10000 - train 0.002438 - val 0.043433
Epoch 3165/10000 - train 0.002439 - val 0.043428
Epoch 3166/10000 - train 0.002810 - val 0.044451
Epoch 3167/10000 - train 0.002583 - val 0.045573
Epoch 3168/10000 - train 0.022449 - val 0.048428
Epoch 3169/10000 - train 0.006322 - val 0.048094
Epoch 3170/10000 - train 0.004227 - val 0.043611
Epoch 3171/10000 - train 0.002426 - val 0.043409
Epoch 3172/10000 - train 0.002184 - val 0.043263
Epoch 3173/10000 - train 0.002105 - val 0.043198
Epoch 3174/10000 - train 0.002090 - val 0.043310
Epoch 3175/10000 - train 0.002099 - val 0.043346
Epoch 3176/10000 - train 0.002094 - val 0.043191
Epoch 3177/10000 - train 0.002125 - val 0.043532
Epoch 3178/10000 - train 0.002356 - val 0.043275
Epoch 3179/10000 - train 0.002199 - val 0.043361
Epoch 3180/10000 - train 0.002162 - val 0.043296
Epoch 3181/10000 - train 0.002652 - val 0.044016
Epoch 3182/10000 - train 0.002323 - val 0.043315
Epoch 3183/10000 - train 0.002309 - val 0.043741
Epoch 3184/10000 - train 0.002493 - val 0.043307
Epoch 3185/10000 - train 0.002766 - val 0.043827
Epoch 3186/10000 - train 0.002328 - val 0.043755
Epoch 3187/10000 - train 0.002488 - val 0.044079
Epoch 3188/10000 - train 0.002340 - val 0.043439
Epoch 3189/10000 - train 0.002752 - val 0.044922
Epoch 3190/10000 - train 0.007745 - val 0.061270
Epoch 3191/10000 - train 0.018243 - val 0.046970
Epoch 3192/10000 - train 0.004926 - val 0.056403
Epoch 3193/10000 - train 0.005018 - val 0.043527
Epoch 3194/10000 - train 0.002485 - val 0.043303
Epoch 3195/10000 - train 0.002213 - val 0.043205
Epoch 3196/10000 - train 0.002131 - val 0.042997
Epoch 3197/10000 - train 0.002069 - val 0.043307
Epoch 3198/10000 - train 0.002060 - val 0.042936
Epoch 3199/10000 - train 0.002053 - val 0.043436
Epoch 3200/10000 - train 0.002152 - val 0.043289
Epoch 3201/10000 - train 0.002053 - val 0.043723
Epoch 3202/10000 - train 0.002496 - val 0.043335
Epoch 3203/10000 - train 0.002168 - val 0.043333
Epoch 3204/10000 - train 0.002191 - val 0.043180
Epoch 3205/10000 - train 0.002180 - val 0.043267
Epoch 3206/10000 - train 0.002436 - val 0.043233
Epoch 3207/10000 - train 0.002215 - val 0.043365
Epoch 3208/10000 - train 0.002266 - val 0.043140
Epoch 3209/10000 - train 0.002739 - val 0.043930
Epoch 3210/10000 - train 0.002491 - val 0.044232
Epoch 3211/10000 - train 0.002761 - val 0.045082
Epoch 3212/10000 - train 0.002551 - val 0.043565
Epoch 3213/10000 - train 0.002238 - val 0.043576
Epoch 3214/10000 - train 0.002825 - val 0.043992
Epoch 3215/10000 - train 0.002624 - val 0.043694
Epoch 3216/10000 - train 0.002469 - val 0.043655
Epoch 3217/10000 - train 0.002507 - val 0.044100
Epoch 3218/10000 - train 0.003004 - val 0.043824
Epoch 3219/10000 - train 0.002828 - val 0.044552
Epoch 3220/10000 - train 0.002714 - val 0.044396
Epoch 3221/10000 - train 0.002703 - val 0.043580
Epoch 3222/10000 - train 0.003199 - val 0.044272
Epoch 3223/10000 - train 0.044657 - val 0.063152
Epoch 3224/10000 - train 0.022277 - val 0.048108
Epoch 3225/10000 - train 0.008391 - val 0.043837
Epoch 3226/10000 - train 0.004366 - val 0.042493
Epoch 3227/10000 - train 0.003193 - val 0.043337
Epoch 3228/10000 - train 0.002775 - val 0.042516
Epoch 3229/10000 - train 0.002575 - val 0.043166
Epoch 3230/10000 - train 0.002458 - val 0.042572
Epoch 3231/10000 - train 0.002537 - val 0.042702
Epoch 3232/10000 - train 0.002316 - val 0.042655
Epoch 3233/10000 - train 0.002275 - val 0.042947
Epoch 3234/10000 - train 0.002523 - val 0.043017
Epoch 3235/10000 - train 0.002356 - val 0.042797
Epoch 3236/10000 - train 0.002437 - val 0.043936
Epoch 3237/10000 - train 0.002404 - val 0.042726
Epoch 3238/10000 - train 0.002346 - val 0.043198
Epoch 3239/10000 - train 0.002597 - val 0.042940
Epoch 3240/10000 - train 0.002394 - val 0.043075
Epoch 3241/10000 - train 0.002673 - val 0.043025
Epoch 3242/10000 - train 0.002350 - val 0.043348
Epoch 3243/10000 - train 0.002736 - val 0.042993
Epoch 3244/10000 - train 0.002468 - val 0.043689
Epoch 3245/10000 - train 0.002659 - val 0.043253
Epoch 3246/10000 - train 0.002606 - val 0.043045
Epoch 3247/10000 - train 0.002492 - val 0.043334
Epoch 3248/10000 - train 0.002829 - val 0.043887
Epoch 3249/10000 - train 0.003105 - val 0.043026
Epoch 3250/10000 - train 0.002938 - val 0.044072
Epoch 3251/10000 - train 0.002772 - val 0.043356
Epoch 3252/10000 - train 0.002752 - val 0.044424
Epoch 3253/10000 - train 0.002835 - val 0.043177
Epoch 3254/10000 - train 0.003785 - val 0.043614
Epoch 3255/10000 - train 0.002416 - val 0.043268
Epoch 3256/10000 - train 0.002671 - val 0.042819
Epoch 3257/10000 - train 0.002574 - val 0.043356
Epoch 3258/10000 - train 0.003510 - val 0.046191
Epoch 3259/10000 - train 0.017161 - val 0.051832
Epoch 3260/10000 - train 0.006753 - val 0.043358
Epoch 3261/10000 - train 0.003860 - val 0.043021
Epoch 3262/10000 - train 0.002398 - val 0.042803
Epoch 3263/10000 - train 0.002222 - val 0.043013
Epoch 3264/10000 - train 0.002282 - val 0.042739
Epoch 3265/10000 - train 0.002546 - val 0.042898
Epoch 3266/10000 - train 0.002113 - val 0.042697
Epoch 3267/10000 - train 0.002206 - val 0.042825
Epoch 3268/10000 - train 0.002306 - val 0.044288
Epoch 3269/10000 - train 0.002445 - val 0.042848
Epoch 3270/10000 - train 0.002225 - val 0.042581
Epoch 3271/10000 - train 0.002289 - val 0.043033
Epoch 3272/10000 - train 0.002772 - val 0.043554
Epoch 3273/10000 - train 0.002602 - val 0.043028
Epoch 3274/10000 - train 0.002307 - val 0.043273
Epoch 3275/10000 - train 0.002805 - val 0.043015
Epoch 3276/10000 - train 0.002423 - val 0.043255
Epoch 3277/10000 - train 0.002336 - val 0.042905
Epoch 3278/10000 - train 0.002603 - val 0.045074
Epoch 3279/10000 - train 0.002737 - val 0.042967
Epoch 3280/10000 - train 0.002387 - val 0.045009
Epoch 3281/10000 - train 0.003389 - val 0.043334
Epoch 3282/10000 - train 0.002990 - val 0.043016
Epoch 3283/10000 - train 0.002449 - val 0.043714
Epoch 3284/10000 - train 0.002816 - val 0.045100
Epoch 3285/10000 - train 0.019364 - val 0.049849
Epoch 3286/10000 - train 0.007894 - val 0.044438
Epoch 3287/10000 - train 0.005598 - val 0.043264
Epoch 3288/10000 - train 0.002603 - val 0.042839
Epoch 3289/10000 - train 0.002257 - val 0.042852
Epoch 3290/10000 - train 0.002157 - val 0.042905
Epoch 3291/10000 - train 0.002097 - val 0.042863
Epoch 3292/10000 - train 0.002087 - val 0.042749
Epoch 3293/10000 - train 0.002072 - val 0.043032
Epoch 3294/10000 - train 0.002109 - val 0.043005
Epoch 3295/10000 - train 0.002393 - val 0.043993
Epoch 3296/10000 - train 0.002257 - val 0.043104
Epoch 3297/10000 - train 0.002160 - val 0.042930
Epoch 3298/10000 - train 0.002140 - val 0.043397
Epoch 3299/10000 - train 0.002391 - val 0.043328
Epoch 3300/10000 - train 0.002657 - val 0.043417
Epoch 3301/10000 - train 0.002215 - val 0.043225
Epoch 3302/10000 - train 0.002293 - val 0.043244
Epoch 3303/10000 - train 0.002315 - val 0.043447
Epoch 3304/10000 - train 0.002781 - val 0.043146
Epoch 3305/10000 - train 0.002380 - val 0.043329
Epoch 3306/10000 - train 0.002517 - val 0.043907
Epoch 3307/10000 - train 0.003098 - val 0.045118
Epoch 3308/10000 - train 0.002843 - val 0.043449
Epoch 3309/10000 - train 0.002545 - val 0.043228
Epoch 3310/10000 - train 0.002900 - val 0.044532
Epoch 3311/10000 - train 0.002694 - val 0.043554
Epoch 3312/10000 - train 0.002965 - val 0.046070
Epoch 3313/10000 - train 0.023504 - val 0.056988
Epoch 3314/10000 - train 0.009342 - val 0.045135
Epoch 3315/10000 - train 0.007447 - val 0.044598
Epoch 3316/10000 - train 0.002981 - val 0.042928
Epoch 3317/10000 - train 0.002289 - val 0.042793
Epoch 3318/10000 - train 0.002125 - val 0.042978
Epoch 3319/10000 - train 0.002116 - val 0.043132
Epoch 3320/10000 - train 0.002093 - val 0.043031
Epoch 3321/10000 - train 0.002043 - val 0.042595
Epoch 3322/10000 - train 0.002049 - val 0.043081
Epoch 3323/10000 - train 0.002109 - val 0.043006
Epoch 3324/10000 - train 0.002067 - val 0.042884
Epoch 3325/10000 - train 0.002179 - val 0.043101
Epoch 3326/10000 - train 0.002136 - val 0.042941
Epoch 3327/10000 - train 0.002174 - val 0.042944
Epoch 3328/10000 - train 0.002144 - val 0.043223
Epoch 3329/10000 - train 0.002629 - val 0.043677
Epoch 3330/10000 - train 0.002270 - val 0.043304
Epoch 3331/10000 - train 0.002253 - val 0.043622
Epoch 3332/10000 - train 0.002310 - val 0.043294
Epoch 3333/10000 - train 0.002684 - val 0.043626
Epoch 3334/10000 - train 0.002316 - val 0.043122
Epoch 3335/10000 - train 0.002213 - val 0.043689
Epoch 3336/10000 - train 0.002526 - val 0.043759
Epoch 3337/10000 - train 0.003130 - val 0.044423
Epoch 3338/10000 - train 0.002706 - val 0.043322
Epoch 3339/10000 - train 0.002417 - val 0.043071
Epoch 3340/10000 - train 0.002647 - val 0.044289
Epoch 3341/10000 - train 0.002499 - val 0.043576
Epoch 3342/10000 - train 0.003013 - val 0.043575
Epoch 3343/10000 - train 0.002900 - val 0.043259
Epoch 3344/10000 - train 0.003110 - val 0.043374
Epoch 3345/10000 - train 0.002603 - val 0.043640
Epoch 3346/10000 - train 0.002855 - val 0.044604
Epoch 3347/10000 - train 0.003129 - val 0.045461
Epoch 3348/10000 - train 0.005422 - val 0.045929
Epoch 3349/10000 - train 0.004007 - val 0.043292
Epoch 3350/10000 - train 0.003070 - val 0.043383
Epoch 3351/10000 - train 0.002325 - val 0.043347
Epoch 3352/10000 - train 0.002365 - val 0.043752
Epoch 3353/10000 - train 0.002322 - val 0.043725
Epoch 3354/10000 - train 0.002274 - val 0.043278
Epoch 3355/10000 - train 0.003144 - val 0.043596
Epoch 3356/10000 - train 0.002279 - val 0.043143
Epoch 3357/10000 - train 0.002312 - val 0.043529
Epoch 3358/10000 - train 0.002402 - val 0.043645
Epoch 3359/10000 - train 0.002679 - val 0.043788
Epoch 3360/10000 - train 0.016433 - val 0.078508
Epoch 3361/10000 - train 0.033375 - val 0.049936
Epoch 3362/10000 - train 0.013905 - val 0.047078
Epoch 3363/10000 - train 0.006663 - val 0.046971
Epoch 3364/10000 - train 0.004998 - val 0.044755
Epoch 3365/10000 - train 0.003964 - val 0.043493
Epoch 3366/10000 - train 0.003445 - val 0.043165
Epoch 3367/10000 - train 0.003231 - val 0.042535
Epoch 3368/10000 - train 0.002758 - val 0.043145
Epoch 3369/10000 - train 0.002689 - val 0.043072
Epoch 3370/10000 - train 0.002740 - val 0.043403
Epoch 3371/10000 - train 0.002608 - val 0.042931
Epoch 3372/10000 - train 0.002467 - val 0.042920
Epoch 3373/10000 - train 0.002620 - val 0.043469
Epoch 3374/10000 - train 0.002440 - val 0.043010
Epoch 3375/10000 - train 0.002457 - val 0.043343
Epoch 3376/10000 - train 0.002752 - val 0.043230
Epoch 3377/10000 - train 0.002514 - val 0.043023
Epoch 3378/10000 - train 0.002457 - val 0.043652
Epoch 3379/10000 - train 0.002866 - val 0.043758
Epoch 3380/10000 - train 0.002437 - val 0.043002
Epoch 3381/10000 - train 0.002489 - val 0.043281
Epoch 3382/10000 - train 0.002418 - val 0.043226
Epoch 3383/10000 - train 0.002847 - val 0.043565
Epoch 3384/10000 - train 0.002407 - val 0.042937
Epoch 3385/10000 - train 0.002554 - val 0.043988
Epoch 3386/10000 - train 0.002638 - val 0.043852
Epoch 3387/10000 - train 0.002552 - val 0.043029
Epoch 3388/10000 - train 0.002724 - val 0.043528
Epoch 3389/10000 - train 0.003036 - val 0.043519
Epoch 3390/10000 - train 0.002985 - val 0.043428
Epoch 3391/10000 - train 0.002440 - val 0.043314
Epoch 3392/10000 - train 0.002462 - val 0.043468
Epoch 3393/10000 - train 0.003121 - val 0.043342
Epoch 3394/10000 - train 0.002729 - val 0.044035
Epoch 3395/10000 - train 0.002937 - val 0.043301
Epoch 3396/10000 - train 0.002494 - val 0.042978
Epoch 3397/10000 - train 0.002861 - val 0.044189
Epoch 3398/10000 - train 0.003087 - val 0.043299
Epoch 3399/10000 - train 0.002672 - val 0.043100
Epoch 3400/10000 - train 0.002757 - val 0.046166
Epoch 3401/10000 - train 0.004279 - val 0.043287
Epoch 3402/10000 - train 0.003326 - val 0.043093
Epoch 3403/10000 - train 0.002505 - val 0.043483
Epoch 3404/10000 - train 0.002440 - val 0.043473
Epoch 3405/10000 - train 0.002991 - val 0.043184
Epoch 3406/10000 - train 0.002596 - val 0.043836
Epoch 3407/10000 - train 0.003127 - val 0.044996
Epoch 3408/10000 - train 0.003128 - val 0.043200
Epoch 3409/10000 - train 0.002655 - val 0.045153
Epoch 3410/10000 - train 0.003463 - val 0.044321
Epoch 3411/10000 - train 0.002640 - val 0.042859
Epoch 3412/10000 - train 0.002687 - val 0.044148
Epoch 3413/10000 - train 0.002934 - val 0.043819
Epoch 3414/10000 - train 0.002538 - val 0.043932
Epoch 3415/10000 - train 0.003079 - val 0.043485
Epoch 3416/10000 - train 0.002597 - val 0.043331
Epoch 3417/10000 - train 0.015032 - val 0.054302
Epoch 3418/10000 - train 0.010358 - val 0.044974
Epoch 3419/10000 - train 0.004929 - val 0.048309
Epoch 3420/10000 - train 0.003528 - val 0.042998
Epoch 3421/10000 - train 0.002305 - val 0.043114
Epoch 3422/10000 - train 0.002172 - val 0.043081
Epoch 3423/10000 - train 0.002134 - val 0.043101
Epoch 3424/10000 - train 0.002123 - val 0.043209
Epoch 3425/10000 - train 0.002106 - val 0.043079
Epoch 3426/10000 - train 0.002127 - val 0.043151
Epoch 3427/10000 - train 0.002163 - val 0.042862
Epoch 3428/10000 - train 0.002133 - val 0.042734
Epoch 3429/10000 - train 0.002310 - val 0.042944
Epoch 3430/10000 - train 0.002166 - val 0.043310
Epoch 3431/10000 - train 0.002435 - val 0.043506
Epoch 3432/10000 - train 0.002304 - val 0.043440
Epoch 3433/10000 - train 0.002403 - val 0.043535
Epoch 3434/10000 - train 0.002312 - val 0.043552
Epoch 3435/10000 - train 0.002384 - val 0.044423
Epoch 3436/10000 - train 0.002716 - val 0.043703
Epoch 3437/10000 - train 0.002371 - val 0.043606
Epoch 3438/10000 - train 0.002903 - val 0.043393
Epoch 3439/10000 - train 0.002930 - val 0.042974
Epoch 3440/10000 - train 0.002679 - val 0.046322
Epoch 3441/10000 - train 0.002923 - val 0.043564
Epoch 3442/10000 - train 0.002698 - val 0.043401
Epoch 3443/10000 - train 0.002437 - val 0.043555
Epoch 3444/10000 - train 0.002765 - val 0.043645
Epoch 3445/10000 - train 0.003434 - val 0.043521
Epoch 3446/10000 - train 0.003284 - val 0.043605
Epoch 3447/10000 - train 0.003129 - val 0.043983
Epoch 3448/10000 - train 0.002598 - val 0.043180
Epoch 3449/10000 - train 0.002351 - val 0.043104
Epoch 3450/10000 - train 0.002522 - val 0.045118
Epoch 3451/10000 - train 0.002923 - val 0.043246
Epoch 3452/10000 - train 0.002460 - val 0.043792
Epoch 3453/10000 - train 0.003135 - val 0.043875
Epoch 3454/10000 - train 0.009176 - val 0.044745
Epoch 3455/10000 - train 0.003257 - val 0.043791
Epoch 3456/10000 - train 0.002519 - val 0.043124
Epoch 3457/10000 - train 0.002224 - val 0.043069
Epoch 3458/10000 - train 0.002462 - val 0.043295
Epoch 3459/10000 - train 0.002159 - val 0.043001
Epoch 3460/10000 - train 0.002172 - val 0.043900
Epoch 3461/10000 - train 0.002655 - val 0.043400
Epoch 3462/10000 - train 0.002253 - val 0.043248
Epoch 3463/10000 - train 0.002371 - val 0.043636
Epoch 3464/10000 - train 0.003067 - val 0.043493
Epoch 3465/10000 - train 0.002824 - val 0.043371
Epoch 3466/10000 - train 0.002383 - val 0.043482
Epoch 3467/10000 - train 0.002795 - val 0.042876
Epoch 3468/10000 - train 0.002217 - val 0.043483
Epoch 3469/10000 - train 0.003032 - val 0.043523
Epoch 3470/10000 - train 0.002947 - val 0.043597
Epoch 3471/10000 - train 0.002906 - val 0.044299
Epoch 3472/10000 - train 0.002669 - val 0.043755
Epoch 3473/10000 - train 0.003367 - val 0.049406
Epoch 3474/10000 - train 0.023445 - val 0.048301
Epoch 3475/10000 - train 0.007490 - val 0.044840
Epoch 3476/10000 - train 0.004479 - val 0.042947
Epoch 3477/10000 - train 0.002479 - val 0.042546
Epoch 3478/10000 - train 0.002213 - val 0.042980
Epoch 3479/10000 - train 0.002192 - val 0.042729
Epoch 3480/10000 - train 0.002101 - val 0.042823
Epoch 3481/10000 - train 0.002056 - val 0.043123
Epoch 3482/10000 - train 0.002299 - val 0.043200
Epoch 3483/10000 - train 0.002033 - val 0.043039
Epoch 3484/10000 - train 0.002097 - val 0.043103
Epoch 3485/10000 - train 0.002432 - val 0.042832
Epoch 3486/10000 - train 0.002135 - val 0.043169
Epoch 3487/10000 - train 0.002184 - val 0.044756
Epoch 3488/10000 - train 0.002403 - val 0.043006
Epoch 3489/10000 - train 0.002204 - val 0.043123
Epoch 3490/10000 - train 0.002356 - val 0.042953
Epoch 3491/10000 - train 0.002712 - val 0.043863
Epoch 3492/10000 - train 0.002322 - val 0.043353
Epoch 3493/10000 - train 0.002278 - val 0.042992
Epoch 3494/10000 - train 0.002680 - val 0.043407
Epoch 3495/10000 - train 0.002253 - val 0.043038
Epoch 3496/10000 - train 0.002601 - val 0.043307
Epoch 3497/10000 - train 0.002420 - val 0.043982
Epoch 3498/10000 - train 0.002997 - val 0.045148
Epoch 3499/10000 - train 0.003189 - val 0.043619
Epoch 3500/10000 - train 0.002239 - val 0.043375
Epoch 3501/10000 - train 0.002610 - val 0.043048
Epoch 3502/10000 - train 0.003095 - val 0.043708
Epoch 3503/10000 - train 0.021682 - val 0.052237
Epoch 3504/10000 - train 0.007478 - val 0.044160
Epoch 3505/10000 - train 0.004772 - val 0.043664
Epoch 3506/10000 - train 0.002515 - val 0.042508
Epoch 3507/10000 - train 0.002205 - val 0.043055
Epoch 3508/10000 - train 0.002126 - val 0.042958
Epoch 3509/10000 - train 0.002078 - val 0.042771
Epoch 3510/10000 - train 0.002026 - val 0.042902
Epoch 3511/10000 - train 0.002192 - val 0.044853
Epoch 3512/10000 - train 0.002220 - val 0.042942
Epoch 3513/10000 - train 0.002107 - val 0.042826
Epoch 3514/10000 - train 0.002079 - val 0.042904
Epoch 3515/10000 - train 0.002309 - val 0.042993
Epoch 3516/10000 - train 0.002116 - val 0.043133
Epoch 3517/10000 - train 0.002309 - val 0.043311
Epoch 3518/10000 - train 0.002339 - val 0.042855
Epoch 3519/10000 - train 0.002184 - val 0.042998
Epoch 3520/10000 - train 0.002205 - val 0.044781
Epoch 3521/10000 - train 0.002670 - val 0.043225
Epoch 3522/10000 - train 0.002350 - val 0.043413
Epoch 3523/10000 - train 0.002692 - val 0.043066
Epoch 3524/10000 - train 0.002382 - val 0.045037
Epoch 3525/10000 - train 0.003535 - val 0.046158
Epoch 3526/10000 - train 0.003013 - val 0.043102
Epoch 3527/10000 - train 0.002541 - val 0.043816
Epoch 3528/10000 - train 0.002293 - val 0.043492
Epoch 3529/10000 - train 0.002458 - val 0.042950
Epoch 3530/10000 - train 0.002632 - val 0.043298
Epoch 3531/10000 - train 0.002260 - val 0.043230
Epoch 3532/10000 - train 0.002338 - val 0.043696
Epoch 3533/10000 - train 0.059484 - val 0.073544
Epoch 3534/10000 - train 0.027884 - val 0.049161
Epoch 3535/10000 - train 0.012356 - val 0.045894
Epoch 3536/10000 - train 0.007655 - val 0.044996
Epoch 3537/10000 - train 0.005892 - val 0.042934
Epoch 3538/10000 - train 0.005317 - val 0.042568
Epoch 3539/10000 - train 0.004409 - val 0.042738
Epoch 3540/10000 - train 0.003988 - val 0.042680
Epoch 3541/10000 - train 0.003904 - val 0.042149
Epoch 3542/10000 - train 0.003664 - val 0.042479
Epoch 3543/10000 - train 0.003534 - val 0.042924
Epoch 3544/10000 - train 0.003481 - val 0.043469
Epoch 3545/10000 - train 0.003457 - val 0.042639
Epoch 3546/10000 - train 0.003342 - val 0.042294
Epoch 3547/10000 - train 0.003265 - val 0.042785
Epoch 3548/10000 - train 0.003214 - val 0.041863
Epoch 3549/10000 - train 0.003229 - val 0.042667
Epoch 3550/10000 - train 0.003217 - val 0.042634
Epoch 3551/10000 - train 0.003188 - val 0.042779
Epoch 3552/10000 - train 0.003221 - val 0.042683
Epoch 3553/10000 - train 0.003099 - val 0.041922
Epoch 3554/10000 - train 0.003307 - val 0.042623
Epoch 3555/10000 - train 0.003134 - val 0.042902
Epoch 3556/10000 - train 0.003639 - val 0.045336
Epoch 3557/10000 - train 0.003387 - val 0.043364
Epoch 3558/10000 - train 0.003223 - val 0.047024
Epoch 3559/10000 - train 0.015897 - val 0.047632
Epoch 3560/10000 - train 0.004734 - val 0.043066
Epoch 3561/10000 - train 0.004362 - val 0.043086
Epoch 3562/10000 - train 0.002940 - val 0.042491
Epoch 3563/10000 - train 0.002791 - val 0.042689
Epoch 3564/10000 - train 0.002682 - val 0.042546
Epoch 3565/10000 - train 0.002754 - val 0.042957
Epoch 3566/10000 - train 0.002752 - val 0.042900
Epoch 3567/10000 - train 0.002994 - val 0.042987
Epoch 3568/10000 - train 0.002766 - val 0.042803
Epoch 3569/10000 - train 0.002753 - val 0.042840
Epoch 3570/10000 - train 0.003058 - val 0.042742
Epoch 3571/10000 - train 0.002731 - val 0.042757
Epoch 3572/10000 - train 0.002792 - val 0.042857
Epoch 3573/10000 - train 0.002958 - val 0.043999
Epoch 3574/10000 - train 0.002772 - val 0.042622
Epoch 3575/10000 - train 0.002636 - val 0.042677
Epoch 3576/10000 - train 0.003153 - val 0.043462
Epoch 3577/10000 - train 0.003022 - val 0.043188
Epoch 3578/10000 - train 0.002733 - val 0.042666
Epoch 3579/10000 - train 0.003230 - val 0.043377
Epoch 3580/10000 - train 0.003012 - val 0.043107
Epoch 3581/10000 - train 0.003115 - val 0.042870
Epoch 3582/10000 - train 0.003152 - val 0.043840
Epoch 3583/10000 - train 0.002990 - val 0.043793
Epoch 3584/10000 - train 0.002951 - val 0.044171
Epoch 3585/10000 - train 0.003583 - val 0.044042
Epoch 3586/10000 - train 0.002899 - val 0.042901
Epoch 3587/10000 - train 0.002976 - val 0.043776
Epoch 3588/10000 - train 0.024280 - val 0.047295
Epoch 3589/10000 - train 0.006774 - val 0.043619
Epoch 3590/10000 - train 0.006531 - val 0.043256
Epoch 3591/10000 - train 0.002846 - val 0.042721
Epoch 3592/10000 - train 0.002533 - val 0.042640
Epoch 3593/10000 - train 0.002398 - val 0.042761
Epoch 3594/10000 - train 0.002399 - val 0.042625
Epoch 3595/10000 - train 0.002384 - val 0.042674
Epoch 3596/10000 - train 0.002395 - val 0.042271
Epoch 3597/10000 - train 0.002280 - val 0.042794
Epoch 3598/10000 - train 0.002384 - val 0.042752
Epoch 3599/10000 - train 0.002400 - val 0.042657
Epoch 3600/10000 - train 0.002436 - val 0.042611
Epoch 3601/10000 - train 0.002547 - val 0.042682
Epoch 3602/10000 - train 0.002476 - val 0.042727
Epoch 3603/10000 - train 0.002434 - val 0.042457
Epoch 3604/10000 - train 0.002537 - val 0.042545
Epoch 3605/10000 - train 0.002480 - val 0.042508
Epoch 3606/10000 - train 0.002524 - val 0.042931
Epoch 3607/10000 - train 0.002867 - val 0.042577
Epoch 3608/10000 - train 0.002702 - val 0.042461
Epoch 3609/10000 - train 0.002654 - val 0.042610
Epoch 3610/10000 - train 0.002568 - val 0.042914
Epoch 3611/10000 - train 0.002514 - val 0.043078
Epoch 3612/10000 - train 0.003046 - val 0.042876
Epoch 3613/10000 - train 0.002547 - val 0.042826
Epoch 3614/10000 - train 0.003232 - val 0.042616
Epoch 3615/10000 - train 0.002663 - val 0.042795
Epoch 3616/10000 - train 0.003403 - val 0.043156
Epoch 3617/10000 - train 0.003282 - val 0.043006
Epoch 3618/10000 - train 0.002774 - val 0.043193
Epoch 3619/10000 - train 0.002931 - val 0.042601
Epoch 3620/10000 - train 0.002553 - val 0.042642
Epoch 3621/10000 - train 0.002490 - val 0.042594
Epoch 3622/10000 - train 0.003314 - val 0.043131
Epoch 3623/10000 - train 0.002749 - val 0.043242
Epoch 3624/10000 - train 0.002783 - val 0.043241
Epoch 3625/10000 - train 0.002814 - val 0.043053
Epoch 3626/10000 - train 0.012782 - val 0.055292
Epoch 3627/10000 - train 0.014549 - val 0.043778
Epoch 3628/10000 - train 0.006669 - val 0.044981
Epoch 3629/10000 - train 0.003369 - val 0.042373
Epoch 3630/10000 - train 0.002483 - val 0.042536
Epoch 3631/10000 - train 0.002351 - val 0.042659
Epoch 3632/10000 - train 0.002270 - val 0.042504
Epoch 3633/10000 - train 0.002267 - val 0.042312
Epoch 3634/10000 - train 0.002181 - val 0.042648
Epoch 3635/10000 - train 0.002237 - val 0.042523
Epoch 3636/10000 - train 0.002305 - val 0.042500
Epoch 3637/10000 - train 0.002229 - val 0.042506
Epoch 3638/10000 - train 0.002272 - val 0.043489
Epoch 3639/10000 - train 0.002364 - val 0.042413
Epoch 3640/10000 - train 0.002281 - val 0.042486
Epoch 3641/10000 - train 0.002389 - val 0.043285
Epoch 3642/10000 - train 0.002475 - val 0.042651
Epoch 3643/10000 - train 0.002349 - val 0.043051
Epoch 3644/10000 - train 0.002519 - val 0.043126
Epoch 3645/10000 - train 0.002402 - val 0.043528
Epoch 3646/10000 - train 0.002580 - val 0.043092
Epoch 3647/10000 - train 0.003382 - val 0.042686
Epoch 3648/10000 - train 0.002558 - val 0.043256
Epoch 3649/10000 - train 0.002664 - val 0.043371
Epoch 3650/10000 - train 0.002842 - val 0.042640
Epoch 3651/10000 - train 0.002462 - val 0.042521
Epoch 3652/10000 - train 0.002838 - val 0.042989
Epoch 3653/10000 - train 0.002415 - val 0.043226
Epoch 3654/10000 - train 0.002736 - val 0.042441
Epoch 3655/10000 - train 0.003125 - val 0.042574
Epoch 3656/10000 - train 0.002380 - val 0.043133
Epoch 3657/10000 - train 0.002635 - val 0.042695
Epoch 3658/10000 - train 0.002396 - val 0.043888
Epoch 3659/10000 - train 0.022772 - val 0.046103
Epoch 3660/10000 - train 0.005728 - val 0.043431
Epoch 3661/10000 - train 0.003100 - val 0.042301
Epoch 3662/10000 - train 0.002417 - val 0.042254
Epoch 3663/10000 - train 0.002229 - val 0.042714
Epoch 3664/10000 - train 0.002222 - val 0.042165
Epoch 3665/10000 - train 0.002210 - val 0.042573
Epoch 3666/10000 - train 0.002206 - val 0.042921
Epoch 3667/10000 - train 0.002290 - val 0.042508
Epoch 3668/10000 - train 0.002170 - val 0.042345
Epoch 3669/10000 - train 0.002337 - val 0.042870
Epoch 3670/10000 - train 0.002163 - val 0.042820
Epoch 3671/10000 - train 0.002412 - val 0.044204
Epoch 3672/10000 - train 0.002480 - val 0.042374
Epoch 3673/10000 - train 0.002332 - val 0.043389
Epoch 3674/10000 - train 0.002765 - val 0.042641
Epoch 3675/10000 - train 0.002341 - val 0.043379
Epoch 3676/10000 - train 0.002892 - val 0.042838
Epoch 3677/10000 - train 0.002468 - val 0.042919
Epoch 3678/10000 - train 0.002682 - val 0.043013
Epoch 3679/10000 - train 0.003217 - val 0.043137
Epoch 3680/10000 - train 0.002696 - val 0.043041
Epoch 3681/10000 - train 0.002785 - val 0.042806
Epoch 3682/10000 - train 0.002612 - val 0.042620
Epoch 3683/10000 - train 0.002800 - val 0.042966
Epoch 3684/10000 - train 0.002600 - val 0.042718
Epoch 3685/10000 - train 0.002925 - val 0.043023
Epoch 3686/10000 - train 0.002486 - val 0.042983
Epoch 3687/10000 - train 0.002662 - val 0.044181
Epoch 3688/10000 - train 0.010277 - val 0.071907
Epoch 3689/10000 - train 0.025313 - val 0.046398
Epoch 3690/10000 - train 0.007125 - val 0.044366
Epoch 3691/10000 - train 0.003555 - val 0.042285
Epoch 3692/10000 - train 0.002633 - val 0.042215
Epoch 3693/10000 - train 0.002358 - val 0.042214
Epoch 3694/10000 - train 0.002521 - val 0.042267
Epoch 3695/10000 - train 0.002285 - val 0.042279
Epoch 3696/10000 - train 0.002229 - val 0.042810
Epoch 3697/10000 - train 0.002541 - val 0.042545
Epoch 3698/10000 - train 0.002242 - val 0.042535
Epoch 3699/10000 - train 0.002215 - val 0.042667
Epoch 3700/10000 - train 0.002455 - val 0.042576
Epoch 3701/10000 - train 0.002292 - val 0.042506
Epoch 3702/10000 - train 0.002333 - val 0.043729
Epoch 3703/10000 - train 0.002580 - val 0.042979
Epoch 3704/10000 - train 0.002392 - val 0.042752
Epoch 3705/10000 - train 0.002661 - val 0.042700
Epoch 3706/10000 - train 0.002242 - val 0.042912
Epoch 3707/10000 - train 0.002295 - val 0.043777
Epoch 3708/10000 - train 0.002554 - val 0.042651
Epoch 3709/10000 - train 0.002385 - val 0.043193
Epoch 3710/10000 - train 0.002587 - val 0.044148
Epoch 3711/10000 - train 0.002681 - val 0.042181
Epoch 3712/10000 - train 0.002266 - val 0.043054
Epoch 3713/10000 - train 0.002717 - val 0.043577
Epoch 3714/10000 - train 0.002914 - val 0.043376
Epoch 3715/10000 - train 0.003599 - val 0.043211
Epoch 3716/10000 - train 0.002349 - val 0.042436
Epoch 3717/10000 - train 0.002331 - val 0.042520
Epoch 3718/10000 - train 0.002412 - val 0.042703
Epoch 3719/10000 - train 0.003087 - val 0.042521
Epoch 3720/10000 - train 0.023084 - val 0.049512
Epoch 3721/10000 - train 0.008407 - val 0.043541
Epoch 3722/10000 - train 0.004031 - val 0.043593
Epoch 3723/10000 - train 0.002561 - val 0.042251
Epoch 3724/10000 - train 0.002156 - val 0.042525
Epoch 3725/10000 - train 0.002073 - val 0.042403
Epoch 3726/10000 - train 0.002087 - val 0.042353
Epoch 3727/10000 - train 0.002277 - val 0.042535
Epoch 3728/10000 - train 0.002113 - val 0.042711
Epoch 3729/10000 - train 0.002062 - val 0.042618
Epoch 3730/10000 - train 0.002374 - val 0.043380
Epoch 3731/10000 - train 0.002228 - val 0.042678
Epoch 3732/10000 - train 0.002126 - val 0.042502
Epoch 3733/10000 - train 0.002058 - val 0.042518
Epoch 3734/10000 - train 0.002231 - val 0.042871
Epoch 3735/10000 - train 0.002076 - val 0.042547
Epoch 3736/10000 - train 0.002379 - val 0.042437
Epoch 3737/10000 - train 0.002071 - val 0.042844
Epoch 3738/10000 - train 0.002696 - val 0.042789
Epoch 3739/10000 - train 0.002255 - val 0.043167
Epoch 3740/10000 - train 0.002210 - val 0.042881
Epoch 3741/10000 - train 0.002694 - val 0.043058
Epoch 3742/10000 - train 0.002436 - val 0.042943
Epoch 3743/10000 - train 0.002524 - val 0.043088
Epoch 3744/10000 - train 0.002356 - val 0.042811
Epoch 3745/10000 - train 0.002597 - val 0.043148
Epoch 3746/10000 - train 0.002373 - val 0.043338
Epoch 3747/10000 - train 0.002758 - val 0.043105
Epoch 3748/10000 - train 0.002586 - val 0.045832
Epoch 3749/10000 - train 0.002791 - val 0.042654
Epoch 3750/10000 - train 0.002244 - val 0.042664
Epoch 3751/10000 - train 0.002383 - val 0.043126
Epoch 3752/10000 - train 0.002860 - val 0.042773
Epoch 3753/10000 - train 0.002808 - val 0.042871
Epoch 3754/10000 - train 0.002288 - val 0.043392
Epoch 3755/10000 - train 0.002404 - val 0.043120
Epoch 3756/10000 - train 0.004233 - val 0.050711
Epoch 3757/10000 - train 0.030592 - val 0.052322
Epoch 3758/10000 - train 0.009879 - val 0.043678
Epoch 3759/10000 - train 0.004001 - val 0.043941
Epoch 3760/10000 - train 0.002799 - val 0.042428
Epoch 3761/10000 - train 0.002305 - val 0.042016
Epoch 3762/10000 - train 0.002394 - val 0.042615
Epoch 3763/10000 - train 0.002244 - val 0.042498
Epoch 3764/10000 - train 0.002092 - val 0.042107
Epoch 3765/10000 - train 0.002006 - val 0.042272
Epoch 3766/10000 - train 0.002388 - val 0.042594
Epoch 3767/10000 - train 0.002054 - val 0.042396
Epoch 3768/10000 - train 0.002116 - val 0.042404
Epoch 3769/10000 - train 0.002067 - val 0.042808
Epoch 3770/10000 - train 0.002472 - val 0.042767
Epoch 3771/10000 - train 0.002103 - val 0.042428
Epoch 3772/10000 - train 0.002229 - val 0.042711
Epoch 3773/10000 - train 0.002137 - val 0.042467
Epoch 3774/10000 - train 0.002576 - val 0.043029
Epoch 3775/10000 - train 0.002198 - val 0.042940
Epoch 3776/10000 - train 0.002228 - val 0.042569
Epoch 3777/10000 - train 0.002352 - val 0.043725
Epoch 3778/10000 - train 0.002643 - val 0.045086
Epoch 3779/10000 - train 0.002414 - val 0.042939
Epoch 3780/10000 - train 0.002256 - val 0.042923
Epoch 3781/10000 - train 0.002313 - val 0.043341
Epoch 3782/10000 - train 0.002836 - val 0.044014
Epoch 3783/10000 - train 0.002605 - val 0.043559
Epoch 3784/10000 - train 0.002586 - val 0.042927
Epoch 3785/10000 - train 0.002414 - val 0.042833
Epoch 3786/10000 - train 0.002527 - val 0.043828
Epoch 3787/10000 - train 0.011561 - val 0.044844
Epoch 3788/10000 - train 0.003746 - val 0.042517
Epoch 3789/10000 - train 0.002524 - val 0.042816
Epoch 3790/10000 - train 0.002207 - val 0.042118
Epoch 3791/10000 - train 0.002063 - val 0.042632
Epoch 3792/10000 - train 0.002076 - val 0.042744
Epoch 3793/10000 - train 0.002139 - val 0.042487
Epoch 3794/10000 - train 0.002110 - val 0.043147
Epoch 3795/10000 - train 0.002100 - val 0.042929
Epoch 3796/10000 - train 0.002625 - val 0.042795
Epoch 3797/10000 - train 0.002141 - val 0.042468
Epoch 3798/10000 - train 0.002163 - val 0.043029
Epoch 3799/10000 - train 0.002304 - val 0.042270
Epoch 3800/10000 - train 0.002935 - val 0.042750
Epoch 3801/10000 - train 0.002264 - val 0.042873
Epoch 3802/10000 - train 0.002170 - val 0.043986
Epoch 3803/10000 - train 0.002490 - val 0.042751
Epoch 3804/10000 - train 0.002523 - val 0.043297
Epoch 3805/10000 - train 0.003237 - val 0.043670
Epoch 3806/10000 - train 0.002510 - val 0.043405
Epoch 3807/10000 - train 0.002338 - val 0.043887
Epoch 3808/10000 - train 0.002745 - val 0.042990
Epoch 3809/10000 - train 0.002556 - val 0.043286
Epoch 3810/10000 - train 0.032882 - val 0.052497
Epoch 3811/10000 - train 0.007822 - val 0.042860
Epoch 3812/10000 - train 0.003400 - val 0.042714
Epoch 3813/10000 - train 0.002527 - val 0.042671
Epoch 3814/10000 - train 0.002275 - val 0.042254
Epoch 3815/10000 - train 0.002097 - val 0.042477
Epoch 3816/10000 - train 0.002016 - val 0.042277
Epoch 3817/10000 - train 0.002019 - val 0.042411
Epoch 3818/10000 - train 0.002024 - val 0.042780
Epoch 3819/10000 - train 0.002014 - val 0.042680
Epoch 3820/10000 - train 0.002113 - val 0.042292
Epoch 3821/10000 - train 0.002133 - val 0.043908
Epoch 3822/10000 - train 0.002168 - val 0.042776
Epoch 3823/10000 - train 0.002065 - val 0.042638
Epoch 3824/10000 - train 0.002088 - val 0.042613
Epoch 3825/10000 - train 0.002310 - val 0.042639
Epoch 3826/10000 - train 0.002158 - val 0.042601
Epoch 3827/10000 - train 0.002633 - val 0.042696
Epoch 3828/10000 - train 0.002150 - val 0.043025
Epoch 3829/10000 - train 0.002263 - val 0.042608
Epoch 3830/10000 - train 0.002186 - val 0.042821
Epoch 3831/10000 - train 0.002532 - val 0.042940
Epoch 3832/10000 - train 0.002179 - val 0.043162
Epoch 3833/10000 - train 0.002931 - val 0.043951
Epoch 3834/10000 - train 0.002961 - val 0.043699
Epoch 3835/10000 - train 0.002402 - val 0.042725
Epoch 3836/10000 - train 0.002737 - val 0.043291
Epoch 3837/10000 - train 0.002242 - val 0.043099
Epoch 3838/10000 - train 0.003004 - val 0.042624
Epoch 3839/10000 - train 0.002618 - val 0.043324
Epoch 3840/10000 - train 0.002572 - val 0.042904
Epoch 3841/10000 - train 0.002212 - val 0.042672
Epoch 3842/10000 - train 0.026298 - val 0.094502
Epoch 3843/10000 - train 0.023700 - val 0.048242
Epoch 3844/10000 - train 0.006324 - val 0.043858
Epoch 3845/10000 - train 0.003626 - val 0.043022
Epoch 3846/10000 - train 0.003261 - val 0.042922
Epoch 3847/10000 - train 0.002595 - val 0.043434
Epoch 3848/10000 - train 0.002509 - val 0.042748
Epoch 3849/10000 - train 0.002634 - val 0.043045
Epoch 3850/10000 - train 0.002295 - val 0.042871
Epoch 3851/10000 - train 0.002259 - val 0.042391
Epoch 3852/10000 - train 0.002439 - val 0.042919
Epoch 3853/10000 - train 0.002220 - val 0.042845
Epoch 3854/10000 - train 0.002159 - val 0.042744
Epoch 3855/10000 - train 0.002333 - val 0.042989
Epoch 3856/10000 - train 0.002209 - val 0.043159
Epoch 3857/10000 - train 0.002166 - val 0.042637
Epoch 3858/10000 - train 0.002391 - val 0.043056
Epoch 3859/10000 - train 0.002246 - val 0.043068
Epoch 3860/10000 - train 0.002423 - val 0.042842
Epoch 3861/10000 - train 0.002254 - val 0.042942
Epoch 3862/10000 - train 0.002535 - val 0.042836
Epoch 3863/10000 - train 0.002186 - val 0.043052
Epoch 3864/10000 - train 0.002760 - val 0.043116
Epoch 3865/10000 - train 0.002268 - val 0.043019
Epoch 3866/10000 - train 0.002393 - val 0.043370
Epoch 3867/10000 - train 0.002396 - val 0.043498
Epoch 3868/10000 - train 0.002922 - val 0.043203
Epoch 3869/10000 - train 0.002380 - val 0.042753
Epoch 3870/10000 - train 0.002673 - val 0.043408
Epoch 3871/10000 - train 0.002461 - val 0.042520
Epoch 3872/10000 - train 0.002578 - val 0.043083
Epoch 3873/10000 - train 0.002211 - val 0.042679
Epoch 3874/10000 - train 0.002852 - val 0.043121
Epoch 3875/10000 - train 0.002338 - val 0.045632
Epoch 3876/10000 - train 0.003269 - val 0.043179
Epoch 3877/10000 - train 0.002480 - val 0.043615
Epoch 3878/10000 - train 0.002499 - val 0.043832
Epoch 3879/10000 - train 0.002908 - val 0.042613
Epoch 3880/10000 - train 0.002549 - val 0.042937
Epoch 3881/10000 - train 0.002422 - val 0.043253
Epoch 3882/10000 - train 0.002375 - val 0.042835
Epoch 3883/10000 - train 0.002675 - val 0.042946
Epoch 3884/10000 - train 0.002814 - val 0.043657
Epoch 3885/10000 - train 0.003409 - val 0.054592
Epoch 3886/10000 - train 0.017827 - val 0.044248
Epoch 3887/10000 - train 0.005434 - val 0.043646
Epoch 3888/10000 - train 0.002850 - val 0.042356
Epoch 3889/10000 - train 0.002312 - val 0.042442
Epoch 3890/10000 - train 0.002063 - val 0.042282
Epoch 3891/10000 - train 0.002039 - val 0.042278
Epoch 3892/10000 - train 0.002053 - val 0.042421
Epoch 3893/10000 - train 0.002166 - val 0.042826
Epoch 3894/10000 - train 0.002043 - val 0.042665
Epoch 3895/10000 - train 0.002278 - val 0.042567
Epoch 3896/10000 - train 0.002130 - val 0.043786
Epoch 3897/10000 - train 0.002262 - val 0.042552
Epoch 3898/10000 - train 0.002172 - val 0.043673
Epoch 3899/10000 - train 0.002557 - val 0.042493
Epoch 3900/10000 - train 0.002172 - val 0.042756
Epoch 3901/10000 - train 0.002430 - val 0.044733
Epoch 3902/10000 - train 0.002864 - val 0.043174
Epoch 3903/10000 - train 0.002268 - val 0.044251
Epoch 3904/10000 - train 0.002757 - val 0.043463
Epoch 3905/10000 - train 0.002779 - val 0.042751
Epoch 3906/10000 - train 0.002099 - val 0.042701
Epoch 3907/10000 - train 0.002616 - val 0.043548
Epoch 3908/10000 - train 0.002490 - val 0.042959
Epoch 3909/10000 - train 0.002375 - val 0.043567
Epoch 3910/10000 - train 0.006005 - val 0.074902
Epoch 3911/10000 - train 0.021421 - val 0.047243
Epoch 3912/10000 - train 0.005908 - val 0.044321
Epoch 3913/10000 - train 0.004959 - val 0.042191
Epoch 3914/10000 - train 0.002394 - val 0.042468
Epoch 3915/10000 - train 0.002098 - val 0.042520
Epoch 3916/10000 - train 0.002012 - val 0.042425
Epoch 3917/10000 - train 0.001974 - val 0.042217
Epoch 3918/10000 - train 0.001953 - val 0.042170
Epoch 3919/10000 - train 0.001958 - val 0.042230
Epoch 3920/10000 - train 0.001954 - val 0.042194
Epoch 3921/10000 - train 0.002022 - val 0.042331
Epoch 3922/10000 - train 0.002021 - val 0.042251
Epoch 3923/10000 - train 0.002047 - val 0.042209
Epoch 3924/10000 - train 0.002054 - val 0.042567
Epoch 3925/10000 - train 0.002291 - val 0.043145
Epoch 3926/10000 - train 0.002208 - val 0.042214
Epoch 3927/10000 - train 0.002167 - val 0.042818
Epoch 3928/10000 - train 0.002403 - val 0.043174
Epoch 3929/10000 - train 0.002169 - val 0.042513
Epoch 3930/10000 - train 0.002562 - val 0.042965
Epoch 3931/10000 - train 0.002305 - val 0.042696
Epoch 3932/10000 - train 0.002193 - val 0.042488
Epoch 3933/10000 - train 0.002296 - val 0.042444
Epoch 3934/10000 - train 0.002376 - val 0.042796
Epoch 3935/10000 - train 0.002673 - val 0.043993
Epoch 3936/10000 - train 0.002777 - val 0.042854
Epoch 3937/10000 - train 0.002727 - val 0.042994
Epoch 3938/10000 - train 0.002245 - val 0.042722
Epoch 3939/10000 - train 0.002593 - val 0.045159
Epoch 3940/10000 - train 0.020517 - val 0.048025
Epoch 3941/10000 - train 0.005961 - val 0.043806
Epoch 3942/10000 - train 0.003169 - val 0.042743
Epoch 3943/10000 - train 0.002451 - val 0.042677
Epoch 3944/10000 - train 0.002231 - val 0.042261
Epoch 3945/10000 - train 0.002049 - val 0.042432
Epoch 3946/10000 - train 0.002026 - val 0.042122
Epoch 3947/10000 - train 0.002095 - val 0.042464
Epoch 3948/10000 - train 0.002050 - val 0.042343
Epoch 3949/10000 - train 0.002217 - val 0.042658
Epoch 3950/10000 - train 0.002240 - val 0.043799
Epoch 3951/10000 - train 0.002197 - val 0.042422
Epoch 3952/10000 - train 0.002030 - val 0.042928
Epoch 3953/10000 - train 0.002299 - val 0.042931
Epoch 3954/10000 - train 0.002658 - val 0.043243
Epoch 3955/10000 - train 0.002317 - val 0.042645
Epoch 3956/10000 - train 0.002359 - val 0.042739
Epoch 3957/10000 - train 0.002193 - val 0.042290
Epoch 3958/10000 - train 0.017462 - val 0.053630
Epoch 3959/10000 - train 0.008001 - val 0.043286
Epoch 3960/10000 - train 0.005780 - val 0.043237
Epoch 3961/10000 - train 0.002437 - val 0.042650
Epoch 3962/10000 - train 0.002161 - val 0.042580
Epoch 3963/10000 - train 0.002046 - val 0.042311
Epoch 3964/10000 - train 0.002030 - val 0.042199
Epoch 3965/10000 - train 0.002004 - val 0.042331
Epoch 3966/10000 - train 0.001999 - val 0.042189
Epoch 3967/10000 - train 0.001951 - val 0.042954
Epoch 3968/10000 - train 0.002031 - val 0.042320
Epoch 3969/10000 - train 0.002082 - val 0.042597
Epoch 3970/10000 - train 0.002461 - val 0.042711
Epoch 3971/10000 - train 0.002033 - val 0.042606
Epoch 3972/10000 - train 0.002126 - val 0.042879
Epoch 3973/10000 - train 0.002426 - val 0.042939
Epoch 3974/10000 - train 0.002091 - val 0.043037
Epoch 3975/10000 - train 0.002555 - val 0.042647
Epoch 3976/10000 - train 0.002297 - val 0.042613
Epoch 3977/10000 - train 0.002079 - val 0.042931
Epoch 3978/10000 - train 0.002531 - val 0.042833
Epoch 3979/10000 - train 0.002222 - val 0.043161
Epoch 3980/10000 - train 0.002823 - val 0.043133
Epoch 3981/10000 - train 0.002420 - val 0.043627
Epoch 3982/10000 - train 0.002398 - val 0.044276
Epoch 3983/10000 - train 0.002755 - val 0.042751
Epoch 3984/10000 - train 0.002177 - val 0.042760
Epoch 3985/10000 - train 0.002251 - val 0.043927
Epoch 3986/10000 - train 0.002544 - val 0.043386
Epoch 3987/10000 - train 0.014826 - val 0.048194
Epoch 3988/10000 - train 0.006345 - val 0.042312
Epoch 3989/10000 - train 0.004220 - val 0.042238
Epoch 3990/10000 - train 0.002317 - val 0.042480
Epoch 3991/10000 - train 0.002102 - val 0.041926
Epoch 3992/10000 - train 0.002027 - val 0.042350
Epoch 3993/10000 - train 0.002031 - val 0.042378
Epoch 3994/10000 - train 0.002193 - val 0.042707
Epoch 3995/10000 - train 0.002001 - val 0.042206
Epoch 3996/10000 - train 0.002282 - val 0.042603
Epoch 3997/10000 - train 0.002091 - val 0.042275
Epoch 3998/10000 - train 0.001978 - val 0.042615
Epoch 3999/10000 - train 0.002164 - val 0.042468
Epoch 4000/10000 - train 0.002393 - val 0.042484
Epoch 4001/10000 - train 0.001979 - val 0.042796
Epoch 4002/10000 - train 0.002218 - val 0.042507
Epoch 4003/10000 - train 0.002381 - val 0.042787
Epoch 4004/10000 - train 0.002234 - val 0.042565
Epoch 4005/10000 - train 0.002102 - val 0.042726
Epoch 4006/10000 - train 0.002662 - val 0.042474
Epoch 4007/10000 - train 0.002287 - val 0.042764
Epoch 4008/10000 - train 0.029524 - val 0.053942
Epoch 4009/10000 - train 0.011040 - val 0.044131
Epoch 4010/10000 - train 0.004633 - val 0.042430
Epoch 4011/10000 - train 0.002590 - val 0.041983
Epoch 4012/10000 - train 0.002173 - val 0.042192
Epoch 4013/10000 - train 0.002079 - val 0.042142
Epoch 4014/10000 - train 0.002313 - val 0.042489
Epoch 4015/10000 - train 0.002007 - val 0.042100
Epoch 4016/10000 - train 0.001946 - val 0.042275
Epoch 4017/10000 - train 0.002040 - val 0.043362
Epoch 4018/10000 - train 0.002137 - val 0.042248
Epoch 4019/10000 - train 0.001963 - val 0.042218
Epoch 4020/10000 - train 0.001992 - val 0.044160
Epoch 4021/10000 - train 0.002410 - val 0.042379
Epoch 4022/10000 - train 0.002004 - val 0.042411
Epoch 4023/10000 - train 0.002131 - val 0.042511
Epoch 4024/10000 - train 0.002566 - val 0.042649
Epoch 4025/10000 - train 0.002234 - val 0.042918
Epoch 4026/10000 - train 0.002230 - val 0.044412
Epoch 4027/10000 - train 0.002362 - val 0.042155
Epoch 4028/10000 - train 0.002068 - val 0.043220
Epoch 4029/10000 - train 0.002364 - val 0.042911
Epoch 4030/10000 - train 0.002126 - val 0.042601
Epoch 4031/10000 - train 0.002197 - val 0.042663
Epoch 4032/10000 - train 0.002888 - val 0.042938
Epoch 4033/10000 - train 0.002256 - val 0.042985
Epoch 4034/10000 - train 0.002197 - val 0.042478
Epoch 4035/10000 - train 0.002659 - val 0.042970
Epoch 4036/10000 - train 0.002353 - val 0.042696
Epoch 4037/10000 - train 0.002263 - val 0.042829
Epoch 4038/10000 - train 0.002664 - val 0.046147
Epoch 4039/10000 - train 0.025893 - val 0.050352
Epoch 4040/10000 - train 0.007531 - val 0.049925
Epoch 4041/10000 - train 0.004222 - val 0.042457
Epoch 4042/10000 - train 0.002271 - val 0.042254
Epoch 4043/10000 - train 0.002111 - val 0.042119
Epoch 4044/10000 - train 0.001975 - val 0.041999
Epoch 4045/10000 - train 0.002109 - val 0.042724
Epoch 4046/10000 - train 0.002028 - val 0.042321
Epoch 4047/10000 - train 0.001935 - val 0.042321
Epoch 4048/10000 - train 0.001900 - val 0.042427
Epoch 4049/10000 - train 0.002131 - val 0.042318
Epoch 4050/10000 - train 0.001878 - val 0.042551
Epoch 4051/10000 - train 0.001925 - val 0.043880
Epoch 4052/10000 - train 0.002272 - val 0.042560
Epoch 4053/10000 - train 0.002066 - val 0.042229
Epoch 4054/10000 - train 0.002002 - val 0.042813
Epoch 4055/10000 - train 0.002330 - val 0.042357
Epoch 4056/10000 - train 0.002103 - val 0.042179
Epoch 4057/10000 - train 0.002383 - val 0.042766
Epoch 4058/10000 - train 0.002013 - val 0.042842
Epoch 4059/10000 - train 0.002612 - val 0.042754
Epoch 4060/10000 - train 0.002133 - val 0.042868
Epoch 4061/10000 - train 0.002222 - val 0.042665
Epoch 4062/10000 - train 0.002482 - val 0.043065
Epoch 4063/10000 - train 0.002284 - val 0.042432
Epoch 4064/10000 - train 0.002317 - val 0.043351
Epoch 4065/10000 - train 0.002549 - val 0.043698
Epoch 4066/10000 - train 0.002675 - val 0.043087
Epoch 4067/10000 - train 0.002261 - val 0.042581
Epoch 4068/10000 - train 0.019232 - val 0.065807
Epoch 4069/10000 - train 0.013095 - val 0.044709
Epoch 4070/10000 - train 0.004521 - val 0.043008
Epoch 4071/10000 - train 0.002552 - val 0.042063
Epoch 4072/10000 - train 0.002160 - val 0.042186
Epoch 4073/10000 - train 0.002028 - val 0.042374
Epoch 4074/10000 - train 0.002381 - val 0.042604
Epoch 4075/10000 - train 0.001969 - val 0.042081
Epoch 4076/10000 - train 0.001924 - val 0.042420
Epoch 4077/10000 - train 0.001946 - val 0.043491
Epoch 4078/10000 - train 0.002192 - val 0.042199
Epoch 4079/10000 - train 0.001997 - val 0.042450
Epoch 4080/10000 - train 0.002249 - val 0.043240
Epoch 4081/10000 - train 0.002099 - val 0.042497
Epoch 4082/10000 - train 0.002313 - val 0.042741
Epoch 4083/10000 - train 0.002052 - val 0.042335
Epoch 4084/10000 - train 0.002005 - val 0.042492
Epoch 4085/10000 - train 0.002132 - val 0.042713
Epoch 4086/10000 - train 0.002410 - val 0.044668
Epoch 4087/10000 - train 0.002268 - val 0.042208
Epoch 4088/10000 - train 0.002206 - val 0.042253
Epoch 4089/10000 - train 0.002235 - val 0.042525
Epoch 4090/10000 - train 0.002125 - val 0.043854
Epoch 4091/10000 - train 0.002888 - val 0.042804
Epoch 4092/10000 - train 0.002324 - val 0.044309
Epoch 4093/10000 - train 0.002436 - val 0.042612
Epoch 4094/10000 - train 0.002176 - val 0.042976
Epoch 4095/10000 - train 0.002237 - val 0.043885
Epoch 4096/10000 - train 0.002268 - val 0.042764
Epoch 4097/10000 - train 0.002461 - val 0.043287
Epoch 4098/10000 - train 0.002974 - val 0.042745
Epoch 4099/10000 - train 0.005168 - val 0.043349
Epoch 4100/10000 - train 0.002582 - val 0.042555
Epoch 4101/10000 - train 0.002181 - val 0.042499
Epoch 4102/10000 - train 0.002155 - val 0.042855
Epoch 4103/10000 - train 0.002169 - val 0.042668
Epoch 4104/10000 - train 0.002490 - val 0.042832
Epoch 4105/10000 - train 0.002211 - val 0.042404
Epoch 4106/10000 - train 0.002725 - val 0.042732
Epoch 4107/10000 - train 0.002225 - val 0.043768
Epoch 4108/10000 - train 0.003409 - val 0.043022
Epoch 4109/10000 - train 0.002192 - val 0.042401
Epoch 4110/10000 - train 0.002468 - val 0.042500
Epoch 4111/10000 - train 0.002154 - val 0.044234
Epoch 4112/10000 - train 0.002789 - val 0.043011
Epoch 4113/10000 - train 0.023480 - val 0.054290
Epoch 4114/10000 - train 0.006996 - val 0.043617
Epoch 4115/10000 - train 0.005992 - val 0.042430
Epoch 4116/10000 - train 0.002413 - val 0.041770
Epoch 4117/10000 - train 0.002029 - val 0.042159
Epoch 4118/10000 - train 0.001962 - val 0.042266
Epoch 4119/10000 - train 0.001943 - val 0.042038
Epoch 4120/10000 - train 0.001854 - val 0.042332
Epoch 4121/10000 - train 0.001876 - val 0.041995
Epoch 4122/10000 - train 0.001854 - val 0.042567
Epoch 4123/10000 - train 0.001964 - val 0.042059
Epoch 4124/10000 - train 0.001924 - val 0.042413
Epoch 4125/10000 - train 0.001872 - val 0.042186
Epoch 4126/10000 - train 0.002082 - val 0.042573
Epoch 4127/10000 - train 0.001909 - val 0.042399
Epoch 4128/10000 - train 0.002126 - val 0.043234
Epoch 4129/10000 - train 0.002387 - val 0.042375
Epoch 4130/10000 - train 0.002037 - val 0.042249
Epoch 4131/10000 - train 0.002126 - val 0.042502
Epoch 4132/10000 - train 0.002194 - val 0.042979
Epoch 4133/10000 - train 0.002311 - val 0.043412
Epoch 4134/10000 - train 0.002295 - val 0.042583
Epoch 4135/10000 - train 0.002176 - val 0.043432
Epoch 4136/10000 - train 0.002343 - val 0.042457
Epoch 4137/10000 - train 0.002466 - val 0.042679
Epoch 4138/10000 - train 0.002297 - val 0.042515
Epoch 4139/10000 - train 0.002575 - val 0.043092
Epoch 4140/10000 - train 0.002680 - val 0.043256
Epoch 4141/10000 - train 0.003204 - val 0.043257
Epoch 4142/10000 - train 0.002811 - val 0.043178
Epoch 4143/10000 - train 0.002359 - val 0.042555
Epoch 4144/10000 - train 0.002455 - val 0.042659
Epoch 4145/10000 - train 0.002309 - val 0.042570
Epoch 4146/10000 - train 0.003536 - val 0.043767
Epoch 4147/10000 - train 0.002607 - val 0.042815
Epoch 4148/10000 - train 0.002378 - val 0.042441
Epoch 4149/10000 - train 0.002200 - val 0.042286
Epoch 4150/10000 - train 0.002483 - val 0.042777
Epoch 4151/10000 - train 0.014948 - val 0.067866
Epoch 4152/10000 - train 0.012746 - val 0.044037
Epoch 4153/10000 - train 0.004959 - val 0.043702
Epoch 4154/10000 - train 0.002698 - val 0.042133
Epoch 4155/10000 - train 0.002170 - val 0.041939
Epoch 4156/10000 - train 0.001960 - val 0.041960
Epoch 4157/10000 - train 0.001961 - val 0.041846
Epoch 4158/10000 - train 0.001869 - val 0.041787
Epoch 4159/10000 - train 0.002192 - val 0.042326
Epoch 4160/10000 - train 0.001916 - val 0.042095
Epoch 4161/10000 - train 0.001843 - val 0.042199
Epoch 4162/10000 - train 0.001960 - val 0.042195
Epoch 4163/10000 - train 0.002438 - val 0.042642
Epoch 4164/10000 - train 0.002011 - val 0.042446
Epoch 4165/10000 - train 0.002005 - val 0.042526
Epoch 4166/10000 - train 0.002104 - val 0.042634
Epoch 4167/10000 - train 0.002176 - val 0.042949
Epoch 4168/10000 - train 0.002565 - val 0.042290
Epoch 4169/10000 - train 0.002061 - val 0.042477
Epoch 4170/10000 - train 0.002048 - val 0.043244
Epoch 4171/10000 - train 0.002306 - val 0.042802
Epoch 4172/10000 - train 0.002160 - val 0.042900
Epoch 4173/10000 - train 0.002382 - val 0.042433
Epoch 4174/10000 - train 0.002001 - val 0.042673
Epoch 4175/10000 - train 0.002734 - val 0.042809
Epoch 4176/10000 - train 0.002162 - val 0.042675
Epoch 4177/10000 - train 0.002093 - val 0.042180
Epoch 4178/10000 - train 0.002535 - val 0.044124
Epoch 4179/10000 - train 0.002707 - val 0.042815
Epoch 4180/10000 - train 0.002262 - val 0.042475
Epoch 4181/10000 - train 0.002318 - val 0.042452
Epoch 4182/10000 - train 0.002877 - val 0.044070
Epoch 4183/10000 - train 0.019483 - val 0.049734
Epoch 4184/10000 - train 0.005773 - val 0.042517
Epoch 4185/10000 - train 0.002812 - val 0.042496
Epoch 4186/10000 - train 0.002365 - val 0.042390
Epoch 4187/10000 - train 0.002047 - val 0.042050
Epoch 4188/10000 - train 0.001906 - val 0.042177
Epoch 4189/10000 - train 0.001876 - val 0.042886
Epoch 4190/10000 - train 0.002099 - val 0.042187
Epoch 4191/10000 - train 0.001868 - val 0.042155
Epoch 4192/10000 - train 0.002047 - val 0.042495
Epoch 4193/10000 - train 0.001927 - val 0.042211
Epoch 4194/10000 - train 0.001877 - val 0.042440
Epoch 4195/10000 - train 0.002307 - val 0.042261
Epoch 4196/10000 - train 0.001906 - val 0.042697
Epoch 4197/10000 - train 0.002335 - val 0.042242
Epoch 4198/10000 - train 0.001955 - val 0.042745
Epoch 4199/10000 - train 0.002042 - val 0.042513
Epoch 4200/10000 - train 0.002477 - val 0.042490
Epoch 4201/10000 - train 0.002061 - val 0.043031
Epoch 4202/10000 - train 0.002226 - val 0.042371
Epoch 4203/10000 - train 0.002115 - val 0.042749
Epoch 4204/10000 - train 0.002619 - val 0.042205
Epoch 4205/10000 - train 0.001952 - val 0.042176
Epoch 4206/10000 - train 0.002461 - val 0.042754
Epoch 4207/10000 - train 0.002111 - val 0.042479
Epoch 4208/10000 - train 0.002761 - val 0.043002
Epoch 4209/10000 - train 0.002487 - val 0.042684
Epoch 4210/10000 - train 0.002351 - val 0.042791
Epoch 4211/10000 - train 0.002227 - val 0.042411
Epoch 4212/10000 - train 0.002477 - val 0.042781
Epoch 4213/10000 - train 0.004357 - val 0.049273
Epoch 4214/10000 - train 0.015483 - val 0.044972
Epoch 4215/10000 - train 0.005163 - val 0.044218
Epoch 4216/10000 - train 0.003189 - val 0.041659
Epoch 4217/10000 - train 0.002188 - val 0.042031
Epoch 4218/10000 - train 0.002007 - val 0.041571
Epoch 4219/10000 - train 0.001913 - val 0.041816
Epoch 4220/10000 - train 0.002364 - val 0.042116
Epoch 4221/10000 - train 0.001907 - val 0.042089
Epoch 4222/10000 - train 0.001886 - val 0.042309
Epoch 4223/10000 - train 0.001911 - val 0.042530
Epoch 4224/10000 - train 0.002482 - val 0.041995
Epoch 4225/10000 - train 0.001976 - val 0.042104
Epoch 4226/10000 - train 0.001910 - val 0.042032
Epoch 4227/10000 - train 0.001995 - val 0.042107
Epoch 4228/10000 - train 0.002451 - val 0.042623
Epoch 4229/10000 - train 0.002183 - val 0.042240
Epoch 4230/10000 - train 0.002122 - val 0.042974
Epoch 4231/10000 - train 0.002311 - val 0.042338
Epoch 4232/10000 - train 0.002246 - val 0.042261
Epoch 4233/10000 - train 0.002618 - val 0.042494
Epoch 4234/10000 - train 0.002119 - val 0.043428
Epoch 4235/10000 - train 0.031468 - val 0.065999
Epoch 4236/10000 - train 0.015814 - val 0.045516
Epoch 4237/10000 - train 0.004984 - val 0.043760
Epoch 4238/10000 - train 0.003781 - val 0.043188
Epoch 4239/10000 - train 0.002586 - val 0.042667
Epoch 4240/10000 - train 0.002351 - val 0.042342
Epoch 4241/10000 - train 0.002156 - val 0.042356
Epoch 4242/10000 - train 0.002081 - val 0.042505
Epoch 4243/10000 - train 0.002265 - val 0.042652
Epoch 4244/10000 - train 0.002008 - val 0.042543
Epoch 4245/10000 - train 0.001976 - val 0.042234
Epoch 4246/10000 - train 0.002074 - val 0.043542
Epoch 4247/10000 - train 0.002105 - val 0.042551
Epoch 4248/10000 - train 0.001976 - val 0.042264
Epoch 4249/10000 - train 0.002309 - val 0.042747
Epoch 4250/10000 - train 0.002095 - val 0.042497
Epoch 4251/10000 - train 0.002106 - val 0.042392
Epoch 4252/10000 - train 0.002169 - val 0.044810
Epoch 4253/10000 - train 0.002385 - val 0.042534
Epoch 4254/10000 - train 0.002201 - val 0.042441
Epoch 4255/10000 - train 0.002195 - val 0.042459
Epoch 4256/10000 - train 0.002428 - val 0.043236
Epoch 4257/10000 - train 0.002194 - val 0.042358
Epoch 4258/10000 - train 0.002277 - val 0.043830
Epoch 4259/10000 - train 0.002264 - val 0.042357
Epoch 4260/10000 - train 0.002287 - val 0.042425
Epoch 4261/10000 - train 0.002382 - val 0.042801
Epoch 4262/10000 - train 0.002166 - val 0.042742
Epoch 4263/10000 - train 0.002531 - val 0.042992
Epoch 4264/10000 - train 0.002580 - val 0.042584
Epoch 4265/10000 - train 0.002567 - val 0.042238
Epoch 4266/10000 - train 0.002109 - val 0.042593
Epoch 4267/10000 - train 0.002148 - val 0.042642
Epoch 4268/10000 - train 0.002402 - val 0.042963
Epoch 4269/10000 - train 0.002438 - val 0.042823
Epoch 4270/10000 - train 0.002775 - val 0.045263
Epoch 4271/10000 - train 0.003332 - val 0.042426
Epoch 4272/10000 - train 0.002575 - val 0.042865
Epoch 4273/10000 - train 0.002228 - val 0.042493
Epoch 4274/10000 - train 0.002219 - val 0.042688
Epoch 4275/10000 - train 0.002724 - val 0.042141
Epoch 4276/10000 - train 0.002258 - val 0.042274
Epoch 4277/10000 - train 0.002953 - val 0.043191
Epoch 4278/10000 - train 0.002536 - val 0.042794
Epoch 4279/10000 - train 0.002406 - val 0.043324
Epoch 4280/10000 - train 0.002581 - val 0.043081
Epoch 4281/10000 - train 0.021616 - val 0.047846
Epoch 4282/10000 - train 0.005688 - val 0.042863
Epoch 4283/10000 - train 0.002771 - val 0.042416
Epoch 4284/10000 - train 0.002569 - val 0.042281
Epoch 4285/10000 - train 0.002053 - val 0.042087
Epoch 4286/10000 - train 0.001900 - val 0.041940
Epoch 4287/10000 - train 0.001918 - val 0.041865
Epoch 4288/10000 - train 0.002187 - val 0.042233
Epoch 4289/10000 - train 0.001870 - val 0.041984
Epoch 4290/10000 - train 0.001885 - val 0.042305
Epoch 4291/10000 - train 0.002187 - val 0.043053
Epoch 4292/10000 - train 0.002016 - val 0.042146
Epoch 4293/10000 - train 0.002031 - val 0.042335
Epoch 4294/10000 - train 0.001914 - val 0.042300
Epoch 4295/10000 - train 0.002231 - val 0.042138
Epoch 4296/10000 - train 0.001994 - val 0.042243
Epoch 4297/10000 - train 0.002086 - val 0.043443
Epoch 4298/10000 - train 0.002495 - val 0.042302
Epoch 4299/10000 - train 0.002120 - val 0.042321
Epoch 4300/10000 - train 0.002407 - val 0.042337
Epoch 4301/10000 - train 0.002208 - val 0.042952
Epoch 4302/10000 - train 0.002399 - val 0.042633
Epoch 4303/10000 - train 0.002730 - val 0.042612
Epoch 4304/10000 - train 0.002170 - val 0.042733
Epoch 4305/10000 - train 0.002030 - val 0.043024
Epoch 4306/10000 - train 0.002650 - val 0.042324
Epoch 4307/10000 - train 0.002495 - val 0.042807
Epoch 4308/10000 - train 0.002876 - val 0.042604
Epoch 4309/10000 - train 0.002481 - val 0.042534
Epoch 4310/10000 - train 0.002128 - val 0.042537
Epoch 4311/10000 - train 0.002309 - val 0.043606
Epoch 4312/10000 - train 0.002869 - val 0.042689
Epoch 4313/10000 - train 0.002876 - val 0.045701
Epoch 4314/10000 - train 0.003507 - val 0.042580
Epoch 4315/10000 - train 0.002450 - val 0.042117
Epoch 4316/10000 - train 0.002169 - val 0.042710
Epoch 4317/10000 - train 0.002201 - val 0.043509
Epoch 4318/10000 - train 0.002467 - val 0.042212
Epoch 4319/10000 - train 0.002356 - val 0.042598
Epoch 4320/10000 - train 0.017263 - val 0.056155
Epoch 4321/10000 - train 0.010260 - val 0.044319
Epoch 4322/10000 - train 0.003587 - val 0.042184
Epoch 4323/10000 - train 0.002552 - val 0.042000
Epoch 4324/10000 - train 0.002103 - val 0.041794
Epoch 4325/10000 - train 0.002119 - val 0.042727
Epoch 4326/10000 - train 0.001965 - val 0.041874
Epoch 4327/10000 - train 0.001894 - val 0.041946
Epoch 4328/10000 - train 0.001864 - val 0.042158
Epoch 4329/10000 - train 0.002254 - val 0.041930
Epoch 4330/10000 - train 0.001831 - val 0.041822
Epoch 4331/10000 - train 0.001884 - val 0.042052
Epoch 4332/10000 - train 0.002342 - val 0.042355
Epoch 4333/10000 - train 0.001972 - val 0.041911
Epoch 4334/10000 - train 0.002048 - val 0.043437
Epoch 4335/10000 - train 0.002244 - val 0.042050
Epoch 4336/10000 - train 0.002492 - val 0.042658
Epoch 4337/10000 - train 0.002121 - val 0.042015
Epoch 4338/10000 - train 0.002002 - val 0.042294
Epoch 4339/10000 - train 0.002028 - val 0.042746
Epoch 4340/10000 - train 0.002315 - val 0.042771
Epoch 4341/10000 - train 0.002297 - val 0.042254
Epoch 4342/10000 - train 0.002120 - val 0.042866
Epoch 4343/10000 - train 0.002343 - val 0.043000
Epoch 4344/10000 - train 0.003022 - val 0.042389
Epoch 4345/10000 - train 0.002218 - val 0.044056
Epoch 4346/10000 - train 0.003303 - val 0.042331
Epoch 4347/10000 - train 0.002157 - val 0.043359
Epoch 4348/10000 - train 0.002711 - val 0.042355
Epoch 4349/10000 - train 0.002706 - val 0.042013
Epoch 4350/10000 - train 0.002081 - val 0.042351
Epoch 4351/10000 - train 0.002388 - val 0.042544
Epoch 4352/10000 - train 0.002267 - val 0.042197
Epoch 4353/10000 - train 0.002622 - val 0.042621
Epoch 4354/10000 - train 0.002150 - val 0.042069
Epoch 4355/10000 - train 0.002388 - val 0.042189
Epoch 4356/10000 - train 0.002965 - val 0.043333
Epoch 4357/10000 - train 0.003144 - val 0.042537
Epoch 4358/10000 - train 0.002236 - val 0.042233
Epoch 4359/10000 - train 0.002031 - val 0.042565
Epoch 4360/10000 - train 0.002255 - val 0.042512
Epoch 4361/10000 - train 0.002081 - val 0.042449
Epoch 4362/10000 - train 0.014121 - val 0.058927
Epoch 4363/10000 - train 0.017433 - val 0.044742
Epoch 4364/10000 - train 0.005673 - val 0.043586
Epoch 4365/10000 - train 0.002870 - val 0.042268
Epoch 4366/10000 - train 0.002195 - val 0.041968
Epoch 4367/10000 - train 0.002018 - val 0.041892
Epoch 4368/10000 - train 0.002162 - val 0.042502
Epoch 4369/10000 - train 0.001971 - val 0.042052
Epoch 4370/10000 - train 0.001894 - val 0.041985
Epoch 4371/10000 - train 0.001838 - val 0.042095
Epoch 4372/10000 - train 0.002185 - val 0.042402
Epoch 4373/10000 - train 0.001908 - val 0.042216
Epoch 4374/10000 - train 0.001962 - val 0.043983
Epoch 4375/10000 - train 0.002218 - val 0.042271
Epoch 4376/10000 - train 0.001830 - val 0.042089
Epoch 4377/10000 - train 0.002101 - val 0.042570
Epoch 4378/10000 - train 0.001958 - val 0.041945
Epoch 4379/10000 - train 0.001925 - val 0.042700
Epoch 4380/10000 - train 0.002163 - val 0.042353
Epoch 4381/10000 - train 0.002028 - val 0.042580
Epoch 4382/10000 - train 0.002418 - val 0.042699
Epoch 4383/10000 - train 0.002075 - val 0.042070
Epoch 4384/10000 - train 0.002084 - val 0.042464
Epoch 4385/10000 - train 0.002281 - val 0.042572
Epoch 4386/10000 - train 0.002091 - val 0.042572
Epoch 4387/10000 - train 0.002322 - val 0.042799
Epoch 4388/10000 - train 0.002225 - val 0.043398
Epoch 4389/10000 - train 0.002389 - val 0.042631
Epoch 4390/10000 - train 0.003931 - val 0.043221
Epoch 4391/10000 - train 0.002833 - val 0.042462
Epoch 4392/10000 - train 0.002064 - val 0.041944
Epoch 4393/10000 - train 0.002124 - val 0.042648
Epoch 4394/10000 - train 0.002254 - val 0.042434
Epoch 4395/10000 - train 0.002676 - val 0.042750
Epoch 4396/10000 - train 0.002190 - val 0.042396
Epoch 4397/10000 - train 0.002052 - val 0.042698
Epoch 4398/10000 - train 0.002623 - val 0.043188
Epoch 4399/10000 - train 0.002473 - val 0.043263
Epoch 4400/10000 - train 0.002591 - val 0.042888
Epoch 4401/10000 - train 0.002791 - val 0.043629
Epoch 4402/10000 - train 0.002795 - val 0.042658
Epoch 4403/10000 - train 0.002712 - val 0.042742
Epoch 4404/10000 - train 0.002139 - val 0.042511
Epoch 4405/10000 - train 0.001985 - val 0.042446
Epoch 4406/10000 - train 0.002120 - val 0.043124
Epoch 4407/10000 - train 0.002678 - val 0.043174
Epoch 4408/10000 - train 0.002630 - val 0.042886
Epoch 4409/10000 - train 0.002511 - val 0.042908
Epoch 4410/10000 - train 0.002321 - val 0.042656
Epoch 4411/10000 - train 0.002736 - val 0.042730
Epoch 4412/10000 - train 0.002246 - val 0.042450
Epoch 4413/10000 - train 0.002319 - val 0.043009
Epoch 4414/10000 - train 0.003126 - val 0.043760
Epoch 4415/10000 - train 0.002319 - val 0.042276
Epoch 4416/10000 - train 0.002626 - val 0.042604
Epoch 4417/10000 - train 0.002018 - val 0.041967
Epoch 4418/10000 - train 0.001978 - val 0.042445
Epoch 4419/10000 - train 0.031520 - val 0.073805
Epoch 4420/10000 - train 0.014336 - val 0.042677
Epoch 4421/10000 - train 0.003995 - val 0.042656
Epoch 4422/10000 - train 0.002635 - val 0.042240
Epoch 4423/10000 - train 0.002179 - val 0.042446
Epoch 4424/10000 - train 0.001986 - val 0.041992
Epoch 4425/10000 - train 0.001888 - val 0.041776
Epoch 4426/10000 - train 0.001852 - val 0.042071
Epoch 4427/10000 - train 0.001860 - val 0.041963
Epoch 4428/10000 - train 0.001810 - val 0.041850
Epoch 4429/10000 - train 0.001801 - val 0.041976
Epoch 4430/10000 - train 0.001799 - val 0.042510
Epoch 4431/10000 - train 0.001864 - val 0.042434
Epoch 4432/10000 - train 0.002004 - val 0.041826
Epoch 4433/10000 - train 0.001849 - val 0.041975
Epoch 4434/10000 - train 0.001891 - val 0.042455
Epoch 4435/10000 - train 0.002046 - val 0.042918
Epoch 4436/10000 - train 0.002016 - val 0.041972
Epoch 4437/10000 - train 0.001939 - val 0.042369
Epoch 4438/10000 - train 0.002311 - val 0.043279
Epoch 4439/10000 - train 0.002191 - val 0.041908
Epoch 4440/10000 - train 0.001995 - val 0.042750
Epoch 4441/10000 - train 0.002243 - val 0.042148
Epoch 4442/10000 - train 0.001987 - val 0.042401
Epoch 4443/10000 - train 0.002118 - val 0.042612
Epoch 4444/10000 - train 0.002266 - val 0.041836
Epoch 4445/10000 - train 0.002370 - val 0.043247
Epoch 4446/10000 - train 0.002410 - val 0.042987
Epoch 4447/10000 - train 0.002480 - val 0.042037
Epoch 4448/10000 - train 0.002497 - val 0.042840
Epoch 4449/10000 - train 0.002526 - val 0.042557
Epoch 4450/10000 - train 0.002109 - val 0.042227
Epoch 4451/10000 - train 0.002436 - val 0.042254
Epoch 4452/10000 - train 0.002095 - val 0.042528
Epoch 4453/10000 - train 0.011105 - val 0.045082
Epoch 4454/10000 - train 0.004307 - val 0.051365
Epoch 4455/10000 - train 0.003445 - val 0.042503
Epoch 4456/10000 - train 0.002138 - val 0.042386
Epoch 4457/10000 - train 0.001898 - val 0.041998
Epoch 4458/10000 - train 0.001806 - val 0.042339
Epoch 4459/10000 - train 0.001833 - val 0.041777
Epoch 4460/10000 - train 0.001811 - val 0.042402
Epoch 4461/10000 - train 0.002254 - val 0.042168
Epoch 4462/10000 - train 0.001841 - val 0.041853
Epoch 4463/10000 - train 0.001895 - val 0.043824
Epoch 4464/10000 - train 0.002139 - val 0.042213
Epoch 4465/10000 - train 0.001983 - val 0.041925
Epoch 4466/10000 - train 0.002261 - val 0.042728
Epoch 4467/10000 - train 0.002037 - val 0.042383
Epoch 4468/10000 - train 0.002099 - val 0.042696
Epoch 4469/10000 - train 0.002460 - val 0.042092
Epoch 4470/10000 - train 0.002097 - val 0.043177
Epoch 4471/10000 - train 0.003056 - val 0.042126
Epoch 4472/10000 - train 0.002274 - val 0.042526
Epoch 4473/10000 - train 0.002176 - val 0.042312
Epoch 4474/10000 - train 0.002132 - val 0.042268
Epoch 4475/10000 - train 0.002474 - val 0.042993
Epoch 4476/10000 - train 0.022048 - val 0.052755
Epoch 4477/10000 - train 0.007267 - val 0.044161
Epoch 4478/10000 - train 0.003763 - val 0.041877
Epoch 4479/10000 - train 0.002215 - val 0.041830
Epoch 4480/10000 - train 0.001934 - val 0.041816
Epoch 4481/10000 - train 0.001925 - val 0.042608
Epoch 4482/10000 - train 0.002085 - val 0.041887
Epoch 4483/10000 - train 0.001814 - val 0.041996
Epoch 4484/10000 - train 0.001798 - val 0.041972
Epoch 4485/10000 - train 0.002039 - val 0.041918
Epoch 4486/10000 - train 0.001773 - val 0.041881
Epoch 4487/10000 - train 0.002042 - val 0.042495
Epoch 4488/10000 - train 0.001923 - val 0.041940
Epoch 4489/10000 - train 0.002217 - val 0.042089
Epoch 4490/10000 - train 0.001879 - val 0.042351
Epoch 4491/10000 - train 0.001940 - val 0.042738
Epoch 4492/10000 - train 0.002273 - val 0.042148
Epoch 4493/10000 - train 0.002015 - val 0.042009
Epoch 4494/10000 - train 0.002183 - val 0.042128
Epoch 4495/10000 - train 0.002007 - val 0.042277
Epoch 4496/10000 - train 0.001935 - val 0.042055
Epoch 4497/10000 - train 0.002373 - val 0.041990
Epoch 4498/10000 - train 0.002092 - val 0.042720
Epoch 4499/10000 - train 0.002145 - val 0.042982
Epoch 4500/10000 - train 0.002311 - val 0.042517
Epoch 4501/10000 - train 0.002108 - val 0.042733
Epoch 4502/10000 - train 0.002678 - val 0.042945
Epoch 4503/10000 - train 0.002174 - val 0.042239
Epoch 4504/10000 - train 0.002009 - val 0.042729
Epoch 4505/10000 - train 0.002484 - val 0.042424
Epoch 4506/10000 - train 0.002029 - val 0.042453
Epoch 4507/10000 - train 0.002347 - val 0.042351
Epoch 4508/10000 - train 0.004524 - val 0.070758
Epoch 4509/10000 - train 0.020445 - val 0.047647
Epoch 4510/10000 - train 0.005692 - val 0.043132
Epoch 4511/10000 - train 0.002723 - val 0.041934
Epoch 4512/10000 - train 0.002178 - val 0.041551
Epoch 4513/10000 - train 0.001931 - val 0.041747
Epoch 4514/10000 - train 0.001860 - val 0.041734
Epoch 4515/10000 - train 0.001862 - val 0.041971
Epoch 4516/10000 - train 0.001822 - val 0.042047
Epoch 4517/10000 - train 0.002050 - val 0.042296
Epoch 4518/10000 - train 0.001896 - val 0.042108
Epoch 4519/10000 - train 0.001876 - val 0.041952
Epoch 4520/10000 - train 0.001827 - val 0.042041
Epoch 4521/10000 - train 0.002359 - val 0.042174
Epoch 4522/10000 - train 0.001890 - val 0.041871
Epoch 4523/10000 - train 0.001918 - val 0.042278
Epoch 4524/10000 - train 0.002157 - val 0.043096
Epoch 4525/10000 - train 0.002098 - val 0.042356
Epoch 4526/10000 - train 0.001992 - val 0.042195
Epoch 4527/10000 - train 0.002350 - val 0.042741
Epoch 4528/10000 - train 0.002134 - val 0.042546
Epoch 4529/10000 - train 0.002063 - val 0.042322
Epoch 4530/10000 - train 0.002288 - val 0.042549
Epoch 4531/10000 - train 0.002087 - val 0.042611
Epoch 4532/10000 - train 0.002291 - val 0.042592
Epoch 4533/10000 - train 0.002388 - val 0.043065
Epoch 4534/10000 - train 0.002166 - val 0.042774
Epoch 4535/10000 - train 0.002063 - val 0.042500
Epoch 4536/10000 - train 0.002300 - val 0.043155
Epoch 4537/10000 - train 0.002144 - val 0.042438
Epoch 4538/10000 - train 0.002391 - val 0.042400
Epoch 4539/10000 - train 0.002458 - val 0.043109
Epoch 4540/10000 - train 0.002006 - val 0.042341
Epoch 4541/10000 - train 0.002926 - val 0.042545
Epoch 4542/10000 - train 0.002304 - val 0.042147
Epoch 4543/10000 - train 0.002134 - val 0.042014
Epoch 4544/10000 - train 0.002708 - val 0.042789
Epoch 4545/10000 - train 0.002189 - val 0.042174
Epoch 4546/10000 - train 0.002099 - val 0.042822
Epoch 4547/10000 - train 0.002627 - val 0.042544
Epoch 4548/10000 - train 0.002056 - val 0.042223
Epoch 4549/10000 - train 0.029609 - val 0.053195
Epoch 4550/10000 - train 0.010758 - val 0.059308
Epoch 4551/10000 - train 0.005971 - val 0.042429
Epoch 4552/10000 - train 0.002557 - val 0.041877
Epoch 4553/10000 - train 0.002070 - val 0.041730
Epoch 4554/10000 - train 0.001872 - val 0.041555
Epoch 4555/10000 - train 0.001832 - val 0.041795
Epoch 4556/10000 - train 0.001795 - val 0.041748
Epoch 4557/10000 - train 0.001770 - val 0.042036
Epoch 4558/10000 - train 0.001793 - val 0.041724
Epoch 4559/10000 - train 0.001751 - val 0.041883
Epoch 4560/10000 - train 0.002022 - val 0.042169
Epoch 4561/10000 - train 0.001906 - val 0.042248
Epoch 4562/10000 - train 0.001892 - val 0.041848
Epoch 4563/10000 - train 0.001786 - val 0.042140
Epoch 4564/10000 - train 0.002247 - val 0.041993
Epoch 4565/10000 - train 0.001839 - val 0.041978
Epoch 4566/10000 - train 0.001924 - val 0.042126
Epoch 4567/10000 - train 0.002223 - val 0.042368
Epoch 4568/10000 - train 0.001977 - val 0.042309
Epoch 4569/10000 - train 0.001908 - val 0.042288
Epoch 4570/10000 - train 0.002244 - val 0.042397
Epoch 4571/10000 - train 0.002113 - val 0.042094
Epoch 4572/10000 - train 0.002330 - val 0.042612
Epoch 4573/10000 - train 0.001935 - val 0.042557
Epoch 4574/10000 - train 0.001974 - val 0.042266
Epoch 4575/10000 - train 0.002339 - val 0.042312
Epoch 4576/10000 - train 0.001953 - val 0.042517
Epoch 4577/10000 - train 0.002485 - val 0.043212
Epoch 4578/10000 - train 0.002235 - val 0.042686
Epoch 4579/10000 - train 0.002129 - val 0.044611
Epoch 4580/10000 - train 0.002528 - val 0.042249
Epoch 4581/10000 - train 0.001955 - val 0.042501
Epoch 4582/10000 - train 0.010330 - val 0.072680
Epoch 4583/10000 - train 0.022549 - val 0.045341
Epoch 4584/10000 - train 0.005482 - val 0.043034
Epoch 4585/10000 - train 0.003142 - val 0.043229
Epoch 4586/10000 - train 0.002445 - val 0.042096
Epoch 4587/10000 - train 0.002170 - val 0.042078
Epoch 4588/10000 - train 0.002407 - val 0.042058
Epoch 4589/10000 - train 0.001998 - val 0.042115
Epoch 4590/10000 - train 0.001961 - val 0.042230
Epoch 4591/10000 - train 0.001947 - val 0.042172
Epoch 4592/10000 - train 0.002233 - val 0.041982
Epoch 4593/10000 - train 0.001886 - val 0.041793
Epoch 4594/10000 - train 0.001912 - val 0.042110
Epoch 4595/10000 - train 0.001961 - val 0.042628
Epoch 4596/10000 - train 0.002214 - val 0.041872
Epoch 4597/10000 - train 0.001895 - val 0.042217
Epoch 4598/10000 - train 0.001945 - val 0.042139
Epoch 4599/10000 - train 0.002452 - val 0.042671
Epoch 4600/10000 - train 0.002083 - val 0.042465
Epoch 4601/10000 - train 0.002037 - val 0.041812
Epoch 4602/10000 - train 0.002298 - val 0.042551
Epoch 4603/10000 - train 0.002037 - val 0.041959
Epoch 4604/10000 - train 0.002055 - val 0.042564
Epoch 4605/10000 - train 0.002546 - val 0.041755
Epoch 4606/10000 - train 0.002281 - val 0.042096
Epoch 4607/10000 - train 0.002260 - val 0.042590
Epoch 4608/10000 - train 0.002153 - val 0.042616
Epoch 4609/10000 - train 0.002092 - val 0.042636
Epoch 4610/10000 - train 0.002354 - val 0.041896
Epoch 4611/10000 - train 0.003407 - val 0.043446
Epoch 4612/10000 - train 0.002365 - val 0.042719
Epoch 4613/10000 - train 0.002713 - val 0.042478
Epoch 4614/10000 - train 0.002093 - val 0.042340
Epoch 4615/10000 - train 0.002108 - val 0.042891
Epoch 4616/10000 - train 0.002655 - val 0.043025
Epoch 4617/10000 - train 0.002131 - val 0.042326
Epoch 4618/10000 - train 0.002105 - val 0.042308
Epoch 4619/10000 - train 0.002086 - val 0.042734
Epoch 4620/10000 - train 0.002759 - val 0.041954
Epoch 4621/10000 - train 0.002047 - val 0.042874
Epoch 4622/10000 - train 0.002665 - val 0.042593
Epoch 4623/10000 - train 0.002240 - val 0.042466
Epoch 4624/10000 - train 0.020716 - val 0.062245
Epoch 4625/10000 - train 0.009606 - val 0.044595
Epoch 4626/10000 - train 0.004961 - val 0.042666
Epoch 4627/10000 - train 0.002494 - val 0.041814
Epoch 4628/10000 - train 0.001960 - val 0.041655
Epoch 4629/10000 - train 0.001846 - val 0.041875
Epoch 4630/10000 - train 0.001847 - val 0.041798
Epoch 4631/10000 - train 0.001758 - val 0.041646
Epoch 4632/10000 - train 0.001765 - val 0.041989
Epoch 4633/10000 - train 0.001760 - val 0.041681
Epoch 4634/10000 - train 0.002114 - val 0.042150
Epoch 4635/10000 - train 0.001832 - val 0.041938
Epoch 4636/10000 - train 0.001783 - val 0.042096
Epoch 4637/10000 - train 0.001950 - val 0.042106
Epoch 4638/10000 - train 0.002318 - val 0.042056
Epoch 4639/10000 - train 0.001898 - val 0.042009
Epoch 4640/10000 - train 0.001833 - val 0.041970
Epoch 4641/10000 - train 0.001801 - val 0.042364
Epoch 4642/10000 - train 0.002079 - val 0.042155
Epoch 4643/10000 - train 0.002400 - val 0.042206
Epoch 4644/10000 - train 0.002072 - val 0.042240
Epoch 4645/10000 - train 0.001988 - val 0.042327
Epoch 4646/10000 - train 0.002165 - val 0.042382
Epoch 4647/10000 - train 0.002229 - val 0.042165
Epoch 4648/10000 - train 0.001954 - val 0.041942
Epoch 4649/10000 - train 0.002367 - val 0.042727
Epoch 4650/10000 - train 0.002054 - val 0.042216
Epoch 4651/10000 - train 0.002158 - val 0.042321
Epoch 4652/10000 - train 0.001917 - val 0.042346
Epoch 4653/10000 - train 0.002015 - val 0.042846
Epoch 4654/10000 - train 0.002350 - val 0.041854
Epoch 4655/10000 - train 0.002825 - val 0.042898
Epoch 4656/10000 - train 0.002936 - val 0.042668
Epoch 4657/10000 - train 0.002286 - val 0.042014
Epoch 4658/10000 - train 0.002150 - val 0.042636
Epoch 4659/10000 - train 0.001928 - val 0.042421
Epoch 4660/10000 - train 0.002240 - val 0.043630
Epoch 4661/10000 - train 0.002210 - val 0.042964
Epoch 4662/10000 - train 0.014481 - val 0.053449
Epoch 4663/10000 - train 0.010919 - val 0.043601
Epoch 4664/10000 - train 0.004116 - val 0.042975
Epoch 4665/10000 - train 0.002379 - val 0.042047
Epoch 4666/10000 - train 0.001987 - val 0.041997
Epoch 4667/10000 - train 0.001863 - val 0.041912
Epoch 4668/10000 - train 0.002099 - val 0.042296
Epoch 4669/10000 - train 0.001845 - val 0.042084
Epoch 4670/10000 - train 0.001799 - val 0.041846
Epoch 4671/10000 - train 0.001859 - val 0.043904
Epoch 4672/10000 - train 0.002005 - val 0.042125
Epoch 4673/10000 - train 0.001806 - val 0.042003
Epoch 4674/10000 - train 0.001748 - val 0.042275
Epoch 4675/10000 - train 0.002076 - val 0.041999
Epoch 4676/10000 - train 0.001807 - val 0.042409
Epoch 4677/10000 - train 0.001948 - val 0.042268
Epoch 4678/10000 - train 0.002149 - val 0.041998
Epoch 4679/10000 - train 0.001946 - val 0.042047
Epoch 4680/10000 - train 0.002096 - val 0.044102
Epoch 4681/10000 - train 0.002231 - val 0.042057
Epoch 4682/10000 - train 0.002012 - val 0.043400
Epoch 4683/10000 - train 0.002164 - val 0.042129
Epoch 4684/10000 - train 0.001914 - val 0.042252
Epoch 4685/10000 - train 0.002192 - val 0.042890
Epoch 4686/10000 - train 0.002092 - val 0.042886
Epoch 4687/10000 - train 0.002088 - val 0.042974
Epoch 4688/10000 - train 0.002653 - val 0.042157
Epoch 4689/10000 - train 0.002088 - val 0.042462
Epoch 4690/10000 - train 0.002585 - val 0.042929
Epoch 4691/10000 - train 0.002272 - val 0.042180
Epoch 4692/10000 - train 0.002042 - val 0.042148
Epoch 4693/10000 - train 0.002020 - val 0.042751
Epoch 4694/10000 - train 0.002494 - val 0.044473
Epoch 4695/10000 - train 0.003242 - val 0.043453
Epoch 4696/10000 - train 0.002396 - val 0.042490
Epoch 4697/10000 - train 0.002055 - val 0.042194
Epoch 4698/10000 - train 0.002777 - val 0.057764
Epoch 4699/10000 - train 0.029631 - val 0.050485
Epoch 4700/10000 - train 0.007466 - val 0.043465
Epoch 4701/10000 - train 0.003333 - val 0.042790
Epoch 4702/10000 - train 0.002407 - val 0.042323
Epoch 4703/10000 - train 0.002015 - val 0.041795
Epoch 4704/10000 - train 0.001927 - val 0.042003
Epoch 4705/10000 - train 0.001884 - val 0.042418
Epoch 4706/10000 - train 0.001820 - val 0.041763
Epoch 4707/10000 - train 0.001843 - val 0.042018
Epoch 4708/10000 - train 0.002045 - val 0.042368
Epoch 4709/10000 - train 0.001848 - val 0.042090
Epoch 4710/10000 - train 0.001792 - val 0.041945
Epoch 4711/10000 - train 0.002021 - val 0.042113
Epoch 4712/10000 - train 0.001848 - val 0.042069
Epoch 4713/10000 - train 0.001931 - val 0.042851
Epoch 4714/10000 - train 0.002265 - val 0.042424
Epoch 4715/10000 - train 0.001963 - val 0.041756
Epoch 4716/10000 - train 0.002287 - val 0.042146
Epoch 4717/10000 - train 0.001886 - val 0.042203
Epoch 4718/10000 - train 0.001993 - val 0.043385
Epoch 4719/10000 - train 0.002814 - val 0.042408
Epoch 4720/10000 - train 0.002074 - val 0.042374
Epoch 4721/10000 - train 0.002061 - val 0.042264
Epoch 4722/10000 - train 0.002093 - val 0.042345
Epoch 4723/10000 - train 0.002018 - val 0.042043
Epoch 4724/10000 - train 0.002956 - val 0.042895
Epoch 4725/10000 - train 0.002416 - val 0.042520
Epoch 4726/10000 - train 0.001974 - val 0.041890
Epoch 4727/10000 - train 0.001918 - val 0.042341
Epoch 4728/10000 - train 0.002128 - val 0.042835
Epoch 4729/10000 - train 0.002469 - val 0.042571
Epoch 4730/10000 - train 0.002148 - val 0.042911
Epoch 4731/10000 - train 0.002521 - val 0.043090
Epoch 4732/10000 - train 0.002693 - val 0.042462
Epoch 4733/10000 - train 0.002098 - val 0.042816
Epoch 4734/10000 - train 0.017034 - val 0.065644
Epoch 4735/10000 - train 0.017152 - val 0.043836
Epoch 4736/10000 - train 0.005980 - val 0.042210
Epoch 4737/10000 - train 0.002815 - val 0.041431
Epoch 4738/10000 - train 0.002276 - val 0.041501
Epoch 4739/10000 - train 0.002035 - val 0.041550
Epoch 4740/10000 - train 0.001948 - val 0.042034
Epoch 4741/10000 - train 0.002217 - val 0.041579
Epoch 4742/10000 - train 0.001841 - val 0.041585
Epoch 4743/10000 - train 0.001846 - val 0.041414
Epoch 4744/10000 - train 0.002022 - val 0.041681
Epoch 4745/10000 - train 0.001877 - val 0.041766
Epoch 4746/10000 - train 0.001821 - val 0.041847
Epoch 4747/10000 - train 0.002126 - val 0.041847
Epoch 4748/10000 - train 0.001839 - val 0.041777
Epoch 4749/10000 - train 0.001979 - val 0.042157
Epoch 4750/10000 - train 0.001995 - val 0.041918
Epoch 4751/10000 - train 0.001985 - val 0.043149
Epoch 4752/10000 - train 0.002268 - val 0.041705
Epoch 4753/10000 - train 0.002088 - val 0.042220
Epoch 4754/10000 - train 0.002267 - val 0.041938
Epoch 4755/10000 - train 0.001826 - val 0.041760
Epoch 4756/10000 - train 0.002204 - val 0.042143
Epoch 4757/10000 - train 0.001923 - val 0.042127
Epoch 4758/10000 - train 0.002040 - val 0.042187
Epoch 4759/10000 - train 0.002252 - val 0.042485
Epoch 4760/10000 - train 0.002308 - val 0.041888
Epoch 4761/10000 - train 0.002143 - val 0.042586
Epoch 4762/10000 - train 0.002148 - val 0.041949
Epoch 4763/10000 - train 0.002710 - val 0.043421
Epoch 4764/10000 - train 0.015299 - val 0.046037
Epoch 4765/10000 - train 0.004273 - val 0.050685
Epoch 4766/10000 - train 0.003383 - val 0.041555
Epoch 4767/10000 - train 0.001966 - val 0.041845
Epoch 4768/10000 - train 0.001846 - val 0.041840
Epoch 4769/10000 - train 0.001757 - val 0.041701
Epoch 4770/10000 - train 0.001754 - val 0.041768
Epoch 4771/10000 - train 0.001743 - val 0.041601
Epoch 4772/10000 - train 0.001750 - val 0.043472
Epoch 4773/10000 - train 0.002383 - val 0.041966
Epoch 4774/10000 - train 0.001825 - val 0.041934
Epoch 4775/10000 - train 0.001794 - val 0.042060
Epoch 4776/10000 - train 0.001846 - val 0.042131
Epoch 4777/10000 - train 0.002250 - val 0.042637
Epoch 4778/10000 - train 0.002151 - val 0.041634
Epoch 4779/10000 - train 0.001834 - val 0.041708
Epoch 4780/10000 - train 0.002152 - val 0.042233
Epoch 4781/10000 - train 0.001959 - val 0.041816
Epoch 4782/10000 - train 0.002031 - val 0.042945
Epoch 4783/10000 - train 0.002120 - val 0.042150
Epoch 4784/10000 - train 0.001966 - val 0.042039
Epoch 4785/10000 - train 0.002361 - val 0.043296
Epoch 4786/10000 - train 0.002182 - val 0.042407
Epoch 4787/10000 - train 0.002012 - val 0.043429
Epoch 4788/10000 - train 0.003143 - val 0.042282
Epoch 4789/10000 - train 0.002435 - val 0.042565
Epoch 4790/10000 - train 0.002150 - val 0.041844
Epoch 4791/10000 - train 0.002028 - val 0.042283
Epoch 4792/10000 - train 0.002195 - val 0.042208
Epoch 4793/10000 - train 0.002143 - val 0.042310
Epoch 4794/10000 - train 0.014665 - val 0.055714
Epoch 4795/10000 - train 0.009886 - val 0.045014
Epoch 4796/10000 - train 0.005737 - val 0.042327
Epoch 4797/10000 - train 0.002513 - val 0.041760
Epoch 4798/10000 - train 0.002000 - val 0.041911
Epoch 4799/10000 - train 0.002045 - val 0.041712
Epoch 4800/10000 - train 0.001831 - val 0.041655
Epoch 4801/10000 - train 0.001796 - val 0.041655
Epoch 4802/10000 - train 0.002185 - val 0.041793
Epoch 4803/10000 - train 0.001829 - val 0.041899
Epoch 4804/10000 - train 0.001830 - val 0.041972
Epoch 4805/10000 - train 0.001784 - val 0.041800
Epoch 4806/10000 - train 0.002169 - val 0.042167
Epoch 4807/10000 - train 0.001879 - val 0.041965
Epoch 4808/10000 - train 0.002101 - val 0.042158
Epoch 4809/10000 - train 0.001903 - val 0.042282
Epoch 4810/10000 - train 0.002197 - val 0.041757
Epoch 4811/10000 - train 0.001843 - val 0.041942
Epoch 4812/10000 - train 0.002028 - val 0.041906
Epoch 4813/10000 - train 0.001979 - val 0.042092
Epoch 4814/10000 - train 0.002006 - val 0.042130
Epoch 4815/10000 - train 0.002684 - val 0.042330
Epoch 4816/10000 - train 0.001883 - val 0.042086
Epoch 4817/10000 - train 0.002101 - val 0.043436
Epoch 4818/10000 - train 0.002369 - val 0.042230
Epoch 4819/10000 - train 0.001843 - val 0.041719
Epoch 4820/10000 - train 0.002290 - val 0.042096
Epoch 4821/10000 - train 0.002076 - val 0.041967
Epoch 4822/10000 - train 0.002044 - val 0.043124
Epoch 4823/10000 - train 0.004221 - val 0.044744
Epoch 4824/10000 - train 0.006183 - val 0.042940
Epoch 4825/10000 - train 0.002604 - val 0.042126
Epoch 4826/10000 - train 0.002073 - val 0.041796
Epoch 4827/10000 - train 0.001840 - val 0.041492
Epoch 4828/10000 - train 0.001845 - val 0.042521
Epoch 4829/10000 - train 0.002390 - val 0.042074
Epoch 4830/10000 - train 0.001817 - val 0.041925
Epoch 4831/10000 - train 0.002226 - val 0.042213
Epoch 4832/10000 - train 0.001987 - val 0.042160
Epoch 4833/10000 - train 0.001999 - val 0.043761
Epoch 4834/10000 - train 0.002206 - val 0.041995
Epoch 4835/10000 - train 0.001915 - val 0.042935
Epoch 4836/10000 - train 0.002585 - val 0.042831
Epoch 4837/10000 - train 0.010742 - val 0.050870
Epoch 4838/10000 - train 0.008074 - val 0.043068
Epoch 4839/10000 - train 0.003987 - val 0.043673
Epoch 4840/10000 - train 0.003085 - val 0.041965
Epoch 4841/10000 - train 0.001965 - val 0.041792
Epoch 4842/10000 - train 0.001795 - val 0.041819
Epoch 4843/10000 - train 0.001749 - val 0.042061
Epoch 4844/10000 - train 0.001790 - val 0.041700
Epoch 4845/10000 - train 0.001747 - val 0.042037
Epoch 4846/10000 - train 0.001797 - val 0.041932
Epoch 4847/10000 - train 0.001766 - val 0.041845
Epoch 4848/10000 - train 0.001764 - val 0.041916
Epoch 4849/10000 - train 0.001787 - val 0.042204
Epoch 4850/10000 - train 0.002269 - val 0.042255
Epoch 4851/10000 - train 0.001939 - val 0.041809
Epoch 4852/10000 - train 0.001881 - val 0.041899
Epoch 4853/10000 - train 0.001988 - val 0.042406
Epoch 4854/10000 - train 0.001950 - val 0.042031
Epoch 4855/10000 - train 0.002133 - val 0.042735
Epoch 4856/10000 - train 0.002063 - val 0.042504
Epoch 4857/10000 - train 0.002077 - val 0.042533
Epoch 4858/10000 - train 0.002208 - val 0.042120
Epoch 4859/10000 - train 0.001988 - val 0.042934
Epoch 4860/10000 - train 0.002387 - val 0.042069
Epoch 4861/10000 - train 0.002014 - val 0.042829
Epoch 4862/10000 - train 0.002046 - val 0.042365
Epoch 4863/10000 - train 0.007037 - val 0.049644
Epoch 4864/10000 - train 0.006406 - val 0.042815
Epoch 4865/10000 - train 0.004193 - val 0.042249
Epoch 4866/10000 - train 0.002066 - val 0.041667
Epoch 4867/10000 - train 0.001827 - val 0.041506
Epoch 4868/10000 - train 0.001823 - val 0.041700
Epoch 4869/10000 - train 0.001710 - val 0.041739
Epoch 4870/10000 - train 0.001986 - val 0.042092
Epoch 4871/10000 - train 0.001811 - val 0.041993
Epoch 4872/10000 - train 0.001749 - val 0.041755
Epoch 4873/10000 - train 0.002069 - val 0.042635
Epoch 4874/10000 - train 0.001926 - val 0.042016
Epoch 4875/10000 - train 0.002011 - val 0.042258
Epoch 4876/10000 - train 0.001984 - val 0.042004
Epoch 4877/10000 - train 0.001821 - val 0.042063
Epoch 4878/10000 - train 0.002102 - val 0.042295
Epoch 4879/10000 - train 0.002052 - val 0.042313
Epoch 4880/10000 - train 0.002334 - val 0.042342
Epoch 4881/10000 - train 0.002263 - val 0.042130
Epoch 4882/10000 - train 0.002104 - val 0.042247
Epoch 4883/10000 - train 0.002494 - val 0.042400
Epoch 4884/10000 - train 0.002044 - val 0.042185
Epoch 4885/10000 - train 0.002236 - val 0.043571
Epoch 4886/10000 - train 0.002259 - val 0.042443
Epoch 4887/10000 - train 0.003218 - val 0.042953
Epoch 4888/10000 - train 0.002453 - val 0.042344
Epoch 4889/10000 - train 0.002286 - val 0.042009
Epoch 4890/10000 - train 0.002330 - val 0.042772
Epoch 4891/10000 - train 0.002115 - val 0.042560
Epoch 4892/10000 - train 0.001999 - val 0.041811
Epoch 4893/10000 - train 0.002037 - val 0.042191
Epoch 4894/10000 - train 0.002462 - val 0.042913
Epoch 4895/10000 - train 0.002474 - val 0.042185
Epoch 4896/10000 - train 0.002346 - val 0.041766
Epoch 4897/10000 - train 0.002315 - val 0.042610
Epoch 4898/10000 - train 0.002456 - val 0.043214
Epoch 4899/10000 - train 0.003007 - val 0.045497
Epoch 4900/10000 - train 0.028044 - val 0.050969
Epoch 4901/10000 - train 0.006886 - val 0.043906
Epoch 4902/10000 - train 0.003121 - val 0.042095
Epoch 4903/10000 - train 0.002308 - val 0.041933
Epoch 4904/10000 - train 0.001992 - val 0.041415
Epoch 4905/10000 - train 0.001908 - val 0.041653
Epoch 4906/10000 - train 0.001893 - val 0.041568
Epoch 4907/10000 - train 0.001739 - val 0.041630
Epoch 4908/10000 - train 0.001718 - val 0.041925
Epoch 4909/10000 - train 0.001735 - val 0.042290
Epoch 4910/10000 - train 0.002130 - val 0.041538
Epoch 4911/10000 - train 0.001735 - val 0.041985
Epoch 4912/10000 - train 0.001759 - val 0.041819
Epoch 4913/10000 - train 0.001997 - val 0.042471
Epoch 4914/10000 - train 0.001815 - val 0.041812
Epoch 4915/10000 - train 0.001763 - val 0.041755
Epoch 4916/10000 - train 0.001916 - val 0.042165
Epoch 4917/10000 - train 0.002289 - val 0.042043
Epoch 4918/10000 - train 0.001898 - val 0.042291
Epoch 4919/10000 - train 0.002138 - val 0.042329
Epoch 4920/10000 - train 0.001897 - val 0.042009
Epoch 4921/10000 - train 0.002118 - val 0.043044
Epoch 4922/10000 - train 0.002091 - val 0.041981
Epoch 4923/10000 - train 0.002082 - val 0.041922
Epoch 4924/10000 - train 0.002198 - val 0.042259
Epoch 4925/10000 - train 0.001969 - val 0.042284
Epoch 4926/10000 - train 0.002393 - val 0.042474
Epoch 4927/10000 - train 0.002117 - val 0.041955
Epoch 4928/10000 - train 0.002415 - val 0.042297
Epoch 4929/10000 - train 0.002068 - val 0.042036
Epoch 4930/10000 - train 0.002061 - val 0.042016
Epoch 4931/10000 - train 0.002337 - val 0.042588
Epoch 4932/10000 - train 0.004855 - val 0.111873
Epoch 4933/10000 - train 0.045683 - val 0.051988
Epoch 4934/10000 - train 0.011687 - val 0.044067
Epoch 4935/10000 - train 0.004950 - val 0.041911
Epoch 4936/10000 - train 0.003146 - val 0.041250
Epoch 4937/10000 - train 0.002523 - val 0.041921
Epoch 4938/10000 - train 0.002340 - val 0.041455
Epoch 4939/10000 - train 0.002181 - val 0.041593
Epoch 4940/10000 - train 0.001998 - val 0.041250
Epoch 4941/10000 - train 0.001945 - val 0.041549
Epoch 4942/10000 - train 0.001910 - val 0.041530
Epoch 4943/10000 - train 0.001971 - val 0.041465
Epoch 4944/10000 - train 0.001864 - val 0.041451
Epoch 4945/10000 - train 0.002244 - val 0.041332
Epoch 4946/10000 - train 0.001805 - val 0.041487
Epoch 4947/10000 - train 0.001824 - val 0.041346
Epoch 4948/10000 - train 0.001759 - val 0.041691
Epoch 4949/10000 - train 0.002180 - val 0.041478
Epoch 4950/10000 - train 0.001858 - val 0.041682
Epoch 4951/10000 - train 0.002118 - val 0.041841
Epoch 4952/10000 - train 0.001937 - val 0.041554
Epoch 4953/10000 - train 0.002156 - val 0.042420
Epoch 4954/10000 - train 0.001959 - val 0.041801
Epoch 4955/10000 - train 0.001858 - val 0.042154
Epoch 4956/10000 - train 0.002258 - val 0.041865
Epoch 4957/10000 - train 0.002141 - val 0.042079
Epoch 4958/10000 - train 0.002018 - val 0.044855
Epoch 4959/10000 - train 0.002470 - val 0.041513
Epoch 4960/10000 - train 0.001972 - val 0.042156
Epoch 4961/10000 - train 0.002048 - val 0.041807
Epoch 4962/10000 - train 0.002042 - val 0.043525
Epoch 4963/10000 - train 0.002589 - val 0.042149
Epoch 4964/10000 - train 0.001924 - val 0.041944
Epoch 4965/10000 - train 0.002125 - val 0.041796
Epoch 4966/10000 - train 0.002052 - val 0.042177
Epoch 4967/10000 - train 0.002482 - val 0.042003
Epoch 4968/10000 - train 0.002199 - val 0.042271
Epoch 4969/10000 - train 0.002207 - val 0.042774
Epoch 4970/10000 - train 0.002913 - val 0.043968
Epoch 4971/10000 - train 0.002576 - val 0.042194
Epoch 4972/10000 - train 0.002018 - val 0.042024
Epoch 4973/10000 - train 0.002476 - val 0.042744
Epoch 4974/10000 - train 0.025472 - val 0.054756
Epoch 4975/10000 - train 0.010367 - val 0.042471
Epoch 4976/10000 - train 0.003322 - val 0.041932
Epoch 4977/10000 - train 0.002984 - val 0.041714
Epoch 4978/10000 - train 0.001937 - val 0.041326
Epoch 4979/10000 - train 0.001807 - val 0.041545
Epoch 4980/10000 - train 0.001773 - val 0.041468
Epoch 4981/10000 - train 0.001715 - val 0.041353
Epoch 4982/10000 - train 0.001734 - val 0.041771
Epoch 4983/10000 - train 0.001987 - val 0.041659
Epoch 4984/10000 - train 0.001718 - val 0.041610
Epoch 4985/10000 - train 0.001737 - val 0.042293
Epoch 4986/10000 - train 0.001901 - val 0.041565
Epoch 4987/10000 - train 0.001811 - val 0.041553
Epoch 4988/10000 - train 0.002066 - val 0.041919
Epoch 4989/10000 - train 0.001877 - val 0.041610
Epoch 4990/10000 - train 0.001838 - val 0.041692
Epoch 4991/10000 - train 0.002001 - val 0.041857
Epoch 4992/10000 - train 0.001829 - val 0.041789
Epoch 4993/10000 - train 0.002077 - val 0.042143
Epoch 4994/10000 - train 0.002015 - val 0.041835
Epoch 4995/10000 - train 0.001942 - val 0.042253
Epoch 4996/10000 - train 0.002389 - val 0.041953
Epoch 4997/10000 - train 0.001991 - val 0.041896
Epoch 4998/10000 - train 0.001990 - val 0.042193
Epoch 4999/10000 - train 0.002222 - val 0.041842
Epoch 5000/10000 - train 0.001754 - val 0.042445
Epoch 5001/10000 - train 0.002315 - val 0.041968
Epoch 5002/10000 - train 0.002286 - val 0.042468
Epoch 5003/10000 - train 0.002640 - val 0.041700
Epoch 5004/10000 - train 0.001812 - val 0.041941
Epoch 5005/10000 - train 0.002124 - val 0.042273
Epoch 5006/10000 - train 0.002449 - val 0.045266
Epoch 5007/10000 - train 0.003002 - val 0.042008
Epoch 5008/10000 - train 0.002135 - val 0.041676
Epoch 5009/10000 - train 0.001941 - val 0.041687
Epoch 5010/10000 - train 0.002338 - val 0.042002
Epoch 5011/10000 - train 0.002711 - val 0.042224
Epoch 5012/10000 - train 0.002164 - val 0.041894
Epoch 5013/10000 - train 0.002265 - val 0.041910
Epoch 5014/10000 - train 0.001863 - val 0.042211
Epoch 5015/10000 - train 0.002156 - val 0.041956
Epoch 5016/10000 - train 0.002566 - val 0.042903
Epoch 5017/10000 - train 0.002188 - val 0.041926
Epoch 5018/10000 - train 0.002382 - val 0.042474
Epoch 5019/10000 - train 0.002091 - val 0.042008
Epoch 5020/10000 - train 0.005363 - val 0.062696
Epoch 5021/10000 - train 0.012727 - val 0.042851
Epoch 5022/10000 - train 0.003590 - val 0.042310
Epoch 5023/10000 - train 0.002283 - val 0.041942
Epoch 5024/10000 - train 0.001989 - val 0.041623
Epoch 5025/10000 - train 0.001941 - val 0.041697
Epoch 5026/10000 - train 0.001777 - val 0.041557
Epoch 5027/10000 - train 0.001878 - val 0.041921
Epoch 5028/10000 - train 0.001859 - val 0.041820
Epoch 5029/10000 - train 0.001961 - val 0.041695
Epoch 5030/10000 - train 0.001859 - val 0.042023
Epoch 5031/10000 - train 0.001887 - val 0.041953
Epoch 5032/10000 - train 0.002018 - val 0.041946
Epoch 5033/10000 - train 0.001802 - val 0.041993
Epoch 5034/10000 - train 0.002257 - val 0.041953
Epoch 5035/10000 - train 0.001871 - val 0.041895
Epoch 5036/10000 - train 0.002140 - val 0.042240
Epoch 5037/10000 - train 0.001872 - val 0.042192
Epoch 5038/10000 - train 0.002003 - val 0.041593
Epoch 5039/10000 - train 0.001978 - val 0.042558
Epoch 5040/10000 - train 0.001973 - val 0.042066
Epoch 5041/10000 - train 0.001952 - val 0.042021
Epoch 5042/10000 - train 0.002764 - val 0.042182
Epoch 5043/10000 - train 0.002327 - val 0.042051
Epoch 5044/10000 - train 0.001993 - val 0.042703
Epoch 5045/10000 - train 0.002255 - val 0.042868
Epoch 5046/10000 - train 0.002230 - val 0.042429
Epoch 5047/10000 - train 0.002135 - val 0.045360
Epoch 5048/10000 - train 0.002391 - val 0.042345
Epoch 5049/10000 - train 0.002009 - val 0.042378
Epoch 5050/10000 - train 0.002179 - val 0.042980
Epoch 5051/10000 - train 0.002395 - val 0.044647
Epoch 5052/10000 - train 0.019611 - val 0.047255
Epoch 5053/10000 - train 0.006003 - val 0.042282
Epoch 5054/10000 - train 0.002611 - val 0.041451
Epoch 5055/10000 - train 0.002602 - val 0.042055
Epoch 5056/10000 - train 0.001883 - val 0.041667
Epoch 5057/10000 - train 0.001736 - val 0.041222
Epoch 5058/10000 - train 0.001693 - val 0.041663
Epoch 5059/10000 - train 0.001695 - val 0.041822
Epoch 5060/10000 - train 0.002015 - val 0.042268
Epoch 5061/10000 - train 0.001821 - val 0.041652
Epoch 5062/10000 - train 0.001727 - val 0.041887
Epoch 5063/10000 - train 0.001782 - val 0.041889
Epoch 5064/10000 - train 0.002042 - val 0.041704
Epoch 5065/10000 - train 0.001838 - val 0.041722
Epoch 5066/10000 - train 0.001767 - val 0.042250
Epoch 5067/10000 - train 0.001911 - val 0.042817
Epoch 5068/10000 - train 0.002029 - val 0.042185
Epoch 5069/10000 - train 0.001837 - val 0.042227
Epoch 5070/10000 - train 0.002509 - val 0.042012
Epoch 5071/10000 - train 0.001784 - val 0.041753
Epoch 5072/10000 - train 0.001927 - val 0.042154
Epoch 5073/10000 - train 0.002284 - val 0.041883
Epoch 5074/10000 - train 0.001944 - val 0.042535
Epoch 5075/10000 - train 0.002230 - val 0.042163
Epoch 5076/10000 - train 0.002407 - val 0.043872
Epoch 5077/10000 - train 0.002399 - val 0.041950
Epoch 5078/10000 - train 0.002025 - val 0.042393
Epoch 5079/10000 - train 0.002039 - val 0.042802
Epoch 5080/10000 - train 0.002208 - val 0.042287
Epoch 5081/10000 - train 0.002201 - val 0.041924
Epoch 5082/10000 - train 0.002874 - val 0.042763
Epoch 5083/10000 - train 0.002423 - val 0.041632
Epoch 5084/10000 - train 0.001926 - val 0.041832
Epoch 5085/10000 - train 0.001972 - val 0.042746
Epoch 5086/10000 - train 0.002195 - val 0.041755
Epoch 5087/10000 - train 0.003211 - val 0.043143
Epoch 5088/10000 - train 0.002888 - val 0.042192
Epoch 5089/10000 - train 0.002123 - val 0.041895
Epoch 5090/10000 - train 0.003379 - val 0.042363
Epoch 5091/10000 - train 0.001928 - val 0.042546
Epoch 5092/10000 - train 0.002089 - val 0.041577
Epoch 5093/10000 - train 0.001986 - val 0.042360
Epoch 5094/10000 - train 0.002115 - val 0.041932
Epoch 5095/10000 - train 0.002176 - val 0.042704
Epoch 5096/10000 - train 0.002657 - val 0.042308
Epoch 5097/10000 - train 0.002063 - val 0.041887
Epoch 5098/10000 - train 0.001947 - val 0.042025
Epoch 5099/10000 - train 0.014495 - val 0.068006
Epoch 5100/10000 - train 0.016196 - val 0.044231
Epoch 5101/10000 - train 0.005674 - val 0.042893
Epoch 5102/10000 - train 0.002398 - val 0.041671
Epoch 5103/10000 - train 0.001888 - val 0.041513
Epoch 5104/10000 - train 0.001769 - val 0.041425
Epoch 5105/10000 - train 0.001709 - val 0.041810
Epoch 5106/10000 - train 0.001701 - val 0.041491
Epoch 5107/10000 - train 0.001657 - val 0.041685
Epoch 5108/10000 - train 0.001686 - val 0.042167
Epoch 5109/10000 - train 0.001788 - val 0.042578
Epoch 5110/10000 - train 0.002014 - val 0.041818
Epoch 5111/10000 - train 0.001704 - val 0.041733
Epoch 5112/10000 - train 0.001763 - val 0.041638
Epoch 5113/10000 - train 0.001999 - val 0.041931
Epoch 5114/10000 - train 0.001859 - val 0.042014
Epoch 5115/10000 - train 0.001739 - val 0.041610
Epoch 5116/10000 - train 0.002024 - val 0.041758
Epoch 5117/10000 - train 0.001769 - val 0.042127
Epoch 5118/10000 - train 0.001864 - val 0.042199
Epoch 5119/10000 - train 0.002322 - val 0.042084
Epoch 5120/10000 - train 0.001850 - val 0.042083
Epoch 5121/10000 - train 0.001799 - val 0.044928
Epoch 5122/10000 - train 0.002340 - val 0.042108
Epoch 5123/10000 - train 0.001939 - val 0.042033
Epoch 5124/10000 - train 0.001918 - val 0.042336
Epoch 5125/10000 - train 0.002034 - val 0.042268
Epoch 5126/10000 - train 0.002156 - val 0.042036
Epoch 5127/10000 - train 0.001850 - val 0.042066
Epoch 5128/10000 - train 0.002232 - val 0.042587
Epoch 5129/10000 - train 0.001965 - val 0.041870
Epoch 5130/10000 - train 0.002362 - val 0.042260
Epoch 5131/10000 - train 0.002229 - val 0.042164
Epoch 5132/10000 - train 0.002340 - val 0.042096
Epoch 5133/10000 - train 0.002138 - val 0.041935
Epoch 5134/10000 - train 0.002508 - val 0.041975
Epoch 5135/10000 - train 0.002049 - val 0.042816
Epoch 5136/10000 - train 0.002043 - val 0.041837
Epoch 5137/10000 - train 0.002339 - val 0.042766
Epoch 5138/10000 - train 0.002027 - val 0.041957
Epoch 5139/10000 - train 0.002240 - val 0.041876
Epoch 5140/10000 - train 0.004419 - val 0.088401
Epoch 5141/10000 - train 0.027368 - val 0.046385
Epoch 5142/10000 - train 0.006769 - val 0.042335
Epoch 5143/10000 - train 0.003352 - val 0.042068
Epoch 5144/10000 - train 0.003047 - val 0.041294
Epoch 5145/10000 - train 0.001977 - val 0.041163
Epoch 5146/10000 - train 0.001862 - val 0.041347
Epoch 5147/10000 - train 0.001764 - val 0.041618
Epoch 5148/10000 - train 0.001803 - val 0.041325
Epoch 5149/10000 - train 0.001832 - val 0.042568
Epoch 5150/10000 - train 0.001837 - val 0.041700
Epoch 5151/10000 - train 0.001791 - val 0.041647
Epoch 5152/10000 - train 0.001804 - val 0.042156
Epoch 5153/10000 - train 0.001982 - val 0.041696
Epoch 5154/10000 - train 0.001836 - val 0.043319
Epoch 5155/10000 - train 0.001930 - val 0.042198
Epoch 5156/10000 - train 0.001840 - val 0.041750
Epoch 5157/10000 - train 0.001896 - val 0.041745
Epoch 5158/10000 - train 0.001865 - val 0.041489
Epoch 5159/10000 - train 0.002077 - val 0.042146
Epoch 5160/10000 - train 0.002014 - val 0.041964
Epoch 5161/10000 - train 0.001917 - val 0.042275
Epoch 5162/10000 - train 0.001901 - val 0.042114
Epoch 5163/10000 - train 0.002308 - val 0.042811
Epoch 5164/10000 - train 0.001981 - val 0.042184
Epoch 5165/10000 - train 0.002221 - val 0.042114
Epoch 5166/10000 - train 0.001992 - val 0.041386
Epoch 5167/10000 - train 0.002214 - val 0.041749
Epoch 5168/10000 - train 0.001975 - val 0.042040
Epoch 5169/10000 - train 0.002231 - val 0.041982
Epoch 5170/10000 - train 0.002699 - val 0.042797
Epoch 5171/10000 - train 0.002203 - val 0.042252
Epoch 5172/10000 - train 0.002439 - val 0.042151
Epoch 5173/10000 - train 0.001899 - val 0.041879
Epoch 5174/10000 - train 0.002203 - val 0.041995
Epoch 5175/10000 - train 0.002126 - val 0.042227
Epoch 5176/10000 - train 0.001901 - val 0.041950
Epoch 5177/10000 - train 0.002464 - val 0.042225
Epoch 5178/10000 - train 0.002266 - val 0.042449
Epoch 5179/10000 - train 0.002596 - val 0.042269
Epoch 5180/10000 - train 0.002157 - val 0.041836
Epoch 5181/10000 - train 0.002189 - val 0.042150
Epoch 5182/10000 - train 0.002545 - val 0.046028
Epoch 5183/10000 - train 0.026061 - val 0.047776
Epoch 5184/10000 - train 0.005867 - val 0.042496
Epoch 5185/10000 - train 0.002956 - val 0.042404
Epoch 5186/10000 - train 0.002631 - val 0.041763
Epoch 5187/10000 - train 0.002073 - val 0.042015
Epoch 5188/10000 - train 0.001981 - val 0.041559
Epoch 5189/10000 - train 0.001936 - val 0.041401
Epoch 5190/10000 - train 0.001896 - val 0.043186
Epoch 5191/10000 - train 0.002078 - val 0.041915
Epoch 5192/10000 - train 0.001785 - val 0.042038
Epoch 5193/10000 - train 0.001800 - val 0.042229
Epoch 5194/10000 - train 0.001994 - val 0.041905
Epoch 5195/10000 - train 0.001801 - val 0.041657
Epoch 5196/10000 - train 0.002030 - val 0.043131
Epoch 5197/10000 - train 0.002009 - val 0.041687
Epoch 5198/10000 - train 0.001858 - val 0.041590
Epoch 5199/10000 - train 0.002009 - val 0.041991
Epoch 5200/10000 - train 0.001837 - val 0.042074
Epoch 5201/10000 - train 0.002245 - val 0.041982
Epoch 5202/10000 - train 0.001957 - val 0.041978
Epoch 5203/10000 - train 0.001921 - val 0.042577
Epoch 5204/10000 - train 0.002091 - val 0.042179
Epoch 5205/10000 - train 0.001992 - val 0.041414
Epoch 5206/10000 - train 0.002241 - val 0.041868
Epoch 5207/10000 - train 0.002088 - val 0.042535
Epoch 5208/10000 - train 0.002033 - val 0.043977
Epoch 5209/10000 - train 0.002589 - val 0.042671
Epoch 5210/10000 - train 0.002059 - val 0.042015
Epoch 5211/10000 - train 0.002256 - val 0.042173
Epoch 5212/10000 - train 0.002153 - val 0.042822
Epoch 5213/10000 - train 0.003120 - val 0.043512
Epoch 5214/10000 - train 0.003001 - val 0.042909
Epoch 5215/10000 - train 0.002545 - val 0.041525
Epoch 5216/10000 - train 0.001901 - val 0.042162
Epoch 5217/10000 - train 0.001852 - val 0.041979
Epoch 5218/10000 - train 0.002311 - val 0.042507
Epoch 5219/10000 - train 0.002278 - val 0.042010
Epoch 5220/10000 - train 0.002186 - val 0.043311
Epoch 5221/10000 - train 0.002241 - val 0.042178
Epoch 5222/10000 - train 0.002047 - val 0.043161
Epoch 5223/10000 - train 0.002860 - val 0.041565
Epoch 5224/10000 - train 0.002099 - val 0.042459
Epoch 5225/10000 - train 0.002634 - val 0.042394
Epoch 5226/10000 - train 0.002211 - val 0.042016
Epoch 5227/10000 - train 0.001959 - val 0.042127
Epoch 5228/10000 - train 0.002008 - val 0.042937
Epoch 5229/10000 - train 0.002010 - val 0.042184
Epoch 5230/10000 - train 0.002716 - val 0.043948
Epoch 5231/10000 - train 0.002829 - val 0.044338
Epoch 5232/10000 - train 0.002547 - val 0.041880
Epoch 5233/10000 - train 0.001999 - val 0.041914
Epoch 5234/10000 - train 0.001981 - val 0.042643
Epoch 5235/10000 - train 0.002015 - val 0.041946
Epoch 5236/10000 - train 0.001996 - val 0.042780
Epoch 5237/10000 - train 0.032292 - val 0.052475
Epoch 5238/10000 - train 0.011223 - val 0.043111
Epoch 5239/10000 - train 0.004414 - val 0.042026
Epoch 5240/10000 - train 0.002881 - val 0.041644
Epoch 5241/10000 - train 0.002443 - val 0.041951
Epoch 5242/10000 - train 0.002212 - val 0.041839
Epoch 5243/10000 - train 0.002168 - val 0.042314
Epoch 5244/10000 - train 0.002090 - val 0.041694
Epoch 5245/10000 - train 0.002009 - val 0.041861
Epoch 5246/10000 - train 0.002112 - val 0.042110
Epoch 5247/10000 - train 0.001999 - val 0.042205
Epoch 5248/10000 - train 0.001998 - val 0.041732
Epoch 5249/10000 - train 0.002071 - val 0.042226
Epoch 5250/10000 - train 0.001979 - val 0.041941
Epoch 5251/10000 - train 0.002059 - val 0.041990
Epoch 5252/10000 - train 0.002006 - val 0.042913
Epoch 5253/10000 - train 0.002156 - val 0.041914
Epoch 5254/10000 - train 0.002015 - val 0.042319
Epoch 5255/10000 - train 0.002363 - val 0.042140
Epoch 5256/10000 - train 0.002166 - val 0.042121
Epoch 5257/10000 - train 0.002362 - val 0.042203
Epoch 5258/10000 - train 0.002457 - val 0.041868
Epoch 5259/10000 - train 0.002064 - val 0.042257
Epoch 5260/10000 - train 0.002018 - val 0.042709
Epoch 5261/10000 - train 0.002248 - val 0.042294
Epoch 5262/10000 - train 0.002427 - val 0.042738
Epoch 5263/10000 - train 0.002144 - val 0.042274
Epoch 5264/10000 - train 0.002386 - val 0.042528
Epoch 5265/10000 - train 0.002443 - val 0.042380
Epoch 5266/10000 - train 0.002408 - val 0.042509
Epoch 5267/10000 - train 0.018985 - val 0.064044
Epoch 5268/10000 - train 0.010537 - val 0.043499
Epoch 5269/10000 - train 0.004351 - val 0.042562
Epoch 5270/10000 - train 0.002351 - val 0.041870
Epoch 5271/10000 - train 0.001995 - val 0.041958
Epoch 5272/10000 - train 0.001853 - val 0.041912
Epoch 5273/10000 - train 0.001795 - val 0.042070
Epoch 5274/10000 - train 0.001815 - val 0.041870
Epoch 5275/10000 - train 0.001790 - val 0.042513
Epoch 5276/10000 - train 0.001940 - val 0.042064
Epoch 5277/10000 - train 0.001770 - val 0.042084
Epoch 5278/10000 - train 0.001881 - val 0.042107
Epoch 5279/10000 - train 0.001806 - val 0.042050
Epoch 5280/10000 - train 0.002178 - val 0.042110
Epoch 5281/10000 - train 0.001903 - val 0.042157
Epoch 5282/10000 - train 0.001852 - val 0.042165
Epoch 5283/10000 - train 0.002064 - val 0.042248
Epoch 5284/10000 - train 0.001854 - val 0.041949
Epoch 5285/10000 - train 0.002026 - val 0.042898
Epoch 5286/10000 - train 0.002034 - val 0.042140
Epoch 5287/10000 - train 0.002010 - val 0.042240
Epoch 5288/10000 - train 0.002154 - val 0.042350
Epoch 5289/10000 - train 0.001976 - val 0.042277
Epoch 5290/10000 - train 0.002149 - val 0.043777
Epoch 5291/10000 - train 0.002183 - val 0.042225
Epoch 5292/10000 - train 0.001892 - val 0.042440
Epoch 5293/10000 - train 0.002172 - val 0.044251
Epoch 5294/10000 - train 0.002184 - val 0.042698
Epoch 5295/10000 - train 0.002080 - val 0.042216
Epoch 5296/10000 - train 0.002176 - val 0.043800
Epoch 5297/10000 - train 0.002147 - val 0.042485
Epoch 5298/10000 - train 0.002097 - val 0.042329
Epoch 5299/10000 - train 0.002290 - val 0.042853
Epoch 5300/10000 - train 0.002086 - val 0.043288
Epoch 5301/10000 - train 0.003628 - val 0.043767
Epoch 5302/10000 - train 0.002617 - val 0.045384
Epoch 5303/10000 - train 0.002552 - val 0.042311
Epoch 5304/10000 - train 0.001990 - val 0.042131
Epoch 5305/10000 - train 0.001939 - val 0.042488
Epoch 5306/10000 - train 0.002466 - val 0.041980
Epoch 5307/10000 - train 0.002095 - val 0.042013
Epoch 5308/10000 - train 0.009073 - val 0.056677
Epoch 5309/10000 - train 0.013428 - val 0.045179
Epoch 5310/10000 - train 0.004902 - val 0.042327
Epoch 5311/10000 - train 0.002383 - val 0.041713
Epoch 5312/10000 - train 0.002058 - val 0.041777
Epoch 5313/10000 - train 0.001853 - val 0.041944
Epoch 5314/10000 - train 0.002163 - val 0.041842
Epoch 5315/10000 - train 0.001755 - val 0.041763
Epoch 5316/10000 - train 0.001739 - val 0.041859
Epoch 5317/10000 - train 0.001898 - val 0.042300
Epoch 5318/10000 - train 0.001795 - val 0.041818
Epoch 5319/10000 - train 0.001785 - val 0.041977
Epoch 5320/10000 - train 0.001889 - val 0.042062
Epoch 5321/10000 - train 0.001742 - val 0.042186
Epoch 5322/10000 - train 0.002072 - val 0.041962
Epoch 5323/10000 - train 0.001852 - val 0.041985
Epoch 5324/10000 - train 0.002078 - val 0.042049
Epoch 5325/10000 - train 0.001964 - val 0.043153
Epoch 5326/10000 - train 0.002049 - val 0.041890
Epoch 5327/10000 - train 0.001859 - val 0.042552
Epoch 5328/10000 - train 0.002206 - val 0.042271
Epoch 5329/10000 - train 0.001871 - val 0.042561
Epoch 5330/10000 - train 0.002265 - val 0.042364
Epoch 5331/10000 - train 0.002165 - val 0.042432
Epoch 5332/10000 - train 0.001970 - val 0.042468
Epoch 5333/10000 - train 0.002059 - val 0.042215
Epoch 5334/10000 - train 0.002257 - val 0.042639
Epoch 5335/10000 - train 0.002254 - val 0.041975
Epoch 5336/10000 - train 0.002294 - val 0.041739
Epoch 5337/10000 - train 0.002430 - val 0.041761
Epoch 5338/10000 - train 0.001992 - val 0.042190
Epoch 5339/10000 - train 0.002089 - val 0.042532
Epoch 5340/10000 - train 0.002365 - val 0.042801
Epoch 5341/10000 - train 0.002490 - val 0.042378
Epoch 5342/10000 - train 0.002429 - val 0.042331
Epoch 5343/10000 - train 0.001981 - val 0.042576
Epoch 5344/10000 - train 0.002078 - val 0.042266
Epoch 5345/10000 - train 0.002478 - val 0.042008
Epoch 5346/10000 - train 0.007377 - val 0.047626
Epoch 5347/10000 - train 0.005006 - val 0.043316
Epoch 5348/10000 - train 0.003513 - val 0.042127
Epoch 5349/10000 - train 0.002101 - val 0.041813
Epoch 5350/10000 - train 0.001884 - val 0.041359
Epoch 5351/10000 - train 0.001761 - val 0.042019
Epoch 5352/10000 - train 0.002015 - val 0.041571
Epoch 5353/10000 - train 0.001839 - val 0.041930
Epoch 5354/10000 - train 0.002042 - val 0.042017
Epoch 5355/10000 - train 0.002009 - val 0.041775
Epoch 5356/10000 - train 0.001806 - val 0.042028
Epoch 5357/10000 - train 0.002157 - val 0.042147
Epoch 5358/10000 - train 0.001929 - val 0.042216
Epoch 5359/10000 - train 0.001800 - val 0.041780
Epoch 5360/10000 - train 0.002087 - val 0.042234
Epoch 5361/10000 - train 0.002172 - val 0.041937
Epoch 5362/10000 - train 0.002303 - val 0.041816
Epoch 5363/10000 - train 0.002200 - val 0.042899
Epoch 5364/10000 - train 0.002452 - val 0.044062
Epoch 5365/10000 - train 0.002345 - val 0.042511
Epoch 5366/10000 - train 0.002259 - val 0.041482
Epoch 5367/10000 - train 0.002312 - val 0.042871
Epoch 5368/10000 - train 0.002016 - val 0.043799
Epoch 5369/10000 - train 0.013354 - val 0.047338
Epoch 5370/10000 - train 0.004211 - val 0.041680
Epoch 5371/10000 - train 0.002309 - val 0.042164
Epoch 5372/10000 - train 0.002200 - val 0.041761
Epoch 5373/10000 - train 0.001819 - val 0.041622
Epoch 5374/10000 - train 0.001758 - val 0.041621
Epoch 5375/10000 - train 0.001999 - val 0.042042
Epoch 5376/10000 - train 0.001765 - val 0.042205
Epoch 5377/10000 - train 0.001780 - val 0.041886
Epoch 5378/10000 - train 0.001979 - val 0.041977
Epoch 5379/10000 - train 0.001843 - val 0.041702
Epoch 5380/10000 - train 0.001798 - val 0.041818
Epoch 5381/10000 - train 0.002123 - val 0.042192
Epoch 5382/10000 - train 0.001887 - val 0.042266
Epoch 5383/10000 - train 0.002036 - val 0.042420
Epoch 5384/10000 - train 0.001939 - val 0.042111
Epoch 5385/10000 - train 0.001958 - val 0.042141
Epoch 5386/10000 - train 0.001981 - val 0.042211
Epoch 5387/10000 - train 0.002112 - val 0.042008
Epoch 5388/10000 - train 0.002240 - val 0.043552
Epoch 5389/10000 - train 0.002055 - val 0.042422
Epoch 5390/10000 - train 0.002210 - val 0.041675
Epoch 5391/10000 - train 0.002046 - val 0.042566
Epoch 5392/10000 - train 0.002676 - val 0.042656
Epoch 5393/10000 - train 0.002154 - val 0.042277
Epoch 5394/10000 - train 0.001973 - val 0.042042
Epoch 5395/10000 - train 0.002139 - val 0.042216
Epoch 5396/10000 - train 0.002234 - val 0.042995
Epoch 5397/10000 - train 0.003056 - val 0.044074
Epoch 5398/10000 - train 0.002491 - val 0.044135
Epoch 5399/10000 - train 0.002439 - val 0.041746
Epoch 5400/10000 - train 0.001957 - val 0.041928
Epoch 5401/10000 - train 0.002269 - val 0.042473
Epoch 5402/10000 - train 0.002036 - val 0.041842
Epoch 5403/10000 - train 0.002314 - val 0.042535
Epoch 5404/10000 - train 0.002035 - val 0.042945
Epoch 5405/10000 - train 0.002259 - val 0.042658
Epoch 5406/10000 - train 0.002180 - val 0.042896
Epoch 5407/10000 - train 0.002147 - val 0.042258
Epoch 5408/10000 - train 0.002951 - val 0.043207
Epoch 5409/10000 - train 0.002483 - val 0.044590
Epoch 5410/10000 - train 0.021184 - val 0.043943
Epoch 5411/10000 - train 0.004448 - val 0.042672
Epoch 5412/10000 - train 0.002548 - val 0.041517
Epoch 5413/10000 - train 0.002069 - val 0.041934
Epoch 5414/10000 - train 0.001889 - val 0.041860
Epoch 5415/10000 - train 0.001800 - val 0.042090
Epoch 5416/10000 - train 0.001769 - val 0.041847
Epoch 5417/10000 - train 0.001865 - val 0.041860
Epoch 5418/10000 - train 0.001696 - val 0.042148
Epoch 5419/10000 - train 0.001708 - val 0.041902
Epoch 5420/10000 - train 0.001927 - val 0.041702
Epoch 5421/10000 - train 0.001683 - val 0.041682
Epoch 5422/10000 - train 0.001889 - val 0.042002
Epoch 5423/10000 - train 0.001760 - val 0.041983
Epoch 5424/10000 - train 0.001726 - val 0.041942
Epoch 5425/10000 - train 0.001915 - val 0.042037
Epoch 5426/10000 - train 0.001869 - val 0.043404
Epoch 5427/10000 - train 0.002149 - val 0.041963
Epoch 5428/10000 - train 0.002161 - val 0.042517
Epoch 5429/10000 - train 0.001919 - val 0.042058
Epoch 5430/10000 - train 0.001921 - val 0.042097
Epoch 5431/10000 - train 0.002091 - val 0.041861
Epoch 5432/10000 - train 0.002003 - val 0.042149
Epoch 5433/10000 - train 0.002314 - val 0.042930
Epoch 5434/10000 - train 0.002099 - val 0.042683
Epoch 5435/10000 - train 0.001992 - val 0.042097
Epoch 5436/10000 - train 0.002432 - val 0.042011
Epoch 5437/10000 - train 0.001948 - val 0.045233
Epoch 5438/10000 - train 0.025923 - val 0.048936
Epoch 5439/10000 - train 0.007672 - val 0.042244
Epoch 5440/10000 - train 0.003963 - val 0.043078
Epoch 5441/10000 - train 0.002497 - val 0.042148
Epoch 5442/10000 - train 0.002037 - val 0.041658
Epoch 5443/10000 - train 0.001864 - val 0.041363
Epoch 5444/10000 - train 0.001793 - val 0.041834
Epoch 5445/10000 - train 0.001785 - val 0.041499
Epoch 5446/10000 - train 0.001737 - val 0.042024
Epoch 5447/10000 - train 0.001886 - val 0.041838
Epoch 5448/10000 - train 0.001778 - val 0.041821
Epoch 5449/10000 - train 0.001756 - val 0.041937
Epoch 5450/10000 - train 0.002176 - val 0.042074
Epoch 5451/10000 - train 0.001713 - val 0.041928
Epoch 5452/10000 - train 0.001996 - val 0.042191
Epoch 5453/10000 - train 0.001846 - val 0.042140
Epoch 5454/10000 - train 0.001811 - val 0.042109
Epoch 5455/10000 - train 0.002098 - val 0.042075
Epoch 5456/10000 - train 0.001787 - val 0.041752
Epoch 5457/10000 - train 0.001806 - val 0.042018
Epoch 5458/10000 - train 0.002021 - val 0.042575
Epoch 5459/10000 - train 0.001993 - val 0.041902
Epoch 5460/10000 - train 0.001982 - val 0.042736
Epoch 5461/10000 - train 0.002018 - val 0.042157
Epoch 5462/10000 - train 0.002176 - val 0.041930
Epoch 5463/10000 - train 0.001881 - val 0.042066
Epoch 5464/10000 - train 0.002080 - val 0.043015
Epoch 5465/10000 - train 0.001948 - val 0.042023
Epoch 5466/10000 - train 0.001937 - val 0.041889
Epoch 5467/10000 - train 0.002217 - val 0.042549
Epoch 5468/10000 - train 0.002193 - val 0.042378
Epoch 5469/10000 - train 0.002086 - val 0.042563
Epoch 5470/10000 - train 0.002146 - val 0.042695
Epoch 5471/10000 - train 0.002575 - val 0.042318
Epoch 5472/10000 - train 0.002089 - val 0.041993
Epoch 5473/10000 - train 0.002679 - val 0.043087
Epoch 5474/10000 - train 0.002858 - val 0.041973
Epoch 5475/10000 - train 0.002123 - val 0.042331
Epoch 5476/10000 - train 0.002281 - val 0.042012
Epoch 5477/10000 - train 0.001864 - val 0.042220
Epoch 5478/10000 - train 0.001877 - val 0.041957
Epoch 5479/10000 - train 0.002338 - val 0.042223
Epoch 5480/10000 - train 0.002459 - val 0.042446
Epoch 5481/10000 - train 0.002105 - val 0.043363
Epoch 5482/10000 - train 0.002319 - val 0.041888
Epoch 5483/10000 - train 0.002087 - val 0.041755
Epoch 5484/10000 - train 0.002193 - val 0.042457
Epoch 5485/10000 - train 0.002179 - val 0.043710
Epoch 5486/10000 - train 0.020549 - val 0.046056
Epoch 5487/10000 - train 0.004487 - val 0.042611
Epoch 5488/10000 - train 0.002462 - val 0.041944
Epoch 5489/10000 - train 0.001985 - val 0.041976
Epoch 5490/10000 - train 0.001836 - val 0.041805
Epoch 5491/10000 - train 0.001784 - val 0.042006
Epoch 5492/10000 - train 0.001772 - val 0.041826
Epoch 5493/10000 - train 0.001717 - val 0.041878
Epoch 5494/10000 - train 0.001834 - val 0.042181
Epoch 5495/10000 - train 0.001719 - val 0.041851
Epoch 5496/10000 - train 0.001850 - val 0.041672
Epoch 5497/10000 - train 0.001735 - val 0.041880
Epoch 5498/10000 - train 0.001979 - val 0.042293
Epoch 5499/10000 - train 0.001935 - val 0.042192
Epoch 5500/10000 - train 0.001825 - val 0.042215
Epoch 5501/10000 - train 0.002122 - val 0.042693
Epoch 5502/10000 - train 0.002030 - val 0.042202
Epoch 5503/10000 - train 0.001891 - val 0.041952
Epoch 5504/10000 - train 0.002289 - val 0.042164
Epoch 5505/10000 - train 0.001872 - val 0.042355
Epoch 5506/10000 - train 0.002048 - val 0.042129
Epoch 5507/10000 - train 0.002199 - val 0.041963
Epoch 5508/10000 - train 0.001943 - val 0.042261
Epoch 5509/10000 - train 0.002607 - val 0.042299
Epoch 5510/10000 - train 0.001936 - val 0.042620
Epoch 5511/10000 - train 0.002360 - val 0.042140
Epoch 5512/10000 - train 0.002230 - val 0.042035
Epoch 5513/10000 - train 0.002530 - val 0.042117
Epoch 5514/10000 - train 0.002091 - val 0.042054
Epoch 5515/10000 - train 0.001902 - val 0.042364
Epoch 5516/10000 - train 0.002828 - val 0.042170
Epoch 5517/10000 - train 0.002070 - val 0.041861
Epoch 5518/10000 - train 0.002248 - val 0.042464
Epoch 5519/10000 - train 0.002138 - val 0.042501
Epoch 5520/10000 - train 0.002499 - val 0.042104
Epoch 5521/10000 - train 0.002027 - val 0.047109
Epoch 5522/10000 - train 0.026660 - val 0.047325
Epoch 5523/10000 - train 0.005720 - val 0.044800
Epoch 5524/10000 - train 0.002944 - val 0.041897
Epoch 5525/10000 - train 0.002005 - val 0.041600
Epoch 5526/10000 - train 0.001845 - val 0.041776
Epoch 5527/10000 - train 0.001776 - val 0.041714
Epoch 5528/10000 - train 0.001716 - val 0.041581
Epoch 5529/10000 - train 0.001671 - val 0.041718
Epoch 5530/10000 - train 0.001654 - val 0.041847
Epoch 5531/10000 - train 0.001710 - val 0.041993
Epoch 5532/10000 - train 0.001730 - val 0.042050
Epoch 5533/10000 - train 0.001750 - val 0.042165
Epoch 5534/10000 - train 0.001846 - val 0.042005
Epoch 5535/10000 - train 0.001767 - val 0.041893
Epoch 5536/10000 - train 0.001778 - val 0.041732
Epoch 5537/10000 - train 0.001887 - val 0.041904
Epoch 5538/10000 - train 0.001861 - val 0.041780
Epoch 5539/10000 - train 0.001927 - val 0.041989
Epoch 5540/10000 - train 0.001843 - val 0.041920
Epoch 5541/10000 - train 0.001930 - val 0.042223
Epoch 5542/10000 - train 0.002217 - val 0.042012
Epoch 5543/10000 - train 0.001895 - val 0.041908
Epoch 5544/10000 - train 0.001932 - val 0.041914
Epoch 5545/10000 - train 0.002234 - val 0.041915
Epoch 5546/10000 - train 0.002021 - val 0.042524
Epoch 5547/10000 - train 0.002063 - val 0.041915
Epoch 5548/10000 - train 0.002369 - val 0.042658
Epoch 5549/10000 - train 0.002289 - val 0.042031
Epoch 5550/10000 - train 0.002076 - val 0.042610
Epoch 5551/10000 - train 0.003049 - val 0.043488
Epoch 5552/10000 - train 0.002586 - val 0.042587
Epoch 5553/10000 - train 0.002106 - val 0.041985
Epoch 5554/10000 - train 0.002452 - val 0.042384
Epoch 5555/10000 - train 0.001854 - val 0.041944
Epoch 5556/10000 - train 0.001906 - val 0.042184
Epoch 5557/10000 - train 0.001944 - val 0.044512
Epoch 5558/10000 - train 0.006170 - val 0.042600
Epoch 5559/10000 - train 0.003318 - val 0.044212
Epoch 5560/10000 - train 0.002936 - val 0.042099
Epoch 5561/10000 - train 0.001963 - val 0.042297
Epoch 5562/10000 - train 0.001833 - val 0.041702
Epoch 5563/10000 - train 0.001759 - val 0.041664
Epoch 5564/10000 - train 0.001779 - val 0.041991
Epoch 5565/10000 - train 0.001751 - val 0.041818
Epoch 5566/10000 - train 0.002024 - val 0.042242
Epoch 5567/10000 - train 0.002013 - val 0.041667
Epoch 5568/10000 - train 0.001763 - val 0.042318
Epoch 5569/10000 - train 0.002005 - val 0.042269
Epoch 5570/10000 - train 0.001963 - val 0.041962
Epoch 5571/10000 - train 0.002656 - val 0.042136
Epoch 5572/10000 - train 0.001976 - val 0.042283
Epoch 5573/10000 - train 0.002017 - val 0.041975
Epoch 5574/10000 - train 0.002232 - val 0.042060
Epoch 5575/10000 - train 0.001989 - val 0.042603
Epoch 5576/10000 - train 0.002859 - val 0.042320
Epoch 5577/10000 - train 0.002277 - val 0.042213
Epoch 5578/10000 - train 0.002157 - val 0.045419
Epoch 5579/10000 - train 0.002353 - val 0.042401
Epoch 5580/10000 - train 0.002286 - val 0.042175
Epoch 5581/10000 - train 0.001939 - val 0.042574
Epoch 5582/10000 - train 0.010703 - val 0.112796
Epoch 5583/10000 - train 0.037247 - val 0.044956
Epoch 5584/10000 - train 0.009254 - val 0.041609
Epoch 5585/10000 - train 0.004345 - val 0.040926
Epoch 5586/10000 - train 0.002889 - val 0.040600
Epoch 5587/10000 - train 0.002299 - val 0.040364
Epoch 5588/10000 - train 0.002087 - val 0.040601
Epoch 5589/10000 - train 0.001926 - val 0.040984
Epoch 5590/10000 - train 0.001868 - val 0.040762
Epoch 5591/10000 - train 0.001786 - val 0.040942
Epoch 5592/10000 - train 0.001727 - val 0.041232
Epoch 5593/10000 - train 0.001893 - val 0.041109
Epoch 5594/10000 - train 0.001740 - val 0.041225
Epoch 5595/10000 - train 0.001765 - val 0.041348
Epoch 5596/10000 - train 0.001930 - val 0.041349
Epoch 5597/10000 - train 0.001720 - val 0.041234
Epoch 5598/10000 - train 0.001755 - val 0.041743
Epoch 5599/10000 - train 0.001981 - val 0.041194
Epoch 5600/10000 - train 0.001725 - val 0.041284
Epoch 5601/10000 - train 0.002014 - val 0.041915
Epoch 5602/10000 - train 0.001917 - val 0.041883
Epoch 5603/10000 - train 0.001878 - val 0.041390
Epoch 5604/10000 - train 0.001814 - val 0.041500
Epoch 5605/10000 - train 0.002399 - val 0.041568
Epoch 5606/10000 - train 0.001949 - val 0.041454
Epoch 5607/10000 - train 0.001752 - val 0.041976
Epoch 5608/10000 - train 0.001936 - val 0.041648
Epoch 5609/10000 - train 0.002229 - val 0.042054
Epoch 5610/10000 - train 0.001945 - val 0.041583
Epoch 5611/10000 - train 0.001837 - val 0.041496
Epoch 5612/10000 - train 0.001931 - val 0.041860
Epoch 5613/10000 - train 0.002248 - val 0.043084
Epoch 5614/10000 - train 0.002006 - val 0.042267
Epoch 5615/10000 - train 0.001998 - val 0.041389
Epoch 5616/10000 - train 0.002062 - val 0.041969
Epoch 5617/10000 - train 0.002238 - val 0.041921
Epoch 5618/10000 - train 0.002082 - val 0.042132
Epoch 5619/10000 - train 0.001778 - val 0.041873
Epoch 5620/10000 - train 0.002728 - val 0.042353
Epoch 5621/10000 - train 0.001926 - val 0.041791
Epoch 5622/10000 - train 0.001866 - val 0.042066
Epoch 5623/10000 - train 0.002316 - val 0.041870
Epoch 5624/10000 - train 0.002373 - val 0.042540
Epoch 5625/10000 - train 0.002226 - val 0.042060
Epoch 5626/10000 - train 0.002472 - val 0.042174
Epoch 5627/10000 - train 0.002013 - val 0.042238
Epoch 5628/10000 - train 0.001828 - val 0.041962
Epoch 5629/10000 - train 0.002874 - val 0.042679
Epoch 5630/10000 - train 0.002312 - val 0.042063
Epoch 5631/10000 - train 0.002260 - val 0.041787
Epoch 5632/10000 - train 0.001810 - val 0.041706
Epoch 5633/10000 - train 0.002180 - val 0.041976
Epoch 5634/10000 - train 0.002632 - val 0.045295
Epoch 5635/10000 - train 0.003816 - val 0.042625
Epoch 5636/10000 - train 0.002667 - val 0.041643
Epoch 5637/10000 - train 0.002165 - val 0.041729
Epoch 5638/10000 - train 0.001994 - val 0.041841
Epoch 5639/10000 - train 0.002295 - val 0.041661
Epoch 5640/10000 - train 0.001944 - val 0.041690
Epoch 5641/10000 - train 0.002080 - val 0.041772
Epoch 5642/10000 - train 0.002081 - val 0.041631
Epoch 5643/10000 - train 0.001935 - val 0.041486
Epoch 5644/10000 - train 0.002169 - val 0.042224
Epoch 5645/10000 - train 0.002173 - val 0.041498
Epoch 5646/10000 - train 0.001995 - val 0.042514
Epoch 5647/10000 - train 0.002438 - val 0.042983
Epoch 5648/10000 - train 0.020152 - val 0.046032
Epoch 5649/10000 - train 0.004541 - val 0.042631
Epoch 5650/10000 - train 0.002352 - val 0.041640
Epoch 5651/10000 - train 0.001936 - val 0.041538
Epoch 5652/10000 - train 0.001770 - val 0.041370
Epoch 5653/10000 - train 0.001719 - val 0.041496
Epoch 5654/10000 - train 0.001663 - val 0.041460
Epoch 5655/10000 - train 0.001659 - val 0.041242
Epoch 5656/10000 - train 0.001722 - val 0.041724
Epoch 5657/10000 - train 0.001775 - val 0.042651
Epoch 5658/10000 - train 0.001810 - val 0.041712
Epoch 5659/10000 - train 0.001700 - val 0.041378
Epoch 5660/10000 - train 0.001850 - val 0.041960
Epoch 5661/10000 - train 0.001750 - val 0.041879
Epoch 5662/10000 - train 0.002039 - val 0.041722
Epoch 5663/10000 - train 0.001766 - val 0.042160
Epoch 5664/10000 - train 0.002192 - val 0.041956
Epoch 5665/10000 - train 0.001851 - val 0.042032
Epoch 5666/10000 - train 0.002009 - val 0.041713
Epoch 5667/10000 - train 0.002204 - val 0.042009
Epoch 5668/10000 - train 0.001785 - val 0.041713
Epoch 5669/10000 - train 0.002132 - val 0.041996
Epoch 5670/10000 - train 0.002145 - val 0.042448
Epoch 5671/10000 - train 0.002169 - val 0.042495
Epoch 5672/10000 - train 0.002102 - val 0.042203
Epoch 5673/10000 - train 0.016179 - val 0.053077
Epoch 5674/10000 - train 0.008957 - val 0.042754
Epoch 5675/10000 - train 0.004328 - val 0.041604
Epoch 5676/10000 - train 0.002143 - val 0.041302
Epoch 5677/10000 - train 0.001814 - val 0.041410
Epoch 5678/10000 - train 0.001677 - val 0.041660
Epoch 5679/10000 - train 0.001680 - val 0.041401
Epoch 5680/10000 - train 0.001622 - val 0.041747
Epoch 5681/10000 - train 0.001779 - val 0.041772
Epoch 5682/10000 - train 0.001663 - val 0.041322
Epoch 5683/10000 - train 0.001625 - val 0.042448
Epoch 5684/10000 - train 0.001925 - val 0.041696
Epoch 5685/10000 - train 0.001690 - val 0.041582
Epoch 5686/10000 - train 0.001718 - val 0.042580
Epoch 5687/10000 - train 0.002073 - val 0.041874
Epoch 5688/10000 - train 0.001768 - val 0.041857
Epoch 5689/10000 - train 0.002009 - val 0.041669
Epoch 5690/10000 - train 0.001719 - val 0.041772
Epoch 5691/10000 - train 0.001925 - val 0.041672
Epoch 5692/10000 - train 0.001857 - val 0.041583
Epoch 5693/10000 - train 0.002030 - val 0.042134
Epoch 5694/10000 - train 0.001828 - val 0.042035
Epoch 5695/10000 - train 0.001947 - val 0.041801
Epoch 5696/10000 - train 0.002176 - val 0.041799
Epoch 5697/10000 - train 0.001791 - val 0.041887
Epoch 5698/10000 - train 0.002018 - val 0.041958
Epoch 5699/10000 - train 0.001890 - val 0.041746
Epoch 5700/10000 - train 0.001871 - val 0.042083
Epoch 5701/10000 - train 0.001926 - val 0.041995
Epoch 5702/10000 - train 0.002124 - val 0.041827
Epoch 5703/10000 - train 0.001976 - val 0.042536
Epoch 5704/10000 - train 0.002211 - val 0.042687
Epoch 5705/10000 - train 0.002085 - val 0.042168
Epoch 5706/10000 - train 0.001916 - val 0.041554
Epoch 5707/10000 - train 0.002484 - val 0.042312
Epoch 5708/10000 - train 0.002163 - val 0.041789
Epoch 5709/10000 - train 0.002011 - val 0.042289
Epoch 5710/10000 - train 0.002507 - val 0.046933
Epoch 5711/10000 - train 0.003803 - val 0.042463
Epoch 5712/10000 - train 0.002330 - val 0.044686
Epoch 5713/10000 - train 0.002793 - val 0.041484
Epoch 5714/10000 - train 0.001931 - val 0.041453
Epoch 5715/10000 - train 0.001867 - val 0.042098
Epoch 5716/10000 - train 0.002253 - val 0.042164
Epoch 5717/10000 - train 0.001869 - val 0.041694
Epoch 5718/10000 - train 0.001875 - val 0.042580
Epoch 5719/10000 - train 0.002495 - val 0.041655
Epoch 5720/10000 - train 0.001917 - val 0.041680
Epoch 5721/10000 - train 0.002394 - val 0.043493
Epoch 5722/10000 - train 0.020068 - val 0.052236
Epoch 5723/10000 - train 0.009265 - val 0.042122
Epoch 5724/10000 - train 0.004400 - val 0.041806
Epoch 5725/10000 - train 0.002248 - val 0.041384
Epoch 5726/10000 - train 0.001921 - val 0.041032
Epoch 5727/10000 - train 0.001709 - val 0.041354
Epoch 5728/10000 - train 0.001656 - val 0.041151
Epoch 5729/10000 - train 0.001628 - val 0.041335
Epoch 5730/10000 - train 0.001854 - val 0.041495
Epoch 5731/10000 - train 0.001631 - val 0.041416
Epoch 5732/10000 - train 0.001644 - val 0.041644
Epoch 5733/10000 - train 0.001882 - val 0.041483
Epoch 5734/10000 - train 0.001762 - val 0.041583
Epoch 5735/10000 - train 0.001674 - val 0.041722
Epoch 5736/10000 - train 0.001852 - val 0.041431
Epoch 5737/10000 - train 0.001731 - val 0.041387
Epoch 5738/10000 - train 0.001970 - val 0.041730
Epoch 5739/10000 - train 0.001777 - val 0.041707
Epoch 5740/10000 - train 0.002048 - val 0.041833
Epoch 5741/10000 - train 0.001763 - val 0.041634
Epoch 5742/10000 - train 0.002152 - val 0.041687
Epoch 5743/10000 - train 0.001710 - val 0.041837
Epoch 5744/10000 - train 0.001972 - val 0.041751
Epoch 5745/10000 - train 0.002481 - val 0.041387
Epoch 5746/10000 - train 0.001894 - val 0.042005
Epoch 5747/10000 - train 0.001962 - val 0.041782
Epoch 5748/10000 - train 0.001859 - val 0.041650
Epoch 5749/10000 - train 0.002154 - val 0.042378
Epoch 5750/10000 - train 0.001923 - val 0.041661
Epoch 5751/10000 - train 0.002056 - val 0.041829
Epoch 5752/10000 - train 0.002215 - val 0.042353
Epoch 5753/10000 - train 0.002376 - val 0.042279
Epoch 5754/10000 - train 0.001930 - val 0.042177
Epoch 5755/10000 - train 0.002017 - val 0.041611
Epoch 5756/10000 - train 0.015243 - val 0.066644
Epoch 5757/10000 - train 0.012319 - val 0.042688
Epoch 5758/10000 - train 0.004265 - val 0.041595
Epoch 5759/10000 - train 0.002352 - val 0.041285
Epoch 5760/10000 - train 0.001884 - val 0.041380
Epoch 5761/10000 - train 0.001749 - val 0.041469
Epoch 5762/10000 - train 0.001896 - val 0.041575
Epoch 5763/10000 - train 0.001693 - val 0.041367
Epoch 5764/10000 - train 0.001741 - val 0.041403
Epoch 5765/10000 - train 0.001625 - val 0.041789
Epoch 5766/10000 - train 0.001891 - val 0.041371
Epoch 5767/10000 - train 0.001613 - val 0.041454
Epoch 5768/10000 - train 0.001720 - val 0.042209
Epoch 5769/10000 - train 0.001960 - val 0.041451
Epoch 5770/10000 - train 0.001685 - val 0.041581
Epoch 5771/10000 - train 0.002002 - val 0.041580
Epoch 5772/10000 - train 0.001796 - val 0.041827
Epoch 5773/10000 - train 0.001692 - val 0.041747
Epoch 5774/10000 - train 0.001987 - val 0.041494
Epoch 5775/10000 - train 0.001816 - val 0.041638
Epoch 5776/10000 - train 0.002048 - val 0.041929
Epoch 5777/10000 - train 0.001836 - val 0.041549
Epoch 5778/10000 - train 0.002216 - val 0.042434
Epoch 5779/10000 - train 0.001872 - val 0.041759
Epoch 5780/10000 - train 0.001767 - val 0.041701
Epoch 5781/10000 - train 0.001929 - val 0.041373
Epoch 5782/10000 - train 0.002103 - val 0.041844
Epoch 5783/10000 - train 0.001899 - val 0.042452
Epoch 5784/10000 - train 0.002200 - val 0.042011
Epoch 5785/10000 - train 0.002309 - val 0.042416
Epoch 5786/10000 - train 0.001961 - val 0.041633
Epoch 5787/10000 - train 0.002063 - val 0.041916
Epoch 5788/10000 - train 0.002587 - val 0.042205
Epoch 5789/10000 - train 0.001876 - val 0.042326
Epoch 5790/10000 - train 0.002466 - val 0.041961
Epoch 5791/10000 - train 0.001961 - val 0.041532
Epoch 5792/10000 - train 0.002276 - val 0.042141
Epoch 5793/10000 - train 0.002330 - val 0.043512
Epoch 5794/10000 - train 0.002976 - val 0.041229
Epoch 5795/10000 - train 0.002037 - val 0.041505
Epoch 5796/10000 - train 0.002166 - val 0.042030
Epoch 5797/10000 - train 0.001872 - val 0.041867
Epoch 5798/10000 - train 0.002106 - val 0.042310
Epoch 5799/10000 - train 0.001998 - val 0.041888
Epoch 5800/10000 - train 0.002047 - val 0.041421
Epoch 5801/10000 - train 0.001793 - val 0.041779
Epoch 5802/10000 - train 0.002419 - val 0.042186
Epoch 5803/10000 - train 0.002400 - val 0.042300
Epoch 5804/10000 - train 0.002408 - val 0.043429
Epoch 5805/10000 - train 0.003584 - val 0.041992
Epoch 5806/10000 - train 0.002799 - val 0.042799
Epoch 5807/10000 - train 0.002116 - val 0.041709
Epoch 5808/10000 - train 0.001729 - val 0.041651
Epoch 5809/10000 - train 0.001738 - val 0.041767
Epoch 5810/10000 - train 0.001844 - val 0.041609
Epoch 5811/10000 - train 0.001826 - val 0.041588
Epoch 5812/10000 - train 0.002069 - val 0.042105
Epoch 5813/10000 - train 0.001973 - val 0.041543
Epoch 5814/10000 - train 0.002315 - val 0.041776
Epoch 5815/10000 - train 0.001926 - val 0.041986
Epoch 5816/10000 - train 0.003142 - val 0.042335
Epoch 5817/10000 - train 0.002405 - val 0.041813
Epoch 5818/10000 - train 0.002168 - val 0.042003
Epoch 5819/10000 - train 0.002179 - val 0.042703
Epoch 5820/10000 - train 0.002138 - val 0.041863
Epoch 5821/10000 - train 0.001865 - val 0.042072
Epoch 5822/10000 - train 0.002373 - val 0.041730
Epoch 5823/10000 - train 0.001827 - val 0.041716
Epoch 5824/10000 - train 0.001853 - val 0.041928
Epoch 5825/10000 - train 0.002089 - val 0.042017
Epoch 5826/10000 - train 0.026392 - val 0.048837
Epoch 5827/10000 - train 0.009805 - val 0.042087
Epoch 5828/10000 - train 0.003885 - val 0.041827
Epoch 5829/10000 - train 0.002519 - val 0.041725
Epoch 5830/10000 - train 0.002212 - val 0.041522
Epoch 5831/10000 - train 0.001944 - val 0.041647
Epoch 5832/10000 - train 0.001890 - val 0.041748
Epoch 5833/10000 - train 0.001848 - val 0.041785
Epoch 5834/10000 - train 0.001831 - val 0.041664
Epoch 5835/10000 - train 0.001804 - val 0.041681
Epoch 5836/10000 - train 0.001985 - val 0.041805
Epoch 5837/10000 - train 0.001780 - val 0.041937
Epoch 5838/10000 - train 0.001870 - val 0.041952
Epoch 5839/10000 - train 0.001902 - val 0.041594
Epoch 5840/10000 - train 0.001930 - val 0.042014
Epoch 5841/10000 - train 0.002110 - val 0.041924
Epoch 5842/10000 - train 0.001868 - val 0.041822
Epoch 5843/10000 - train 0.001929 - val 0.041625
Epoch 5844/10000 - train 0.002105 - val 0.042119
Epoch 5845/10000 - train 0.001974 - val 0.042295
Epoch 5846/10000 - train 0.001921 - val 0.041943
Epoch 5847/10000 - train 0.002132 - val 0.042478
Epoch 5848/10000 - train 0.002162 - val 0.043153
Epoch 5849/10000 - train 0.002368 - val 0.042205
Epoch 5850/10000 - train 0.002048 - val 0.042444
Epoch 5851/10000 - train 0.001990 - val 0.042347
Epoch 5852/10000 - train 0.002351 - val 0.041963
Epoch 5853/10000 - train 0.002212 - val 0.042250
Epoch 5854/10000 - train 0.002305 - val 0.042007
Epoch 5855/10000 - train 0.001973 - val 0.043167
Epoch 5856/10000 - train 0.003155 - val 0.043180
Epoch 5857/10000 - train 0.002458 - val 0.042945
Epoch 5858/10000 - train 0.002060 - val 0.042077
Epoch 5859/10000 - train 0.002115 - val 0.042154
Epoch 5860/10000 - train 0.002181 - val 0.041692
Epoch 5861/10000 - train 0.002203 - val 0.042650
Epoch 5862/10000 - train 0.002226 - val 0.041453
Epoch 5863/10000 - train 0.002196 - val 0.042196
Epoch 5864/10000 - train 0.002171 - val 0.042640
Epoch 5865/10000 - train 0.002260 - val 0.042153
Epoch 5866/10000 - train 0.002265 - val 0.042288
Epoch 5867/10000 - train 0.002053 - val 0.042307
Epoch 5868/10000 - train 0.019867 - val 0.046524
Epoch 5869/10000 - train 0.005389 - val 0.043027
Epoch 5870/10000 - train 0.002695 - val 0.041796
Epoch 5871/10000 - train 0.002312 - val 0.041565
Epoch 5872/10000 - train 0.001806 - val 0.041459
Epoch 5873/10000 - train 0.001725 - val 0.041626
Epoch 5874/10000 - train 0.001717 - val 0.041737
Epoch 5875/10000 - train 0.002053 - val 0.042037
Epoch 5876/10000 - train 0.001879 - val 0.041588
Epoch 5877/10000 - train 0.001729 - val 0.041998
Epoch 5878/10000 - train 0.001777 - val 0.041818
Epoch 5879/10000 - train 0.001720 - val 0.042041
Epoch 5880/10000 - train 0.001937 - val 0.041888
Epoch 5881/10000 - train 0.001803 - val 0.041683
Epoch 5882/10000 - train 0.001792 - val 0.041998
Epoch 5883/10000 - train 0.002097 - val 0.042050
Epoch 5884/10000 - train 0.001872 - val 0.041675
Epoch 5885/10000 - train 0.002090 - val 0.042512
Epoch 5886/10000 - train 0.001908 - val 0.041901
Epoch 5887/10000 - train 0.002106 - val 0.042114
Epoch 5888/10000 - train 0.001870 - val 0.042067
Epoch 5889/10000 - train 0.002025 - val 0.042233
Epoch 5890/10000 - train 0.001982 - val 0.042733
Epoch 5891/10000 - train 0.002305 - val 0.042422
Epoch 5892/10000 - train 0.001836 - val 0.042150
Epoch 5893/10000 - train 0.002284 - val 0.042879
Epoch 5894/10000 - train 0.002173 - val 0.042007
Epoch 5895/10000 - train 0.002060 - val 0.041932
Epoch 5896/10000 - train 0.002096 - val 0.042362
Epoch 5897/10000 - train 0.003659 - val 0.043638
Epoch 5898/10000 - train 0.002493 - val 0.041834
Epoch 5899/10000 - train 0.002019 - val 0.043698
Epoch 5900/10000 - train 0.002211 - val 0.041505
Epoch 5901/10000 - train 0.001726 - val 0.041587
Epoch 5902/10000 - train 0.002102 - val 0.042583
Epoch 5903/10000 - train 0.002152 - val 0.042151
Epoch 5904/10000 - train 0.002361 - val 0.041434
Epoch 5905/10000 - train 0.001974 - val 0.041966
Epoch 5906/10000 - train 0.002287 - val 0.041958
Epoch 5907/10000 - train 0.002233 - val 0.041976
Epoch 5908/10000 - train 0.002114 - val 0.042646
Epoch 5909/10000 - train 0.008910 - val 0.061146
Epoch 5910/10000 - train 0.019025 - val 0.043871
Epoch 5911/10000 - train 0.005071 - val 0.041829
Epoch 5912/10000 - train 0.003083 - val 0.041522
Epoch 5913/10000 - train 0.002177 - val 0.041183
Epoch 5914/10000 - train 0.001852 - val 0.041656
Epoch 5915/10000 - train 0.001773 - val 0.041307
Epoch 5916/10000 - train 0.001950 - val 0.041464
Epoch 5917/10000 - train 0.001657 - val 0.041182
Epoch 5918/10000 - train 0.001688 - val 0.041512
Epoch 5919/10000 - train 0.001936 - val 0.041402
Epoch 5920/10000 - train 0.001686 - val 0.041513
Epoch 5921/10000 - train 0.001865 - val 0.041782
Epoch 5922/10000 - train 0.001746 - val 0.041832
Epoch 5923/10000 - train 0.001756 - val 0.041661
Epoch 5924/10000 - train 0.002020 - val 0.041512
Epoch 5925/10000 - train 0.001734 - val 0.041700
Epoch 5926/10000 - train 0.001935 - val 0.041756
Epoch 5927/10000 - train 0.001743 - val 0.041733
Epoch 5928/10000 - train 0.001946 - val 0.042096
Epoch 5929/10000 - train 0.001910 - val 0.042348
Epoch 5930/10000 - train 0.002272 - val 0.041813
Epoch 5931/10000 - train 0.001914 - val 0.042978
Epoch 5932/10000 - train 0.002007 - val 0.041768
Epoch 5933/10000 - train 0.002101 - val 0.042154
Epoch 5934/10000 - train 0.001883 - val 0.041719
Epoch 5935/10000 - train 0.001744 - val 0.041570
Epoch 5936/10000 - train 0.001834 - val 0.042161
Epoch 5937/10000 - train 0.001882 - val 0.042815
Epoch 5938/10000 - train 0.002132 - val 0.042209
Epoch 5939/10000 - train 0.002165 - val 0.041850
Epoch 5940/10000 - train 0.001726 - val 0.041877
Epoch 5941/10000 - train 0.002579 - val 0.042247
Epoch 5942/10000 - train 0.001903 - val 0.042099
Epoch 5943/10000 - train 0.002179 - val 0.042029
Epoch 5944/10000 - train 0.002428 - val 0.042516
Epoch 5945/10000 - train 0.002052 - val 0.041967
Epoch 5946/10000 - train 0.002201 - val 0.042140
Epoch 5947/10000 - train 0.001864 - val 0.041775
Epoch 5948/10000 - train 0.002124 - val 0.043178
Epoch 5949/10000 - train 0.014981 - val 0.055016
Epoch 5950/10000 - train 0.009213 - val 0.042653
Epoch 5951/10000 - train 0.003808 - val 0.042095
Epoch 5952/10000 - train 0.002213 - val 0.041101
Epoch 5953/10000 - train 0.001876 - val 0.041170
Epoch 5954/10000 - train 0.001776 - val 0.041808
Epoch 5955/10000 - train 0.001787 - val 0.041451
Epoch 5956/10000 - train 0.001845 - val 0.041661
Epoch 5957/10000 - train 0.001685 - val 0.041418
Epoch 5958/10000 - train 0.001708 - val 0.041625
Epoch 5959/10000 - train 0.001876 - val 0.041626
Epoch 5960/10000 - train 0.001616 - val 0.041844
Epoch 5961/10000 - train 0.001898 - val 0.041716
Epoch 5962/10000 - train 0.001703 - val 0.041563
Epoch 5963/10000 - train 0.002152 - val 0.042023
Epoch 5964/10000 - train 0.001860 - val 0.042003
Epoch 5965/10000 - train 0.002053 - val 0.041767
Epoch 5966/10000 - train 0.001731 - val 0.041876
Epoch 5967/10000 - train 0.002015 - val 0.041988
Epoch 5968/10000 - train 0.001841 - val 0.041991
Epoch 5969/10000 - train 0.002060 - val 0.042024
Epoch 5970/10000 - train 0.001921 - val 0.043049
Epoch 5971/10000 - train 0.002229 - val 0.041878
Epoch 5972/10000 - train 0.001851 - val 0.042419
Epoch 5973/10000 - train 0.002117 - val 0.042819
Epoch 5974/10000 - train 0.002006 - val 0.041920
Epoch 5975/10000 - train 0.002229 - val 0.042435
Epoch 5976/10000 - train 0.001989 - val 0.041779
Epoch 5977/10000 - train 0.001933 - val 0.042217
Epoch 5978/10000 - train 0.002039 - val 0.041870
Epoch 5979/10000 - train 0.002378 - val 0.042839
Epoch 5980/10000 - train 0.022906 - val 0.054731
Epoch 5981/10000 - train 0.007970 - val 0.045101
Epoch 5982/10000 - train 0.005176 - val 0.042040
Epoch 5983/10000 - train 0.002191 - val 0.041514
Epoch 5984/10000 - train 0.001816 - val 0.041665
Epoch 5985/10000 - train 0.001712 - val 0.041646
Epoch 5986/10000 - train 0.001692 - val 0.041353
Epoch 5987/10000 - train 0.001633 - val 0.041445
Epoch 5988/10000 - train 0.001596 - val 0.041419
Epoch 5989/10000 - train 0.001593 - val 0.041479
Epoch 5990/10000 - train 0.001595 - val 0.041624
Epoch 5991/10000 - train 0.001682 - val 0.041802
Epoch 5992/10000 - train 0.001616 - val 0.041582
Epoch 5993/10000 - train 0.001594 - val 0.041815
Epoch 5994/10000 - train 0.001831 - val 0.041599
Epoch 5995/10000 - train 0.001694 - val 0.042318
Epoch 5996/10000 - train 0.001897 - val 0.041751
Epoch 5997/10000 - train 0.001764 - val 0.041732
Epoch 5998/10000 - train 0.002036 - val 0.041543
Epoch 5999/10000 - train 0.001713 - val 0.041973
Epoch 6000/10000 - train 0.001992 - val 0.041535
Epoch 6001/10000 - train 0.002044 - val 0.043335
Epoch 6002/10000 - train 0.001988 - val 0.041917
Epoch 6003/10000 - train 0.001696 - val 0.041846
Epoch 6004/10000 - train 0.001750 - val 0.042074
Epoch 6005/10000 - train 0.002180 - val 0.041927
Epoch 6006/10000 - train 0.001789 - val 0.041670
Epoch 6007/10000 - train 0.002035 - val 0.042276
Epoch 6008/10000 - train 0.001894 - val 0.042122
Epoch 6009/10000 - train 0.001817 - val 0.041867
Epoch 6010/10000 - train 0.002177 - val 0.041901
Epoch 6011/10000 - train 0.001823 - val 0.041514
Epoch 6012/10000 - train 0.002124 - val 0.042170
Epoch 6013/10000 - train 0.002276 - val 0.042471
Epoch 6014/10000 - train 0.002320 - val 0.042067
Epoch 6015/10000 - train 0.001846 - val 0.041469
Epoch 6016/10000 - train 0.002071 - val 0.044072
Epoch 6017/10000 - train 0.002231 - val 0.042070
Epoch 6018/10000 - train 0.002091 - val 0.042044
Epoch 6019/10000 - train 0.002061 - val 0.043484
Epoch 6020/10000 - train 0.012072 - val 0.048533
Epoch 6021/10000 - train 0.007173 - val 0.042598
Epoch 6022/10000 - train 0.004985 - val 0.041687
Epoch 6023/10000 - train 0.002018 - val 0.041372
Epoch 6024/10000 - train 0.001721 - val 0.041187
Epoch 6025/10000 - train 0.001640 - val 0.041151
Epoch 6026/10000 - train 0.001586 - val 0.041313
Epoch 6027/10000 - train 0.001553 - val 0.041443
Epoch 6028/10000 - train 0.001576 - val 0.041423
Epoch 6029/10000 - train 0.001579 - val 0.041404
Epoch 6030/10000 - train 0.001581 - val 0.041292
Epoch 6031/10000 - train 0.001604 - val 0.042277
Epoch 6032/10000 - train 0.001789 - val 0.041282
Epoch 6033/10000 - train 0.001634 - val 0.041806
Epoch 6034/10000 - train 0.001965 - val 0.041420
Epoch 6035/10000 - train 0.001690 - val 0.041568
Epoch 6036/10000 - train 0.001968 - val 0.041971
Epoch 6037/10000 - train 0.001833 - val 0.041558
Epoch 6038/10000 - train 0.001965 - val 0.042005
Epoch 6039/10000 - train 0.001788 - val 0.041684
Epoch 6040/10000 - train 0.001920 - val 0.042436
Epoch 6041/10000 - train 0.001887 - val 0.042035
Epoch 6042/10000 - train 0.001895 - val 0.042331
Epoch 6043/10000 - train 0.002058 - val 0.041692
Epoch 6044/10000 - train 0.001902 - val 0.042185
Epoch 6045/10000 - train 0.001872 - val 0.042252
Epoch 6046/10000 - train 0.002297 - val 0.042395
Epoch 6047/10000 - train 0.002078 - val 0.043881
Epoch 6048/10000 - train 0.002232 - val 0.041800
Epoch 6049/10000 - train 0.002040 - val 0.043640
Epoch 6050/10000 - train 0.002400 - val 0.041544
Epoch 6051/10000 - train 0.010258 - val 0.082737
Epoch 6052/10000 - train 0.016685 - val 0.043346
Epoch 6053/10000 - train 0.004016 - val 0.042257
Epoch 6054/10000 - train 0.002365 - val 0.041440
Epoch 6055/10000 - train 0.001922 - val 0.041688
Epoch 6056/10000 - train 0.001743 - val 0.041289
Epoch 6057/10000 - train 0.001648 - val 0.041475
Epoch 6058/10000 - train 0.001666 - val 0.041375
Epoch 6059/10000 - train 0.001638 - val 0.041725
Epoch 6060/10000 - train 0.001803 - val 0.041579
Epoch 6061/10000 - train 0.001592 - val 0.041580
Epoch 6062/10000 - train 0.001789 - val 0.041487
Epoch 6063/10000 - train 0.001636 - val 0.041513
Epoch 6064/10000 - train 0.001861 - val 0.041491
Epoch 6065/10000 - train 0.001652 - val 0.041533
Epoch 6066/10000 - train 0.001923 - val 0.041926
Epoch 6067/10000 - train 0.001770 - val 0.041473
Epoch 6068/10000 - train 0.001851 - val 0.042003
Epoch 6069/10000 - train 0.001755 - val 0.042190
Epoch 6070/10000 - train 0.001869 - val 0.041859
Epoch 6071/10000 - train 0.002030 - val 0.042928
Epoch 6072/10000 - train 0.001948 - val 0.041817
Epoch 6073/10000 - train 0.001930 - val 0.041786
Epoch 6074/10000 - train 0.001769 - val 0.041660
Epoch 6075/10000 - train 0.002144 - val 0.041796
Epoch 6076/10000 - train 0.001765 - val 0.042257
Epoch 6077/10000 - train 0.001811 - val 0.041778
Epoch 6078/10000 - train 0.002216 - val 0.042072
Epoch 6079/10000 - train 0.001842 - val 0.041977
Epoch 6080/10000 - train 0.001736 - val 0.041562
Epoch 6081/10000 - train 0.001975 - val 0.042853
Epoch 6082/10000 - train 0.002155 - val 0.042124
Epoch 6083/10000 - train 0.002346 - val 0.042312
Epoch 6084/10000 - train 0.002004 - val 0.041757
Epoch 6085/10000 - train 0.001935 - val 0.043623
Epoch 6086/10000 - train 0.001980 - val 0.042058
Epoch 6087/10000 - train 0.001931 - val 0.042675
Epoch 6088/10000 - train 0.002260 - val 0.041990
Epoch 6089/10000 - train 0.002023 - val 0.042305
Epoch 6090/10000 - train 0.002512 - val 0.042012
Epoch 6091/10000 - train 0.002153 - val 0.041878
Epoch 6092/10000 - train 0.001800 - val 0.041979
Epoch 6093/10000 - train 0.002396 - val 0.042277
Epoch 6094/10000 - train 0.002108 - val 0.041794
Epoch 6095/10000 - train 0.001939 - val 0.041808
Epoch 6096/10000 - train 0.002558 - val 0.042560
Epoch 6097/10000 - train 0.002133 - val 0.043116
Epoch 6098/10000 - train 0.009874 - val 0.046669
Epoch 6099/10000 - train 0.003885 - val 0.041700
Epoch 6100/10000 - train 0.002215 - val 0.041492
Epoch 6101/10000 - train 0.001844 - val 0.041846
Epoch 6102/10000 - train 0.001710 - val 0.041510
Epoch 6103/10000 - train 0.001644 - val 0.041553
Epoch 6104/10000 - train 0.001664 - val 0.041763
Epoch 6105/10000 - train 0.001698 - val 0.041829
Epoch 6106/10000 - train 0.001818 - val 0.041773
Epoch 6107/10000 - train 0.001808 - val 0.041761
Epoch 6108/10000 - train 0.001738 - val 0.042731
Epoch 6109/10000 - train 0.001867 - val 0.041716
Epoch 6110/10000 - train 0.001782 - val 0.041805
Epoch 6111/10000 - train 0.002007 - val 0.042135
Epoch 6112/10000 - train 0.001752 - val 0.042303
Epoch 6113/10000 - train 0.002127 - val 0.041833
Epoch 6114/10000 - train 0.002051 - val 0.043112
Epoch 6115/10000 - train 0.001924 - val 0.041775
Epoch 6116/10000 - train 0.001794 - val 0.042187
Epoch 6117/10000 - train 0.002057 - val 0.042201
Epoch 6118/10000 - train 0.002202 - val 0.042426
Epoch 6119/10000 - train 0.002278 - val 0.042185
Epoch 6120/10000 - train 0.002135 - val 0.043576
Epoch 6121/10000 - train 0.002938 - val 0.042426
Epoch 6122/10000 - train 0.002207 - val 0.042964
Epoch 6123/10000 - train 0.002339 - val 0.041877
Epoch 6124/10000 - train 0.001884 - val 0.042063
Epoch 6125/10000 - train 0.002492 - val 0.041688
Epoch 6126/10000 - train 0.001767 - val 0.041872
Epoch 6127/10000 - train 0.001865 - val 0.042436
Epoch 6128/10000 - train 0.002060 - val 0.041676
Epoch 6129/10000 - train 0.002418 - val 0.043134
Epoch 6130/10000 - train 0.002324 - val 0.042619
Epoch 6131/10000 - train 0.002051 - val 0.041427
Epoch 6132/10000 - train 0.002176 - val 0.042046
Epoch 6133/10000 - train 0.002037 - val 0.041771
Epoch 6134/10000 - train 0.022808 - val 0.048978
Epoch 6135/10000 - train 0.006785 - val 0.043140
Epoch 6136/10000 - train 0.002811 - val 0.041788
Epoch 6137/10000 - train 0.002276 - val 0.041433
Epoch 6138/10000 - train 0.001785 - val 0.041639
Epoch 6139/10000 - train 0.001673 - val 0.041403
Epoch 6140/10000 - train 0.001821 - val 0.041322
Epoch 6141/10000 - train 0.001559 - val 0.041350
Epoch 6142/10000 - train 0.001635 - val 0.042589
Epoch 6143/10000 - train 0.001802 - val 0.041237
Epoch 6144/10000 - train 0.001556 - val 0.041592
Epoch 6145/10000 - train 0.001673 - val 0.041393
Epoch 6146/10000 - train 0.001587 - val 0.041550
Epoch 6147/10000 - train 0.002056 - val 0.041534
Epoch 6148/10000 - train 0.001618 - val 0.041496
Epoch 6149/10000 - train 0.001765 - val 0.041924
Epoch 6150/10000 - train 0.001825 - val 0.041591
Epoch 6151/10000 - train 0.001839 - val 0.041616
Epoch 6152/10000 - train 0.001703 - val 0.041745
Epoch 6153/10000 - train 0.001953 - val 0.042181
Epoch 6154/10000 - train 0.001874 - val 0.041392
Epoch 6155/10000 - train 0.001745 - val 0.041534
Epoch 6156/10000 - train 0.002195 - val 0.041828
Epoch 6157/10000 - train 0.001706 - val 0.041675
Epoch 6158/10000 - train 0.001731 - val 0.041677
Epoch 6159/10000 - train 0.002184 - val 0.042152
Epoch 6160/10000 - train 0.001970 - val 0.041501
Epoch 6161/10000 - train 0.001803 - val 0.042026
Epoch 6162/10000 - train 0.001999 - val 0.041922
Epoch 6163/10000 - train 0.001765 - val 0.042474
Epoch 6164/10000 - train 0.002123 - val 0.042103
Epoch 6165/10000 - train 0.002055 - val 0.042217
Epoch 6166/10000 - train 0.001915 - val 0.041953
Epoch 6167/10000 - train 0.002369 - val 0.041585
Epoch 6168/10000 - train 0.001959 - val 0.041633
Epoch 6169/10000 - train 0.002346 - val 0.041945
Epoch 6170/10000 - train 0.001920 - val 0.042065
Epoch 6171/10000 - train 0.001924 - val 0.041605
Epoch 6172/10000 - train 0.002390 - val 0.042187
Epoch 6173/10000 - train 0.002096 - val 0.042149
Epoch 6174/10000 - train 0.002284 - val 0.041510
Epoch 6175/10000 - train 0.001830 - val 0.041775
Epoch 6176/10000 - train 0.002462 - val 0.042012
Epoch 6177/10000 - train 0.001973 - val 0.042172
Epoch 6178/10000 - train 0.001934 - val 0.041956
Epoch 6179/10000 - train 0.001976 - val 0.041813
Epoch 6180/10000 - train 0.037431 - val 0.068383
Epoch 6181/10000 - train 0.017844 - val 0.044115
Epoch 6182/10000 - train 0.005117 - val 0.041105
Epoch 6183/10000 - train 0.002737 - val 0.040777
Epoch 6184/10000 - train 0.002088 - val 0.041144
Epoch 6185/10000 - train 0.001881 - val 0.041190
Epoch 6186/10000 - train 0.001824 - val 0.041233
Epoch 6187/10000 - train 0.001695 - val 0.041337
Epoch 6188/10000 - train 0.001723 - val 0.040990
Epoch 6189/10000 - train 0.001666 - val 0.041184
Epoch 6190/10000 - train 0.001659 - val 0.041232
Epoch 6191/10000 - train 0.001728 - val 0.041568
Epoch 6192/10000 - train 0.001691 - val 0.041301
Epoch 6193/10000 - train 0.001617 - val 0.041350
Epoch 6194/10000 - train 0.001726 - val 0.041694
Epoch 6195/10000 - train 0.001798 - val 0.042042
Epoch 6196/10000 - train 0.001809 - val 0.041493
Epoch 6197/10000 - train 0.001662 - val 0.041388
Epoch 6198/10000 - train 0.001898 - val 0.041459
Epoch 6199/10000 - train 0.001726 - val 0.041388
Epoch 6200/10000 - train 0.001713 - val 0.042452
Epoch 6201/10000 - train 0.001949 - val 0.041639
Epoch 6202/10000 - train 0.001863 - val 0.041661
Epoch 6203/10000 - train 0.001945 - val 0.041653
Epoch 6204/10000 - train 0.001910 - val 0.041908
Epoch 6205/10000 - train 0.002016 - val 0.042165
Epoch 6206/10000 - train 0.001916 - val 0.041662
Epoch 6207/10000 - train 0.001885 - val 0.041598
Epoch 6208/10000 - train 0.001926 - val 0.041496
Epoch 6209/10000 - train 0.001920 - val 0.042196
Epoch 6210/10000 - train 0.002459 - val 0.042341
Epoch 6211/10000 - train 0.001867 - val 0.042052
Epoch 6212/10000 - train 0.002033 - val 0.041827
Epoch 6213/10000 - train 0.001831 - val 0.043230
Epoch 6214/10000 - train 0.002211 - val 0.041793
Epoch 6215/10000 - train 0.001796 - val 0.041756
Epoch 6216/10000 - train 0.002033 - val 0.042624
Epoch 6217/10000 - train 0.002008 - val 0.041708
Epoch 6218/10000 - train 0.002098 - val 0.042127
Epoch 6219/10000 - train 0.002019 - val 0.041444
Epoch 6220/10000 - train 0.014018 - val 0.071346
Epoch 6221/10000 - train 0.018684 - val 0.044102
Epoch 6222/10000 - train 0.007671 - val 0.043162
Epoch 6223/10000 - train 0.002670 - val 0.041402
Epoch 6224/10000 - train 0.001916 - val 0.041700
Epoch 6225/10000 - train 0.001750 - val 0.041606
Epoch 6226/10000 - train 0.001629 - val 0.041549
Epoch 6227/10000 - train 0.001644 - val 0.041400
Epoch 6228/10000 - train 0.001609 - val 0.041426
Epoch 6229/10000 - train 0.001608 - val 0.041575
Epoch 6230/10000 - train 0.001627 - val 0.041522
Epoch 6231/10000 - train 0.001548 - val 0.041558
Epoch 6232/10000 - train 0.001625 - val 0.041626
Epoch 6233/10000 - train 0.001592 - val 0.041516
Epoch 6234/10000 - train 0.001874 - val 0.041666
Epoch 6235/10000 - train 0.001628 - val 0.041491
Epoch 6236/10000 - train 0.001838 - val 0.041654
Epoch 6237/10000 - train 0.001724 - val 0.042333
Epoch 6238/10000 - train 0.002006 - val 0.041584
Epoch 6239/10000 - train 0.001642 - val 0.041695
Epoch 6240/10000 - train 0.002050 - val 0.042396
Epoch 6241/10000 - train 0.001918 - val 0.041795
Epoch 6242/10000 - train 0.001661 - val 0.041483
Epoch 6243/10000 - train 0.001776 - val 0.042621
Epoch 6244/10000 - train 0.001973 - val 0.041920
Epoch 6245/10000 - train 0.001922 - val 0.042576
Epoch 6246/10000 - train 0.001883 - val 0.041756
Epoch 6247/10000 - train 0.001935 - val 0.041996
Epoch 6248/10000 - train 0.001850 - val 0.041661
Epoch 6249/10000 - train 0.002181 - val 0.041853
Epoch 6250/10000 - train 0.001787 - val 0.041741
Epoch 6251/10000 - train 0.001759 - val 0.041965
Epoch 6252/10000 - train 0.002215 - val 0.041980
Epoch 6253/10000 - train 0.001798 - val 0.041608
Epoch 6254/10000 - train 0.001976 - val 0.043209
Epoch 6255/10000 - train 0.002543 - val 0.042356
Epoch 6256/10000 - train 0.002269 - val 0.041877
Epoch 6257/10000 - train 0.001888 - val 0.041855
Epoch 6258/10000 - train 0.001776 - val 0.042788
Epoch 6259/10000 - train 0.002594 - val 0.042378
Epoch 6260/10000 - train 0.002240 - val 0.043280
Epoch 6261/10000 - train 0.001997 - val 0.041597
Epoch 6262/10000 - train 0.001822 - val 0.042176
Epoch 6263/10000 - train 0.002082 - val 0.041807
Epoch 6264/10000 - train 0.001927 - val 0.041886
Epoch 6265/10000 - train 0.002010 - val 0.042957
Epoch 6266/10000 - train 0.022686 - val 0.048096
Epoch 6267/10000 - train 0.005186 - val 0.042121
Epoch 6268/10000 - train 0.003660 - val 0.041826
Epoch 6269/10000 - train 0.002018 - val 0.041648
Epoch 6270/10000 - train 0.001741 - val 0.041560
Epoch 6271/10000 - train 0.001667 - val 0.041376
Epoch 6272/10000 - train 0.001601 - val 0.041607
Epoch 6273/10000 - train 0.001610 - val 0.041354
Epoch 6274/10000 - train 0.001541 - val 0.041500
Epoch 6275/10000 - train 0.001540 - val 0.041593
Epoch 6276/10000 - train 0.001797 - val 0.041500
Epoch 6277/10000 - train 0.001606 - val 0.041658
Epoch 6278/10000 - train 0.001631 - val 0.042006
Epoch 6279/10000 - train 0.001886 - val 0.041684
Epoch 6280/10000 - train 0.001610 - val 0.041924
Epoch 6281/10000 - train 0.001695 - val 0.041676
Epoch 6282/10000 - train 0.002212 - val 0.041794
Epoch 6283/10000 - train 0.001607 - val 0.041569
Epoch 6284/10000 - train 0.001695 - val 0.041644
Epoch 6285/10000 - train 0.001980 - val 0.042584
Epoch 6286/10000 - train 0.001833 - val 0.041738
Epoch 6287/10000 - train 0.001739 - val 0.041759
Epoch 6288/10000 - train 0.002163 - val 0.041824
Epoch 6289/10000 - train 0.001685 - val 0.041560
Epoch 6290/10000 - train 0.001821 - val 0.041904
Epoch 6291/10000 - train 0.002008 - val 0.042218
Epoch 6292/10000 - train 0.001809 - val 0.041892
Epoch 6293/10000 - train 0.002181 - val 0.041988
Epoch 6294/10000 - train 0.001889 - val 0.042086
Epoch 6295/10000 - train 0.001996 - val 0.041901
Epoch 6296/10000 - train 0.001981 - val 0.042013
Epoch 6297/10000 - train 0.001801 - val 0.042648
Epoch 6298/10000 - train 0.002373 - val 0.042061
Epoch 6299/10000 - train 0.001794 - val 0.041780
Epoch 6300/10000 - train 0.002257 - val 0.041898
Epoch 6301/10000 - train 0.001792 - val 0.042208
Epoch 6302/10000 - train 0.002739 - val 0.042600
Epoch 6303/10000 - train 0.005659 - val 0.047587
Epoch 6304/10000 - train 0.004270 - val 0.041856
Epoch 6305/10000 - train 0.003072 - val 0.041696
Epoch 6306/10000 - train 0.001845 - val 0.041577
Epoch 6307/10000 - train 0.001661 - val 0.041148
Epoch 6308/10000 - train 0.001593 - val 0.041456
Epoch 6309/10000 - train 0.001699 - val 0.042606
Epoch 6310/10000 - train 0.001831 - val 0.041420
Epoch 6311/10000 - train 0.001607 - val 0.041463
Epoch 6312/10000 - train 0.001689 - val 0.043116
Epoch 6313/10000 - train 0.001963 - val 0.042022
Epoch 6314/10000 - train 0.001725 - val 0.041622
Epoch 6315/10000 - train 0.001815 - val 0.041878
Epoch 6316/10000 - train 0.002078 - val 0.041905
Epoch 6317/10000 - train 0.001722 - val 0.041711
Epoch 6318/10000 - train 0.002250 - val 0.042026
Epoch 6319/10000 - train 0.001924 - val 0.041804
Epoch 6320/10000 - train 0.001961 - val 0.042212
Epoch 6321/10000 - train 0.001906 - val 0.041458
Epoch 6322/10000 - train 0.001774 - val 0.042079
Epoch 6323/10000 - train 0.002119 - val 0.042399
Epoch 6324/10000 - train 0.001990 - val 0.041710
Epoch 6325/10000 - train 0.002233 - val 0.041832
Epoch 6326/10000 - train 0.002156 - val 0.042557
Epoch 6327/10000 - train 0.002394 - val 0.041817
Epoch 6328/10000 - train 0.002244 - val 0.043429
Epoch 6329/10000 - train 0.002177 - val 0.041660
Epoch 6330/10000 - train 0.001726 - val 0.042431
Epoch 6331/10000 - train 0.002206 - val 0.041914
Epoch 6332/10000 - train 0.001823 - val 0.042211
Epoch 6333/10000 - train 0.002265 - val 0.042778
Epoch 6334/10000 - train 0.002516 - val 0.041620
Epoch 6335/10000 - train 0.001941 - val 0.042105
Epoch 6336/10000 - train 0.002535 - val 0.042159
Epoch 6337/10000 - train 0.002242 - val 0.042144
Epoch 6338/10000 - train 0.002279 - val 0.041774
Epoch 6339/10000 - train 0.001937 - val 0.041988
Epoch 6340/10000 - train 0.002076 - val 0.041918
Epoch 6341/10000 - train 0.002475 - val 0.042202
Epoch 6342/10000 - train 0.002024 - val 0.041593
Epoch 6343/10000 - train 0.001972 - val 0.041341
Epoch 6344/10000 - train 0.001722 - val 0.042115
Epoch 6345/10000 - train 0.016663 - val 0.049837
Epoch 6346/10000 - train 0.008055 - val 0.042656
Epoch 6347/10000 - train 0.003038 - val 0.041055
Epoch 6348/10000 - train 0.002053 - val 0.040836
Epoch 6349/10000 - train 0.001755 - val 0.041295
Epoch 6350/10000 - train 0.001700 - val 0.041460
Epoch 6351/10000 - train 0.001670 - val 0.041154
Epoch 6352/10000 - train 0.001621 - val 0.041364
Epoch 6353/10000 - train 0.001550 - val 0.041269
Epoch 6354/10000 - train 0.001978 - val 0.041290
Epoch 6355/10000 - train 0.001579 - val 0.041341
Epoch 6356/10000 - train 0.001665 - val 0.041372
Epoch 6357/10000 - train 0.001694 - val 0.041481
Epoch 6358/10000 - train 0.002006 - val 0.041385
Epoch 6359/10000 - train 0.001679 - val 0.041157
Epoch 6360/10000 - train 0.001774 - val 0.042379
Epoch 6361/10000 - train 0.001794 - val 0.041407
Epoch 6362/10000 - train 0.001725 - val 0.042117
Epoch 6363/10000 - train 0.002216 - val 0.041415
Epoch 6364/10000 - train 0.001633 - val 0.041434
Epoch 6365/10000 - train 0.001857 - val 0.041581
Epoch 6366/10000 - train 0.001851 - val 0.042816
Epoch 6367/10000 - train 0.001989 - val 0.041441
Epoch 6368/10000 - train 0.001934 - val 0.042060
Epoch 6369/10000 - train 0.001892 - val 0.041764
Epoch 6370/10000 - train 0.002108 - val 0.041593
Epoch 6371/10000 - train 0.001855 - val 0.041592
Epoch 6372/10000 - train 0.001942 - val 0.041993
Epoch 6373/10000 - train 0.001751 - val 0.042529
Epoch 6374/10000 - train 0.023057 - val 0.052808
Epoch 6375/10000 - train 0.009691 - val 0.046601
Epoch 6376/10000 - train 0.004654 - val 0.041655
Epoch 6377/10000 - train 0.002064 - val 0.041156
Epoch 6378/10000 - train 0.001745 - val 0.041253
Epoch 6379/10000 - train 0.001651 - val 0.041176
Epoch 6380/10000 - train 0.001591 - val 0.041300
Epoch 6381/10000 - train 0.001605 - val 0.041153
Epoch 6382/10000 - train 0.001541 - val 0.041252
Epoch 6383/10000 - train 0.001511 - val 0.041175
Epoch 6384/10000 - train 0.001491 - val 0.041332
Epoch 6385/10000 - train 0.001556 - val 0.041367
Epoch 6386/10000 - train 0.001596 - val 0.041323
Epoch 6387/10000 - train 0.001768 - val 0.041344
Epoch 6388/10000 - train 0.001640 - val 0.041473
Epoch 6389/10000 - train 0.001573 - val 0.041507
Epoch 6390/10000 - train 0.001969 - val 0.041516
Epoch 6391/10000 - train 0.001634 - val 0.041480
Epoch 6392/10000 - train 0.001579 - val 0.041579
Epoch 6393/10000 - train 0.002195 - val 0.041576
Epoch 6394/10000 - train 0.001820 - val 0.041217
Epoch 6395/10000 - train 0.001617 - val 0.042053
Epoch 6396/10000 - train 0.001742 - val 0.041654
Epoch 6397/10000 - train 0.002206 - val 0.041468
Epoch 6398/10000 - train 0.001678 - val 0.041404
Epoch 6399/10000 - train 0.001617 - val 0.041585
Epoch 6400/10000 - train 0.001748 - val 0.042969
Epoch 6401/10000 - train 0.001925 - val 0.041919
Epoch 6402/10000 - train 0.001913 - val 0.041649
Epoch 6403/10000 - train 0.002064 - val 0.041665
Epoch 6404/10000 - train 0.001767 - val 0.042027
Epoch 6405/10000 - train 0.001961 - val 0.041464
Epoch 6406/10000 - train 0.001707 - val 0.042995
Epoch 6407/10000 - train 0.002155 - val 0.042153
Epoch 6408/10000 - train 0.001994 - val 0.041977
Epoch 6409/10000 - train 0.001845 - val 0.041497
Epoch 6410/10000 - train 0.001788 - val 0.042861
Epoch 6411/10000 - train 0.002825 - val 0.041939
Epoch 6412/10000 - train 0.001868 - val 0.042452
Epoch 6413/10000 - train 0.002003 - val 0.041425
Epoch 6414/10000 - train 0.001745 - val 0.043085
Epoch 6415/10000 - train 0.002566 - val 0.042922
Epoch 6416/10000 - train 0.002447 - val 0.041368
Epoch 6417/10000 - train 0.002100 - val 0.042973
Epoch 6418/10000 - train 0.002027 - val 0.041414
Epoch 6419/10000 - train 0.001866 - val 0.041795
Epoch 6420/10000 - train 0.001905 - val 0.043101
Epoch 6421/10000 - train 0.002135 - val 0.041216
Epoch 6422/10000 - train 0.001736 - val 0.041451
Epoch 6423/10000 - train 0.002033 - val 0.042357
Epoch 6424/10000 - train 0.004095 - val 0.043532
Epoch 6425/10000 - train 0.002585 - val 0.041889
Epoch 6426/10000 - train 0.001984 - val 0.041636
Epoch 6427/10000 - train 0.001765 - val 0.041630
Epoch 6428/10000 - train 0.001897 - val 0.041417
Epoch 6429/10000 - train 0.002126 - val 0.041577
Epoch 6430/10000 - train 0.001769 - val 0.041598
Epoch 6431/10000 - train 0.001688 - val 0.041964
Epoch 6432/10000 - train 0.001718 - val 0.041271
Epoch 6433/10000 - train 0.001885 - val 0.041528
Epoch 6434/10000 - train 0.002266 - val 0.042388
Epoch 6435/10000 - train 0.002086 - val 0.041955
Epoch 6436/10000 - train 0.013719 - val 0.044397
Epoch 6437/10000 - train 0.005339 - val 0.042355
Epoch 6438/10000 - train 0.002911 - val 0.041322
Epoch 6439/10000 - train 0.001884 - val 0.041361
Epoch 6440/10000 - train 0.001647 - val 0.041390
Epoch 6441/10000 - train 0.001572 - val 0.041398
Epoch 6442/10000 - train 0.001593 - val 0.041423
Epoch 6443/10000 - train 0.001578 - val 0.041093
Epoch 6444/10000 - train 0.001585 - val 0.041428
Epoch 6445/10000 - train 0.001697 - val 0.041678
Epoch 6446/10000 - train 0.001603 - val 0.041428
Epoch 6447/10000 - train 0.001864 - val 0.041642
Epoch 6448/10000 - train 0.001655 - val 0.041661
Epoch 6449/10000 - train 0.001712 - val 0.041326
Epoch 6450/10000 - train 0.001947 - val 0.041418
Epoch 6451/10000 - train 0.001726 - val 0.041888
Epoch 6452/10000 - train 0.001888 - val 0.041491
Epoch 6453/10000 - train 0.001671 - val 0.041433
Epoch 6454/10000 - train 0.001888 - val 0.041637
Epoch 6455/10000 - train 0.001790 - val 0.041656
Epoch 6456/10000 - train 0.001955 - val 0.041366
Epoch 6457/10000 - train 0.001922 - val 0.041598
Epoch 6458/10000 - train 0.002069 - val 0.042186
Epoch 6459/10000 - train 0.001837 - val 0.041488
Epoch 6460/10000 - train 0.002139 - val 0.041792
Epoch 6461/10000 - train 0.001947 - val 0.041677
Epoch 6462/10000 - train 0.002129 - val 0.042077
Epoch 6463/10000 - train 0.001889 - val 0.041285
Epoch 6464/10000 - train 0.002102 - val 0.042416
Epoch 6465/10000 - train 0.002178 - val 0.041677
Epoch 6466/10000 - train 0.002099 - val 0.041696
Epoch 6467/10000 - train 0.002123 - val 0.041860
Epoch 6468/10000 - train 0.002046 - val 0.042647
Epoch 6469/10000 - train 0.002154 - val 0.041857
Epoch 6470/10000 - train 0.001919 - val 0.042390
Epoch 6471/10000 - train 0.002601 - val 0.042335
Epoch 6472/10000 - train 0.002093 - val 0.041433
Epoch 6473/10000 - train 0.002014 - val 0.041705
Epoch 6474/10000 - train 0.002210 - val 0.041505
Epoch 6475/10000 - train 0.001985 - val 0.044218
Epoch 6476/10000 - train 0.003935 - val 0.041895
Epoch 6477/10000 - train 0.002290 - val 0.041513
Epoch 6478/10000 - train 0.002047 - val 0.041824
Epoch 6479/10000 - train 0.002170 - val 0.041674
Epoch 6480/10000 - train 0.001822 - val 0.041792
Epoch 6481/10000 - train 0.001905 - val 0.041988
Epoch 6482/10000 - train 0.001990 - val 0.041442
Epoch 6483/10000 - train 0.001653 - val 0.041349
Epoch 6484/10000 - train 0.001905 - val 0.041486
Epoch 6485/10000 - train 0.001664 - val 0.041388
Epoch 6486/10000 - train 0.002262 - val 0.047876
Epoch 6487/10000 - train 0.019673 - val 0.044442
Epoch 6488/10000 - train 0.004658 - val 0.044434
Epoch 6489/10000 - train 0.002635 - val 0.041371
Epoch 6490/10000 - train 0.001846 - val 0.041288
Epoch 6491/10000 - train 0.001632 - val 0.041414
Epoch 6492/10000 - train 0.001786 - val 0.041196
Epoch 6493/10000 - train 0.001567 - val 0.041323
Epoch 6494/10000 - train 0.001733 - val 0.041284
Epoch 6495/10000 - train 0.001604 - val 0.041303
Epoch 6496/10000 - train 0.001570 - val 0.041685
Epoch 6497/10000 - train 0.001826 - val 0.041323
Epoch 6498/10000 - train 0.001606 - val 0.041514
Epoch 6499/10000 - train 0.001810 - val 0.041454
Epoch 6500/10000 - train 0.001643 - val 0.041427
Epoch 6501/10000 - train 0.001901 - val 0.041645
Epoch 6502/10000 - train 0.001650 - val 0.041668
Epoch 6503/10000 - train 0.001747 - val 0.041558
Epoch 6504/10000 - train 0.001672 - val 0.041454
Epoch 6505/10000 - train 0.001878 - val 0.041777
Epoch 6506/10000 - train 0.001834 - val 0.042372
Epoch 6507/10000 - train 0.002060 - val 0.041553
Epoch 6508/10000 - train 0.001730 - val 0.041569
Epoch 6509/10000 - train 0.002293 - val 0.042154
Epoch 6510/10000 - train 0.001809 - val 0.041658
Epoch 6511/10000 - train 0.001731 - val 0.041422
Epoch 6512/10000 - train 0.001772 - val 0.041738
Epoch 6513/10000 - train 0.002239 - val 0.041764
Epoch 6514/10000 - train 0.001776 - val 0.041519
Epoch 6515/10000 - train 0.002239 - val 0.041953
Epoch 6516/10000 - train 0.002336 - val 0.041729
Epoch 6517/10000 - train 0.001846 - val 0.042074
Epoch 6518/10000 - train 0.002003 - val 0.041682
Epoch 6519/10000 - train 0.001726 - val 0.041554
Epoch 6520/10000 - train 0.001846 - val 0.042030
Epoch 6521/10000 - train 0.002016 - val 0.041630
Epoch 6522/10000 - train 0.002183 - val 0.041762
Epoch 6523/10000 - train 0.020019 - val 0.057143
Epoch 6524/10000 - train 0.010920 - val 0.043304
Epoch 6525/10000 - train 0.004648 - val 0.041606
Epoch 6526/10000 - train 0.002247 - val 0.041033
Epoch 6527/10000 - train 0.001791 - val 0.040814
Epoch 6528/10000 - train 0.001632 - val 0.041154
Epoch 6529/10000 - train 0.001778 - val 0.041133
Epoch 6530/10000 - train 0.001569 - val 0.041020
Epoch 6531/10000 - train 0.001526 - val 0.041153
Epoch 6532/10000 - train 0.001774 - val 0.041902
Epoch 6533/10000 - train 0.001600 - val 0.041397
Epoch 6534/10000 - train 0.001575 - val 0.041326
Epoch 6535/10000 - train 0.001574 - val 0.041198
Epoch 6536/10000 - train 0.001801 - val 0.041372
Epoch 6537/10000 - train 0.001590 - val 0.041057
Epoch 6538/10000 - train 0.001752 - val 0.041390
Epoch 6539/10000 - train 0.001661 - val 0.041216
Epoch 6540/10000 - train 0.001702 - val 0.041875
Epoch 6541/10000 - train 0.001611 - val 0.041352
Epoch 6542/10000 - train 0.001865 - val 0.041580
Epoch 6543/10000 - train 0.001655 - val 0.041581
Epoch 6544/10000 - train 0.001877 - val 0.041308
Epoch 6545/10000 - train 0.001850 - val 0.042172
Epoch 6546/10000 - train 0.001716 - val 0.041741
Epoch 6547/10000 - train 0.001740 - val 0.041585
Epoch 6548/10000 - train 0.002370 - val 0.041833
Epoch 6549/10000 - train 0.001812 - val 0.041380
Epoch 6550/10000 - train 0.002007 - val 0.041475
Epoch 6551/10000 - train 0.001766 - val 0.041359
Epoch 6552/10000 - train 0.001663 - val 0.041434
Epoch 6553/10000 - train 0.001953 - val 0.041329
Epoch 6554/10000 - train 0.001892 - val 0.042092
Epoch 6555/10000 - train 0.001980 - val 0.042315
Epoch 6556/10000 - train 0.002090 - val 0.042016
Epoch 6557/10000 - train 0.002261 - val 0.043723
Epoch 6558/10000 - train 0.002104 - val 0.041391
Epoch 6559/10000 - train 0.001759 - val 0.041819
Epoch 6560/10000 - train 0.001966 - val 0.041737
Epoch 6561/10000 - train 0.002135 - val 0.041519
Epoch 6562/10000 - train 0.002052 - val 0.042043
Epoch 6563/10000 - train 0.002167 - val 0.041906
Epoch 6564/10000 - train 0.001853 - val 0.041275
Epoch 6565/10000 - train 0.001860 - val 0.041631
Epoch 6566/10000 - train 0.002138 - val 0.041584
Epoch 6567/10000 - train 0.002412 - val 0.042311
Epoch 6568/10000 - train 0.002999 - val 0.041672
Epoch 6569/10000 - train 0.002186 - val 0.041654
Epoch 6570/10000 - train 0.001990 - val 0.041967
Epoch 6571/10000 - train 0.001824 - val 0.041311
Epoch 6572/10000 - train 0.001961 - val 0.042072
Epoch 6573/10000 - train 0.001845 - val 0.041603
Epoch 6574/10000 - train 0.001788 - val 0.041595
Epoch 6575/10000 - train 0.002117 - val 0.042127
Epoch 6576/10000 - train 0.002025 - val 0.041699
Epoch 6577/10000 - train 0.001978 - val 0.041553
Epoch 6578/10000 - train 0.002015 - val 0.041608
Epoch 6579/10000 - train 0.002079 - val 0.043128
Epoch 6580/10000 - train 0.008940 - val 0.059684
Epoch 6581/10000 - train 0.014792 - val 0.044391
Epoch 6582/10000 - train 0.004770 - val 0.041573
Epoch 6583/10000 - train 0.002449 - val 0.041137
Epoch 6584/10000 - train 0.002083 - val 0.041141
Epoch 6585/10000 - train 0.001731 - val 0.041127
Epoch 6586/10000 - train 0.001643 - val 0.041096
Epoch 6587/10000 - train 0.001875 - val 0.041278
Epoch 6588/10000 - train 0.001591 - val 0.041024
Epoch 6589/10000 - train 0.001715 - val 0.041533
Epoch 6590/10000 - train 0.001651 - val 0.041195
Epoch 6591/10000 - train 0.001621 - val 0.041084
Epoch 6592/10000 - train 0.001863 - val 0.041276
Epoch 6593/10000 - train 0.001591 - val 0.041116
Epoch 6594/10000 - train 0.001655 - val 0.041302
Epoch 6595/10000 - train 0.002017 - val 0.041182
Epoch 6596/10000 - train 0.001612 - val 0.041631
Epoch 6597/10000 - train 0.001672 - val 0.041467
Epoch 6598/10000 - train 0.002073 - val 0.041193
Epoch 6599/10000 - train 0.001661 - val 0.041550
Epoch 6600/10000 - train 0.001883 - val 0.042623
Epoch 6601/10000 - train 0.001843 - val 0.041453
Epoch 6602/10000 - train 0.001697 - val 0.041604
Epoch 6603/10000 - train 0.001986 - val 0.041559
Epoch 6604/10000 - train 0.001746 - val 0.041475
Epoch 6605/10000 - train 0.001958 - val 0.041783
Epoch 6606/10000 - train 0.001742 - val 0.041828
Epoch 6607/10000 - train 0.001813 - val 0.041471
Epoch 6608/10000 - train 0.002074 - val 0.041712
Epoch 6609/10000 - train 0.001855 - val 0.041778
Epoch 6610/10000 - train 0.002221 - val 0.041986
Epoch 6611/10000 - train 0.001950 - val 0.041632
Epoch 6612/10000 - train 0.002064 - val 0.041465
Epoch 6613/10000 - train 0.001985 - val 0.042794
Epoch 6614/10000 - train 0.002508 - val 0.041854
Epoch 6615/10000 - train 0.002110 - val 0.041502
Epoch 6616/10000 - train 0.001739 - val 0.041296
Epoch 6617/10000 - train 0.001811 - val 0.042133
Epoch 6618/10000 - train 0.001922 - val 0.042186
Epoch 6619/10000 - train 0.002070 - val 0.041954
Epoch 6620/10000 - train 0.002810 - val 0.042478
Epoch 6621/10000 - train 0.005394 - val 0.042574
Epoch 6622/10000 - train 0.002951 - val 0.042940
Epoch 6623/10000 - train 0.002096 - val 0.041161
Epoch 6624/10000 - train 0.001657 - val 0.040881
Epoch 6625/10000 - train 0.001607 - val 0.041055
Epoch 6626/10000 - train 0.001855 - val 0.041441
Epoch 6627/10000 - train 0.001644 - val 0.041314
Epoch 6628/10000 - train 0.001628 - val 0.041091
Epoch 6629/10000 - train 0.001908 - val 0.041336
Epoch 6630/10000 - train 0.001628 - val 0.041250
Epoch 6631/10000 - train 0.001588 - val 0.041866
Epoch 6632/10000 - train 0.001982 - val 0.041227
Epoch 6633/10000 - train 0.001683 - val 0.041435
Epoch 6634/10000 - train 0.001930 - val 0.041392
Epoch 6635/10000 - train 0.002053 - val 0.042146
Epoch 6636/10000 - train 0.002283 - val 0.041862
Epoch 6637/10000 - train 0.001982 - val 0.041766
Epoch 6638/10000 - train 0.001830 - val 0.041558
Epoch 6639/10000 - train 0.002020 - val 0.042253
Epoch 6640/10000 - train 0.001923 - val 0.041470
Epoch 6641/10000 - train 0.034673 - val 0.050766
Epoch 6642/10000 - train 0.010337 - val 0.042458
Epoch 6643/10000 - train 0.003493 - val 0.041247
Epoch 6644/10000 - train 0.002255 - val 0.041174
Epoch 6645/10000 - train 0.001889 - val 0.041121
Epoch 6646/10000 - train 0.001726 - val 0.041024
Epoch 6647/10000 - train 0.001649 - val 0.041079
Epoch 6648/10000 - train 0.001589 - val 0.041125
Epoch 6649/10000 - train 0.001550 - val 0.041090
Epoch 6650/10000 - train 0.001536 - val 0.040982
Epoch 6651/10000 - train 0.001565 - val 0.041118
Epoch 6652/10000 - train 0.001585 - val 0.041191
Epoch 6653/10000 - train 0.001735 - val 0.041390
Epoch 6654/10000 - train 0.001601 - val 0.041378
Epoch 6655/10000 - train 0.001675 - val 0.041315
Epoch 6656/10000 - train 0.001704 - val 0.041444
Epoch 6657/10000 - train 0.001629 - val 0.041552
Epoch 6658/10000 - train 0.001667 - val 0.041244
Epoch 6659/10000 - train 0.001590 - val 0.041173
Epoch 6660/10000 - train 0.001904 - val 0.041448
Epoch 6661/10000 - train 0.001701 - val 0.041260
Epoch 6662/10000 - train 0.001994 - val 0.041706
Epoch 6663/10000 - train 0.001802 - val 0.041255
Epoch 6664/10000 - train 0.001677 - val 0.041641
Epoch 6665/10000 - train 0.001864 - val 0.041735
Epoch 6666/10000 - train 0.001681 - val 0.041576
Epoch 6667/10000 - train 0.002070 - val 0.041443
Epoch 6668/10000 - train 0.001825 - val 0.041566
Epoch 6669/10000 - train 0.002198 - val 0.041698
Epoch 6670/10000 - train 0.001824 - val 0.041730
Epoch 6671/10000 - train 0.001710 - val 0.041669
Epoch 6672/10000 - train 0.002068 - val 0.041633
Epoch 6673/10000 - train 0.001672 - val 0.041804
Epoch 6674/10000 - train 0.002005 - val 0.041773
Epoch 6675/10000 - train 0.002039 - val 0.042173
Epoch 6676/10000 - train 0.002539 - val 0.043119
Epoch 6677/10000 - train 0.002520 - val 0.042421
Epoch 6678/10000 - train 0.002448 - val 0.041787
Epoch 6679/10000 - train 0.001779 - val 0.041302
Epoch 6680/10000 - train 0.002005 - val 0.041617
Epoch 6681/10000 - train 0.001649 - val 0.041495
Epoch 6682/10000 - train 0.001999 - val 0.041912
Epoch 6683/10000 - train 0.001838 - val 0.041332
Epoch 6684/10000 - train 0.001982 - val 0.042720
Epoch 6685/10000 - train 0.002603 - val 0.042201
Epoch 6686/10000 - train 0.002411 - val 0.041825
Epoch 6687/10000 - train 0.001830 - val 0.041673
Epoch 6688/10000 - train 0.002087 - val 0.041699
Epoch 6689/10000 - train 0.001934 - val 0.041597
Epoch 6690/10000 - train 0.002268 - val 0.041368
Epoch 6691/10000 - train 0.001709 - val 0.041854
Epoch 6692/10000 - train 0.001859 - val 0.041597
Epoch 6693/10000 - train 0.003847 - val 0.045494
Epoch 6694/10000 - train 0.003263 - val 0.041422
Epoch 6695/10000 - train 0.002039 - val 0.041602
Epoch 6696/10000 - train 0.001944 - val 0.041392
Epoch 6697/10000 - train 0.001666 - val 0.041283
Epoch 6698/10000 - train 0.001799 - val 0.041657
Epoch 6699/10000 - train 0.001742 - val 0.041076
Epoch 6700/10000 - train 0.001818 - val 0.041704
Epoch 6701/10000 - train 0.001787 - val 0.042853
Epoch 6702/10000 - train 0.002047 - val 0.041991
Epoch 6703/10000 - train 0.002092 - val 0.041584
Epoch 6704/10000 - train 0.001911 - val 0.041658
Epoch 6705/10000 - train 0.002027 - val 0.041720
Epoch 6706/10000 - train 0.001828 - val 0.041608
Epoch 6707/10000 - train 0.005844 - val 0.054710
Epoch 6708/10000 - train 0.019861 - val 0.044366
Epoch 6709/10000 - train 0.006478 - val 0.042220
Epoch 6710/10000 - train 0.003159 - val 0.040577
Epoch 6711/10000 - train 0.002111 - val 0.040321
Epoch 6712/10000 - train 0.002096 - val 0.040585
Epoch 6713/10000 - train 0.001733 - val 0.040639
Epoch 6714/10000 - train 0.001587 - val 0.040587
Epoch 6715/10000 - train 0.001738 - val 0.040722
Epoch 6716/10000 - train 0.001564 - val 0.040529
Epoch 6717/10000 - train 0.001761 - val 0.040568
Epoch 6718/10000 - train 0.001569 - val 0.041111
Epoch 6719/10000 - train 0.001813 - val 0.040832
Epoch 6720/10000 - train 0.001592 - val 0.040859
Epoch 6721/10000 - train 0.001563 - val 0.040722
Epoch 6722/10000 - train 0.001829 - val 0.041031
Epoch 6723/10000 - train 0.001627 - val 0.041412
Epoch 6724/10000 - train 0.001668 - val 0.041069
Epoch 6725/10000 - train 0.002007 - val 0.041075
Epoch 6726/10000 - train 0.001687 - val 0.041032
Epoch 6727/10000 - train 0.001793 - val 0.040970
Epoch 6728/10000 - train 0.001885 - val 0.041278
Epoch 6729/10000 - train 0.001707 - val 0.041114
Epoch 6730/10000 - train 0.001707 - val 0.041121
Epoch 6731/10000 - train 0.001934 - val 0.041118
Epoch 6732/10000 - train 0.001758 - val 0.041245
Epoch 6733/10000 - train 0.001951 - val 0.041757
Epoch 6734/10000 - train 0.001815 - val 0.041773
Epoch 6735/10000 - train 0.001967 - val 0.041272
Epoch 6736/10000 - train 0.001918 - val 0.041254
Epoch 6737/10000 - train 0.001973 - val 0.041614
Epoch 6738/10000 - train 0.001908 - val 0.041250
Epoch 6739/10000 - train 0.002288 - val 0.041348
Epoch 6740/10000 - train 0.001978 - val 0.042374
Epoch 6741/10000 - train 0.001953 - val 0.042017
Epoch 6742/10000 - train 0.001802 - val 0.040921
Epoch 6743/10000 - train 0.002170 - val 0.041183
Epoch 6744/10000 - train 0.001848 - val 0.042375
Epoch 6745/10000 - train 0.002013 - val 0.041348
Epoch 6746/10000 - train 0.001822 - val 0.041254
Epoch 6747/10000 - train 0.003514 - val 0.047327
Epoch 6748/10000 - train 0.004786 - val 0.040955
Epoch 6749/10000 - train 0.002259 - val 0.041412
Epoch 6750/10000 - train 0.002033 - val 0.041276
Epoch 6751/10000 - train 0.001684 - val 0.041052
Epoch 6752/10000 - train 0.001741 - val 0.041138
Epoch 6753/10000 - train 0.001637 - val 0.040976
Epoch 6754/10000 - train 0.001977 - val 0.041449
Epoch 6755/10000 - train 0.001697 - val 0.041097
Epoch 6756/10000 - train 0.001628 - val 0.041801
Epoch 6757/10000 - train 0.001993 - val 0.042057
Epoch 6758/10000 - train 0.001955 - val 0.041237
Epoch 6759/10000 - train 0.001706 - val 0.041703
Epoch 6760/10000 - train 0.002144 - val 0.041703
Epoch 6761/10000 - train 0.001775 - val 0.041720
Epoch 6762/10000 - train 0.002027 - val 0.041777
Epoch 6763/10000 - train 0.001944 - val 0.041765
Epoch 6764/10000 - train 0.046005 - val 0.059191
Epoch 6765/10000 - train 0.017956 - val 0.046653
Epoch 6766/10000 - train 0.008426 - val 0.044823
Epoch 6767/10000 - train 0.006675 - val 0.043323
Epoch 6768/10000 - train 0.004098 - val 0.041482
Epoch 6769/10000 - train 0.002807 - val 0.040557
Epoch 6770/10000 - train 0.002254 - val 0.040569
Epoch 6771/10000 - train 0.002007 - val 0.040530
Epoch 6772/10000 - train 0.001849 - val 0.040981
Epoch 6773/10000 - train 0.001821 - val 0.040707
Epoch 6774/10000 - train 0.001701 - val 0.040411
Epoch 6775/10000 - train 0.001701 - val 0.041009
Epoch 6776/10000 - train 0.001646 - val 0.040701
Epoch 6777/10000 - train 0.001707 - val 0.040986
Epoch 6778/10000 - train 0.001738 - val 0.040775
Epoch 6779/10000 - train 0.001806 - val 0.040823
Epoch 6780/10000 - train 0.001608 - val 0.041220
Epoch 6781/10000 - train 0.001700 - val 0.041090
Epoch 6782/10000 - train 0.001926 - val 0.041132
Epoch 6783/10000 - train 0.001657 - val 0.041108
Epoch 6784/10000 - train 0.001576 - val 0.040832
Epoch 6785/10000 - train 0.001775 - val 0.041380
Epoch 6786/10000 - train 0.001683 - val 0.040853
Epoch 6787/10000 - train 0.001669 - val 0.041710
Epoch 6788/10000 - train 0.002436 - val 0.041367
Epoch 6789/10000 - train 0.001695 - val 0.041468
Epoch 6790/10000 - train 0.001705 - val 0.041475
Epoch 6791/10000 - train 0.001845 - val 0.041709
Epoch 6792/10000 - train 0.001821 - val 0.041013
Epoch 6793/10000 - train 0.002019 - val 0.041379
Epoch 6794/10000 - train 0.001681 - val 0.041162
Epoch 6795/10000 - train 0.001705 - val 0.041335
Epoch 6796/10000 - train 0.001812 - val 0.041163
Epoch 6797/10000 - train 0.002043 - val 0.041398
Epoch 6798/10000 - train 0.001694 - val 0.041212
Epoch 6799/10000 - train 0.002032 - val 0.041696
Epoch 6800/10000 - train 0.001874 - val 0.041464
Epoch 6801/10000 - train 0.001697 - val 0.041866
Epoch 6802/10000 - train 0.001988 - val 0.041446
Epoch 6803/10000 - train 0.001901 - val 0.042694
Epoch 6804/10000 - train 0.002055 - val 0.041471
Epoch 6805/10000 - train 0.001835 - val 0.041272
Epoch 6806/10000 - train 0.002939 - val 0.042286
Epoch 6807/10000 - train 0.001937 - val 0.041259
Epoch 6808/10000 - train 0.001785 - val 0.041277
Epoch 6809/10000 - train 0.002023 - val 0.042392
Epoch 6810/10000 - train 0.001861 - val 0.041450
Epoch 6811/10000 - train 0.001876 - val 0.042295
Epoch 6812/10000 - train 0.002169 - val 0.041497
Epoch 6813/10000 - train 0.001776 - val 0.041431
Epoch 6814/10000 - train 0.002021 - val 0.041661
Epoch 6815/10000 - train 0.001879 - val 0.043982
Epoch 6816/10000 - train 0.022914 - val 0.044754
Epoch 6817/10000 - train 0.006398 - val 0.041208
Epoch 6818/10000 - train 0.002825 - val 0.040412
Epoch 6819/10000 - train 0.001931 - val 0.040600
Epoch 6820/10000 - train 0.001697 - val 0.040857
Epoch 6821/10000 - train 0.001621 - val 0.040824
Epoch 6822/10000 - train 0.001865 - val 0.040975
Epoch 6823/10000 - train 0.001572 - val 0.041035
Epoch 6824/10000 - train 0.001580 - val 0.041083
Epoch 6825/10000 - train 0.001701 - val 0.041040
Epoch 6826/10000 - train 0.001579 - val 0.040942
Epoch 6827/10000 - train 0.001677 - val 0.041130
Epoch 6828/10000 - train 0.001546 - val 0.041722
Epoch 6829/10000 - train 0.001829 - val 0.041069
Epoch 6830/10000 - train 0.001936 - val 0.041327
Epoch 6831/10000 - train 0.001767 - val 0.041080
Epoch 6832/10000 - train 0.001692 - val 0.041274
Epoch 6833/10000 - train 0.001917 - val 0.041434
Epoch 6834/10000 - train 0.001715 - val 0.041356
Epoch 6835/10000 - train 0.001722 - val 0.041686
Epoch 6836/10000 - train 0.002020 - val 0.041432
Epoch 6837/10000 - train 0.001657 - val 0.041316
Epoch 6838/10000 - train 0.002002 - val 0.042907
Epoch 6839/10000 - train 0.001948 - val 0.041254
Epoch 6840/10000 - train 0.001750 - val 0.041284
Epoch 6841/10000 - train 0.002021 - val 0.042051
Epoch 6842/10000 - train 0.002026 - val 0.040958
Epoch 6843/10000 - train 0.001951 - val 0.041425
Epoch 6844/10000 - train 0.001767 - val 0.041286
Epoch 6845/10000 - train 0.001986 - val 0.041443
Epoch 6846/10000 - train 0.001751 - val 0.041268
Epoch 6847/10000 - train 0.001944 - val 0.041613
Epoch 6848/10000 - train 0.001923 - val 0.042187
Epoch 6849/10000 - train 0.002367 - val 0.042263
Epoch 6850/10000 - train 0.002233 - val 0.041289
Epoch 6851/10000 - train 0.001898 - val 0.041244
Epoch 6852/10000 - train 0.002095 - val 0.042187
Epoch 6853/10000 - train 0.002059 - val 0.041684
Epoch 6854/10000 - train 0.002439 - val 0.041346
Epoch 6855/10000 - train 0.002061 - val 0.042087
Epoch 6856/10000 - train 0.002323 - val 0.041425
Epoch 6857/10000 - train 0.001788 - val 0.041494
Epoch 6858/10000 - train 0.002477 - val 0.041885
Epoch 6859/10000 - train 0.001878 - val 0.041614
Epoch 6860/10000 - train 0.001918 - val 0.041272
Epoch 6861/10000 - train 0.001884 - val 0.041424
Epoch 6862/10000 - train 0.002161 - val 0.041420
Epoch 6863/10000 - train 0.001682 - val 0.041312
Epoch 6864/10000 - train 0.001774 - val 0.042859
Epoch 6865/10000 - train 0.022940 - val 0.054741
Epoch 6866/10000 - train 0.009255 - val 0.042222
Epoch 6867/10000 - train 0.003161 - val 0.041436
Epoch 6868/10000 - train 0.002106 - val 0.041338
Epoch 6869/10000 - train 0.001862 - val 0.041131
Epoch 6870/10000 - train 0.001663 - val 0.041443
Epoch 6871/10000 - train 0.001698 - val 0.041416
Epoch 6872/10000 - train 0.001605 - val 0.041486
Epoch 6873/10000 - train 0.001569 - val 0.041497
Epoch 6874/10000 - train 0.001622 - val 0.041116
Epoch 6875/10000 - train 0.001537 - val 0.041288
Epoch 6876/10000 - train 0.001592 - val 0.041257
Epoch 6877/10000 - train 0.001569 - val 0.041417
Epoch 6878/10000 - train 0.001641 - val 0.041392
Epoch 6879/10000 - train 0.001650 - val 0.041136
Epoch 6880/10000 - train 0.001685 - val 0.042210
Epoch 6881/10000 - train 0.001725 - val 0.041337
Epoch 6882/10000 - train 0.001789 - val 0.041595
Epoch 6883/10000 - train 0.001666 - val 0.041750
Epoch 6884/10000 - train 0.002019 - val 0.041473
Epoch 6885/10000 - train 0.001763 - val 0.041199
Epoch 6886/10000 - train 0.001791 - val 0.041293
Epoch 6887/10000 - train 0.001972 - val 0.041529
Epoch 6888/10000 - train 0.001851 - val 0.041423
Epoch 6889/10000 - train 0.001688 - val 0.041243
Epoch 6890/10000 - train 0.002026 - val 0.041917
Epoch 6891/10000 - train 0.001789 - val 0.041295
Epoch 6892/10000 - train 0.001938 - val 0.041393
Epoch 6893/10000 - train 0.001829 - val 0.044330
Epoch 6894/10000 - train 0.002105 - val 0.041496
Epoch 6895/10000 - train 0.001909 - val 0.041762
Epoch 6896/10000 - train 0.001722 - val 0.041463
Epoch 6897/10000 - train 0.002027 - val 0.041576
Epoch 6898/10000 - train 0.001857 - val 0.041474
Epoch 6899/10000 - train 0.002490 - val 0.042710
Epoch 6900/10000 - train 0.002115 - val 0.041475
Epoch 6901/10000 - train 0.001747 - val 0.041558
Epoch 6902/10000 - train 0.001762 - val 0.041660
Epoch 6903/10000 - train 0.002005 - val 0.041971
Epoch 6904/10000 - train 0.002828 - val 0.041614
Epoch 6905/10000 - train 0.001939 - val 0.041693
Epoch 6906/10000 - train 0.002110 - val 0.041381
Epoch 6907/10000 - train 0.001727 - val 0.041323
Epoch 6908/10000 - train 0.001682 - val 0.042478
Epoch 6909/10000 - train 0.002162 - val 0.041547
Epoch 6910/10000 - train 0.001888 - val 0.041618
Epoch 6911/10000 - train 0.001997 - val 0.043217
Epoch 6912/10000 - train 0.022382 - val 0.047383
Epoch 6913/10000 - train 0.005318 - val 0.042491
Epoch 6914/10000 - train 0.002404 - val 0.041126
Epoch 6915/10000 - train 0.001867 - val 0.041148
Epoch 6916/10000 - train 0.001698 - val 0.040846
Epoch 6917/10000 - train 0.001589 - val 0.040939
Epoch 6918/10000 - train 0.001586 - val 0.040841
Epoch 6919/10000 - train 0.001572 - val 0.041045
Epoch 6920/10000 - train 0.001641 - val 0.041154
Epoch 6921/10000 - train 0.001590 - val 0.041177
Epoch 6922/10000 - train 0.001619 - val 0.041385
Epoch 6923/10000 - train 0.001628 - val 0.041163
Epoch 6924/10000 - train 0.001718 - val 0.042170
Epoch 6925/10000 - train 0.001855 - val 0.041665
Epoch 6926/10000 - train 0.001709 - val 0.041392
Epoch 6927/10000 - train 0.001918 - val 0.041611
Epoch 6928/10000 - train 0.001806 - val 0.041360
Epoch 6929/10000 - train 0.001642 - val 0.041524
Epoch 6930/10000 - train 0.001950 - val 0.040947
Epoch 6931/10000 - train 0.001698 - val 0.041404
Epoch 6932/10000 - train 0.001936 - val 0.041491
Epoch 6933/10000 - train 0.001835 - val 0.041927
Epoch 6934/10000 - train 0.001823 - val 0.041252
Epoch 6935/10000 - train 0.001900 - val 0.041263
Epoch 6936/10000 - train 0.001842 - val 0.041627
Epoch 6937/10000 - train 0.002369 - val 0.041627
Epoch 6938/10000 - train 0.002130 - val 0.041415
Epoch 6939/10000 - train 0.001844 - val 0.041377
Epoch 6940/10000 - train 0.001836 - val 0.042274
Epoch 6941/10000 - train 0.001834 - val 0.041556
Epoch 6942/10000 - train 0.001880 - val 0.043368
Epoch 6943/10000 - train 0.002278 - val 0.041284
Epoch 6944/10000 - train 0.001804 - val 0.041506
Epoch 6945/10000 - train 0.002379 - val 0.042326
Epoch 6946/10000 - train 0.002129 - val 0.043511
Epoch 6947/10000 - train 0.003984 - val 0.041895
Epoch 6948/10000 - train 0.002603 - val 0.040852
Epoch 6949/10000 - train 0.001835 - val 0.041581
Epoch 6950/10000 - train 0.001942 - val 0.041596
Epoch 6951/10000 - train 0.001765 - val 0.041022
Epoch 6952/10000 - train 0.001681 - val 0.041494
Epoch 6953/10000 - train 0.002011 - val 0.041526
Epoch 6954/10000 - train 0.001797 - val 0.041151
Epoch 6955/10000 - train 0.001741 - val 0.041517
Epoch 6956/10000 - train 0.001848 - val 0.041424
Epoch 6957/10000 - train 0.001838 - val 0.041053
Epoch 6958/10000 - train 0.002236 - val 0.041335
Epoch 6959/10000 - train 0.002619 - val 0.042063
Epoch 6960/10000 - train 0.002193 - val 0.042008
Epoch 6961/10000 - train 0.001891 - val 0.041244
Epoch 6962/10000 - train 0.001804 - val 0.041072
Epoch 6963/10000 - train 0.001956 - val 0.041780
Epoch 6964/10000 - train 0.002055 - val 0.041436
Epoch 6965/10000 - train 0.001969 - val 0.041500
Epoch 6966/10000 - train 0.002142 - val 0.041428
Epoch 6967/10000 - train 0.002263 - val 0.041486
Epoch 6968/10000 - train 0.001875 - val 0.041664
Epoch 6969/10000 - train 0.002652 - val 0.042043
Epoch 6970/10000 - train 0.002187 - val 0.041174
Epoch 6971/10000 - train 0.001738 - val 0.041054
Epoch 6972/10000 - train 0.002195 - val 0.041444
Epoch 6973/10000 - train 0.001789 - val 0.041603
Epoch 6974/10000 - train 0.001819 - val 0.041378
Epoch 6975/10000 - train 0.014456 - val 0.060396
Epoch 6976/10000 - train 0.017591 - val 0.045026
Epoch 6977/10000 - train 0.006053 - val 0.041885
Epoch 6978/10000 - train 0.002723 - val 0.041067
Epoch 6979/10000 - train 0.002012 - val 0.040963
Epoch 6980/10000 - train 0.001707 - val 0.040646
Epoch 6981/10000 - train 0.001638 - val 0.040562
Epoch 6982/10000 - train 0.001601 - val 0.041383
Epoch 6983/10000 - train 0.001673 - val 0.040941
Epoch 6984/10000 - train 0.001565 - val 0.040708
Epoch 6985/10000 - train 0.001549 - val 0.041176
Epoch 6986/10000 - train 0.001963 - val 0.040944
Epoch 6987/10000 - train 0.001564 - val 0.040994
Epoch 6988/10000 - train 0.001540 - val 0.041014
Epoch 6989/10000 - train 0.001683 - val 0.041196
Epoch 6990/10000 - train 0.001640 - val 0.040992
Epoch 6991/10000 - train 0.001633 - val 0.042489
Epoch 6992/10000 - train 0.002115 - val 0.040971
Epoch 6993/10000 - train 0.001632 - val 0.041088
Epoch 6994/10000 - train 0.001496 - val 0.041145
Epoch 6995/10000 - train 0.002012 - val 0.041306
Epoch 6996/10000 - train 0.001721 - val 0.041012
Epoch 6997/10000 - train 0.002012 - val 0.041591
Epoch 6998/10000 - train 0.001653 - val 0.040921
Epoch 6999/10000 - train 0.001715 - val 0.041450
Epoch 7000/10000 - train 0.001822 - val 0.041312
Epoch 7001/10000 - train 0.001781 - val 0.041516
Epoch 7002/10000 - train 0.001819 - val 0.041050
Epoch 7003/10000 - train 0.001989 - val 0.041336
Epoch 7004/10000 - train 0.001728 - val 0.041911
Epoch 7005/10000 - train 0.001885 - val 0.041226
Epoch 7006/10000 - train 0.001621 - val 0.041441
Epoch 7007/10000 - train 0.001776 - val 0.041452
Epoch 7008/10000 - train 0.002014 - val 0.041120
Epoch 7009/10000 - train 0.002047 - val 0.041311
Epoch 7010/10000 - train 0.001900 - val 0.041220
Epoch 7011/10000 - train 0.001754 - val 0.042075
Epoch 7012/10000 - train 0.002517 - val 0.041529
Epoch 7013/10000 - train 0.002139 - val 0.041531
Epoch 7014/10000 - train 0.001912 - val 0.041561
Epoch 7015/10000 - train 0.001824 - val 0.041611
Epoch 7016/10000 - train 0.002021 - val 0.043087
Epoch 7017/10000 - train 0.002009 - val 0.041275
Epoch 7018/10000 - train 0.001925 - val 0.042212
Epoch 7019/10000 - train 0.002630 - val 0.042215
Epoch 7020/10000 - train 0.023310 - val 0.063412
Epoch 7021/10000 - train 0.011652 - val 0.042132
Epoch 7022/10000 - train 0.004088 - val 0.041839
Epoch 7023/10000 - train 0.002279 - val 0.040976
Epoch 7024/10000 - train 0.001761 - val 0.040772
Epoch 7025/10000 - train 0.001613 - val 0.040945
Epoch 7026/10000 - train 0.001568 - val 0.040905
Epoch 7027/10000 - train 0.001657 - val 0.040984
Epoch 7028/10000 - train 0.001536 - val 0.041119
Epoch 7029/10000 - train 0.001504 - val 0.040980
Epoch 7030/10000 - train 0.001679 - val 0.041029
Epoch 7031/10000 - train 0.001453 - val 0.040936
Epoch 7032/10000 - train 0.001527 - val 0.042379
Epoch 7033/10000 - train 0.001611 - val 0.041047
Epoch 7034/10000 - train 0.001500 - val 0.041203
Epoch 7035/10000 - train 0.001591 - val 0.041288
Epoch 7036/10000 - train 0.001634 - val 0.041470
Epoch 7037/10000 - train 0.001671 - val 0.041268
Epoch 7038/10000 - train 0.001859 - val 0.041368
Epoch 7039/10000 - train 0.001653 - val 0.041486
Epoch 7040/10000 - train 0.001787 - val 0.041082
Epoch 7041/10000 - train 0.001517 - val 0.041130
Epoch 7042/10000 - train 0.001966 - val 0.041148
Epoch 7043/10000 - train 0.001775 - val 0.041340
Epoch 7044/10000 - train 0.001678 - val 0.041422
Epoch 7045/10000 - train 0.001891 - val 0.041115
Epoch 7046/10000 - train 0.001795 - val 0.041741
Epoch 7047/10000 - train 0.001777 - val 0.041193
Epoch 7048/10000 - train 0.001837 - val 0.041321
Epoch 7049/10000 - train 0.001626 - val 0.041450
Epoch 7050/10000 - train 0.001872 - val 0.041287
Epoch 7051/10000 - train 0.001682 - val 0.041527
Epoch 7052/10000 - train 0.001952 - val 0.041617
Epoch 7053/10000 - train 0.001739 - val 0.041350
Epoch 7054/10000 - train 0.001918 - val 0.041136
Epoch 7055/10000 - train 0.001716 - val 0.041282
Epoch 7056/10000 - train 0.001804 - val 0.041965
Epoch 7057/10000 - train 0.002036 - val 0.041491
Epoch 7058/10000 - train 0.001929 - val 0.043020
Epoch 7059/10000 - train 0.001965 - val 0.041383
Epoch 7060/10000 - train 0.001760 - val 0.041572
Epoch 7061/10000 - train 0.002852 - val 0.044169
Epoch 7062/10000 - train 0.015150 - val 0.043737
Epoch 7063/10000 - train 0.004801 - val 0.041679
Epoch 7064/10000 - train 0.002537 - val 0.041282
Epoch 7065/10000 - train 0.001770 - val 0.041070
Epoch 7066/10000 - train 0.001695 - val 0.043717
Epoch 7067/10000 - train 0.001894 - val 0.041116
Epoch 7068/10000 - train 0.001513 - val 0.040890
Epoch 7069/10000 - train 0.001460 - val 0.041087
Epoch 7070/10000 - train 0.001500 - val 0.041223
Epoch 7071/10000 - train 0.001723 - val 0.040966
Epoch 7072/10000 - train 0.001506 - val 0.040970
Epoch 7073/10000 - train 0.001711 - val 0.041284
Epoch 7074/10000 - train 0.001583 - val 0.041068
Epoch 7075/10000 - train 0.001903 - val 0.041107
Epoch 7076/10000 - train 0.001617 - val 0.041435
Epoch 7077/10000 - train 0.001803 - val 0.041209
Epoch 7078/10000 - train 0.001546 - val 0.042362
Epoch 7079/10000 - train 0.002007 - val 0.041268
Epoch 7080/10000 - train 0.001609 - val 0.041228
Epoch 7081/10000 - train 0.001640 - val 0.041863
Epoch 7082/10000 - train 0.001982 - val 0.041519
Epoch 7083/10000 - train 0.001714 - val 0.041064
Epoch 7084/10000 - train 0.001648 - val 0.041610
Epoch 7085/10000 - train 0.001789 - val 0.041561
Epoch 7086/10000 - train 0.002095 - val 0.041631
Epoch 7087/10000 - train 0.001668 - val 0.041374
Epoch 7088/10000 - train 0.001717 - val 0.042151
Epoch 7089/10000 - train 0.001790 - val 0.041373
Epoch 7090/10000 - train 0.001847 - val 0.041586
Epoch 7091/10000 - train 0.001974 - val 0.041974
Epoch 7092/10000 - train 0.001782 - val 0.041430
Epoch 7093/10000 - train 0.001965 - val 0.041512
Epoch 7094/10000 - train 0.002044 - val 0.047467
Epoch 7095/10000 - train 0.004270 - val 0.041419
Epoch 7096/10000 - train 0.001997 - val 0.041541
Epoch 7097/10000 - train 0.001810 - val 0.041085
Epoch 7098/10000 - train 0.001690 - val 0.041087
Epoch 7099/10000 - train 0.001720 - val 0.041246
Epoch 7100/10000 - train 0.001757 - val 0.042496
Epoch 7101/10000 - train 0.001997 - val 0.041823
Epoch 7102/10000 - train 0.001915 - val 0.042704
Epoch 7103/10000 - train 0.001933 - val 0.041320
Epoch 7104/10000 - train 0.001762 - val 0.041712
Epoch 7105/10000 - train 0.002313 - val 0.042657
Epoch 7106/10000 - train 0.002137 - val 0.042689
Epoch 7107/10000 - train 0.002177 - val 0.041524
Epoch 7108/10000 - train 0.002182 - val 0.041108
Epoch 7109/10000 - train 0.001695 - val 0.041268
Epoch 7110/10000 - train 0.001671 - val 0.041224
Epoch 7111/10000 - train 0.001863 - val 0.041812
Epoch 7112/10000 - train 0.002359 - val 0.041656
Epoch 7113/10000 - train 0.002175 - val 0.042135
Epoch 7114/10000 - train 0.001958 - val 0.041829
Epoch 7115/10000 - train 0.002096 - val 0.040925
Epoch 7116/10000 - train 0.001828 - val 0.041238
Epoch 7117/10000 - train 0.002735 - val 0.042146
Epoch 7118/10000 - train 0.002183 - val 0.041932
Epoch 7119/10000 - train 0.002145 - val 0.041810
Epoch 7120/10000 - train 0.001771 - val 0.041326
Epoch 7121/10000 - train 0.001915 - val 0.041899
Epoch 7122/10000 - train 0.001866 - val 0.041508
Epoch 7123/10000 - train 0.002365 - val 0.041437
Epoch 7124/10000 - train 0.002498 - val 0.041700
Epoch 7125/10000 - train 0.002022 - val 0.041484
Epoch 7126/10000 - train 0.001877 - val 0.041394
Epoch 7127/10000 - train 0.002028 - val 0.041613
Epoch 7128/10000 - train 0.001625 - val 0.040651
Epoch 7129/10000 - train 0.002044 - val 0.041465
Epoch 7130/10000 - train 0.001882 - val 0.041460
Epoch 7131/10000 - train 0.001912 - val 0.041672
Epoch 7132/10000 - train 0.002421 - val 0.041133
Epoch 7133/10000 - train 0.001726 - val 0.041374
Epoch 7134/10000 - train 0.002113 - val 0.041260
Epoch 7135/10000 - train 0.002068 - val 0.041248
Epoch 7136/10000 - train 0.001988 - val 0.042061
Epoch 7137/10000 - train 0.001790 - val 0.041285
Epoch 7138/10000 - train 0.001699 - val 0.041404
Epoch 7139/10000 - train 0.002082 - val 0.041938
Epoch 7140/10000 - train 0.002595 - val 0.040950
Epoch 7141/10000 - train 0.001822 - val 0.041162
Epoch 7142/10000 - train 0.002363 - val 0.041517
Epoch 7143/10000 - train 0.001672 - val 0.041365
Epoch 7144/10000 - train 0.001740 - val 0.041423
Epoch 7145/10000 - train 0.016276 - val 0.050997
Epoch 7146/10000 - train 0.008386 - val 0.050252
Epoch 7147/10000 - train 0.004233 - val 0.041246
Epoch 7148/10000 - train 0.001939 - val 0.041182
Epoch 7149/10000 - train 0.001729 - val 0.041029
Epoch 7150/10000 - train 0.001593 - val 0.040889
Epoch 7151/10000 - train 0.001518 - val 0.040960
Epoch 7152/10000 - train 0.001484 - val 0.040799
Epoch 7153/10000 - train 0.001427 - val 0.040869
Epoch 7154/10000 - train 0.001456 - val 0.040895
Epoch 7155/10000 - train 0.001457 - val 0.040765
Epoch 7156/10000 - train 0.001456 - val 0.040994
Epoch 7157/10000 - train 0.001500 - val 0.041172
Epoch 7158/10000 - train 0.001591 - val 0.040809
Epoch 7159/10000 - train 0.001796 - val 0.040965
Epoch 7160/10000 - train 0.001587 - val 0.041038
Epoch 7161/10000 - train 0.001563 - val 0.041059
Epoch 7162/10000 - train 0.001852 - val 0.041535
Epoch 7163/10000 - train 0.001608 - val 0.041301
Epoch 7164/10000 - train 0.001697 - val 0.041291
Epoch 7165/10000 - train 0.001636 - val 0.041273
Epoch 7166/10000 - train 0.001684 - val 0.041109
Epoch 7167/10000 - train 0.001649 - val 0.042342
Epoch 7168/10000 - train 0.001814 - val 0.041411
Epoch 7169/10000 - train 0.001950 - val 0.041339
Epoch 7170/10000 - train 0.001639 - val 0.041313
Epoch 7171/10000 - train 0.002036 - val 0.041144
Epoch 7172/10000 - train 0.001683 - val 0.041905
Epoch 7173/10000 - train 0.001843 - val 0.041606
Epoch 7174/10000 - train 0.001917 - val 0.041603
Epoch 7175/10000 - train 0.001799 - val 0.041120
Epoch 7176/10000 - train 0.001820 - val 0.041631
Epoch 7177/10000 - train 0.002142 - val 0.041717
Epoch 7178/10000 - train 0.001723 - val 0.041291
Epoch 7179/10000 - train 0.001882 - val 0.041246
Epoch 7180/10000 - train 0.001791 - val 0.041608
Epoch 7181/10000 - train 0.001997 - val 0.042135
Epoch 7182/10000 - train 0.015529 - val 0.057253
Epoch 7183/10000 - train 0.008709 - val 0.042345
Epoch 7184/10000 - train 0.003384 - val 0.041701
Epoch 7185/10000 - train 0.002024 - val 0.041004
Epoch 7186/10000 - train 0.001666 - val 0.041250
Epoch 7187/10000 - train 0.001884 - val 0.041115
Epoch 7188/10000 - train 0.001539 - val 0.040948
Epoch 7189/10000 - train 0.001468 - val 0.041096
Epoch 7190/10000 - train 0.001645 - val 0.041567
Epoch 7191/10000 - train 0.001489 - val 0.040985
Epoch 7192/10000 - train 0.001447 - val 0.041264
Epoch 7193/10000 - train 0.001632 - val 0.041174
Epoch 7194/10000 - train 0.001481 - val 0.041107
Epoch 7195/10000 - train 0.001744 - val 0.041263
Epoch 7196/10000 - train 0.001535 - val 0.041332
Epoch 7197/10000 - train 0.001834 - val 0.041733
Epoch 7198/10000 - train 0.001627 - val 0.041168
Epoch 7199/10000 - train 0.001530 - val 0.041748
Epoch 7200/10000 - train 0.001775 - val 0.041640
Epoch 7201/10000 - train 0.001868 - val 0.041529
Epoch 7202/10000 - train 0.001703 - val 0.041262
Epoch 7203/10000 - train 0.001819 - val 0.041212
Epoch 7204/10000 - train 0.001616 - val 0.041728
Epoch 7205/10000 - train 0.001880 - val 0.041372
Epoch 7206/10000 - train 0.001809 - val 0.041301
Epoch 7207/10000 - train 0.001562 - val 0.041181
Epoch 7208/10000 - train 0.001795 - val 0.041678
Epoch 7209/10000 - train 0.001769 - val 0.041454
Epoch 7210/10000 - train 0.002091 - val 0.041870
Epoch 7211/10000 - train 0.001833 - val 0.041701
Epoch 7212/10000 - train 0.001735 - val 0.041416
Epoch 7213/10000 - train 0.001896 - val 0.041539
Epoch 7214/10000 - train 0.001668 - val 0.041426
Epoch 7215/10000 - train 0.002009 - val 0.041143
Epoch 7216/10000 - train 0.001776 - val 0.041619
Epoch 7217/10000 - train 0.001888 - val 0.041311
Epoch 7218/10000 - train 0.002255 - val 0.042667
Epoch 7219/10000 - train 0.001939 - val 0.041602
Epoch 7220/10000 - train 0.001715 - val 0.041874
Epoch 7221/10000 - train 0.001890 - val 0.041425
Epoch 7222/10000 - train 0.001971 - val 0.041628
Epoch 7223/10000 - train 0.002006 - val 0.041905
Epoch 7224/10000 - train 0.002031 - val 0.042979
Epoch 7225/10000 - train 0.001989 - val 0.041569
Epoch 7226/10000 - train 0.001984 - val 0.041415
Epoch 7227/10000 - train 0.002050 - val 0.041318
Epoch 7228/10000 - train 0.001876 - val 0.041109
Epoch 7229/10000 - train 0.001873 - val 0.041566
Epoch 7230/10000 - train 0.001777 - val 0.041380
Epoch 7231/10000 - train 0.002236 - val 0.041486
Epoch 7232/10000 - train 0.001940 - val 0.042247
Epoch 7233/10000 - train 0.003039 - val 0.041967
Epoch 7234/10000 - train 0.001991 - val 0.041513
Epoch 7235/10000 - train 0.002352 - val 0.041480
Epoch 7236/10000 - train 0.001710 - val 0.041385
Epoch 7237/10000 - train 0.001793 - val 0.041063
Epoch 7238/10000 - train 0.001748 - val 0.041055
Epoch 7239/10000 - train 0.002342 - val 0.041643
Epoch 7240/10000 - train 0.001931 - val 0.041421
Epoch 7241/10000 - train 0.001729 - val 0.041078
Epoch 7242/10000 - train 0.001711 - val 0.041627
Epoch 7243/10000 - train 0.003049 - val 0.055479
Epoch 7244/10000 - train 0.035233 - val 0.051337
Epoch 7245/10000 - train 0.013866 - val 0.045644
Epoch 7246/10000 - train 0.005464 - val 0.043788
Epoch 7247/10000 - train 0.003540 - val 0.043205
Epoch 7248/10000 - train 0.002799 - val 0.042438
Epoch 7249/10000 - train 0.002452 - val 0.042239
Epoch 7250/10000 - train 0.002239 - val 0.042202
Epoch 7251/10000 - train 0.002477 - val 0.042047
Epoch 7252/10000 - train 0.002020 - val 0.042057
Epoch 7253/10000 - train 0.002011 - val 0.042221
Epoch 7254/10000 - train 0.001999 - val 0.042145
Epoch 7255/10000 - train 0.002146 - val 0.041514
Epoch 7256/10000 - train 0.001926 - val 0.042041
Epoch 7257/10000 - train 0.002079 - val 0.042458
Epoch 7258/10000 - train 0.001900 - val 0.042138
Epoch 7259/10000 - train 0.002148 - val 0.042547
Epoch 7260/10000 - train 0.002018 - val 0.042276
Epoch 7261/10000 - train 0.001800 - val 0.042464
Epoch 7262/10000 - train 0.002014 - val 0.042038
Epoch 7263/10000 - train 0.002022 - val 0.042180
Epoch 7264/10000 - train 0.001951 - val 0.041932
Epoch 7265/10000 - train 0.002231 - val 0.042652
Epoch 7266/10000 - train 0.002014 - val 0.041943
Epoch 7267/10000 - train 0.002006 - val 0.043902
Epoch 7268/10000 - train 0.002178 - val 0.042275
Epoch 7269/10000 - train 0.002005 - val 0.042609
Epoch 7270/10000 - train 0.002060 - val 0.043126
Epoch 7271/10000 - train 0.002121 - val 0.042327
Epoch 7272/10000 - train 0.002169 - val 0.043137
Epoch 7273/10000 - train 0.002296 - val 0.042917
Epoch 7274/10000 - train 0.002448 - val 0.042326
Epoch 7275/10000 - train 0.002035 - val 0.042352
Epoch 7276/10000 - train 0.002038 - val 0.041947
Epoch 7277/10000 - train 0.002072 - val 0.042459
Epoch 7278/10000 - train 0.002479 - val 0.042304
Epoch 7279/10000 - train 0.002019 - val 0.042912
Epoch 7280/10000 - train 0.002514 - val 0.042208
Epoch 7281/10000 - train 0.001983 - val 0.043067
Epoch 7282/10000 - train 0.002938 - val 0.042642
Epoch 7283/10000 - train 0.002271 - val 0.041837
Epoch 7284/10000 - train 0.001963 - val 0.041734
Epoch 7285/10000 - train 0.002028 - val 0.042407
Epoch 7286/10000 - train 0.002560 - val 0.042688
Epoch 7287/10000 - train 0.002309 - val 0.042324
Epoch 7288/10000 - train 0.001960 - val 0.041765
Epoch 7289/10000 - train 0.002331 - val 0.042826
Epoch 7290/10000 - train 0.002092 - val 0.042723
Epoch 7291/10000 - train 0.003901 - val 0.042928
Epoch 7292/10000 - train 0.002755 - val 0.042721
Epoch 7293/10000 - train 0.002251 - val 0.041847
Epoch 7294/10000 - train 0.001833 - val 0.042072
Epoch 7295/10000 - train 0.001858 - val 0.042145
Epoch 7296/10000 - train 0.001735 - val 0.042352
Epoch 7297/10000 - train 0.001857 - val 0.042193
Epoch 7298/10000 - train 0.001981 - val 0.042326
Epoch 7299/10000 - train 0.001808 - val 0.041999
Epoch 7300/10000 - train 0.002161 - val 0.041991
Epoch 7301/10000 - train 0.001985 - val 0.042402
Epoch 7302/10000 - train 0.001968 - val 0.042771
Epoch 7303/10000 - train 0.002828 - val 0.042257
Epoch 7304/10000 - train 0.002152 - val 0.042006
Epoch 7305/10000 - train 0.002055 - val 0.042114
Epoch 7306/10000 - train 0.002087 - val 0.042314
Epoch 7307/10000 - train 0.001916 - val 0.042326
Epoch 7308/10000 - train 0.002485 - val 0.043670
Epoch 7309/10000 - train 0.002223 - val 0.041897
Epoch 7310/10000 - train 0.002535 - val 0.042671
Epoch 7311/10000 - train 0.002039 - val 0.042311
Epoch 7312/10000 - train 0.002191 - val 0.042326
Epoch 7313/10000 - train 0.001865 - val 0.042588
Epoch 7314/10000 - train 0.001919 - val 0.042895
Epoch 7315/10000 - train 0.009378 - val 0.057980
Epoch 7316/10000 - train 0.012858 - val 0.044258
Epoch 7317/10000 - train 0.004506 - val 0.042258
Epoch 7318/10000 - train 0.002242 - val 0.041547
Epoch 7319/10000 - train 0.001831 - val 0.041569
Epoch 7320/10000 - train 0.001708 - val 0.041645
Epoch 7321/10000 - train 0.001946 - val 0.041897
Epoch 7322/10000 - train 0.001684 - val 0.041847
Epoch 7323/10000 - train 0.001632 - val 0.041617
Epoch 7324/10000 - train 0.001697 - val 0.042980
Epoch 7325/10000 - train 0.001748 - val 0.041775
Epoch 7326/10000 - train 0.001627 - val 0.041641
Epoch 7327/10000 - train 0.001613 - val 0.042286
Epoch 7328/10000 - train 0.001800 - val 0.041984
Epoch 7329/10000 - train 0.001684 - val 0.041736
Epoch 7330/10000 - train 0.002031 - val 0.042151
Epoch 7331/10000 - train 0.001667 - val 0.041844
Epoch 7332/10000 - train 0.001717 - val 0.042032
Epoch 7333/10000 - train 0.001958 - val 0.041959
Epoch 7334/10000 - train 0.001759 - val 0.042026
Epoch 7335/10000 - train 0.002012 - val 0.042061
Epoch 7336/10000 - train 0.001789 - val 0.042048
Epoch 7337/10000 - train 0.001986 - val 0.042646
Epoch 7338/10000 - train 0.001807 - val 0.041879
Epoch 7339/10000 - train 0.001735 - val 0.041917
Epoch 7340/10000 - train 0.001887 - val 0.042739
Epoch 7341/10000 - train 0.001846 - val 0.042309
Epoch 7342/10000 - train 0.001906 - val 0.042608
Epoch 7343/10000 - train 0.001839 - val 0.043115
Epoch 7344/10000 - train 0.002120 - val 0.043199
Epoch 7345/10000 - train 0.002322 - val 0.042438
Epoch 7346/10000 - train 0.002455 - val 0.043071
Epoch 7347/10000 - train 0.001969 - val 0.042086
Epoch 7348/10000 - train 0.001798 - val 0.041951
Epoch 7349/10000 - train 0.001862 - val 0.042103
Epoch 7350/10000 - train 0.001923 - val 0.042216
Epoch 7351/10000 - train 0.001842 - val 0.042238
Epoch 7352/10000 - train 0.002267 - val 0.042282
Epoch 7353/10000 - train 0.001834 - val 0.042282
Epoch 7354/10000 - train 0.002108 - val 0.042047
Epoch 7355/10000 - train 0.002440 - val 0.042286
Epoch 7356/10000 - train 0.001853 - val 0.041914
Epoch 7357/10000 - train 0.001936 - val 0.042161
Epoch 7358/10000 - train 0.002520 - val 0.042968
Epoch 7359/10000 - train 0.009649 - val 0.045062
Epoch 7360/10000 - train 0.003906 - val 0.042803
Epoch 7361/10000 - train 0.002104 - val 0.041777
Epoch 7362/10000 - train 0.001681 - val 0.041627
Epoch 7363/10000 - train 0.001597 - val 0.041605
Epoch 7364/10000 - train 0.001601 - val 0.042488
Epoch 7365/10000 - train 0.001665 - val 0.042081
Epoch 7366/10000 - train 0.001611 - val 0.041983
Epoch 7367/10000 - train 0.001812 - val 0.041805
Epoch 7368/10000 - train 0.001592 - val 0.041570
Epoch 7369/10000 - train 0.001822 - val 0.042076
Epoch 7370/10000 - train 0.001663 - val 0.041807
Epoch 7371/10000 - train 0.001809 - val 0.041571
Epoch 7372/10000 - train 0.001625 - val 0.042278
Epoch 7373/10000 - train 0.001966 - val 0.041760
Epoch 7374/10000 - train 0.001978 - val 0.041732
Epoch 7375/10000 - train 0.001745 - val 0.041926
Epoch 7376/10000 - train 0.001627 - val 0.041703
Epoch 7377/10000 - train 0.001840 - val 0.042225
Epoch 7378/10000 - train 0.001923 - val 0.041783
Epoch 7379/10000 - train 0.002063 - val 0.041819
Epoch 7380/10000 - train 0.001939 - val 0.041848
Epoch 7381/10000 - train 0.001876 - val 0.041667
Epoch 7382/10000 - train 0.002165 - val 0.042209
Epoch 7383/10000 - train 0.001879 - val 0.042238
Epoch 7384/10000 - train 0.001820 - val 0.041693
Epoch 7385/10000 - train 0.001850 - val 0.043076
Epoch 7386/10000 - train 0.002724 - val 0.043186
Epoch 7387/10000 - train 0.002429 - val 0.042089
Epoch 7388/10000 - train 0.002028 - val 0.041440
Epoch 7389/10000 - train 0.001983 - val 0.041662
Epoch 7390/10000 - train 0.001625 - val 0.041450
Epoch 7391/10000 - train 0.002014 - val 0.041440
Epoch 7392/10000 - train 0.001781 - val 0.041663
Epoch 7393/10000 - train 0.002730 - val 0.043001
Epoch 7394/10000 - train 0.002083 - val 0.041694
Epoch 7395/10000 - train 0.001966 - val 0.041726
Epoch 7396/10000 - train 0.001813 - val 0.041907
Epoch 7397/10000 - train 0.002143 - val 0.041691
Epoch 7398/10000 - train 0.001796 - val 0.041615
Epoch 7399/10000 - train 0.002143 - val 0.041823
Epoch 7400/10000 - train 0.001856 - val 0.041324
Epoch 7401/10000 - train 0.002552 - val 0.041802
Epoch 7402/10000 - train 0.001910 - val 0.042125
Epoch 7403/10000 - train 0.001826 - val 0.041887
Epoch 7404/10000 - train 0.003797 - val 0.044648
Epoch 7405/10000 - train 0.003297 - val 0.041525
Epoch 7406/10000 - train 0.003029 - val 0.041747
Epoch 7407/10000 - train 0.001820 - val 0.041536
Epoch 7408/10000 - train 0.001585 - val 0.041203
Epoch 7409/10000 - train 0.001609 - val 0.041901
Epoch 7410/10000 - train 0.001805 - val 0.041381
Epoch 7411/10000 - train 0.001772 - val 0.041391
Epoch 7412/10000 - train 0.001672 - val 0.041863
Epoch 7413/10000 - train 0.001732 - val 0.041523
Epoch 7414/10000 - train 0.001641 - val 0.042437
Epoch 7415/10000 - train 0.002037 - val 0.041561
Epoch 7416/10000 - train 0.001915 - val 0.041245
Epoch 7417/10000 - train 0.001818 - val 0.041679
Epoch 7418/10000 - train 0.002064 - val 0.042055
Epoch 7419/10000 - train 0.001869 - val 0.041276
Epoch 7420/10000 - train 0.002118 - val 0.043213
Epoch 7421/10000 - train 0.002282 - val 0.041583
Epoch 7422/10000 - train 0.002149 - val 0.041644
Epoch 7423/10000 - train 0.001899 - val 0.041587
Epoch 7424/10000 - train 0.001918 - val 0.041353
Epoch 7425/10000 - train 0.001685 - val 0.042186
Epoch 7426/10000 - train 0.002355 - val 0.042025
Epoch 7427/10000 - train 0.002803 - val 0.041724
Epoch 7428/10000 - train 0.002090 - val 0.044028
Epoch 7429/10000 - train 0.002086 - val 0.041438
Epoch 7430/10000 - train 0.001711 - val 0.041177
Epoch 7431/10000 - train 0.001905 - val 0.041433
Epoch 7432/10000 - train 0.001679 - val 0.041846
Epoch 7433/10000 - train 0.001908 - val 0.042043
Epoch 7434/10000 - train 0.004393 - val 0.043168
Epoch 7435/10000 - train 0.002628 - val 0.041849
Epoch 7436/10000 - train 0.001922 - val 0.041200
Epoch 7437/10000 - train 0.001652 - val 0.041254
Epoch 7438/10000 - train 0.001873 - val 0.041078
Epoch 7439/10000 - train 0.001652 - val 0.041462
Epoch 7440/10000 - train 0.001846 - val 0.042724
Epoch 7441/10000 - train 0.001766 - val 0.041386
Epoch 7442/10000 - train 0.001621 - val 0.041387
Epoch 7443/10000 - train 0.001770 - val 0.041903
Epoch 7444/10000 - train 0.001771 - val 0.041290
Epoch 7445/10000 - train 0.001734 - val 0.042606
Epoch 7446/10000 - train 0.001962 - val 0.041037
Epoch 7447/10000 - train 0.001711 - val 0.041433
Epoch 7448/10000 - train 0.002372 - val 0.041907
Epoch 7449/10000 - train 0.002039 - val 0.041785
Epoch 7450/10000 - train 0.001926 - val 0.042730
Epoch 7451/10000 - train 0.002314 - val 0.041206
Epoch 7452/10000 - train 0.002280 - val 0.041983
Epoch 7453/10000 - train 0.002182 - val 0.041425
Epoch 7454/10000 - train 0.001694 - val 0.041223
Epoch 7455/10000 - train 0.001955 - val 0.041945
Epoch 7456/10000 - train 0.001808 - val 0.041228
Epoch 7457/10000 - train 0.002039 - val 0.041609
Epoch 7458/10000 - train 0.002653 - val 0.042018
Epoch 7459/10000 - train 0.003165 - val 0.044912
Epoch 7460/10000 - train 0.003088 - val 0.041279
Epoch 7461/10000 - train 0.001836 - val 0.041204
Epoch 7462/10000 - train 0.001907 - val 0.041269
Epoch 7463/10000 - train 0.001614 - val 0.041073
Epoch 7464/10000 - train 0.001623 - val 0.041449
Epoch 7465/10000 - train 0.001753 - val 0.041441
Epoch 7466/10000 - train 0.001827 - val 0.041103
Epoch 7467/10000 - train 0.001577 - val 0.041385
Epoch 7468/10000 - train 0.001951 - val 0.041493
Epoch 7469/10000 - train 0.001922 - val 0.042010
Epoch 7470/10000 - train 0.001806 - val 0.041089
Epoch 7471/10000 - train 0.002105 - val 0.041790
Epoch 7472/10000 - train 0.001957 - val 0.042074
Epoch 7473/10000 - train 0.001781 - val 0.041742
Epoch 7474/10000 - train 0.002003 - val 0.041164
Epoch 7475/10000 - train 0.001731 - val 0.041616
Epoch 7476/10000 - train 0.002098 - val 0.041626
Epoch 7477/10000 - train 0.001878 - val 0.043704
Epoch 7478/10000 - train 0.019731 - val 0.045501
Epoch 7479/10000 - train 0.005280 - val 0.041949
Epoch 7480/10000 - train 0.002569 - val 0.041559
Epoch 7481/10000 - train 0.002035 - val 0.040916
Epoch 7482/10000 - train 0.001781 - val 0.041488
Epoch 7483/10000 - train 0.001770 - val 0.041446
Epoch 7484/10000 - train 0.001704 - val 0.040932
Epoch 7485/10000 - train 0.001606 - val 0.040945
Epoch 7486/10000 - train 0.001616 - val 0.041368
Epoch 7487/10000 - train 0.001603 - val 0.041065
Epoch 7488/10000 - train 0.001598 - val 0.040994
Epoch 7489/10000 - train 0.001573 - val 0.040961
Epoch 7490/10000 - train 0.001667 - val 0.041767
Epoch 7491/10000 - train 0.001658 - val 0.041501
Epoch 7492/10000 - train 0.001784 - val 0.041348
Epoch 7493/10000 - train 0.001705 - val 0.041755
Epoch 7494/10000 - train 0.001811 - val 0.041416
Epoch 7495/10000 - train 0.001767 - val 0.041590
Epoch 7496/10000 - train 0.001806 - val 0.042021
Epoch 7497/10000 - train 0.001995 - val 0.041365
Epoch 7498/10000 - train 0.002041 - val 0.041289
Epoch 7499/10000 - train 0.001734 - val 0.041300
Epoch 7500/10000 - train 0.002011 - val 0.041595
Epoch 7501/10000 - train 0.001733 - val 0.041739
Epoch 7502/10000 - train 0.002002 - val 0.041386
Epoch 7503/10000 - train 0.001781 - val 0.042255
Epoch 7504/10000 - train 0.002106 - val 0.041734
Epoch 7505/10000 - train 0.001949 - val 0.041801
Epoch 7506/10000 - train 0.001830 - val 0.042211
Epoch 7507/10000 - train 0.002074 - val 0.041575
Epoch 7508/10000 - train 0.001748 - val 0.041678
Epoch 7509/10000 - train 0.002309 - val 0.045594
Epoch 7510/10000 - train 0.019706 - val 0.044402
Epoch 7511/10000 - train 0.005130 - val 0.043830
Epoch 7512/10000 - train 0.003022 - val 0.041146
Epoch 7513/10000 - train 0.001772 - val 0.040902
Epoch 7514/10000 - train 0.001609 - val 0.041136
Epoch 7515/10000 - train 0.001559 - val 0.041093
Epoch 7516/10000 - train 0.001590 - val 0.041246
Epoch 7517/10000 - train 0.001549 - val 0.041417
Epoch 7518/10000 - train 0.001633 - val 0.041191
Epoch 7519/10000 - train 0.001459 - val 0.041119
Epoch 7520/10000 - train 0.001776 - val 0.041259
Epoch 7521/10000 - train 0.001516 - val 0.041405
Epoch 7522/10000 - train 0.001569 - val 0.041636
Epoch 7523/10000 - train 0.001758 - val 0.041378
Epoch 7524/10000 - train 0.001624 - val 0.041058
Epoch 7525/10000 - train 0.001761 - val 0.041411
Epoch 7526/10000 - train 0.001515 - val 0.041284
Epoch 7527/10000 - train 0.001761 - val 0.041654
Epoch 7528/10000 - train 0.001638 - val 0.041592
Epoch 7529/10000 - train 0.001733 - val 0.041377
Epoch 7530/10000 - train 0.001621 - val 0.042038
Epoch 7531/10000 - train 0.001832 - val 0.041453
Epoch 7532/10000 - train 0.001940 - val 0.041345
Epoch 7533/10000 - train 0.001561 - val 0.041388
Epoch 7534/10000 - train 0.001703 - val 0.041228
Epoch 7535/10000 - train 0.001967 - val 0.041390
Epoch 7536/10000 - train 0.001666 - val 0.040971
Epoch 7537/10000 - train 0.001643 - val 0.041910
Epoch 7538/10000 - train 0.001919 - val 0.041400
Epoch 7539/10000 - train 0.001745 - val 0.041110
Epoch 7540/10000 - train 0.001777 - val 0.042202
Epoch 7541/10000 - train 0.001870 - val 0.041071
Epoch 7542/10000 - train 0.001900 - val 0.041266
Epoch 7543/10000 - train 0.001738 - val 0.041486
Epoch 7544/10000 - train 0.001734 - val 0.041189
Epoch 7545/10000 - train 0.001765 - val 0.041525
Epoch 7546/10000 - train 0.002379 - val 0.041696
Epoch 7547/10000 - train 0.002030 - val 0.041377
Epoch 7548/10000 - train 0.002104 - val 0.041548
Epoch 7549/10000 - train 0.001829 - val 0.041584
Epoch 7550/10000 - train 0.001800 - val 0.041418
Epoch 7551/10000 - train 0.001908 - val 0.041692
Epoch 7552/10000 - train 0.002570 - val 0.041484
Epoch 7553/10000 - train 0.001807 - val 0.041611
Epoch 7554/10000 - train 0.001685 - val 0.041436
Epoch 7555/10000 - train 0.001908 - val 0.042249
Epoch 7556/10000 - train 0.001895 - val 0.041307
Epoch 7557/10000 - train 0.002198 - val 0.041358
Epoch 7558/10000 - train 0.002008 - val 0.041729
Epoch 7559/10000 - train 0.002009 - val 0.041059
Epoch 7560/10000 - train 0.002293 - val 0.041612
Epoch 7561/10000 - train 0.001798 - val 0.041223
Epoch 7562/10000 - train 0.001682 - val 0.040992
Epoch 7563/10000 - train 0.002119 - val 0.041892
Epoch 7564/10000 - train 0.001991 - val 0.041257
Epoch 7565/10000 - train 0.002015 - val 0.041314
Epoch 7566/10000 - train 0.001649 - val 0.041369
Epoch 7567/10000 - train 0.001881 - val 0.041241
Epoch 7568/10000 - train 0.001766 - val 0.041911
Epoch 7569/10000 - train 0.002173 - val 0.041742
Epoch 7570/10000 - train 0.006968 - val 0.043693
Epoch 7571/10000 - train 0.003079 - val 0.041232
Epoch 7572/10000 - train 0.002261 - val 0.041024
Epoch 7573/10000 - train 0.001598 - val 0.040556
Epoch 7574/10000 - train 0.001559 - val 0.040975
Epoch 7575/10000 - train 0.001735 - val 0.041098
Epoch 7576/10000 - train 0.001484 - val 0.041259
Epoch 7577/10000 - train 0.001648 - val 0.041907
Epoch 7578/10000 - train 0.001666 - val 0.041188
Epoch 7579/10000 - train 0.001653 - val 0.042269
Epoch 7580/10000 - train 0.001614 - val 0.041351
Epoch 7581/10000 - train 0.001677 - val 0.041381
Epoch 7582/10000 - train 0.001679 - val 0.041655
Epoch 7583/10000 - train 0.001819 - val 0.041213
Epoch 7584/10000 - train 0.001652 - val 0.041036
Epoch 7585/10000 - train 0.001797 - val 0.041190
Epoch 7586/10000 - train 0.001610 - val 0.041171
Epoch 7587/10000 - train 0.002029 - val 0.041920
Epoch 7588/10000 - train 0.008968 - val 0.041893
Epoch 7589/10000 - train 0.002669 - val 0.041211
Epoch 7590/10000 - train 0.001858 - val 0.041538
Epoch 7591/10000 - train 0.001750 - val 0.041089
Epoch 7592/10000 - train 0.001551 - val 0.040752
Epoch 7593/10000 - train 0.001629 - val 0.041157
Epoch 7594/10000 - train 0.001505 - val 0.041373
Epoch 7595/10000 - train 0.001775 - val 0.041154
Epoch 7596/10000 - train 0.001496 - val 0.041198
Epoch 7597/10000 - train 0.001725 - val 0.040860
Epoch 7598/10000 - train 0.001565 - val 0.041040
Epoch 7599/10000 - train 0.001885 - val 0.041030
Epoch 7600/10000 - train 0.001563 - val 0.041201
Epoch 7601/10000 - train 0.001597 - val 0.042840
Epoch 7602/10000 - train 0.001958 - val 0.041270
Epoch 7603/10000 - train 0.001606 - val 0.041219
Epoch 7604/10000 - train 0.001901 - val 0.042910
Epoch 7605/10000 - train 0.002041 - val 0.041533
Epoch 7606/10000 - train 0.001722 - val 0.041611
Epoch 7607/10000 - train 0.001891 - val 0.041205
Epoch 7608/10000 - train 0.001620 - val 0.041213
Epoch 7609/10000 - train 0.001953 - val 0.041387
Epoch 7610/10000 - train 0.001767 - val 0.041352
Epoch 7611/10000 - train 0.002191 - val 0.041695
Epoch 7612/10000 - train 0.003730 - val 0.044140
Epoch 7613/10000 - train 0.006924 - val 0.041193
Epoch 7614/10000 - train 0.002673 - val 0.042301
Epoch 7615/10000 - train 0.001891 - val 0.040823
Epoch 7616/10000 - train 0.001701 - val 0.041309
Epoch 7617/10000 - train 0.001766 - val 0.041552
Epoch 7618/10000 - train 0.001560 - val 0.041196
Epoch 7619/10000 - train 0.001471 - val 0.041764
Epoch 7620/10000 - train 0.001643 - val 0.041082
Epoch 7621/10000 - train 0.001563 - val 0.041364
Epoch 7622/10000 - train 0.001558 - val 0.041036
Epoch 7623/10000 - train 0.001750 - val 0.041367
Epoch 7624/10000 - train 0.001679 - val 0.041084
Epoch 7625/10000 - train 0.001726 - val 0.041088
Epoch 7626/10000 - train 0.001596 - val 0.041785
Epoch 7627/10000 - train 0.001883 - val 0.041770
Epoch 7628/10000 - train 0.001794 - val 0.041355
Epoch 7629/10000 - train 0.001723 - val 0.041286
Epoch 7630/10000 - train 0.001989 - val 0.041272
Epoch 7631/10000 - train 0.001649 - val 0.040978
Epoch 7632/10000 - train 0.001832 - val 0.041297
Epoch 7633/10000 - train 0.001700 - val 0.041602
Epoch 7634/10000 - train 0.002121 - val 0.041266
Epoch 7635/10000 - train 0.001918 - val 0.041238
Epoch 7636/10000 - train 0.002139 - val 0.041300
Epoch 7637/10000 - train 0.001788 - val 0.041332
Epoch 7638/10000 - train 0.001614 - val 0.041619
Epoch 7639/10000 - train 0.002150 - val 0.042514
Epoch 7640/10000 - train 0.002183 - val 0.041326
Epoch 7641/10000 - train 0.001968 - val 0.041607
Epoch 7642/10000 - train 0.001674 - val 0.041001
Epoch 7643/10000 - train 0.001612 - val 0.041130
Epoch 7644/10000 - train 0.001973 - val 0.041329
Epoch 7645/10000 - train 0.002031 - val 0.041254
Epoch 7646/10000 - train 0.001877 - val 0.041440
Epoch 7647/10000 - train 0.001844 - val 0.041429
Epoch 7648/10000 - train 0.002259 - val 0.041264
Epoch 7649/10000 - train 0.001967 - val 0.041881
Epoch 7650/10000 - train 0.002601 - val 0.047082
Epoch 7651/10000 - train 0.027958 - val 0.046382
Epoch 7652/10000 - train 0.007050 - val 0.041653
Epoch 7653/10000 - train 0.002909 - val 0.041360
Epoch 7654/10000 - train 0.002032 - val 0.040864
Epoch 7655/10000 - train 0.001726 - val 0.040865
Epoch 7656/10000 - train 0.001586 - val 0.040704
Epoch 7657/10000 - train 0.001502 - val 0.040873
Epoch 7658/10000 - train 0.001474 - val 0.040719
Epoch 7659/10000 - train 0.001435 - val 0.040802
Epoch 7660/10000 - train 0.001563 - val 0.040979
Epoch 7661/10000 - train 0.001464 - val 0.040696
Epoch 7662/10000 - train 0.001486 - val 0.041590
Epoch 7663/10000 - train 0.001597 - val 0.041015
Epoch 7664/10000 - train 0.001478 - val 0.040914
Epoch 7665/10000 - train 0.001830 - val 0.041119
Epoch 7666/10000 - train 0.001502 - val 0.041155
Epoch 7667/10000 - train 0.001594 - val 0.041304
Epoch 7668/10000 - train 0.001702 - val 0.041370
Epoch 7669/10000 - train 0.001567 - val 0.041161
Epoch 7670/10000 - train 0.001580 - val 0.041459
Epoch 7671/10000 - train 0.001940 - val 0.041354
Epoch 7672/10000 - train 0.001621 - val 0.041995
Epoch 7673/10000 - train 0.001907 - val 0.041177
Epoch 7674/10000 - train 0.001511 - val 0.041050
Epoch 7675/10000 - train 0.001692 - val 0.041474
Epoch 7676/10000 - train 0.001656 - val 0.041081
Epoch 7677/10000 - train 0.002190 - val 0.041344
Epoch 7678/10000 - train 0.001613 - val 0.041449
Epoch 7679/10000 - train 0.001580 - val 0.041312
Epoch 7680/10000 - train 0.001642 - val 0.041075
Epoch 7681/10000 - train 0.001736 - val 0.041265
Epoch 7682/10000 - train 0.001684 - val 0.041460
Epoch 7683/10000 - train 0.001969 - val 0.041114
Epoch 7684/10000 - train 0.001810 - val 0.041710
Epoch 7685/10000 - train 0.001571 - val 0.041098
Epoch 7686/10000 - train 0.001803 - val 0.041189
Epoch 7687/10000 - train 0.001746 - val 0.041280
Epoch 7688/10000 - train 0.001785 - val 0.041458
Epoch 7689/10000 - train 0.002065 - val 0.041776
Epoch 7690/10000 - train 0.001808 - val 0.041711
Epoch 7691/10000 - train 0.002040 - val 0.041453
Epoch 7692/10000 - train 0.001984 - val 0.042098
Epoch 7693/10000 - train 0.001871 - val 0.041403
Epoch 7694/10000 - train 0.001907 - val 0.044119
Epoch 7695/10000 - train 0.023553 - val 0.045693
Epoch 7696/10000 - train 0.006739 - val 0.042944
Epoch 7697/10000 - train 0.002700 - val 0.040541
Epoch 7698/10000 - train 0.001866 - val 0.040693
Epoch 7699/10000 - train 0.001609 - val 0.040408
Epoch 7700/10000 - train 0.001508 - val 0.040509
Epoch 7701/10000 - train 0.001571 - val 0.040680
Epoch 7702/10000 - train 0.001447 - val 0.040659
Epoch 7703/10000 - train 0.001422 - val 0.040736
Epoch 7704/10000 - train 0.001631 - val 0.041032
Epoch 7705/10000 - train 0.001473 - val 0.040904
Epoch 7706/10000 - train 0.001452 - val 0.041202
Epoch 7707/10000 - train 0.001654 - val 0.040805
Epoch 7708/10000 - train 0.001458 - val 0.040864
Epoch 7709/10000 - train 0.001662 - val 0.041146
Epoch 7710/10000 - train 0.001548 - val 0.040934
Epoch 7711/10000 - train 0.001632 - val 0.041397
Epoch 7712/10000 - train 0.001613 - val 0.041041
Epoch 7713/10000 - train 0.001725 - val 0.041012
Epoch 7714/10000 - train 0.001556 - val 0.041286
Epoch 7715/10000 - train 0.002015 - val 0.041294
Epoch 7716/10000 - train 0.001498 - val 0.041335
Epoch 7717/10000 - train 0.001853 - val 0.041097
Epoch 7718/10000 - train 0.001478 - val 0.041202
Epoch 7719/10000 - train 0.002002 - val 0.041131
Epoch 7720/10000 - train 0.001577 - val 0.040910
Epoch 7721/10000 - train 0.001741 - val 0.041754
Epoch 7722/10000 - train 0.001892 - val 0.040976
Epoch 7723/10000 - train 0.001724 - val 0.041042
Epoch 7724/10000 - train 0.001924 - val 0.041315
Epoch 7725/10000 - train 0.001591 - val 0.041151
Epoch 7726/10000 - train 0.001828 - val 0.041003
Epoch 7727/10000 - train 0.001838 - val 0.041830
Epoch 7728/10000 - train 0.001738 - val 0.041112
Epoch 7729/10000 - train 0.002413 - val 0.041863
Epoch 7730/10000 - train 0.001698 - val 0.041104
Epoch 7731/10000 - train 0.001618 - val 0.041442
Epoch 7732/10000 - train 0.001920 - val 0.041494
Epoch 7733/10000 - train 0.001789 - val 0.041263
Epoch 7734/10000 - train 0.001879 - val 0.040989
Epoch 7735/10000 - train 0.002665 - val 0.048715
Epoch 7736/10000 - train 0.004920 - val 0.041028
Epoch 7737/10000 - train 0.002203 - val 0.040980
Epoch 7738/10000 - train 0.001980 - val 0.041318
Epoch 7739/10000 - train 0.001591 - val 0.041032
Epoch 7740/10000 - train 0.001760 - val 0.041033
Epoch 7741/10000 - train 0.001572 - val 0.040747
Epoch 7742/10000 - train 0.001734 - val 0.040915
Epoch 7743/10000 - train 0.001597 - val 0.040955
Epoch 7744/10000 - train 0.001858 - val 0.041131
Epoch 7745/10000 - train 0.001643 - val 0.040976
Epoch 7746/10000 - train 0.001732 - val 0.041055
Epoch 7747/10000 - train 0.001796 - val 0.041128
Epoch 7748/10000 - train 0.001857 - val 0.041166
Epoch 7749/10000 - train 0.001735 - val 0.041148
Epoch 7750/10000 - train 0.001683 - val 0.041708
Epoch 7751/10000 - train 0.001911 - val 0.043206
Epoch 7752/10000 - train 0.031446 - val 0.050223
Epoch 7753/10000 - train 0.007216 - val 0.042637
Epoch 7754/10000 - train 0.002877 - val 0.040926
Epoch 7755/10000 - train 0.002032 - val 0.040905
Epoch 7756/10000 - train 0.001711 - val 0.040866
Epoch 7757/10000 - train 0.001648 - val 0.040911
Epoch 7758/10000 - train 0.001598 - val 0.040526
Epoch 7759/10000 - train 0.001536 - val 0.040862
Epoch 7760/10000 - train 0.001534 - val 0.040761
Epoch 7761/10000 - train 0.001476 - val 0.040943
Epoch 7762/10000 - train 0.001519 - val 0.040715
Epoch 7763/10000 - train 0.001552 - val 0.040823
Epoch 7764/10000 - train 0.001452 - val 0.040763
Epoch 7765/10000 - train 0.001450 - val 0.040903
Epoch 7766/10000 - train 0.001492 - val 0.040952
Epoch 7767/10000 - train 0.001535 - val 0.041238
Epoch 7768/10000 - train 0.001589 - val 0.040914
Epoch 7769/10000 - train 0.001756 - val 0.040861
Epoch 7770/10000 - train 0.001588 - val 0.041033
Epoch 7771/10000 - train 0.001574 - val 0.041356
Epoch 7772/10000 - train 0.001827 - val 0.041201
Epoch 7773/10000 - train 0.001716 - val 0.040952
Epoch 7774/10000 - train 0.001575 - val 0.041543
Epoch 7775/10000 - train 0.001890 - val 0.041077
Epoch 7776/10000 - train 0.001828 - val 0.041106
Epoch 7777/10000 - train 0.001749 - val 0.041139
Epoch 7778/10000 - train 0.001683 - val 0.041350
Epoch 7779/10000 - train 0.002083 - val 0.041036
Epoch 7780/10000 - train 0.001740 - val 0.041087
Epoch 7781/10000 - train 0.001534 - val 0.041136
Epoch 7782/10000 - train 0.001910 - val 0.040947
Epoch 7783/10000 - train 0.001986 - val 0.041023
Epoch 7784/10000 - train 0.001662 - val 0.041053
Epoch 7785/10000 - train 0.001720 - val 0.042754
Epoch 7786/10000 - train 0.002153 - val 0.041494
Epoch 7787/10000 - train 0.002061 - val 0.042266
Epoch 7788/10000 - train 0.001924 - val 0.041069
Epoch 7789/10000 - train 0.001860 - val 0.041018
Epoch 7790/10000 - train 0.001678 - val 0.040915
Epoch 7791/10000 - train 0.001940 - val 0.041599
Epoch 7792/10000 - train 0.001801 - val 0.041339
Epoch 7793/10000 - train 0.002000 - val 0.041932
Epoch 7794/10000 - train 0.002205 - val 0.041116
Epoch 7795/10000 - train 0.001919 - val 0.041309
Epoch 7796/10000 - train 0.001977 - val 0.041972
Epoch 7797/10000 - train 0.001817 - val 0.041171
Epoch 7798/10000 - train 0.001753 - val 0.041583
Epoch 7799/10000 - train 0.030883 - val 0.047992
Epoch 7800/10000 - train 0.007022 - val 0.041417
Epoch 7801/10000 - train 0.002705 - val 0.040433
Epoch 7802/10000 - train 0.001889 - val 0.040415
Epoch 7803/10000 - train 0.001660 - val 0.040493
Epoch 7804/10000 - train 0.001550 - val 0.040329
Epoch 7805/10000 - train 0.001478 - val 0.040567
Epoch 7806/10000 - train 0.001473 - val 0.040765
Epoch 7807/10000 - train 0.001478 - val 0.040576
Epoch 7808/10000 - train 0.001461 - val 0.040657
Epoch 7809/10000 - train 0.001430 - val 0.040668
Epoch 7810/10000 - train 0.001491 - val 0.040711
Epoch 7811/10000 - train 0.001513 - val 0.040925
Epoch 7812/10000 - train 0.001505 - val 0.040810
Epoch 7813/10000 - train 0.001662 - val 0.040996
Epoch 7814/10000 - train 0.001524 - val 0.040892
Epoch 7815/10000 - train 0.001534 - val 0.040786
Epoch 7816/10000 - train 0.001743 - val 0.040964
Epoch 7817/10000 - train 0.001599 - val 0.041073
Epoch 7818/10000 - train 0.001851 - val 0.041567
Epoch 7819/10000 - train 0.001681 - val 0.041159
Epoch 7820/10000 - train 0.001662 - val 0.041284
Epoch 7821/10000 - train 0.001886 - val 0.041019
Epoch 7822/10000 - train 0.001686 - val 0.040944
Epoch 7823/10000 - train 0.001676 - val 0.041303
Epoch 7824/10000 - train 0.001766 - val 0.041297
Epoch 7825/10000 - train 0.001909 - val 0.041666
Epoch 7826/10000 - train 0.001713 - val 0.041074
Epoch 7827/10000 - train 0.002015 - val 0.041357
Epoch 7828/10000 - train 0.001702 - val 0.040986
Epoch 7829/10000 - train 0.001584 - val 0.041071
Epoch 7830/10000 - train 0.001698 - val 0.041739
Epoch 7831/10000 - train 0.001762 - val 0.041846
Epoch 7832/10000 - train 0.001903 - val 0.041337
Epoch 7833/10000 - train 0.002101 - val 0.040800
Epoch 7834/10000 - train 0.001721 - val 0.041352
Epoch 7835/10000 - train 0.002608 - val 0.042377
Epoch 7836/10000 - train 0.002031 - val 0.041040
Epoch 7837/10000 - train 0.002365 - val 0.040981
Epoch 7838/10000 - train 0.001773 - val 0.040972
Epoch 7839/10000 - train 0.001965 - val 0.040930
Epoch 7840/10000 - train 0.001595 - val 0.040665
Epoch 7841/10000 - train 0.001807 - val 0.041165
Epoch 7842/10000 - train 0.001754 - val 0.040795
Epoch 7843/10000 - train 0.001871 - val 0.041219
Epoch 7844/10000 - train 0.001820 - val 0.041229
Epoch 7845/10000 - train 0.001896 - val 0.040844
Epoch 7846/10000 - train 0.001854 - val 0.040791
Epoch 7847/10000 - train 0.022890 - val 0.047098
Epoch 7848/10000 - train 0.006709 - val 0.045374
Epoch 7849/10000 - train 0.003020 - val 0.040727
Epoch 7850/10000 - train 0.001789 - val 0.040503
Epoch 7851/10000 - train 0.001565 - val 0.040595
Epoch 7852/10000 - train 0.001507 - val 0.040586
Epoch 7853/10000 - train 0.001466 - val 0.040790
Epoch 7854/10000 - train 0.001451 - val 0.040585
Epoch 7855/10000 - train 0.001551 - val 0.040758
Epoch 7856/10000 - train 0.001390 - val 0.040804
Epoch 7857/10000 - train 0.001581 - val 0.040970
Epoch 7858/10000 - train 0.001481 - val 0.040926
Epoch 7859/10000 - train 0.001661 - val 0.040894
Epoch 7860/10000 - train 0.001479 - val 0.040877
Epoch 7861/10000 - train 0.001713 - val 0.040763
Epoch 7862/10000 - train 0.001554 - val 0.041088
Epoch 7863/10000 - train 0.001670 - val 0.040584
Epoch 7864/10000 - train 0.001860 - val 0.041253
Epoch 7865/10000 - train 0.001521 - val 0.040768
Epoch 7866/10000 - train 0.001512 - val 0.041082
Epoch 7867/10000 - train 0.001682 - val 0.040891
Epoch 7868/10000 - train 0.001541 - val 0.041498
Epoch 7869/10000 - train 0.001968 - val 0.040838
Epoch 7870/10000 - train 0.001538 - val 0.040932
Epoch 7871/10000 - train 0.001849 - val 0.041110
Epoch 7872/10000 - train 0.001668 - val 0.041247
Epoch 7873/10000 - train 0.001745 - val 0.041277
Epoch 7874/10000 - train 0.001755 - val 0.040871
Epoch 7875/10000 - train 0.001579 - val 0.040929
Epoch 7876/10000 - train 0.001620 - val 0.041499
Epoch 7877/10000 - train 0.002022 - val 0.040815
Epoch 7878/10000 - train 0.001822 - val 0.041256
Epoch 7879/10000 - train 0.001586 - val 0.040882
Epoch 7880/10000 - train 0.001786 - val 0.041393
Epoch 7881/10000 - train 0.001884 - val 0.041191
Epoch 7882/10000 - train 0.001887 - val 0.040809
Epoch 7883/10000 - train 0.001575 - val 0.041436
Epoch 7884/10000 - train 0.002422 - val 0.041435
Epoch 7885/10000 - train 0.001958 - val 0.041282
Epoch 7886/10000 - train 0.002075 - val 0.042964
Epoch 7887/10000 - train 0.002349 - val 0.041555
Epoch 7888/10000 - train 0.001864 - val 0.041093
Epoch 7889/10000 - train 0.001826 - val 0.041196
Epoch 7890/10000 - train 0.001985 - val 0.041494
Epoch 7891/10000 - train 0.001872 - val 0.040614
Epoch 7892/10000 - train 0.002230 - val 0.040966
Epoch 7893/10000 - train 0.001606 - val 0.040593
Epoch 7894/10000 - train 0.001827 - val 0.041824
Epoch 7895/10000 - train 0.001842 - val 0.041371
Epoch 7896/10000 - train 0.002041 - val 0.041445
Epoch 7897/10000 - train 0.002165 - val 0.042755
Epoch 7898/10000 - train 0.002284 - val 0.041070
Epoch 7899/10000 - train 0.002199 - val 0.041177
Epoch 7900/10000 - train 0.001822 - val 0.040530
Epoch 7901/10000 - train 0.001663 - val 0.041538
Epoch 7902/10000 - train 0.001795 - val 0.040728
Epoch 7903/10000 - train 0.001718 - val 0.041873
Epoch 7904/10000 - train 0.002301 - val 0.041116
Epoch 7905/10000 - train 0.001932 - val 0.041523
Epoch 7906/10000 - train 0.001807 - val 0.041186
Epoch 7907/10000 - train 0.002170 - val 0.041508
Epoch 7908/10000 - train 0.002047 - val 0.040697
Epoch 7909/10000 - train 0.001720 - val 0.041279
Epoch 7910/10000 - train 0.001950 - val 0.041794
Epoch 7911/10000 - train 0.002561 - val 0.041482
Epoch 7912/10000 - train 0.002550 - val 0.041352
Epoch 7913/10000 - train 0.001895 - val 0.040734
Epoch 7914/10000 - train 0.001592 - val 0.040836
Epoch 7915/10000 - train 0.001844 - val 0.041143
Epoch 7916/10000 - train 0.001562 - val 0.040763
Epoch 7917/10000 - train 0.001663 - val 0.041490
Epoch 7918/10000 - train 0.002005 - val 0.041578
Epoch 7919/10000 - train 0.001749 - val 0.040913
Epoch 7920/10000 - train 0.001652 - val 0.041193
Epoch 7921/10000 - train 0.002175 - val 0.042270
Epoch 7922/10000 - train 0.012915 - val 0.044160
Epoch 7923/10000 - train 0.004184 - val 0.041769
Epoch 7924/10000 - train 0.002124 - val 0.040971
Epoch 7925/10000 - train 0.001643 - val 0.040931
Epoch 7926/10000 - train 0.001495 - val 0.040950
Epoch 7927/10000 - train 0.001459 - val 0.040796
Epoch 7928/10000 - train 0.001459 - val 0.040938
Epoch 7929/10000 - train 0.001415 - val 0.041140
Epoch 7930/10000 - train 0.001462 - val 0.041047
Epoch 7931/10000 - train 0.001659 - val 0.040875
Epoch 7932/10000 - train 0.001444 - val 0.040932
Epoch 7933/10000 - train 0.001723 - val 0.042242
Epoch 7934/10000 - train 0.001635 - val 0.041062
Epoch 7935/10000 - train 0.001698 - val 0.040913
Epoch 7936/10000 - train 0.001817 - val 0.040885
Epoch 7937/10000 - train 0.001508 - val 0.041187
Epoch 7938/10000 - train 0.001655 - val 0.040920
Epoch 7939/10000 - train 0.001811 - val 0.040821
Epoch 7940/10000 - train 0.001456 - val 0.041164
Epoch 7941/10000 - train 0.001800 - val 0.041955
Epoch 7942/10000 - train 0.001763 - val 0.040967
Epoch 7943/10000 - train 0.001565 - val 0.041057
Epoch 7944/10000 - train 0.001687 - val 0.041496
Epoch 7945/10000 - train 0.001711 - val 0.041081
Epoch 7946/10000 - train 0.001734 - val 0.041336
Epoch 7947/10000 - train 0.001971 - val 0.041724
Epoch 7948/10000 - train 0.001768 - val 0.041242
Epoch 7949/10000 - train 0.001846 - val 0.040838
Epoch 7950/10000 - train 0.001592 - val 0.041212
Epoch 7951/10000 - train 0.001769 - val 0.041534
Epoch 7952/10000 - train 0.002898 - val 0.043875
Epoch 7953/10000 - train 0.002442 - val 0.041311
Epoch 7954/10000 - train 0.002066 - val 0.041173
Epoch 7955/10000 - train 0.001791 - val 0.040975
Epoch 7956/10000 - train 0.001543 - val 0.041041
Epoch 7957/10000 - train 0.001826 - val 0.041158
Epoch 7958/10000 - train 0.001858 - val 0.041254
Epoch 7959/10000 - train 0.001793 - val 0.041068
Epoch 7960/10000 - train 0.002033 - val 0.042101
Epoch 7961/10000 - train 0.002003 - val 0.041514
Epoch 7962/10000 - train 0.001946 - val 0.041113
Epoch 7963/10000 - train 0.001660 - val 0.040760
Epoch 7964/10000 - train 0.002069 - val 0.041059
Epoch 7965/10000 - train 0.001776 - val 0.041998
Epoch 7966/10000 - train 0.002357 - val 0.040996
Epoch 7967/10000 - train 0.001852 - val 0.040758
Epoch 7968/10000 - train 0.001857 - val 0.041202
Epoch 7969/10000 - train 0.001772 - val 0.041094
Epoch 7970/10000 - train 0.001755 - val 0.041882
Epoch 7971/10000 - train 0.019971 - val 0.045794
Epoch 7972/10000 - train 0.007702 - val 0.042843
Epoch 7973/10000 - train 0.002927 - val 0.040649
Epoch 7974/10000 - train 0.001850 - val 0.040756
Epoch 7975/10000 - train 0.001876 - val 0.040559
Epoch 7976/10000 - train 0.001481 - val 0.040440
Epoch 7977/10000 - train 0.001426 - val 0.040762
Epoch 7978/10000 - train 0.001637 - val 0.040558
Epoch 7979/10000 - train 0.001436 - val 0.040613
Epoch 7980/10000 - train 0.001379 - val 0.040611
Epoch 7981/10000 - train 0.001811 - val 0.040802
Epoch 7982/10000 - train 0.001527 - val 0.040683
Epoch 7983/10000 - train 0.001425 - val 0.040849
Epoch 7984/10000 - train 0.001436 - val 0.040905
Epoch 7985/10000 - train 0.001639 - val 0.041174
Epoch 7986/10000 - train 0.001472 - val 0.040965
Epoch 7987/10000 - train 0.001488 - val 0.040873
Epoch 7988/10000 - train 0.001822 - val 0.040985
Epoch 7989/10000 - train 0.001576 - val 0.041153
Epoch 7990/10000 - train 0.001591 - val 0.040898
Epoch 7991/10000 - train 0.001819 - val 0.040925
Epoch 7992/10000 - train 0.001624 - val 0.040884
Epoch 7993/10000 - train 0.001677 - val 0.041079
Epoch 7994/10000 - train 0.001576 - val 0.041267
Epoch 7995/10000 - train 0.001547 - val 0.041862
Epoch 7996/10000 - train 0.001948 - val 0.041394
Epoch 7997/10000 - train 0.001750 - val 0.041034
Epoch 7998/10000 - train 0.001865 - val 0.041281
Epoch 7999/10000 - train 0.001526 - val 0.041144
Epoch 8000/10000 - train 0.001607 - val 0.041767
Epoch 8001/10000 - train 0.001729 - val 0.041194
Epoch 8002/10000 - train 0.001994 - val 0.041414
Epoch 8003/10000 - train 0.001758 - val 0.041227
Epoch 8004/10000 - train 0.001708 - val 0.040786
Epoch 8005/10000 - train 0.001762 - val 0.042325
Epoch 8006/10000 - train 0.001946 - val 0.041009
Epoch 8007/10000 - train 0.001734 - val 0.043045
Epoch 8008/10000 - train 0.001930 - val 0.041201
Epoch 8009/10000 - train 0.001818 - val 0.040831
Epoch 8010/10000 - train 0.001773 - val 0.042154
Epoch 8011/10000 - train 0.001952 - val 0.041340
Epoch 8012/10000 - train 0.001768 - val 0.041081
Epoch 8013/10000 - train 0.001767 - val 0.041171
Epoch 8014/10000 - train 0.002073 - val 0.042205
Epoch 8015/10000 - train 0.003655 - val 0.062195
Epoch 8016/10000 - train 0.023244 - val 0.045716
Epoch 8017/10000 - train 0.004822 - val 0.040718
Epoch 8018/10000 - train 0.002379 - val 0.040573
Epoch 8019/10000 - train 0.002059 - val 0.040539
Epoch 8020/10000 - train 0.001631 - val 0.040447
Epoch 8021/10000 - train 0.001660 - val 0.040715
Epoch 8022/10000 - train 0.001531 - val 0.040876
Epoch 8023/10000 - train 0.001511 - val 0.040594
Epoch 8024/10000 - train 0.001620 - val 0.040729
Epoch 8025/10000 - train 0.001452 - val 0.040608
Epoch 8026/10000 - train 0.001621 - val 0.041090
Epoch 8027/10000 - train 0.001534 - val 0.040833
Epoch 8028/10000 - train 0.001531 - val 0.040811
Epoch 8029/10000 - train 0.001667 - val 0.040833
Epoch 8030/10000 - train 0.001502 - val 0.040919
Epoch 8031/10000 - train 0.001784 - val 0.040895
Epoch 8032/10000 - train 0.001522 - val 0.040942
Epoch 8033/10000 - train 0.002026 - val 0.040989
Epoch 8034/10000 - train 0.001603 - val 0.041025
Epoch 8035/10000 - train 0.001567 - val 0.040772
Epoch 8036/10000 - train 0.001585 - val 0.041220
Epoch 8037/10000 - train 0.001978 - val 0.041052
Epoch 8038/10000 - train 0.001766 - val 0.041133
Epoch 8039/10000 - train 0.001632 - val 0.040946
Epoch 8040/10000 - train 0.001838 - val 0.041131
Epoch 8041/10000 - train 0.001700 - val 0.041312
Epoch 8042/10000 - train 0.001969 - val 0.041452
Epoch 8043/10000 - train 0.001688 - val 0.041098
Epoch 8044/10000 - train 0.001611 - val 0.040817
Epoch 8045/10000 - train 0.002391 - val 0.041219
Epoch 8046/10000 - train 0.001646 - val 0.040911
Epoch 8047/10000 - train 0.001609 - val 0.041474
Epoch 8048/10000 - train 0.001669 - val 0.041295
Epoch 8049/10000 - train 0.002250 - val 0.041961
Epoch 8050/10000 - train 0.002170 - val 0.041096
Epoch 8051/10000 - train 0.001633 - val 0.041183
Epoch 8052/10000 - train 0.001922 - val 0.040994
Epoch 8053/10000 - train 0.001542 - val 0.041009
Epoch 8054/10000 - train 0.002019 - val 0.041281
Epoch 8055/10000 - train 0.001792 - val 0.042314
Epoch 8056/10000 - train 0.014927 - val 0.043065
Epoch 8057/10000 - train 0.003374 - val 0.041164
Epoch 8058/10000 - train 0.002457 - val 0.040687
Epoch 8059/10000 - train 0.001596 - val 0.040812
Epoch 8060/10000 - train 0.001525 - val 0.040816
Epoch 8061/10000 - train 0.001547 - val 0.041016
Epoch 8062/10000 - train 0.001503 - val 0.040960
Epoch 8063/10000 - train 0.001536 - val 0.041335
Epoch 8064/10000 - train 0.001495 - val 0.040870
Epoch 8065/10000 - train 0.001462 - val 0.040976
Epoch 8066/10000 - train 0.001682 - val 0.040785
Epoch 8067/10000 - train 0.001464 - val 0.040990
Epoch 8068/10000 - train 0.001583 - val 0.041216
Epoch 8069/10000 - train 0.001655 - val 0.041434
Epoch 8070/10000 - train 0.001596 - val 0.040923
Epoch 8071/10000 - train 0.001962 - val 0.041267
Epoch 8072/10000 - train 0.001553 - val 0.041179
Epoch 8073/10000 - train 0.001613 - val 0.041732
Epoch 8074/10000 - train 0.001714 - val 0.041066
Epoch 8075/10000 - train 0.001979 - val 0.041561
Epoch 8076/10000 - train 0.001558 - val 0.041042
Epoch 8077/10000 - train 0.001557 - val 0.041126
Epoch 8078/10000 - train 0.001653 - val 0.041308
Epoch 8079/10000 - train 0.002058 - val 0.041157
Epoch 8080/10000 - train 0.001643 - val 0.040912
Epoch 8081/10000 - train 0.001666 - val 0.042253
Epoch 8082/10000 - train 0.001917 - val 0.042018
Epoch 8083/10000 - train 0.001793 - val 0.040932
Epoch 8084/10000 - train 0.001910 - val 0.043250
Epoch 8085/10000 - train 0.002022 - val 0.041135
Epoch 8086/10000 - train 0.001844 - val 0.040949
Epoch 8087/10000 - train 0.001915 - val 0.041383
Epoch 8088/10000 - train 0.001810 - val 0.040824
Epoch 8089/10000 - train 0.001697 - val 0.041494
Epoch 8090/10000 - train 0.002095 - val 0.041400
Epoch 8091/10000 - train 0.001835 - val 0.040954
Epoch 8092/10000 - train 0.001978 - val 0.041092
Epoch 8093/10000 - train 0.001776 - val 0.040895
Epoch 8094/10000 - train 0.001781 - val 0.041223
Epoch 8095/10000 - train 0.002007 - val 0.042137
Epoch 8096/10000 - train 0.001806 - val 0.041166
Epoch 8097/10000 - train 0.019151 - val 0.074199
Epoch 8098/10000 - train 0.025645 - val 0.045138
Epoch 8099/10000 - train 0.006665 - val 0.041367
Epoch 8100/10000 - train 0.003222 - val 0.041027
Epoch 8101/10000 - train 0.002415 - val 0.041174
Epoch 8102/10000 - train 0.002126 - val 0.040993
Epoch 8103/10000 - train 0.001865 - val 0.041209
Epoch 8104/10000 - train 0.001782 - val 0.040935
Epoch 8105/10000 - train 0.001717 - val 0.041075
Epoch 8106/10000 - train 0.001603 - val 0.040697
Epoch 8107/10000 - train 0.001567 - val 0.041035
Epoch 8108/10000 - train 0.001565 - val 0.040808
Epoch 8109/10000 - train 0.001593 - val 0.040719
Epoch 8110/10000 - train 0.001472 - val 0.040582
Epoch 8111/10000 - train 0.001580 - val 0.041061
Epoch 8112/10000 - train 0.001519 - val 0.040645
Epoch 8113/10000 - train 0.001502 - val 0.040839
Epoch 8114/10000 - train 0.001698 - val 0.040838
Epoch 8115/10000 - train 0.001491 - val 0.040560
Epoch 8116/10000 - train 0.001467 - val 0.040628
Epoch 8117/10000 - train 0.002006 - val 0.041068
Epoch 8118/10000 - train 0.001717 - val 0.041417
Epoch 8119/10000 - train 0.001595 - val 0.040883
Epoch 8120/10000 - train 0.001519 - val 0.040540
Epoch 8121/10000 - train 0.001762 - val 0.041062
Epoch 8122/10000 - train 0.001617 - val 0.041020
Epoch 8123/10000 - train 0.001786 - val 0.041309
Epoch 8124/10000 - train 0.001616 - val 0.040913
Epoch 8125/10000 - train 0.001719 - val 0.040870
Epoch 8126/10000 - train 0.001525 - val 0.040750
Epoch 8127/10000 - train 0.001946 - val 0.040796
Epoch 8128/10000 - train 0.001628 - val 0.040530
Epoch 8129/10000 - train 0.001846 - val 0.041233
Epoch 8130/10000 - train 0.001532 - val 0.040673
Epoch 8131/10000 - train 0.001653 - val 0.040864
Epoch 8132/10000 - train 0.001918 - val 0.041319
Epoch 8133/10000 - train 0.001752 - val 0.041336
Epoch 8134/10000 - train 0.001838 - val 0.040725
Epoch 8135/10000 - train 0.001697 - val 0.041205
Epoch 8136/10000 - train 0.002226 - val 0.041197
Epoch 8137/10000 - train 0.001661 - val 0.040892
Epoch 8138/10000 - train 0.001704 - val 0.040602
Epoch 8139/10000 - train 0.001808 - val 0.041467
Epoch 8140/10000 - train 0.001689 - val 0.040957
Epoch 8141/10000 - train 0.001737 - val 0.041323
Epoch 8142/10000 - train 0.002037 - val 0.041096
Epoch 8143/10000 - train 0.001908 - val 0.040912
Epoch 8144/10000 - train 0.002108 - val 0.041216
Epoch 8145/10000 - train 0.001619 - val 0.040869
Epoch 8146/10000 - train 0.001806 - val 0.041944
Epoch 8147/10000 - train 0.002341 - val 0.041243
Epoch 8148/10000 - train 0.001847 - val 0.041862
Epoch 8149/10000 - train 0.002146 - val 0.041368
Epoch 8150/10000 - train 0.002299 - val 0.041664
Epoch 8151/10000 - train 0.001777 - val 0.041089
Epoch 8152/10000 - train 0.002032 - val 0.041450
Epoch 8153/10000 - train 0.001803 - val 0.041186
Epoch 8154/10000 - train 0.001728 - val 0.040600
Epoch 8155/10000 - train 0.001511 - val 0.040796
Epoch 8156/10000 - train 0.001893 - val 0.041145
Epoch 8157/10000 - train 0.001907 - val 0.041182
Epoch 8158/10000 - train 0.002083 - val 0.041208
Epoch 8159/10000 - train 0.002004 - val 0.040828
Epoch 8160/10000 - train 0.001656 - val 0.040887
Epoch 8161/10000 - train 0.001993 - val 0.040852
Epoch 8162/10000 - train 0.001592 - val 0.041039
Epoch 8163/10000 - train 0.002201 - val 0.040943
Epoch 8164/10000 - train 0.001804 - val 0.040856
Epoch 8165/10000 - train 0.002081 - val 0.040664
Epoch 8166/10000 - train 0.001497 - val 0.040754
Epoch 8167/10000 - train 0.001857 - val 0.041344
Epoch 8168/10000 - train 0.001807 - val 0.041812
Epoch 8169/10000 - train 0.002507 - val 0.043506
Epoch 8170/10000 - train 0.023163 - val 0.060720
Epoch 8171/10000 - train 0.015103 - val 0.044647
Epoch 8172/10000 - train 0.005759 - val 0.042686
Epoch 8173/10000 - train 0.003048 - val 0.041685
Epoch 8174/10000 - train 0.002049 - val 0.041181
Epoch 8175/10000 - train 0.001824 - val 0.040869
Epoch 8176/10000 - train 0.001662 - val 0.041122
Epoch 8177/10000 - train 0.001621 - val 0.040850
Epoch 8178/10000 - train 0.001547 - val 0.040740
Epoch 8179/10000 - train 0.001473 - val 0.040872
Epoch 8180/10000 - train 0.001509 - val 0.040833
Epoch 8181/10000 - train 0.001488 - val 0.040740
Epoch 8182/10000 - train 0.001516 - val 0.040760
Epoch 8183/10000 - train 0.001530 - val 0.041753
Epoch 8184/10000 - train 0.001524 - val 0.040812
Epoch 8185/10000 - train 0.001465 - val 0.040912
Epoch 8186/10000 - train 0.001717 - val 0.040684
Epoch 8187/10000 - train 0.001426 - val 0.040634
Epoch 8188/10000 - train 0.001814 - val 0.041034
Epoch 8189/10000 - train 0.001545 - val 0.040963
Epoch 8190/10000 - train 0.001567 - val 0.041005
Epoch 8191/10000 - train 0.001720 - val 0.040888
Epoch 8192/10000 - train 0.001788 - val 0.041144
Epoch 8193/10000 - train 0.001610 - val 0.040723
Epoch 8194/10000 - train 0.001520 - val 0.041149
Epoch 8195/10000 - train 0.001889 - val 0.041023
Epoch 8196/10000 - train 0.001603 - val 0.041140
Epoch 8197/10000 - train 0.001540 - val 0.040849
Epoch 8198/10000 - train 0.001938 - val 0.041005
Epoch 8199/10000 - train 0.001649 - val 0.040897
Epoch 8200/10000 - train 0.001754 - val 0.040935
Epoch 8201/10000 - train 0.001582 - val 0.040839
Epoch 8202/10000 - train 0.001822 - val 0.041157
Epoch 8203/10000 - train 0.001593 - val 0.041071
Epoch 8204/10000 - train 0.002146 - val 0.040840
Epoch 8205/10000 - train 0.001729 - val 0.041113
Epoch 8206/10000 - train 0.001649 - val 0.040758
Epoch 8207/10000 - train 0.002107 - val 0.040883
Epoch 8208/10000 - train 0.001652 - val 0.040828
Epoch 8209/10000 - train 0.001574 - val 0.041476
Epoch 8210/10000 - train 0.001818 - val 0.041363
Epoch 8211/10000 - train 0.002282 - val 0.041183
Epoch 8212/10000 - train 0.001817 - val 0.040838
Epoch 8213/10000 - train 0.001814 - val 0.041181
Epoch 8214/10000 - train 0.001772 - val 0.041426
Epoch 8215/10000 - train 0.028798 - val 0.053422
Epoch 8216/10000 - train 0.009297 - val 0.042758
Epoch 8217/10000 - train 0.003357 - val 0.041870
Epoch 8218/10000 - train 0.002364 - val 0.042022
Epoch 8219/10000 - train 0.001998 - val 0.041235
Epoch 8220/10000 - train 0.001744 - val 0.041178
Epoch 8221/10000 - train 0.001664 - val 0.041238
Epoch 8222/10000 - train 0.001579 - val 0.041173
Epoch 8223/10000 - train 0.001578 - val 0.041472
Epoch 8224/10000 - train 0.001586 - val 0.041246
Epoch 8225/10000 - train 0.001538 - val 0.041206
Epoch 8226/10000 - train 0.001545 - val 0.041232
Epoch 8227/10000 - train 0.001564 - val 0.041585
Epoch 8228/10000 - train 0.001555 - val 0.040978
Epoch 8229/10000 - train 0.001508 - val 0.041175
Epoch 8230/10000 - train 0.001528 - val 0.041297
Epoch 8231/10000 - train 0.001667 - val 0.041433
Epoch 8232/10000 - train 0.001651 - val 0.041188
Epoch 8233/10000 - train 0.001615 - val 0.041711
Epoch 8234/10000 - train 0.001761 - val 0.041649
Epoch 8235/10000 - train 0.001728 - val 0.041775
Epoch 8236/10000 - train 0.001942 - val 0.041738
Epoch 8237/10000 - train 0.001685 - val 0.041281
Epoch 8238/10000 - train 0.002137 - val 0.041356
Epoch 8239/10000 - train 0.001675 - val 0.041264
Epoch 8240/10000 - train 0.001644 - val 0.041001
Epoch 8241/10000 - train 0.001751 - val 0.041360
Epoch 8242/10000 - train 0.001690 - val 0.041895
Epoch 8243/10000 - train 0.002118 - val 0.041393
Epoch 8244/10000 - train 0.001853 - val 0.041910
Epoch 8245/10000 - train 0.001770 - val 0.041349
Epoch 8246/10000 - train 0.001854 - val 0.041645
Epoch 8247/10000 - train 0.004317 - val 0.042450
Epoch 8248/10000 - train 0.002414 - val 0.042888
Epoch 8249/10000 - train 0.001892 - val 0.041088
Epoch 8250/10000 - train 0.001534 - val 0.041130
Epoch 8251/10000 - train 0.001711 - val 0.041419
Epoch 8252/10000 - train 0.001605 - val 0.041240
Epoch 8253/10000 - train 0.001499 - val 0.041290
Epoch 8254/10000 - train 0.001916 - val 0.041421
Epoch 8255/10000 - train 0.001554 - val 0.041447
Epoch 8256/10000 - train 0.001588 - val 0.041350
Epoch 8257/10000 - train 0.001894 - val 0.041207
Epoch 8258/10000 - train 0.001575 - val 0.041489
Epoch 8259/10000 - train 0.001855 - val 0.041400
Epoch 8260/10000 - train 0.001708 - val 0.041814
Epoch 8261/10000 - train 0.001934 - val 0.041170
Epoch 8262/10000 - train 0.001727 - val 0.041179
Epoch 8263/10000 - train 0.003432 - val 0.051587
Epoch 8264/10000 - train 0.005372 - val 0.041433
Epoch 8265/10000 - train 0.002833 - val 0.040720
Epoch 8266/10000 - train 0.001799 - val 0.041187
Epoch 8267/10000 - train 0.001698 - val 0.041035
Epoch 8268/10000 - train 0.001832 - val 0.040702
Epoch 8269/10000 - train 0.001500 - val 0.040802
Epoch 8270/10000 - train 0.001812 - val 0.040778
Epoch 8271/10000 - train 0.001606 - val 0.040958
Epoch 8272/10000 - train 0.001489 - val 0.041128
Epoch 8273/10000 - train 0.001784 - val 0.040699
Epoch 8274/10000 - train 0.001553 - val 0.041048
Epoch 8275/10000 - train 0.001875 - val 0.041365
Epoch 8276/10000 - train 0.001981 - val 0.040878
Epoch 8277/10000 - train 0.001636 - val 0.040873
Epoch 8278/10000 - train 0.001760 - val 0.041310
Epoch 8279/10000 - train 0.002061 - val 0.041022
Epoch 8280/10000 - train 0.001612 - val 0.040876
Epoch 8281/10000 - train 0.001813 - val 0.041248
Epoch 8282/10000 - train 0.001703 - val 0.041165
Epoch 8283/10000 - train 0.002000 - val 0.042252
Epoch 8284/10000 - train 0.001997 - val 0.041043
Epoch 8285/10000 - train 0.001905 - val 0.041597
Epoch 8286/10000 - train 0.001747 - val 0.040864
Epoch 8287/10000 - train 0.001938 - val 0.041011
Epoch 8288/10000 - train 0.001837 - val 0.041244
Epoch 8289/10000 - train 0.002502 - val 0.041041
Epoch 8290/10000 - train 0.001998 - val 0.041668
Epoch 8291/10000 - train 0.002037 - val 0.040857
Epoch 8292/10000 - train 0.001670 - val 0.041600
Epoch 8293/10000 - train 0.002446 - val 0.041229
Epoch 8294/10000 - train 0.001907 - val 0.040920
Epoch 8295/10000 - train 0.002149 - val 0.041338
Epoch 8296/10000 - train 0.001622 - val 0.041213
Epoch 8297/10000 - train 0.001655 - val 0.041105
Epoch 8298/10000 - train 0.001710 - val 0.042033
Epoch 8299/10000 - train 0.003133 - val 0.041112
Epoch 8300/10000 - train 0.001960 - val 0.041123
Epoch 8301/10000 - train 0.001762 - val 0.040981
Epoch 8302/10000 - train 0.001498 - val 0.040949
Epoch 8303/10000 - train 0.001698 - val 0.041027
Epoch 8304/10000 - train 0.001531 - val 0.041212
Epoch 8305/10000 - train 0.001756 - val 0.040886
Epoch 8306/10000 - train 0.001769 - val 0.041362
Epoch 8307/10000 - train 0.001792 - val 0.041384
Epoch 8308/10000 - train 0.002017 - val 0.041016
Epoch 8309/10000 - train 0.001700 - val 0.040974
Epoch 8310/10000 - train 0.001872 - val 0.041253
Epoch 8311/10000 - train 0.002056 - val 0.041059
Epoch 8312/10000 - train 0.002547 - val 0.041582
Epoch 8313/10000 - train 0.001899 - val 0.041393
Epoch 8314/10000 - train 0.001650 - val 0.040762
Epoch 8315/10000 - train 0.001966 - val 0.041041
Epoch 8316/10000 - train 0.001690 - val 0.041125
Epoch 8317/10000 - train 0.002014 - val 0.041169
Epoch 8318/10000 - train 0.001664 - val 0.040917
Epoch 8319/10000 - train 0.002219 - val 0.041831
Epoch 8320/10000 - train 0.002185 - val 0.041665
Epoch 8321/10000 - train 0.002459 - val 0.041244
Epoch 8322/10000 - train 0.001745 - val 0.040884
Epoch 8323/10000 - train 0.001584 - val 0.040444
Epoch 8324/10000 - train 0.001838 - val 0.041235
Epoch 8325/10000 - train 0.001649 - val 0.041088
Epoch 8326/10000 - train 0.002883 - val 0.043711
Epoch 8327/10000 - train 0.002481 - val 0.041363
Epoch 8328/10000 - train 0.002414 - val 0.040878
Epoch 8329/10000 - train 0.001615 - val 0.041180
Epoch 8330/10000 - train 0.001590 - val 0.040619
Epoch 8331/10000 - train 0.001866 - val 0.041005
Epoch 8332/10000 - train 0.001582 - val 0.041299
Epoch 8333/10000 - train 0.001839 - val 0.041014
Epoch 8334/10000 - train 0.001654 - val 0.041071
Epoch 8335/10000 - train 0.001947 - val 0.041943
Epoch 8336/10000 - train 0.001920 - val 0.041397
Epoch 8337/10000 - train 0.013272 - val 0.045994
Epoch 8338/10000 - train 0.004501 - val 0.043291
Epoch 8339/10000 - train 0.002355 - val 0.040501
Epoch 8340/10000 - train 0.001625 - val 0.040302
Epoch 8341/10000 - train 0.001482 - val 0.040696
Epoch 8342/10000 - train 0.001569 - val 0.040692
Epoch 8343/10000 - train 0.001414 - val 0.040888
Epoch 8344/10000 - train 0.001502 - val 0.040592
Epoch 8345/10000 - train 0.001374 - val 0.040662
Epoch 8346/10000 - train 0.001611 - val 0.040808
Epoch 8347/10000 - train 0.001536 - val 0.041034
Epoch 8348/10000 - train 0.001435 - val 0.040817
Epoch 8349/10000 - train 0.001765 - val 0.041080
Epoch 8350/10000 - train 0.001520 - val 0.040915
Epoch 8351/10000 - train 0.001545 - val 0.041025
Epoch 8352/10000 - train 0.001658 - val 0.040838
Epoch 8353/10000 - train 0.001463 - val 0.040695
Epoch 8354/10000 - train 0.001801 - val 0.041015
Epoch 8355/10000 - train 0.001475 - val 0.041720
Epoch 8356/10000 - train 0.001829 - val 0.040934
Epoch 8357/10000 - train 0.001615 - val 0.041226
Epoch 8358/10000 - train 0.001624 - val 0.041040
Epoch 8359/10000 - train 0.001856 - val 0.040984
Epoch 8360/10000 - train 0.001498 - val 0.041180
Epoch 8361/10000 - train 0.001658 - val 0.041004
Epoch 8362/10000 - train 0.001641 - val 0.041480
Epoch 8363/10000 - train 0.001870 - val 0.041292
Epoch 8364/10000 - train 0.001646 - val 0.040841
Epoch 8365/10000 - train 0.001654 - val 0.041211
Epoch 8366/10000 - train 0.001624 - val 0.041052
Epoch 8367/10000 - train 0.001879 - val 0.040992
Epoch 8368/10000 - train 0.001874 - val 0.042845
Epoch 8369/10000 - train 0.002467 - val 0.042298
Epoch 8370/10000 - train 0.002256 - val 0.041093
Epoch 8371/10000 - train 0.001679 - val 0.040891
Epoch 8372/10000 - train 0.001814 - val 0.041146
Epoch 8373/10000 - train 0.001923 - val 0.041227
Epoch 8374/10000 - train 0.001633 - val 0.040870
Epoch 8375/10000 - train 0.001684 - val 0.043382
Epoch 8376/10000 - train 0.003579 - val 0.041481
Epoch 8377/10000 - train 0.001754 - val 0.040797
Epoch 8378/10000 - train 0.001706 - val 0.041022
Epoch 8379/10000 - train 0.001506 - val 0.040976
Epoch 8380/10000 - train 0.001665 - val 0.041026
Epoch 8381/10000 - train 0.001772 - val 0.041409
Epoch 8382/10000 - train 0.001812 - val 0.041007
Epoch 8383/10000 - train 0.001654 - val 0.041134
Epoch 8384/10000 - train 0.002076 - val 0.041543
Epoch 8385/10000 - train 0.001764 - val 0.041173
Epoch 8386/10000 - train 0.001943 - val 0.041465
Epoch 8387/10000 - train 0.001946 - val 0.041279
Epoch 8388/10000 - train 0.001713 - val 0.041220
Epoch 8389/10000 - train 0.001998 - val 0.041378
Epoch 8390/10000 - train 0.001886 - val 0.041774
Epoch 8391/10000 - train 0.002061 - val 0.041520
Epoch 8392/10000 - train 0.001753 - val 0.041878
Epoch 8393/10000 - train 0.018249 - val 0.046143
Epoch 8394/10000 - train 0.006015 - val 0.041443
Epoch 8395/10000 - train 0.002757 - val 0.041225
Epoch 8396/10000 - train 0.001908 - val 0.040696
Epoch 8397/10000 - train 0.001536 - val 0.040660
Epoch 8398/10000 - train 0.001469 - val 0.040633
Epoch 8399/10000 - train 0.001605 - val 0.040686
Epoch 8400/10000 - train 0.001403 - val 0.040616
Epoch 8401/10000 - train 0.001578 - val 0.040812
Epoch 8402/10000 - train 0.001399 - val 0.040983
Epoch 8403/10000 - train 0.001442 - val 0.041945
Epoch 8404/10000 - train 0.001762 - val 0.040806
Epoch 8405/10000 - train 0.001427 - val 0.040787
Epoch 8406/10000 - train 0.001610 - val 0.040989
Epoch 8407/10000 - train 0.001417 - val 0.040894
Epoch 8408/10000 - train 0.001605 - val 0.042486
Epoch 8409/10000 - train 0.001644 - val 0.040929
Epoch 8410/10000 - train 0.001607 - val 0.041526
Epoch 8411/10000 - train 0.001650 - val 0.041115
Epoch 8412/10000 - train 0.001758 - val 0.041002
Epoch 8413/10000 - train 0.001564 - val 0.041206
Epoch 8414/10000 - train 0.001485 - val 0.041118
Epoch 8415/10000 - train 0.001947 - val 0.041393
Epoch 8416/10000 - train 0.001484 - val 0.041124
Epoch 8417/10000 - train 0.001669 - val 0.042677
Epoch 8418/10000 - train 0.001682 - val 0.041355
Epoch 8419/10000 - train 0.001576 - val 0.040900
Epoch 8420/10000 - train 0.001858 - val 0.041101
Epoch 8421/10000 - train 0.001555 - val 0.040839
Epoch 8422/10000 - train 0.001789 - val 0.041261
Epoch 8423/10000 - train 0.001577 - val 0.040899
Epoch 8424/10000 - train 0.001717 - val 0.041191
Epoch 8425/10000 - train 0.001560 - val 0.042170
Epoch 8426/10000 - train 0.001977 - val 0.041732
Epoch 8427/10000 - train 0.001640 - val 0.041241
Epoch 8428/10000 - train 0.001740 - val 0.041056
Epoch 8429/10000 - train 0.001754 - val 0.040963
Epoch 8430/10000 - train 0.001562 - val 0.041138
Epoch 8431/10000 - train 0.001788 - val 0.041442
Epoch 8432/10000 - train 0.001824 - val 0.041195
Epoch 8433/10000 - train 0.001585 - val 0.041051
Epoch 8434/10000 - train 0.002190 - val 0.040888
Epoch 8435/10000 - train 0.001617 - val 0.041135
Epoch 8436/10000 - train 0.002258 - val 0.042510
Epoch 8437/10000 - train 0.001877 - val 0.041332
Epoch 8438/10000 - train 0.001688 - val 0.041098
Epoch 8439/10000 - train 0.001804 - val 0.041054
Epoch 8440/10000 - train 0.001821 - val 0.041182
Epoch 8441/10000 - train 0.001729 - val 0.041343
Epoch 8442/10000 - train 0.001917 - val 0.041223
Epoch 8443/10000 - train 0.002294 - val 0.041229
Epoch 8444/10000 - train 0.001873 - val 0.041536
Epoch 8445/10000 - train 0.002195 - val 0.041490
Epoch 8446/10000 - train 0.001802 - val 0.040943
Epoch 8447/10000 - train 0.001657 - val 0.041482
Epoch 8448/10000 - train 0.001622 - val 0.040990
Epoch 8449/10000 - train 0.001922 - val 0.041253
Epoch 8450/10000 - train 0.001758 - val 0.041654
Epoch 8451/10000 - train 0.002599 - val 0.041332
Epoch 8452/10000 - train 0.002011 - val 0.042285
Epoch 8453/10000 - train 0.002152 - val 0.041013
Epoch 8454/10000 - train 0.001560 - val 0.040829
Epoch 8455/10000 - train 0.001654 - val 0.041144
Epoch 8456/10000 - train 0.001734 - val 0.040654
Epoch 8457/10000 - train 0.001563 - val 0.041732
Epoch 8458/10000 - train 0.001867 - val 0.041457
Epoch 8459/10000 - train 0.001812 - val 0.045221
Epoch 8460/10000 - train 0.039757 - val 0.046134
Epoch 8461/10000 - train 0.010296 - val 0.041806
Epoch 8462/10000 - train 0.004248 - val 0.040301
Epoch 8463/10000 - train 0.002714 - val 0.040447
Epoch 8464/10000 - train 0.002185 - val 0.040171
Epoch 8465/10000 - train 0.001952 - val 0.039828
Epoch 8466/10000 - train 0.001782 - val 0.039958
Epoch 8467/10000 - train 0.001729 - val 0.040077
Epoch 8468/10000 - train 0.001678 - val 0.039897
Epoch 8469/10000 - train 0.001657 - val 0.040155
Epoch 8470/10000 - train 0.001690 - val 0.040023
Epoch 8471/10000 - train 0.001705 - val 0.040179
Epoch 8472/10000 - train 0.001667 - val 0.040095
Epoch 8473/10000 - train 0.001591 - val 0.040220
Epoch 8474/10000 - train 0.001626 - val 0.040052
Epoch 8475/10000 - train 0.001597 - val 0.040638
Epoch 8476/10000 - train 0.001738 - val 0.040310
Epoch 8477/10000 - train 0.001686 - val 0.040375
Epoch 8478/10000 - train 0.001633 - val 0.040246
Epoch 8479/10000 - train 0.001653 - val 0.040341
Epoch 8480/10000 - train 0.001804 - val 0.040377
Epoch 8481/10000 - train 0.001712 - val 0.040310
Epoch 8482/10000 - train 0.001792 - val 0.040763
Epoch 8483/10000 - train 0.001732 - val 0.040752
Epoch 8484/10000 - train 0.001864 - val 0.040457
Epoch 8485/10000 - train 0.001849 - val 0.040530
Epoch 8486/10000 - train 0.001776 - val 0.040116
Epoch 8487/10000 - train 0.001666 - val 0.042045
Epoch 8488/10000 - train 0.002025 - val 0.040465
Epoch 8489/10000 - train 0.001620 - val 0.040200
Epoch 8490/10000 - train 0.001792 - val 0.041417
Epoch 8491/10000 - train 0.001886 - val 0.040996
Epoch 8492/10000 - train 0.001847 - val 0.040999
Epoch 8493/10000 - train 0.001814 - val 0.040486
Epoch 8494/10000 - train 0.001769 - val 0.040627
Epoch 8495/10000 - train 0.002187 - val 0.040456
Epoch 8496/10000 - train 0.001710 - val 0.040924
Epoch 8497/10000 - train 0.001809 - val 0.041146
Epoch 8498/10000 - train 0.001891 - val 0.040725
Epoch 8499/10000 - train 0.001941 - val 0.041073
Epoch 8500/10000 - train 0.002790 - val 0.041487
Epoch 8501/10000 - train 0.007498 - val 0.041394
Epoch 8502/10000 - train 0.003410 - val 0.046212
Epoch 8503/10000 - train 0.002690 - val 0.040569
Epoch 8504/10000 - train 0.001610 - val 0.040369
Epoch 8505/10000 - train 0.001458 - val 0.040520
Epoch 8506/10000 - train 0.001496 - val 0.040560
Epoch 8507/10000 - train 0.001488 - val 0.040299
Epoch 8508/10000 - train 0.001475 - val 0.040425
Epoch 8509/10000 - train 0.001478 - val 0.040356
Epoch 8510/10000 - train 0.001548 - val 0.040505
Epoch 8511/10000 - train 0.001562 - val 0.040761
Epoch 8512/10000 - train 0.001908 - val 0.040680
Epoch 8513/10000 - train 0.001569 - val 0.040754
Epoch 8514/10000 - train 0.001581 - val 0.040704
Epoch 8515/10000 - train 0.001756 - val 0.040600
Epoch 8516/10000 - train 0.001591 - val 0.040921
Epoch 8517/10000 - train 0.002005 - val 0.040964
Epoch 8518/10000 - train 0.001592 - val 0.040750
Epoch 8519/10000 - train 0.001726 - val 0.040491
Epoch 8520/10000 - train 0.001579 - val 0.041077
Epoch 8521/10000 - train 0.001843 - val 0.040771
Epoch 8522/10000 - train 0.001998 - val 0.041322
Epoch 8523/10000 - train 0.001772 - val 0.040729
Epoch 8524/10000 - train 0.001844 - val 0.040656
Epoch 8525/10000 - train 0.002060 - val 0.041203
Epoch 8526/10000 - train 0.002010 - val 0.040952
Epoch 8527/10000 - train 0.001662 - val 0.040625
Epoch 8528/10000 - train 0.001819 - val 0.040599
Epoch 8529/10000 - train 0.001664 - val 0.040933
Epoch 8530/10000 - train 0.002124 - val 0.040993
Epoch 8531/10000 - train 0.002247 - val 0.041172
Epoch 8532/10000 - train 0.001934 - val 0.041202
Epoch 8533/10000 - train 0.001768 - val 0.040387
Epoch 8534/10000 - train 0.001885 - val 0.040672
Epoch 8535/10000 - train 0.001742 - val 0.041011
Epoch 8536/10000 - train 0.007788 - val 0.066210
Epoch 8537/10000 - train 0.020558 - val 0.043214
Epoch 8538/10000 - train 0.004571 - val 0.040909
Epoch 8539/10000 - train 0.003193 - val 0.040376
Epoch 8540/10000 - train 0.001843 - val 0.040587
Epoch 8541/10000 - train 0.001630 - val 0.040140
Epoch 8542/10000 - train 0.001547 - val 0.040181
Epoch 8543/10000 - train 0.001505 - val 0.040111
Epoch 8544/10000 - train 0.001518 - val 0.040142
Epoch 8545/10000 - train 0.001496 - val 0.041177
Epoch 8546/10000 - train 0.001605 - val 0.040378
Epoch 8547/10000 - train 0.001413 - val 0.040117
Epoch 8548/10000 - train 0.001596 - val 0.040318
Epoch 8549/10000 - train 0.001430 - val 0.040521
Epoch 8550/10000 - train 0.001713 - val 0.040380
Epoch 8551/10000 - train 0.001518 - val 0.040511
Epoch 8552/10000 - train 0.001817 - val 0.040794
Epoch 8553/10000 - train 0.001736 - val 0.040433
Epoch 8554/10000 - train 0.001585 - val 0.040574
Epoch 8555/10000 - train 0.001515 - val 0.040667
Epoch 8556/10000 - train 0.001673 - val 0.040710
Epoch 8557/10000 - train 0.001494 - val 0.040494
Epoch 8558/10000 - train 0.001869 - val 0.040814
Epoch 8559/10000 - train 0.001636 - val 0.040801
Epoch 8560/10000 - train 0.001545 - val 0.041041
Epoch 8561/10000 - train 0.001852 - val 0.040372
Epoch 8562/10000 - train 0.001552 - val 0.041045
Epoch 8563/10000 - train 0.001720 - val 0.040678
Epoch 8564/10000 - train 0.001692 - val 0.042155
Epoch 8565/10000 - train 0.001735 - val 0.040623
Epoch 8566/10000 - train 0.001869 - val 0.040710
Epoch 8567/10000 - train 0.001721 - val 0.040657
Epoch 8568/10000 - train 0.001820 - val 0.040947
Epoch 8569/10000 - train 0.001593 - val 0.040616
Epoch 8570/10000 - train 0.001809 - val 0.040283
Epoch 8571/10000 - train 0.001579 - val 0.040615
Epoch 8572/10000 - train 0.001977 - val 0.040905
Epoch 8573/10000 - train 0.001777 - val 0.040842
Epoch 8574/10000 - train 0.002004 - val 0.040644
Epoch 8575/10000 - train 0.001752 - val 0.041373
Epoch 8576/10000 - train 0.016741 - val 0.059232
Epoch 8577/10000 - train 0.014690 - val 0.042695
Epoch 8578/10000 - train 0.005672 - val 0.043934
Epoch 8579/10000 - train 0.003072 - val 0.040714
Epoch 8580/10000 - train 0.002109 - val 0.041033
Epoch 8581/10000 - train 0.001846 - val 0.041085
Epoch 8582/10000 - train 0.001733 - val 0.040908
Epoch 8583/10000 - train 0.001687 - val 0.040734
Epoch 8584/10000 - train 0.001613 - val 0.040950
Epoch 8585/10000 - train 0.001554 - val 0.040682
Epoch 8586/10000 - train 0.001497 - val 0.040735
Epoch 8587/10000 - train 0.001566 - val 0.041049
Epoch 8588/10000 - train 0.001760 - val 0.040526
Epoch 8589/10000 - train 0.001434 - val 0.040617
Epoch 8590/10000 - train 0.001581 - val 0.040883
Epoch 8591/10000 - train 0.001465 - val 0.040612
Epoch 8592/10000 - train 0.001637 - val 0.040734
Epoch 8593/10000 - train 0.001566 - val 0.040987
Epoch 8594/10000 - train 0.001545 - val 0.040600
Epoch 8595/10000 - train 0.001926 - val 0.040677
Epoch 8596/10000 - train 0.001595 - val 0.040403
Epoch 8597/10000 - train 0.001716 - val 0.041002
Epoch 8598/10000 - train 0.001582 - val 0.040734
Epoch 8599/10000 - train 0.001524 - val 0.040731
Epoch 8600/10000 - train 0.001835 - val 0.040408
Epoch 8601/10000 - train 0.001607 - val 0.040562
Epoch 8602/10000 - train 0.001845 - val 0.041540
Epoch 8603/10000 - train 0.001695 - val 0.040676
Epoch 8604/10000 - train 0.001825 - val 0.040665
Epoch 8605/10000 - train 0.001696 - val 0.040629
Epoch 8606/10000 - train 0.001947 - val 0.040826
Epoch 8607/10000 - train 0.001545 - val 0.040989
Epoch 8608/10000 - train 0.001981 - val 0.041263
Epoch 8609/10000 - train 0.001819 - val 0.041196
Epoch 8610/10000 - train 0.001679 - val 0.040903
Epoch 8611/10000 - train 0.001966 - val 0.040979
Epoch 8612/10000 - train 0.001670 - val 0.040738
Epoch 8613/10000 - train 0.001957 - val 0.040690
Epoch 8614/10000 - train 0.002238 - val 0.041309
Epoch 8615/10000 - train 0.018273 - val 0.050343
Epoch 8616/10000 - train 0.006324 - val 0.041394
Epoch 8617/10000 - train 0.002779 - val 0.040526
Epoch 8618/10000 - train 0.001747 - val 0.040617
Epoch 8619/10000 - train 0.001533 - val 0.040413
Epoch 8620/10000 - train 0.001602 - val 0.040653
Epoch 8621/10000 - train 0.001442 - val 0.040577
Epoch 8622/10000 - train 0.001407 - val 0.040530
Epoch 8623/10000 - train 0.001554 - val 0.040963
Epoch 8624/10000 - train 0.001458 - val 0.040484
Epoch 8625/10000 - train 0.001385 - val 0.040616
Epoch 8626/10000 - train 0.001536 - val 0.040761
Epoch 8627/10000 - train 0.001353 - val 0.040547
Epoch 8628/10000 - train 0.001609 - val 0.040823
Epoch 8629/10000 - train 0.001525 - val 0.040928
Epoch 8630/10000 - train 0.001721 - val 0.040732
Epoch 8631/10000 - train 0.001473 - val 0.040848
Epoch 8632/10000 - train 0.001588 - val 0.040987
Epoch 8633/10000 - train 0.001474 - val 0.040676
Epoch 8634/10000 - train 0.001558 - val 0.041178
Epoch 8635/10000 - train 0.001601 - val 0.040778
Epoch 8636/10000 - train 0.001780 - val 0.040746
Epoch 8637/10000 - train 0.001678 - val 0.040542
Epoch 8638/10000 - train 0.001773 - val 0.040829
Epoch 8639/10000 - train 0.001516 - val 0.040735
Epoch 8640/10000 - train 0.001911 - val 0.041023
Epoch 8641/10000 - train 0.001604 - val 0.040701
Epoch 8642/10000 - train 0.001447 - val 0.040835
Epoch 8643/10000 - train 0.001752 - val 0.041095
Epoch 8644/10000 - train 0.001590 - val 0.040783
Epoch 8645/10000 - train 0.001896 - val 0.040660
Epoch 8646/10000 - train 0.001595 - val 0.041433
Epoch 8647/10000 - train 0.002016 - val 0.041167
Epoch 8648/10000 - train 0.001558 - val 0.040644
Epoch 8649/10000 - train 0.001730 - val 0.041902
Epoch 8650/10000 - train 0.001727 - val 0.040933
Epoch 8651/10000 - train 0.001589 - val 0.041530
Epoch 8652/10000 - train 0.001931 - val 0.040675
Epoch 8653/10000 - train 0.001874 - val 0.041502
Epoch 8654/10000 - train 0.002061 - val 0.040846
Epoch 8655/10000 - train 0.001867 - val 0.041027
Epoch 8656/10000 - train 0.001739 - val 0.040438
Epoch 8657/10000 - train 0.001828 - val 0.040855
Epoch 8658/10000 - train 0.001731 - val 0.040842
Epoch 8659/10000 - train 0.001938 - val 0.041381
Epoch 8660/10000 - train 0.001689 - val 0.040929
Epoch 8661/10000 - train 0.001923 - val 0.041350
Epoch 8662/10000 - train 0.001945 - val 0.040752
Epoch 8663/10000 - train 0.024117 - val 0.047909
Epoch 8664/10000 - train 0.006064 - val 0.041024
Epoch 8665/10000 - train 0.002740 - val 0.041143
Epoch 8666/10000 - train 0.001812 - val 0.040635
Epoch 8667/10000 - train 0.001529 - val 0.040588
Epoch 8668/10000 - train 0.001437 - val 0.040336
Epoch 8669/10000 - train 0.001627 - val 0.040600
Epoch 8670/10000 - train 0.001364 - val 0.040678
Epoch 8671/10000 - train 0.001346 - val 0.040493
Epoch 8672/10000 - train 0.001491 - val 0.040752
Epoch 8673/10000 - train 0.001398 - val 0.040681
Epoch 8674/10000 - train 0.001419 - val 0.041066
Epoch 8675/10000 - train 0.001645 - val 0.040651
Epoch 8676/10000 - train 0.001404 - val 0.041715
Epoch 8677/10000 - train 0.001607 - val 0.040693
Epoch 8678/10000 - train 0.001437 - val 0.040980
Epoch 8679/10000 - train 0.001637 - val 0.040521
Epoch 8680/10000 - train 0.001493 - val 0.040818
Epoch 8681/10000 - train 0.001753 - val 0.040601
Epoch 8682/10000 - train 0.001455 - val 0.040862
Epoch 8683/10000 - train 0.001477 - val 0.041014
Epoch 8684/10000 - train 0.001790 - val 0.040731
Epoch 8685/10000 - train 0.001479 - val 0.040668
Epoch 8686/10000 - train 0.001808 - val 0.040697
Epoch 8687/10000 - train 0.001464 - val 0.040574
Epoch 8688/10000 - train 0.001708 - val 0.042302
Epoch 8689/10000 - train 0.001840 - val 0.040749
Epoch 8690/10000 - train 0.001432 - val 0.040684
Epoch 8691/10000 - train 0.001550 - val 0.040940
Epoch 8692/10000 - train 0.001483 - val 0.041213
Epoch 8693/10000 - train 0.001953 - val 0.040775
Epoch 8694/10000 - train 0.001733 - val 0.040821
Epoch 8695/10000 - train 0.001603 - val 0.041392
Epoch 8696/10000 - train 0.002000 - val 0.041352
Epoch 8697/10000 - train 0.001696 - val 0.040822
Epoch 8698/10000 - train 0.001528 - val 0.040894
Epoch 8699/10000 - train 0.001615 - val 0.042718
Epoch 8700/10000 - train 0.002488 - val 0.041023
Epoch 8701/10000 - train 0.001609 - val 0.041738
Epoch 8702/10000 - train 0.001607 - val 0.041112
Epoch 8703/10000 - train 0.001848 - val 0.040834
Epoch 8704/10000 - train 0.002268 - val 0.041372
Epoch 8705/10000 - train 0.001662 - val 0.040874
Epoch 8706/10000 - train 0.001516 - val 0.041187
Epoch 8707/10000 - train 0.002046 - val 0.041815
Epoch 8708/10000 - train 0.001837 - val 0.041278
Epoch 8709/10000 - train 0.002271 - val 0.040547
Epoch 8710/10000 - train 0.001702 - val 0.040719
Epoch 8711/10000 - train 0.001660 - val 0.040779
Epoch 8712/10000 - train 0.001790 - val 0.041236
Epoch 8713/10000 - train 0.001596 - val 0.040866
Epoch 8714/10000 - train 0.001741 - val 0.041383
Epoch 8715/10000 - train 0.001701 - val 0.041730
Epoch 8716/10000 - train 0.002496 - val 0.041172
Epoch 8717/10000 - train 0.001755 - val 0.040845
Epoch 8718/10000 - train 0.001571 - val 0.040930
Epoch 8719/10000 - train 0.002068 - val 0.041824
Epoch 8720/10000 - train 0.001806 - val 0.041253
Epoch 8721/10000 - train 0.002160 - val 0.040783
Epoch 8722/10000 - train 0.001703 - val 0.040642
Epoch 8723/10000 - train 0.001779 - val 0.040693
Epoch 8724/10000 - train 0.002029 - val 0.040848
Epoch 8725/10000 - train 0.002556 - val 0.041389
Epoch 8726/10000 - train 0.002015 - val 0.041880
Epoch 8727/10000 - train 0.001775 - val 0.040433
Epoch 8728/10000 - train 0.001595 - val 0.040913
Epoch 8729/10000 - train 0.001972 - val 0.040862
Epoch 8730/10000 - train 0.001718 - val 0.040938
Epoch 8731/10000 - train 0.001683 - val 0.041113
Epoch 8732/10000 - train 0.001567 - val 0.041075
Epoch 8733/10000 - train 0.001960 - val 0.040529
Epoch 8734/10000 - train 0.001565 - val 0.041531
Epoch 8735/10000 - train 0.002042 - val 0.041360
Epoch 8736/10000 - train 0.002021 - val 0.041089
Epoch 8737/10000 - train 0.003796 - val 0.047822
Epoch 8738/10000 - train 0.004662 - val 0.041105
Epoch 8739/10000 - train 0.002995 - val 0.040639
Epoch 8740/10000 - train 0.001775 - val 0.040617
Epoch 8741/10000 - train 0.001562 - val 0.040173
Epoch 8742/10000 - train 0.001437 - val 0.040416
Epoch 8743/10000 - train 0.001755 - val 0.040373
Epoch 8744/10000 - train 0.001414 - val 0.040550
Epoch 8745/10000 - train 0.001480 - val 0.040870
Epoch 8746/10000 - train 0.001777 - val 0.040783
Epoch 8747/10000 - train 0.001482 - val 0.040405
Epoch 8748/10000 - train 0.001653 - val 0.040687
Epoch 8749/10000 - train 0.001615 - val 0.040787
Epoch 8750/10000 - train 0.001546 - val 0.040983
Epoch 8751/10000 - train 0.002013 - val 0.040823
Epoch 8752/10000 - train 0.001621 - val 0.040694
Epoch 8753/10000 - train 0.001728 - val 0.040814
Epoch 8754/10000 - train 0.001556 - val 0.040885
Epoch 8755/10000 - train 0.003130 - val 0.041517
Epoch 8756/10000 - train 0.001946 - val 0.041594
Epoch 8757/10000 - train 0.001675 - val 0.040867
Epoch 8758/10000 - train 0.001571 - val 0.040628
Epoch 8759/10000 - train 0.001599 - val 0.040632
Epoch 8760/10000 - train 0.001791 - val 0.041145
Epoch 8761/10000 - train 0.001931 - val 0.040874
Epoch 8762/10000 - train 0.001553 - val 0.040814
Epoch 8763/10000 - train 0.001714 - val 0.040677
Epoch 8764/10000 - train 0.001759 - val 0.040635
Epoch 8765/10000 - train 0.001772 - val 0.041754
Epoch 8766/10000 - train 0.017061 - val 0.058383
Epoch 8767/10000 - train 0.011219 - val 0.043758
Epoch 8768/10000 - train 0.004825 - val 0.042115
Epoch 8769/10000 - train 0.002456 - val 0.041370
Epoch 8770/10000 - train 0.001885 - val 0.041105
Epoch 8771/10000 - train 0.001687 - val 0.041197
Epoch 8772/10000 - train 0.001651 - val 0.041192
Epoch 8773/10000 - train 0.001721 - val 0.041114
Epoch 8774/10000 - train 0.001580 - val 0.041125
Epoch 8775/10000 - train 0.001625 - val 0.041072
Epoch 8776/10000 - train 0.001513 - val 0.041314
Epoch 8777/10000 - train 0.001641 - val 0.041466
Epoch 8778/10000 - train 0.001630 - val 0.041699
Epoch 8779/10000 - train 0.001554 - val 0.041138
Epoch 8780/10000 - train 0.001745 - val 0.040918
Epoch 8781/10000 - train 0.001513 - val 0.040796
Epoch 8782/10000 - train 0.001819 - val 0.041290
Epoch 8783/10000 - train 0.001555 - val 0.041329
Epoch 8784/10000 - train 0.001564 - val 0.041199
Epoch 8785/10000 - train 0.001848 - val 0.041430
Epoch 8786/10000 - train 0.001634 - val 0.040971
Epoch 8787/10000 - train 0.001922 - val 0.040923
Epoch 8788/10000 - train 0.001629 - val 0.040684
Epoch 8789/10000 - train 0.001582 - val 0.040989
Epoch 8790/10000 - train 0.001548 - val 0.040928
Epoch 8791/10000 - train 0.001833 - val 0.040915
Epoch 8792/10000 - train 0.001680 - val 0.041047
Epoch 8793/10000 - train 0.001909 - val 0.041257
Epoch 8794/10000 - train 0.001655 - val 0.040747
Epoch 8795/10000 - train 0.001667 - val 0.040954
Epoch 8796/10000 - train 0.001538 - val 0.040540
Epoch 8797/10000 - train 0.001772 - val 0.040803
Epoch 8798/10000 - train 0.001562 - val 0.041145
Epoch 8799/10000 - train 0.002013 - val 0.040671
Epoch 8800/10000 - train 0.001539 - val 0.040864
Epoch 8801/10000 - train 0.001865 - val 0.041069
Epoch 8802/10000 - train 0.002132 - val 0.041123
Epoch 8803/10000 - train 0.001691 - val 0.041211
Epoch 8804/10000 - train 0.001761 - val 0.041317
Epoch 8805/10000 - train 0.022975 - val 0.058227
Epoch 8806/10000 - train 0.008882 - val 0.042542
Epoch 8807/10000 - train 0.004403 - val 0.041395
Epoch 8808/10000 - train 0.001964 - val 0.040435
Epoch 8809/10000 - train 0.001544 - val 0.040449
Epoch 8810/10000 - train 0.001413 - val 0.040382
Epoch 8811/10000 - train 0.001366 - val 0.040454
Epoch 8812/10000 - train 0.001348 - val 0.040552
Epoch 8813/10000 - train 0.001313 - val 0.040651
Epoch 8814/10000 - train 0.001336 - val 0.040570
Epoch 8815/10000 - train 0.001434 - val 0.040737
Epoch 8816/10000 - train 0.001344 - val 0.040649
Epoch 8817/10000 - train 0.001365 - val 0.040617
Epoch 8818/10000 - train 0.001563 - val 0.040620
Epoch 8819/10000 - train 0.001394 - val 0.040823
Epoch 8820/10000 - train 0.001485 - val 0.040652
Epoch 8821/10000 - train 0.001417 - val 0.040823
Epoch 8822/10000 - train 0.001673 - val 0.040927
Epoch 8823/10000 - train 0.001525 - val 0.040643
Epoch 8824/10000 - train 0.001650 - val 0.040779
Epoch 8825/10000 - train 0.001465 - val 0.041171
Epoch 8826/10000 - train 0.001543 - val 0.040781
Epoch 8827/10000 - train 0.001764 - val 0.040848
Epoch 8828/10000 - train 0.001402 - val 0.040619
Epoch 8829/10000 - train 0.001611 - val 0.041142
Epoch 8830/10000 - train 0.001474 - val 0.040689
Epoch 8831/10000 - train 0.001699 - val 0.041111
Epoch 8832/10000 - train 0.001547 - val 0.040930
Epoch 8833/10000 - train 0.001692 - val 0.040801
Epoch 8834/10000 - train 0.001557 - val 0.041102
Epoch 8835/10000 - train 0.001747 - val 0.040881
Epoch 8836/10000 - train 0.001466 - val 0.040809
Epoch 8837/10000 - train 0.001770 - val 0.040956
Epoch 8838/10000 - train 0.001619 - val 0.040952
Epoch 8839/10000 - train 0.001915 - val 0.041081
Epoch 8840/10000 - train 0.001540 - val 0.040961
Epoch 8841/10000 - train 0.001707 - val 0.040971
Epoch 8842/10000 - train 0.001520 - val 0.040828
Epoch 8843/10000 - train 0.001790 - val 0.041478
Epoch 8844/10000 - train 0.001678 - val 0.042411
Epoch 8845/10000 - train 0.001906 - val 0.040912
Epoch 8846/10000 - train 0.002000 - val 0.040627
Epoch 8847/10000 - train 0.001629 - val 0.040799
Epoch 8848/10000 - train 0.001633 - val 0.040623
Epoch 8849/10000 - train 0.001692 - val 0.040996
Epoch 8850/10000 - train 0.002238 - val 0.041194
Epoch 8851/10000 - train 0.001822 - val 0.042699
Epoch 8852/10000 - train 0.001833 - val 0.041125
Epoch 8853/10000 - train 0.001656 - val 0.041214
Epoch 8854/10000 - train 0.001776 - val 0.040852
Epoch 8855/10000 - train 0.002197 - val 0.041332
Epoch 8856/10000 - train 0.001765 - val 0.041237
Epoch 8857/10000 - train 0.001732 - val 0.040815
Epoch 8858/10000 - train 0.001723 - val 0.040831
Epoch 8859/10000 - train 0.001804 - val 0.040674
Epoch 8860/10000 - train 0.001787 - val 0.040609
Epoch 8861/10000 - train 0.001803 - val 0.041015
Epoch 8862/10000 - train 0.001694 - val 0.040946
Epoch 8863/10000 - train 0.002021 - val 0.040905
Epoch 8864/10000 - train 0.001627 - val 0.040941
Epoch 8865/10000 - train 0.001917 - val 0.041199
Epoch 8866/10000 - train 0.001872 - val 0.042143
Epoch 8867/10000 - train 0.005553 - val 0.045601
Epoch 8868/10000 - train 0.003405 - val 0.041092
Epoch 8869/10000 - train 0.002537 - val 0.040917
Epoch 8870/10000 - train 0.001755 - val 0.040350
Epoch 8871/10000 - train 0.001496 - val 0.040445
Epoch 8872/10000 - train 0.001596 - val 0.040841
Epoch 8873/10000 - train 0.001428 - val 0.040713
Epoch 8874/10000 - train 0.001534 - val 0.041050
Epoch 8875/10000 - train 0.001724 - val 0.040460
Epoch 8876/10000 - train 0.001467 - val 0.040554
Epoch 8877/10000 - train 0.001713 - val 0.041366
Epoch 8878/10000 - train 0.001537 - val 0.040676
Epoch 8879/10000 - train 0.001496 - val 0.040692
Epoch 8880/10000 - train 0.001811 - val 0.040660
Epoch 8881/10000 - train 0.002078 - val 0.040935
Epoch 8882/10000 - train 0.001585 - val 0.040786
Epoch 8883/10000 - train 0.001692 - val 0.041062
Epoch 8884/10000 - train 0.001473 - val 0.040823
Epoch 8885/10000 - train 0.001924 - val 0.040868
Epoch 8886/10000 - train 0.001598 - val 0.040432
Epoch 8887/10000 - train 0.001622 - val 0.041423
Epoch 8888/10000 - train 0.001931 - val 0.040863
Epoch 8889/10000 - train 0.001745 - val 0.041782
Epoch 8890/10000 - train 0.002112 - val 0.040918
Epoch 8891/10000 - train 0.002230 - val 0.040882
Epoch 8892/10000 - train 0.001946 - val 0.040903
Epoch 8893/10000 - train 0.001606 - val 0.040888
Epoch 8894/10000 - train 0.002353 - val 0.040929
Epoch 8895/10000 - train 0.001620 - val 0.040614
Epoch 8896/10000 - train 0.001601 - val 0.040487
Epoch 8897/10000 - train 0.001680 - val 0.040593
Epoch 8898/10000 - train 0.001609 - val 0.040548
Epoch 8899/10000 - train 0.001898 - val 0.041783
Epoch 8900/10000 - train 0.002000 - val 0.040708
Epoch 8901/10000 - train 0.001853 - val 0.040992
Epoch 8902/10000 - train 0.002610 - val 0.040659
Epoch 8903/10000 - train 0.001961 - val 0.040623
Epoch 8904/10000 - train 0.001595 - val 0.040344
Epoch 8905/10000 - train 0.001793 - val 0.040387
Epoch 8906/10000 - train 0.001494 - val 0.040274
Epoch 8907/10000 - train 0.001732 - val 0.041177
Epoch 8908/10000 - train 0.001680 - val 0.043083
Epoch 8909/10000 - train 0.001904 - val 0.040451
Epoch 8910/10000 - train 0.002126 - val 0.051823
Epoch 8911/10000 - train 0.021803 - val 0.044235
Epoch 8912/10000 - train 0.004714 - val 0.041273
Epoch 8913/10000 - train 0.002165 - val 0.040370
Epoch 8914/10000 - train 0.001600 - val 0.040317
Epoch 8915/10000 - train 0.001575 - val 0.040485
Epoch 8916/10000 - train 0.001389 - val 0.040510
Epoch 8917/10000 - train 0.001359 - val 0.040318
Epoch 8918/10000 - train 0.001575 - val 0.040525
Epoch 8919/10000 - train 0.001327 - val 0.040448
Epoch 8920/10000 - train 0.001382 - val 0.041278
Epoch 8921/10000 - train 0.001431 - val 0.040452
Epoch 8922/10000 - train 0.001383 - val 0.040594
Epoch 8923/10000 - train 0.001544 - val 0.040654
Epoch 8924/10000 - train 0.001390 - val 0.040628
Epoch 8925/10000 - train 0.001536 - val 0.040663
Epoch 8926/10000 - train 0.001404 - val 0.040545
Epoch 8927/10000 - train 0.001630 - val 0.040662
Epoch 8928/10000 - train 0.001428 - val 0.040724
Epoch 8929/10000 - train 0.001733 - val 0.040540
Epoch 8930/10000 - train 0.001512 - val 0.040417
Epoch 8931/10000 - train 0.001721 - val 0.040855
Epoch 8932/10000 - train 0.001442 - val 0.040512
Epoch 8933/10000 - train 0.001751 - val 0.040844
Epoch 8934/10000 - train 0.001471 - val 0.040559
Epoch 8935/10000 - train 0.001506 - val 0.041395
Epoch 8936/10000 - train 0.001727 - val 0.040679
Epoch 8937/10000 - train 0.001535 - val 0.040768
Epoch 8938/10000 - train 0.001763 - val 0.040737
Epoch 8939/10000 - train 0.001475 - val 0.040561
Epoch 8940/10000 - train 0.001716 - val 0.040503
Epoch 8941/10000 - train 0.001606 - val 0.040746
Epoch 8942/10000 - train 0.001535 - val 0.042016
Epoch 8943/10000 - train 0.002188 - val 0.040601
Epoch 8944/10000 - train 0.001712 - val 0.040938
Epoch 8945/10000 - train 0.001610 - val 0.040694
Epoch 8946/10000 - train 0.002026 - val 0.041157
Epoch 8947/10000 - train 0.001536 - val 0.040796
Epoch 8948/10000 - train 0.001497 - val 0.041397
Epoch 8949/10000 - train 0.002389 - val 0.040513
Epoch 8950/10000 - train 0.001606 - val 0.040923
Epoch 8951/10000 - train 0.002021 - val 0.040891
Epoch 8952/10000 - train 0.001730 - val 0.040775
Epoch 8953/10000 - train 0.001808 - val 0.040893
Epoch 8954/10000 - train 0.001930 - val 0.041326
Epoch 8955/10000 - train 0.001908 - val 0.040967
Epoch 8956/10000 - train 0.001639 - val 0.040569
Epoch 8957/10000 - train 0.001773 - val 0.041106
Epoch 8958/10000 - train 0.001781 - val 0.040881
Epoch 8959/10000 - train 0.001704 - val 0.041823
Epoch 8960/10000 - train 0.002384 - val 0.040622
Epoch 8961/10000 - train 0.002068 - val 0.040986
Epoch 8962/10000 - train 0.001831 - val 0.040581
Epoch 8963/10000 - train 0.001644 - val 0.041258
Epoch 8964/10000 - train 0.001881 - val 0.040897
Epoch 8965/10000 - train 0.001618 - val 0.041114
Epoch 8966/10000 - train 0.001725 - val 0.041499
Epoch 8967/10000 - train 0.003455 - val 0.079863
Epoch 8968/10000 - train 0.022926 - val 0.043324
Epoch 8969/10000 - train 0.004691 - val 0.040749
Epoch 8970/10000 - train 0.002268 - val 0.039992
Epoch 8971/10000 - train 0.001725 - val 0.039733
Epoch 8972/10000 - train 0.001513 - val 0.040250
Epoch 8973/10000 - train 0.001445 - val 0.040179
Epoch 8974/10000 - train 0.001576 - val 0.040155
Epoch 8975/10000 - train 0.001377 - val 0.040330
Epoch 8976/10000 - train 0.001335 - val 0.040349
Epoch 8977/10000 - train 0.001535 - val 0.040499
Epoch 8978/10000 - train 0.001363 - val 0.040286
Epoch 8979/10000 - train 0.001477 - val 0.040479
Epoch 8980/10000 - train 0.001385 - val 0.040433
Epoch 8981/10000 - train 0.001575 - val 0.040457
Epoch 8982/10000 - train 0.001421 - val 0.040289
Epoch 8983/10000 - train 0.001602 - val 0.040553
Epoch 8984/10000 - train 0.001432 - val 0.040573
Epoch 8985/10000 - train 0.001718 - val 0.040308
Epoch 8986/10000 - train 0.001547 - val 0.040625
Epoch 8987/10000 - train 0.001449 - val 0.040853
Epoch 8988/10000 - train 0.001708 - val 0.040381
Epoch 8989/10000 - train 0.001453 - val 0.040512
Epoch 8990/10000 - train 0.001782 - val 0.040469
Epoch 8991/10000 - train 0.001534 - val 0.040404
Epoch 8992/10000 - train 0.001435 - val 0.040603
Epoch 8993/10000 - train 0.001820 - val 0.040506
Epoch 8994/10000 - train 0.001479 - val 0.041425
Epoch 8995/10000 - train 0.001896 - val 0.040851
Epoch 8996/10000 - train 0.001461 - val 0.040477
Epoch 8997/10000 - train 0.001652 - val 0.041422
Epoch 8998/10000 - train 0.001867 - val 0.040783
Epoch 8999/10000 - train 0.001652 - val 0.040922
Epoch 9000/10000 - train 0.001711 - val 0.041170
Epoch 9001/10000 - train 0.001671 - val 0.040845
Epoch 9002/10000 - train 0.002085 - val 0.040953
Epoch 9003/10000 - train 0.001711 - val 0.040984
Epoch 9004/10000 - train 0.001875 - val 0.040440
Epoch 9005/10000 - train 0.001863 - val 0.040674
Epoch 9006/10000 - train 0.001464 - val 0.040738
Epoch 9007/10000 - train 0.001670 - val 0.041124
Epoch 9008/10000 - train 0.018550 - val 0.048607
Epoch 9009/10000 - train 0.006095 - val 0.041782
Epoch 9010/10000 - train 0.002319 - val 0.040353
Epoch 9011/10000 - train 0.001794 - val 0.040449
Epoch 9012/10000 - train 0.001454 - val 0.040479
Epoch 9013/10000 - train 0.001529 - val 0.040269
Epoch 9014/10000 - train 0.001335 - val 0.040441
Epoch 9015/10000 - train 0.001507 - val 0.040439
Epoch 9016/10000 - train 0.001352 - val 0.040568
Epoch 9017/10000 - train 0.001405 - val 0.040657
Epoch 9018/10000 - train 0.001326 - val 0.040575
Epoch 9019/10000 - train 0.001760 - val 0.040565
Epoch 9020/10000 - train 0.001358 - val 0.040653
Epoch 9021/10000 - train 0.001361 - val 0.040427
Epoch 9022/10000 - train 0.001583 - val 0.040571
Epoch 9023/10000 - train 0.001401 - val 0.040538
Epoch 9024/10000 - train 0.001733 - val 0.040502
Epoch 9025/10000 - train 0.001512 - val 0.040587
Epoch 9026/10000 - train 0.001430 - val 0.040974
Epoch 9027/10000 - train 0.001692 - val 0.041276
Epoch 9028/10000 - train 0.001480 - val 0.041355
Epoch 9029/10000 - train 0.001703 - val 0.040706
Epoch 9030/10000 - train 0.001516 - val 0.041005
Epoch 9031/10000 - train 0.001490 - val 0.040580
Epoch 9032/10000 - train 0.001725 - val 0.040693
Epoch 9033/10000 - train 0.001507 - val 0.040598
Epoch 9034/10000 - train 0.001544 - val 0.040811
Epoch 9035/10000 - train 0.001590 - val 0.041065
Epoch 9036/10000 - train 0.001843 - val 0.040810
Epoch 9037/10000 - train 0.001576 - val 0.040753
Epoch 9038/10000 - train 0.001566 - val 0.040770
Epoch 9039/10000 - train 0.001889 - val 0.041494
Epoch 9040/10000 - train 0.001639 - val 0.040780
Epoch 9041/10000 - train 0.001458 - val 0.041446
Epoch 9042/10000 - train 0.001741 - val 0.041058
Epoch 9043/10000 - train 0.001783 - val 0.041094
Epoch 9044/10000 - train 0.001548 - val 0.040645
Epoch 9045/10000 - train 0.002168 - val 0.040957
Epoch 9046/10000 - train 0.001687 - val 0.040546
Epoch 9047/10000 - train 0.001540 - val 0.041369
Epoch 9048/10000 - train 0.001950 - val 0.041035
Epoch 9049/10000 - train 0.001855 - val 0.041561
Epoch 9050/10000 - train 0.001873 - val 0.041374
Epoch 9051/10000 - train 0.001633 - val 0.040590
Epoch 9052/10000 - train 0.001659 - val 0.041005
Epoch 9053/10000 - train 0.002098 - val 0.041260
Epoch 9054/10000 - train 0.002142 - val 0.041209
Epoch 9055/10000 - train 0.001792 - val 0.040466
Epoch 9056/10000 - train 0.002041 - val 0.041051
Epoch 9057/10000 - train 0.001996 - val 0.040464
Epoch 9058/10000 - train 0.001929 - val 0.040765
Epoch 9059/10000 - train 0.001520 - val 0.040924
Epoch 9060/10000 - train 0.001711 - val 0.040989
Epoch 9061/10000 - train 0.001622 - val 0.040813
Epoch 9062/10000 - train 0.001920 - val 0.041204
Epoch 9063/10000 - train 0.001635 - val 0.040346
Epoch 9064/10000 - train 0.001833 - val 0.041178
Epoch 9065/10000 - train 0.001711 - val 0.040981
Epoch 9066/10000 - train 0.002001 - val 0.040736
Epoch 9067/10000 - train 0.001621 - val 0.040660
Epoch 9068/10000 - train 0.001710 - val 0.040375
Epoch 9069/10000 - train 0.005820 - val 0.043470
Epoch 9070/10000 - train 0.004055 - val 0.041380
Epoch 9071/10000 - train 0.002194 - val 0.040398
Epoch 9072/10000 - train 0.001605 - val 0.040787
Epoch 9073/10000 - train 0.001478 - val 0.040309
Epoch 9074/10000 - train 0.001500 - val 0.040512
Epoch 9075/10000 - train 0.001409 - val 0.040200
Epoch 9076/10000 - train 0.001455 - val 0.040801
Epoch 9077/10000 - train 0.001721 - val 0.040432
Epoch 9078/10000 - train 0.001522 - val 0.040463
Epoch 9079/10000 - train 0.001809 - val 0.040475
Epoch 9080/10000 - train 0.001465 - val 0.040605
Epoch 9081/10000 - train 0.001493 - val 0.040746
Epoch 9082/10000 - train 0.001603 - val 0.040736
Epoch 9083/10000 - train 0.001581 - val 0.040943
Epoch 9084/10000 - train 0.001705 - val 0.040941
Epoch 9085/10000 - train 0.001719 - val 0.040589
Epoch 9086/10000 - train 0.001519 - val 0.041599
Epoch 9087/10000 - train 0.002122 - val 0.040807
Epoch 9088/10000 - train 0.001586 - val 0.040436
Epoch 9089/10000 - train 0.001621 - val 0.040520
Epoch 9090/10000 - train 0.001903 - val 0.043145
Epoch 9091/10000 - train 0.002089 - val 0.040749
Epoch 9092/10000 - train 0.001582 - val 0.040652
Epoch 9093/10000 - train 0.001733 - val 0.040761
Epoch 9094/10000 - train 0.001635 - val 0.040540
Epoch 9095/10000 - train 0.001626 - val 0.040917
Epoch 9096/10000 - train 0.002071 - val 0.040414
Epoch 9097/10000 - train 0.001895 - val 0.040765
Epoch 9098/10000 - train 0.001725 - val 0.041306
Epoch 9099/10000 - train 0.001744 - val 0.040642
Epoch 9100/10000 - train 0.015441 - val 0.057150
Epoch 9101/10000 - train 0.009859 - val 0.041588
Epoch 9102/10000 - train 0.003021 - val 0.040493
Epoch 9103/10000 - train 0.001866 - val 0.040250
Epoch 9104/10000 - train 0.001524 - val 0.040538
Epoch 9105/10000 - train 0.001414 - val 0.040373
Epoch 9106/10000 - train 0.001399 - val 0.040295
Epoch 9107/10000 - train 0.001357 - val 0.040186
Epoch 9108/10000 - train 0.001335 - val 0.040449
Epoch 9109/10000 - train 0.001376 - val 0.040369
Epoch 9110/10000 - train 0.001314 - val 0.040244
Epoch 9111/10000 - train 0.001354 - val 0.040454
Epoch 9112/10000 - train 0.001411 - val 0.040507
Epoch 9113/10000 - train 0.001443 - val 0.040902
Epoch 9114/10000 - train 0.001445 - val 0.040477
Epoch 9115/10000 - train 0.001430 - val 0.041843
Epoch 9116/10000 - train 0.001587 - val 0.040465
Epoch 9117/10000 - train 0.001402 - val 0.040931
Epoch 9118/10000 - train 0.001649 - val 0.040715
Epoch 9119/10000 - train 0.001477 - val 0.040969
Epoch 9120/10000 - train 0.001712 - val 0.040699
Epoch 9121/10000 - train 0.001473 - val 0.041296
Epoch 9122/10000 - train 0.001811 - val 0.040916
Epoch 9123/10000 - train 0.001856 - val 0.041227
Epoch 9124/10000 - train 0.001595 - val 0.040963
Epoch 9125/10000 - train 0.001429 - val 0.040731
Epoch 9126/10000 - train 0.001502 - val 0.040617
Epoch 9127/10000 - train 0.001596 - val 0.040857
Epoch 9128/10000 - train 0.001613 - val 0.040887
Epoch 9129/10000 - train 0.001544 - val 0.040870
Epoch 9130/10000 - train 0.001693 - val 0.040861
Epoch 9131/10000 - train 0.001677 - val 0.042302
Epoch 9132/10000 - train 0.001754 - val 0.040965
Epoch 9133/10000 - train 0.001609 - val 0.040656
Epoch 9134/10000 - train 0.001838 - val 0.040936
Epoch 9135/10000 - train 0.001581 - val 0.040918
Epoch 9136/10000 - train 0.002060 - val 0.041197
Epoch 9137/10000 - train 0.001716 - val 0.040559
Epoch 9138/10000 - train 0.001878 - val 0.041105
Epoch 9139/10000 - train 0.001766 - val 0.040591
Epoch 9140/10000 - train 0.001631 - val 0.041262
Epoch 9141/10000 - train 0.001769 - val 0.040807
Epoch 9142/10000 - train 0.001676 - val 0.041009
Epoch 9143/10000 - train 0.001807 - val 0.040539
Epoch 9144/10000 - train 0.002557 - val 0.041175
Epoch 9145/10000 - train 0.002144 - val 0.040796
Epoch 9146/10000 - train 0.001710 - val 0.040562
Epoch 9147/10000 - train 0.001674 - val 0.040545
Epoch 9148/10000 - train 0.001536 - val 0.040571
Epoch 9149/10000 - train 0.001707 - val 0.040569
Epoch 9150/10000 - train 0.001545 - val 0.040881
Epoch 9151/10000 - train 0.001792 - val 0.040808
Epoch 9152/10000 - train 0.001607 - val 0.040869
Epoch 9153/10000 - train 0.002715 - val 0.041082
Epoch 9154/10000 - train 0.002011 - val 0.041829
Epoch 9155/10000 - train 0.001805 - val 0.040455
Epoch 9156/10000 - train 0.001496 - val 0.040667
Epoch 9157/10000 - train 0.001506 - val 0.040726
Epoch 9158/10000 - train 0.001833 - val 0.041438
Epoch 9159/10000 - train 0.001661 - val 0.040466
Epoch 9160/10000 - train 0.001457 - val 0.040640
Epoch 9161/10000 - train 0.001994 - val 0.040882
Epoch 9162/10000 - train 0.016974 - val 0.046838
Epoch 9163/10000 - train 0.006122 - val 0.042080
Epoch 9164/10000 - train 0.002507 - val 0.040454
Epoch 9165/10000 - train 0.002039 - val 0.040576
Epoch 9166/10000 - train 0.001479 - val 0.040592
Epoch 9167/10000 - train 0.001399 - val 0.040463
Epoch 9168/10000 - train 0.001633 - val 0.040449
Epoch 9169/10000 - train 0.001386 - val 0.040266
Epoch 9170/10000 - train 0.001325 - val 0.040401
Epoch 9171/10000 - train 0.001528 - val 0.040661
Epoch 9172/10000 - train 0.001435 - val 0.040587
Epoch 9173/10000 - train 0.001317 - val 0.040458
Epoch 9174/10000 - train 0.001425 - val 0.040560
Epoch 9175/10000 - train 0.001386 - val 0.040461
Epoch 9176/10000 - train 0.001546 - val 0.040474
Epoch 9177/10000 - train 0.001491 - val 0.040772
Epoch 9178/10000 - train 0.001675 - val 0.040732
Epoch 9179/10000 - train 0.001421 - val 0.040608
Epoch 9180/10000 - train 0.001688 - val 0.040605
Epoch 9181/10000 - train 0.001488 - val 0.040540
Epoch 9182/10000 - train 0.001633 - val 0.040808
Epoch 9183/10000 - train 0.001443 - val 0.040874
Epoch 9184/10000 - train 0.001612 - val 0.041698
Epoch 9185/10000 - train 0.001575 - val 0.040609
Epoch 9186/10000 - train 0.001588 - val 0.040920
Epoch 9187/10000 - train 0.001524 - val 0.040519
Epoch 9188/10000 - train 0.001692 - val 0.040740
Epoch 9189/10000 - train 0.001492 - val 0.040690
Epoch 9190/10000 - train 0.001761 - val 0.040813
Epoch 9191/10000 - train 0.001487 - val 0.040742
Epoch 9192/10000 - train 0.001665 - val 0.041091
Epoch 9193/10000 - train 0.001615 - val 0.041206
Epoch 9194/10000 - train 0.001471 - val 0.040933
Epoch 9195/10000 - train 0.001920 - val 0.040976
Epoch 9196/10000 - train 0.001896 - val 0.041025
Epoch 9197/10000 - train 0.001674 - val 0.040751
Epoch 9198/10000 - train 0.002044 - val 0.040882
Epoch 9199/10000 - train 0.001658 - val 0.040697
Epoch 9200/10000 - train 0.001708 - val 0.040932
Epoch 9201/10000 - train 0.001700 - val 0.040940
Epoch 9202/10000 - train 0.002105 - val 0.042183
Epoch 9203/10000 - train 0.003542 - val 0.041377
Epoch 9204/10000 - train 0.002268 - val 0.041289
Epoch 9205/10000 - train 0.001692 - val 0.040781
Epoch 9206/10000 - train 0.001546 - val 0.041013
Epoch 9207/10000 - train 0.001638 - val 0.040393
Epoch 9208/10000 - train 0.001556 - val 0.040507
Epoch 9209/10000 - train 0.001425 - val 0.040604
Epoch 9210/10000 - train 0.001507 - val 0.040500
Epoch 9211/10000 - train 0.001757 - val 0.040808
Epoch 9212/10000 - train 0.001677 - val 0.040929
Epoch 9213/10000 - train 0.001696 - val 0.040783
Epoch 9214/10000 - train 0.002225 - val 0.040418
Epoch 9215/10000 - train 0.001594 - val 0.040885
Epoch 9216/10000 - train 0.001803 - val 0.040909
Epoch 9217/10000 - train 0.001594 - val 0.040675
Epoch 9218/10000 - train 0.001703 - val 0.040830
Epoch 9219/10000 - train 0.001620 - val 0.040708
Epoch 9220/10000 - train 0.001634 - val 0.041012
Epoch 9221/10000 - train 0.001732 - val 0.041159
Epoch 9222/10000 - train 0.019455 - val 0.047159
Epoch 9223/10000 - train 0.004781 - val 0.040447
Epoch 9224/10000 - train 0.002087 - val 0.040107
Epoch 9225/10000 - train 0.001601 - val 0.040048
Epoch 9226/10000 - train 0.001410 - val 0.040350
Epoch 9227/10000 - train 0.001383 - val 0.040220
Epoch 9228/10000 - train 0.001342 - val 0.040193
Epoch 9229/10000 - train 0.001522 - val 0.040287
Epoch 9230/10000 - train 0.001291 - val 0.040303
Epoch 9231/10000 - train 0.001304 - val 0.040316
Epoch 9232/10000 - train 0.001519 - val 0.040701
Epoch 9233/10000 - train 0.001396 - val 0.040714
Epoch 9234/10000 - train 0.001581 - val 0.040599
Epoch 9235/10000 - train 0.001384 - val 0.040390
Epoch 9236/10000 - train 0.001617 - val 0.040850
Epoch 9237/10000 - train 0.001415 - val 0.040527
Epoch 9238/10000 - train 0.001474 - val 0.040703
Epoch 9239/10000 - train 0.001712 - val 0.040505
Epoch 9240/10000 - train 0.001374 - val 0.040687
Epoch 9241/10000 - train 0.001680 - val 0.040476
Epoch 9242/10000 - train 0.001423 - val 0.040630
Epoch 9243/10000 - train 0.001622 - val 0.040599
Epoch 9244/10000 - train 0.001512 - val 0.040739
Epoch 9245/10000 - train 0.001874 - val 0.041069
Epoch 9246/10000 - train 0.001488 - val 0.040718
Epoch 9247/10000 - train 0.001535 - val 0.040505
Epoch 9248/10000 - train 0.001633 - val 0.040648
Epoch 9249/10000 - train 0.001385 - val 0.040901
Epoch 9250/10000 - train 0.001786 - val 0.041062
Epoch 9251/10000 - train 0.001543 - val 0.040715
Epoch 9252/10000 - train 0.001728 - val 0.041047
Epoch 9253/10000 - train 0.001657 - val 0.040910
Epoch 9254/10000 - train 0.001861 - val 0.040864
Epoch 9255/10000 - train 0.001480 - val 0.040509
Epoch 9256/10000 - train 0.001707 - val 0.040858
Epoch 9257/10000 - train 0.001504 - val 0.041183
Epoch 9258/10000 - train 0.001843 - val 0.040798
Epoch 9259/10000 - train 0.017190 - val 0.053715
Epoch 9260/10000 - train 0.013280 - val 0.042432
Epoch 9261/10000 - train 0.003907 - val 0.041754
Epoch 9262/10000 - train 0.002508 - val 0.040550
Epoch 9263/10000 - train 0.001761 - val 0.040479
Epoch 9264/10000 - train 0.001598 - val 0.040592
Epoch 9265/10000 - train 0.001497 - val 0.040347
Epoch 9266/10000 - train 0.001442 - val 0.040290
Epoch 9267/10000 - train 0.001400 - val 0.040354
Epoch 9268/10000 - train 0.001439 - val 0.040418
Epoch 9269/10000 - train 0.001446 - val 0.041126
Epoch 9270/10000 - train 0.001454 - val 0.040424
Epoch 9271/10000 - train 0.001371 - val 0.040455
Epoch 9272/10000 - train 0.001697 - val 0.040385
Epoch 9273/10000 - train 0.001351 - val 0.040404
Epoch 9274/10000 - train 0.001393 - val 0.040396
Epoch 9275/10000 - train 0.001756 - val 0.040522
Epoch 9276/10000 - train 0.001414 - val 0.040606
Epoch 9277/10000 - train 0.001498 - val 0.040369
Epoch 9278/10000 - train 0.001694 - val 0.040958
Epoch 9279/10000 - train 0.001523 - val 0.040492
Epoch 9280/10000 - train 0.001525 - val 0.040477
Epoch 9281/10000 - train 0.001456 - val 0.040545
Epoch 9282/10000 - train 0.001780 - val 0.040742
Epoch 9283/10000 - train 0.001550 - val 0.040623
Epoch 9284/10000 - train 0.001434 - val 0.040563
Epoch 9285/10000 - train 0.001518 - val 0.040459
Epoch 9286/10000 - train 0.001799 - val 0.040214
Epoch 9287/10000 - train 0.001508 - val 0.040602
Epoch 9288/10000 - train 0.001721 - val 0.040562
Epoch 9289/10000 - train 0.001543 - val 0.040774
Epoch 9290/10000 - train 0.001491 - val 0.041016
Epoch 9291/10000 - train 0.001832 - val 0.040685
Epoch 9292/10000 - train 0.001543 - val 0.040431
Epoch 9293/10000 - train 0.001752 - val 0.040622
Epoch 9294/10000 - train 0.001540 - val 0.040596
Epoch 9295/10000 - train 0.001633 - val 0.041342
Epoch 9296/10000 - train 0.001721 - val 0.040683
Epoch 9297/10000 - train 0.001758 - val 0.041112
Epoch 9298/10000 - train 0.001536 - val 0.041017
Epoch 9299/10000 - train 0.001668 - val 0.041156
Epoch 9300/10000 - train 0.002014 - val 0.040790
Epoch 9301/10000 - train 0.001760 - val 0.040663
Epoch 9302/10000 - train 0.001693 - val 0.040720
Epoch 9303/10000 - train 0.001700 - val 0.041070
Epoch 9304/10000 - train 0.001889 - val 0.041038
Epoch 9305/10000 - train 0.001802 - val 0.040814
Epoch 9306/10000 - train 0.001715 - val 0.040821
Epoch 9307/10000 - train 0.006885 - val 0.042860
Epoch 9308/10000 - train 0.004006 - val 0.041738
Epoch 9309/10000 - train 0.002311 - val 0.040779
Epoch 9310/10000 - train 0.001623 - val 0.040332
Epoch 9311/10000 - train 0.001458 - val 0.040493
Epoch 9312/10000 - train 0.001386 - val 0.040920
Epoch 9313/10000 - train 0.001768 - val 0.040813
Epoch 9314/10000 - train 0.001420 - val 0.040644
Epoch 9315/10000 - train 0.001362 - val 0.040405
Epoch 9316/10000 - train 0.001372 - val 0.040551
Epoch 9317/10000 - train 0.001714 - val 0.040402
Epoch 9318/10000 - train 0.001451 - val 0.040040
Epoch 9319/10000 - train 0.001450 - val 0.040270
Epoch 9320/10000 - train 0.001700 - val 0.040614
Epoch 9321/10000 - train 0.001512 - val 0.040501
Epoch 9322/10000 - train 0.001742 - val 0.040792
Epoch 9323/10000 - train 0.001515 - val 0.040669
Epoch 9324/10000 - train 0.001607 - val 0.040995
Epoch 9325/10000 - train 0.001781 - val 0.041258
Epoch 9326/10000 - train 0.001660 - val 0.040384
Epoch 9327/10000 - train 0.001774 - val 0.041227
Epoch 9328/10000 - train 0.001647 - val 0.040500
Epoch 9329/10000 - train 0.001456 - val 0.041153
Epoch 9330/10000 - train 0.001902 - val 0.040994
Epoch 9331/10000 - train 0.001543 - val 0.040848
Epoch 9332/10000 - train 0.001984 - val 0.041280
Epoch 9333/10000 - train 0.001695 - val 0.040595
Epoch 9334/10000 - train 0.002244 - val 0.041217
Epoch 9335/10000 - train 0.001684 - val 0.040739
Epoch 9336/10000 - train 0.001749 - val 0.040875
Epoch 9337/10000 - train 0.001685 - val 0.042251
Epoch 9338/10000 - train 0.002837 - val 0.040802
Epoch 9339/10000 - train 0.001696 - val 0.040525
Epoch 9340/10000 - train 0.001837 - val 0.040990
Epoch 9341/10000 - train 0.001770 - val 0.040339
Epoch 9342/10000 - train 0.001687 - val 0.040507
Epoch 9343/10000 - train 0.001554 - val 0.040234
Epoch 9344/10000 - train 0.001556 - val 0.040499
Epoch 9345/10000 - train 0.005062 - val 0.042840
Epoch 9346/10000 - train 0.003796 - val 0.041073
Epoch 9347/10000 - train 0.002005 - val 0.040139
Epoch 9348/10000 - train 0.001734 - val 0.040748
Epoch 9349/10000 - train 0.001563 - val 0.040354
Epoch 9350/10000 - train 0.001581 - val 0.040257
Epoch 9351/10000 - train 0.001399 - val 0.040764
Epoch 9352/10000 - train 0.001621 - val 0.040348
Epoch 9353/10000 - train 0.001584 - val 0.040820
Epoch 9354/10000 - train 0.001515 - val 0.040585
Epoch 9355/10000 - train 0.001559 - val 0.042565
Epoch 9356/10000 - train 0.001687 - val 0.040733
Epoch 9357/10000 - train 0.001549 - val 0.040715
Epoch 9358/10000 - train 0.001482 - val 0.040512
Epoch 9359/10000 - train 0.001901 - val 0.040782
Epoch 9360/10000 - train 0.001525 - val 0.040614
Epoch 9361/10000 - train 0.001522 - val 0.040506
Epoch 9362/10000 - train 0.001509 - val 0.040758
Epoch 9363/10000 - train 0.001814 - val 0.040729
Epoch 9364/10000 - train 0.001498 - val 0.040892
Epoch 9365/10000 - train 0.001860 - val 0.041014
Epoch 9366/10000 - train 0.001606 - val 0.040463
Epoch 9367/10000 - train 0.001988 - val 0.040467
Epoch 9368/10000 - train 0.001767 - val 0.040506
Epoch 9369/10000 - train 0.001869 - val 0.040448
Epoch 9370/10000 - train 0.001586 - val 0.041319
Epoch 9371/10000 - train 0.001917 - val 0.041092
Epoch 9372/10000 - train 0.001662 - val 0.040801
Epoch 9373/10000 - train 0.001707 - val 0.040983
Epoch 9374/10000 - train 0.001779 - val 0.040976
Epoch 9375/10000 - train 0.001543 - val 0.040805
Epoch 9376/10000 - train 0.002186 - val 0.040984
Epoch 9377/10000 - train 0.001954 - val 0.042454
Epoch 9378/10000 - train 0.002109 - val 0.040664
Epoch 9379/10000 - train 0.001770 - val 0.041671
Epoch 9380/10000 - train 0.001643 - val 0.040682
Epoch 9381/10000 - train 0.001500 - val 0.041611
Epoch 9382/10000 - train 0.001713 - val 0.040295
Epoch 9383/10000 - train 0.001597 - val 0.040460
Epoch 9384/10000 - train 0.001854 - val 0.040483
Epoch 9385/10000 - train 0.035350 - val 0.052860
Epoch 9386/10000 - train 0.010192 - val 0.042964
Epoch 9387/10000 - train 0.003647 - val 0.040983
Epoch 9388/10000 - train 0.002269 - val 0.040766
Epoch 9389/10000 - train 0.001865 - val 0.040574
Epoch 9390/10000 - train 0.001676 - val 0.040522
Epoch 9391/10000 - train 0.001550 - val 0.040439
Epoch 9392/10000 - train 0.001486 - val 0.040386
Epoch 9393/10000 - train 0.001428 - val 0.040439
Epoch 9394/10000 - train 0.001434 - val 0.040523
Epoch 9395/10000 - train 0.001421 - val 0.040430
Epoch 9396/10000 - train 0.001402 - val 0.040539
Epoch 9397/10000 - train 0.001443 - val 0.040436
Epoch 9398/10000 - train 0.001422 - val 0.040549
Epoch 9399/10000 - train 0.001435 - val 0.040710
Epoch 9400/10000 - train 0.001440 - val 0.040794
Epoch 9401/10000 - train 0.001489 - val 0.040555
Epoch 9402/10000 - train 0.001504 - val 0.041233
Epoch 9403/10000 - train 0.001551 - val 0.040748
Epoch 9404/10000 - train 0.001532 - val 0.041024
Epoch 9405/10000 - train 0.001580 - val 0.040374
Epoch 9406/10000 - train 0.001815 - val 0.040577
Epoch 9407/10000 - train 0.001480 - val 0.040594
Epoch 9408/10000 - train 0.001535 - val 0.041005
Epoch 9409/10000 - train 0.001729 - val 0.040685
Epoch 9410/10000 - train 0.001436 - val 0.040519
Epoch 9411/10000 - train 0.001752 - val 0.040694
Epoch 9412/10000 - train 0.001440 - val 0.040652
Epoch 9413/10000 - train 0.001768 - val 0.040616
Epoch 9414/10000 - train 0.001551 - val 0.040596
Epoch 9415/10000 - train 0.002200 - val 0.041055
Epoch 9416/10000 - train 0.001562 - val 0.040884
Epoch 9417/10000 - train 0.001593 - val 0.041066
Epoch 9418/10000 - train 0.001523 - val 0.040698
Epoch 9419/10000 - train 0.001677 - val 0.041085
Epoch 9420/10000 - train 0.001586 - val 0.040979
Epoch 9421/10000 - train 0.001667 - val 0.040466
Epoch 9422/10000 - train 0.001552 - val 0.041774
Epoch 9423/10000 - train 0.001841 - val 0.041447
Epoch 9424/10000 - train 0.002195 - val 0.040739
Epoch 9425/10000 - train 0.001809 - val 0.040770
Epoch 9426/10000 - train 0.001594 - val 0.040853
Epoch 9427/10000 - train 0.001817 - val 0.040671
Epoch 9428/10000 - train 0.001480 - val 0.040623
Epoch 9429/10000 - train 0.001723 - val 0.041086
Epoch 9430/10000 - train 0.001938 - val 0.040815
Epoch 9431/10000 - train 0.001870 - val 0.041514
Epoch 9432/10000 - train 0.001901 - val 0.040487
Epoch 9433/10000 - train 0.001914 - val 0.040817
Epoch 9434/10000 - train 0.001578 - val 0.041076
Epoch 9435/10000 - train 0.001663 - val 0.041439
Epoch 9436/10000 - train 0.002024 - val 0.041138
Epoch 9437/10000 - train 0.020522 - val 0.048595
Epoch 9438/10000 - train 0.005941 - val 0.042458
Epoch 9439/10000 - train 0.002545 - val 0.040660
Epoch 9440/10000 - train 0.001698 - val 0.040645
Epoch 9441/10000 - train 0.001462 - val 0.040543
Epoch 9442/10000 - train 0.001582 - val 0.040577
Epoch 9443/10000 - train 0.001380 - val 0.040362
Epoch 9444/10000 - train 0.001361 - val 0.040544
Epoch 9445/10000 - train 0.001472 - val 0.040371
Epoch 9446/10000 - train 0.001300 - val 0.040497
Epoch 9447/10000 - train 0.001495 - val 0.040468
Epoch 9448/10000 - train 0.001318 - val 0.040282
Epoch 9449/10000 - train 0.001584 - val 0.040919
Epoch 9450/10000 - train 0.001408 - val 0.040457
Epoch 9451/10000 - train 0.001383 - val 0.040386
Epoch 9452/10000 - train 0.001516 - val 0.041233
Epoch 9453/10000 - train 0.001515 - val 0.040379
Epoch 9454/10000 - train 0.001423 - val 0.040706
Epoch 9455/10000 - train 0.001579 - val 0.040670
Epoch 9456/10000 - train 0.001614 - val 0.041176
Epoch 9457/10000 - train 0.001605 - val 0.040490
Epoch 9458/10000 - train 0.001512 - val 0.041284
Epoch 9459/10000 - train 0.001660 - val 0.040683
Epoch 9460/10000 - train 0.001562 - val 0.041732
Epoch 9461/10000 - train 0.001565 - val 0.040645
Epoch 9462/10000 - train 0.001643 - val 0.040518
Epoch 9463/10000 - train 0.001434 - val 0.040997
Epoch 9464/10000 - train 0.001712 - val 0.040831
Epoch 9465/10000 - train 0.001833 - val 0.040959
Epoch 9466/10000 - train 0.001524 - val 0.040484
Epoch 9467/10000 - train 0.001498 - val 0.040491
Epoch 9468/10000 - train 0.001748 - val 0.040685
Epoch 9469/10000 - train 0.001619 - val 0.040842
Epoch 9470/10000 - train 0.001592 - val 0.040620
Epoch 9471/10000 - train 0.001451 - val 0.040689
Epoch 9472/10000 - train 0.001867 - val 0.040680
Epoch 9473/10000 - train 0.001519 - val 0.041060
Epoch 9474/10000 - train 0.001862 - val 0.040884
Epoch 9475/10000 - train 0.001505 - val 0.040790
Epoch 9476/10000 - train 0.001604 - val 0.040577
Epoch 9477/10000 - train 0.001886 - val 0.041585
Epoch 9478/10000 - train 0.001603 - val 0.040896
Epoch 9479/10000 - train 0.001885 - val 0.040924
Epoch 9480/10000 - train 0.001642 - val 0.040884
Epoch 9481/10000 - train 0.001550 - val 0.040546
Epoch 9482/10000 - train 0.001790 - val 0.041080
Epoch 9483/10000 - train 0.001656 - val 0.041045
Epoch 9484/10000 - train 0.002085 - val 0.041491
Epoch 9485/10000 - train 0.002427 - val 0.040808
Epoch 9486/10000 - train 0.001828 - val 0.040646
Epoch 9487/10000 - train 0.001650 - val 0.041029
Epoch 9488/10000 - train 0.001847 - val 0.041267
Epoch 9489/10000 - train 0.001879 - val 0.040350
Epoch 9490/10000 - train 0.001470 - val 0.040813
Epoch 9491/10000 - train 0.001799 - val 0.040410
Epoch 9492/10000 - train 0.001624 - val 0.041170
Epoch 9493/10000 - train 0.001541 - val 0.040532
Epoch 9494/10000 - train 0.002622 - val 0.042281
Epoch 9495/10000 - train 0.002117 - val 0.041392
Epoch 9496/10000 - train 0.001879 - val 0.041159
Epoch 9497/10000 - train 0.001664 - val 0.042620
Epoch 9498/10000 - train 0.001926 - val 0.040696
Epoch 9499/10000 - train 0.001595 - val 0.040490
Epoch 9500/10000 - train 0.001709 - val 0.041687
Epoch 9501/10000 - train 0.001649 - val 0.040382
Epoch 9502/10000 - train 0.001761 - val 0.040888
Epoch 9503/10000 - train 0.001779 - val 0.040222
Epoch 9504/10000 - train 0.001765 - val 0.042173
Epoch 9505/10000 - train 0.001857 - val 0.040415
Epoch 9506/10000 - train 0.001424 - val 0.040342
Epoch 9507/10000 - train 0.001727 - val 0.040657
Epoch 9508/10000 - train 0.001647 - val 0.041774
Epoch 9509/10000 - train 0.019148 - val 0.045232
Epoch 9510/10000 - train 0.004622 - val 0.040819
Epoch 9511/10000 - train 0.002113 - val 0.040123
Epoch 9512/10000 - train 0.001703 - val 0.040291
Epoch 9513/10000 - train 0.001391 - val 0.040289
Epoch 9514/10000 - train 0.001408 - val 0.040330
Epoch 9515/10000 - train 0.001347 - val 0.040092
Epoch 9516/10000 - train 0.001612 - val 0.040549
Epoch 9517/10000 - train 0.001327 - val 0.040769
Epoch 9518/10000 - train 0.001412 - val 0.040430
Epoch 9519/10000 - train 0.001284 - val 0.040623
Epoch 9520/10000 - train 0.001531 - val 0.040505
Epoch 9521/10000 - train 0.001270 - val 0.040647
Epoch 9522/10000 - train 0.001545 - val 0.040926
Epoch 9523/10000 - train 0.001442 - val 0.040338
Epoch 9524/10000 - train 0.001435 - val 0.040392
Epoch 9525/10000 - train 0.001348 - val 0.040711
Epoch 9526/10000 - train 0.001570 - val 0.040461
Epoch 9527/10000 - train 0.001406 - val 0.041893
Epoch 9528/10000 - train 0.001767 - val 0.040721
Epoch 9529/10000 - train 0.001468 - val 0.040391
Epoch 9530/10000 - train 0.001694 - val 0.040835
Epoch 9531/10000 - train 0.001466 - val 0.040542
Epoch 9532/10000 - train 0.001770 - val 0.040940
Epoch 9533/10000 - train 0.001495 - val 0.040573
Epoch 9534/10000 - train 0.001519 - val 0.040561
Epoch 9535/10000 - train 0.001546 - val 0.041317
Epoch 9536/10000 - train 0.001578 - val 0.040617
Epoch 9537/10000 - train 0.001607 - val 0.040845
Epoch 9538/10000 - train 0.001538 - val 0.040990
Epoch 9539/10000 - train 0.001691 - val 0.040578
Epoch 9540/10000 - train 0.001731 - val 0.040675
Epoch 9541/10000 - train 0.001486 - val 0.040496
Epoch 9542/10000 - train 0.001906 - val 0.041586
Epoch 9543/10000 - train 0.001691 - val 0.040566
Epoch 9544/10000 - train 0.001563 - val 0.041180
Epoch 9545/10000 - train 0.015909 - val 0.046316
Epoch 9546/10000 - train 0.004780 - val 0.040655
Epoch 9547/10000 - train 0.002932 - val 0.040229
Epoch 9548/10000 - train 0.001674 - val 0.040275
Epoch 9549/10000 - train 0.001446 - val 0.040221
Epoch 9550/10000 - train 0.001352 - val 0.040081
Epoch 9551/10000 - train 0.001313 - val 0.040436
Epoch 9552/10000 - train 0.001312 - val 0.040602
Epoch 9553/10000 - train 0.001500 - val 0.040302
Epoch 9554/10000 - train 0.001314 - val 0.040367
Epoch 9555/10000 - train 0.001472 - val 0.040568
Epoch 9556/10000 - train 0.001353 - val 0.040447
Epoch 9557/10000 - train 0.001531 - val 0.040467
Epoch 9558/10000 - train 0.001385 - val 0.040418
Epoch 9559/10000 - train 0.001598 - val 0.040641
Epoch 9560/10000 - train 0.001460 - val 0.040488
Epoch 9561/10000 - train 0.001450 - val 0.040435
Epoch 9562/10000 - train 0.001575 - val 0.040584
Epoch 9563/10000 - train 0.001464 - val 0.040474
Epoch 9564/10000 - train 0.001966 - val 0.040716
Epoch 9565/10000 - train 0.001507 - val 0.041052
Epoch 9566/10000 - train 0.001485 - val 0.040379
Epoch 9567/10000 - train 0.001707 - val 0.041390
Epoch 9568/10000 - train 0.001584 - val 0.040279
Epoch 9569/10000 - train 0.001480 - val 0.040943
Epoch 9570/10000 - train 0.001672 - val 0.040773
Epoch 9571/10000 - train 0.001568 - val 0.040833
Epoch 9572/10000 - train 0.001666 - val 0.040528
Epoch 9573/10000 - train 0.001487 - val 0.040498
Epoch 9574/10000 - train 0.001633 - val 0.040568
Epoch 9575/10000 - train 0.001481 - val 0.041248
Epoch 9576/10000 - train 0.001880 - val 0.040890
Epoch 9577/10000 - train 0.001562 - val 0.041012
Epoch 9578/10000 - train 0.001895 - val 0.040444
Epoch 9579/10000 - train 0.001656 - val 0.040836
Epoch 9580/10000 - train 0.001514 - val 0.040621
Epoch 9581/10000 - train 0.001847 - val 0.040712
Epoch 9582/10000 - train 0.001563 - val 0.040614
Epoch 9583/10000 - train 0.001774 - val 0.040671
Epoch 9584/10000 - train 0.001503 - val 0.040603
Epoch 9585/10000 - train 0.002101 - val 0.040964
Epoch 9586/10000 - train 0.002287 - val 0.040854
Epoch 9587/10000 - train 0.001983 - val 0.041002
Epoch 9588/10000 - train 0.002092 - val 0.040534
Epoch 9589/10000 - train 0.001621 - val 0.040393
Epoch 9590/10000 - train 0.001784 - val 0.040741
Epoch 9591/10000 - train 0.001528 - val 0.040378
Epoch 9592/10000 - train 0.001529 - val 0.040739
Epoch 9593/10000 - train 0.001679 - val 0.040749
Epoch 9594/10000 - train 0.001733 - val 0.040304
Epoch 9595/10000 - train 0.001937 - val 0.040763
Epoch 9596/10000 - train 0.001686 - val 0.040451
Epoch 9597/10000 - train 0.001647 - val 0.040744
Epoch 9598/10000 - train 0.001754 - val 0.040442
Epoch 9599/10000 - train 0.001997 - val 0.040564
Epoch 9600/10000 - train 0.001486 - val 0.040462
Epoch 9601/10000 - train 0.001599 - val 0.041162
Epoch 9602/10000 - train 0.002124 - val 0.041225
Epoch 9603/10000 - train 0.035261 - val 0.052166
Epoch 9604/10000 - train 0.015206 - val 0.044214
Epoch 9605/10000 - train 0.006075 - val 0.041556
Epoch 9606/10000 - train 0.003514 - val 0.041577
Epoch 9607/10000 - train 0.002832 - val 0.040602
Epoch 9608/10000 - train 0.002492 - val 0.041156
Epoch 9609/10000 - train 0.002171 - val 0.040820
Epoch 9610/10000 - train 0.002041 - val 0.041125
Epoch 9611/10000 - train 0.001922 - val 0.040782
Epoch 9612/10000 - train 0.001922 - val 0.041056
Epoch 9613/10000 - train 0.001784 - val 0.040610
Epoch 9614/10000 - train 0.001757 - val 0.040465
Epoch 9615/10000 - train 0.001702 - val 0.040548
Epoch 9616/10000 - train 0.001725 - val 0.040606
Epoch 9617/10000 - train 0.001718 - val 0.040721
Epoch 9618/10000 - train 0.001704 - val 0.040722
Epoch 9619/10000 - train 0.001625 - val 0.041008
Epoch 9620/10000 - train 0.001726 - val 0.040832
Epoch 9621/10000 - train 0.001712 - val 0.041155
Epoch 9622/10000 - train 0.001830 - val 0.040822
Epoch 9623/10000 - train 0.001704 - val 0.040895
Epoch 9624/10000 - train 0.001683 - val 0.041121
Epoch 9625/10000 - train 0.001678 - val 0.041176
Epoch 9626/10000 - train 0.001868 - val 0.041174
Epoch 9627/10000 - train 0.001728 - val 0.040975
Epoch 9628/10000 - train 0.001984 - val 0.041028
Epoch 9629/10000 - train 0.001639 - val 0.040735
Epoch 9630/10000 - train 0.001816 - val 0.041175
Epoch 9631/10000 - train 0.001933 - val 0.041187
Epoch 9632/10000 - train 0.001731 - val 0.041891
Epoch 9633/10000 - train 0.001851 - val 0.041177
Epoch 9634/10000 - train 0.001928 - val 0.041072
Epoch 9635/10000 - train 0.001801 - val 0.040917
Epoch 9636/10000 - train 0.001683 - val 0.040800
Epoch 9637/10000 - train 0.002010 - val 0.041101
Epoch 9638/10000 - train 0.001951 - val 0.041039
Epoch 9639/10000 - train 0.002020 - val 0.041240
Epoch 9640/10000 - train 0.001761 - val 0.041063
Epoch 9641/10000 - train 0.002121 - val 0.041762
Epoch 9642/10000 - train 0.002193 - val 0.041284
Epoch 9643/10000 - train 0.002001 - val 0.040513
Epoch 9644/10000 - train 0.001762 - val 0.041377
Epoch 9645/10000 - train 0.001725 - val 0.040601
Epoch 9646/10000 - train 0.001851 - val 0.042241
Epoch 9647/10000 - train 0.002053 - val 0.040809
Epoch 9648/10000 - train 0.001747 - val 0.040567
Epoch 9649/10000 - train 0.002005 - val 0.040974
Epoch 9650/10000 - train 0.001851 - val 0.040989
Epoch 9651/10000 - train 0.001750 - val 0.041132
Epoch 9652/10000 - train 0.002262 - val 0.042550
Epoch 9653/10000 - train 0.001920 - val 0.040807
Epoch 9654/10000 - train 0.001808 - val 0.041323
Epoch 9655/10000 - train 0.001756 - val 0.041255
Epoch 9656/10000 - train 0.001976 - val 0.040740
Epoch 9657/10000 - train 0.001671 - val 0.041510
Epoch 9658/10000 - train 0.001960 - val 0.041583
Epoch 9659/10000 - train 0.001900 - val 0.040946
Epoch 9660/10000 - train 0.001747 - val 0.040620
Epoch 9661/10000 - train 0.001742 - val 0.041636
Epoch 9662/10000 - train 0.002226 - val 0.040966
Epoch 9663/10000 - train 0.002160 - val 0.041159
Epoch 9664/10000 - train 0.001891 - val 0.041024
Epoch 9665/10000 - train 0.001848 - val 0.041107
Epoch 9666/10000 - train 0.001793 - val 0.040676
Epoch 9667/10000 - train 0.002386 - val 0.042034
Epoch 9668/10000 - train 0.002423 - val 0.041361
Epoch 9669/10000 - train 0.002178 - val 0.041214
Epoch 9670/10000 - train 0.001719 - val 0.040658
Epoch 9671/10000 - train 0.001587 - val 0.040730
Epoch 9672/10000 - train 0.001575 - val 0.040743
Epoch 9673/10000 - train 0.002014 - val 0.041024
Epoch 9674/10000 - train 0.001734 - val 0.040869
Epoch 9675/10000 - train 0.001784 - val 0.041666
Epoch 9676/10000 - train 0.002029 - val 0.040730
Epoch 9677/10000 - train 0.001878 - val 0.040997
Epoch 9678/10000 - train 0.001652 - val 0.040930
Epoch 9679/10000 - train 0.001706 - val 0.041510
Epoch 9680/10000 - train 0.001807 - val 0.041168
Epoch 9681/10000 - train 0.001885 - val 0.040729
Epoch 9682/10000 - train 0.002880 - val 0.041607
Epoch 9683/10000 - train 0.002289 - val 0.041396
Epoch 9684/10000 - train 0.001760 - val 0.040997
Epoch 9685/10000 - train 0.001679 - val 0.040974
Epoch 9686/10000 - train 0.001715 - val 0.041922
Epoch 9687/10000 - train 0.001684 - val 0.040769
Epoch 9688/10000 - train 0.001760 - val 0.041232
Epoch 9689/10000 - train 0.002008 - val 0.041576
Epoch 9690/10000 - train 0.002154 - val 0.040672
Epoch 9691/10000 - train 0.001787 - val 0.041214
Epoch 9692/10000 - train 0.001857 - val 0.040880
Epoch 9693/10000 - train 0.001530 - val 0.040915
Epoch 9694/10000 - train 0.001836 - val 0.041194
Epoch 9695/10000 - train 0.001767 - val 0.041845
Epoch 9696/10000 - train 0.001870 - val 0.041465
Epoch 9697/10000 - train 0.001863 - val 0.040956
Epoch 9698/10000 - train 0.002120 - val 0.042972
Epoch 9699/10000 - train 0.002438 - val 0.041222
Epoch 9700/10000 - train 0.001925 - val 0.041161
Epoch 9701/10000 - train 0.001659 - val 0.040648
Epoch 9702/10000 - train 0.001786 - val 0.040862
Epoch 9703/10000 - train 0.001761 - val 0.040909
Epoch 9704/10000 - train 0.001854 - val 0.040856
Epoch 9705/10000 - train 0.001877 - val 0.041753
Epoch 9706/10000 - train 0.001927 - val 0.040764
Epoch 9707/10000 - train 0.001682 - val 0.040879
Epoch 9708/10000 - train 0.005831 - val 0.044089
Epoch 9709/10000 - train 0.003436 - val 0.041067
Epoch 9710/10000 - train 0.002246 - val 0.040205
Epoch 9711/10000 - train 0.001692 - val 0.040502
Epoch 9712/10000 - train 0.001445 - val 0.040275
Epoch 9713/10000 - train 0.001557 - val 0.040507
Epoch 9714/10000 - train 0.001411 - val 0.040385
Epoch 9715/10000 - train 0.001620 - val 0.040365
Epoch 9716/10000 - train 0.001484 - val 0.040477
Epoch 9717/10000 - train 0.001736 - val 0.040811
Epoch 9718/10000 - train 0.001512 - val 0.040606
Epoch 9719/10000 - train 0.001477 - val 0.040978
Epoch 9720/10000 - train 0.001788 - val 0.040721
Epoch 9721/10000 - train 0.001627 - val 0.040943
Epoch 9722/10000 - train 0.001674 - val 0.041553
Epoch 9723/10000 - train 0.001941 - val 0.040562
Epoch 9724/10000 - train 0.001647 - val 0.040570
Epoch 9725/10000 - train 0.001540 - val 0.040733
Epoch 9726/10000 - train 0.001812 - val 0.041031
Epoch 9727/10000 - train 0.001876 - val 0.040703
Epoch 9728/10000 - train 0.001840 - val 0.041040
Epoch 9729/10000 - train 0.001658 - val 0.041446
Epoch 9730/10000 - train 0.001861 - val 0.041158
Epoch 9731/10000 - train 0.002016 - val 0.040632
Epoch 9732/10000 - train 0.001805 - val 0.040622
Epoch 9733/10000 - train 0.001659 - val 0.041025
Epoch 9734/10000 - train 0.001867 - val 0.040929
Epoch 9735/10000 - train 0.001924 - val 0.040752
Epoch 9736/10000 - train 0.004217 - val 0.043792
Epoch 9737/10000 - train 0.003177 - val 0.040580
Epoch 9738/10000 - train 0.002045 - val 0.040181
Epoch 9739/10000 - train 0.001696 - val 0.040555
Epoch 9740/10000 - train 0.001568 - val 0.041055
Epoch 9741/10000 - train 0.001787 - val 0.040007
Epoch 9742/10000 - train 0.001421 - val 0.040649
Epoch 9743/10000 - train 0.001673 - val 0.040591
Epoch 9744/10000 - train 0.001491 - val 0.040236
Epoch 9745/10000 - train 0.001534 - val 0.040684
Epoch 9746/10000 - train 0.001923 - val 0.040633
Epoch 9747/10000 - train 0.001718 - val 0.040641
Epoch 9748/10000 - train 0.001631 - val 0.040650
Epoch 9749/10000 - train 0.001890 - val 0.041012
Epoch 9750/10000 - train 0.001798 - val 0.040891
Epoch 9751/10000 - train 0.001968 - val 0.041564
Epoch 9752/10000 - train 0.001714 - val 0.040425
Epoch 9753/10000 - train 0.001821 - val 0.041726
Epoch 9754/10000 - train 0.001805 - val 0.040379
Epoch 9755/10000 - train 0.001999 - val 0.040737
Epoch 9756/10000 - train 0.001679 - val 0.040843
Epoch 9757/10000 - train 0.001943 - val 0.041209
Epoch 9758/10000 - train 0.001770 - val 0.040419
Epoch 9759/10000 - train 0.001657 - val 0.041136
Epoch 9760/10000 - train 0.001821 - val 0.040595
Epoch 9761/10000 - train 0.002047 - val 0.040844
Epoch 9762/10000 - train 0.001568 - val 0.041025
Epoch 9763/10000 - train 0.001714 - val 0.041242
Epoch 9764/10000 - train 0.001955 - val 0.041027
Epoch 9765/10000 - train 0.001778 - val 0.040982
Epoch 9766/10000 - train 0.001724 - val 0.041161
Epoch 9767/10000 - train 0.001887 - val 0.040157
Epoch 9768/10000 - train 0.001704 - val 0.040733
Epoch 9769/10000 - train 0.002378 - val 0.041872
Epoch 9770/10000 - train 0.001847 - val 0.040932
Epoch 9771/10000 - train 0.002267 - val 0.042651
Epoch 9772/10000 - train 0.002164 - val 0.041288
Epoch 9773/10000 - train 0.001947 - val 0.040997
Epoch 9774/10000 - train 0.001573 - val 0.040927
Epoch 9775/10000 - train 0.001743 - val 0.040421
Epoch 9776/10000 - train 0.001551 - val 0.041962
Epoch 9777/10000 - train 0.001791 - val 0.040427
Epoch 9778/10000 - train 0.001485 - val 0.040948
Epoch 9779/10000 - train 0.002020 - val 0.041389
Epoch 9780/10000 - train 0.001733 - val 0.042849
Epoch 9781/10000 - train 0.012571 - val 0.041213
Epoch 9782/10000 - train 0.003807 - val 0.040920
Epoch 9783/10000 - train 0.001930 - val 0.040055
Epoch 9784/10000 - train 0.001514 - val 0.040479
Epoch 9785/10000 - train 0.001421 - val 0.040345
Epoch 9786/10000 - train 0.001339 - val 0.040372
Epoch 9787/10000 - train 0.001286 - val 0.040255
Epoch 9788/10000 - train 0.001474 - val 0.040229
Epoch 9789/10000 - train 0.001328 - val 0.040432
Epoch 9790/10000 - train 0.001311 - val 0.040671
Epoch 9791/10000 - train 0.001467 - val 0.040632
Epoch 9792/10000 - train 0.001445 - val 0.040607
Epoch 9793/10000 - train 0.001659 - val 0.040587
Epoch 9794/10000 - train 0.001430 - val 0.040609
Epoch 9795/10000 - train 0.001633 - val 0.040639
Epoch 9796/10000 - train 0.001440 - val 0.040597
Epoch 9797/10000 - train 0.001680 - val 0.040930
Epoch 9798/10000 - train 0.001562 - val 0.040464
Epoch 9799/10000 - train 0.001473 - val 0.040631
Epoch 9800/10000 - train 0.001662 - val 0.040886
Epoch 9801/10000 - train 0.001495 - val 0.040496
Epoch 9802/10000 - train 0.001578 - val 0.041087
Epoch 9803/10000 - train 0.001614 - val 0.040712
Epoch 9804/10000 - train 0.001958 - val 0.040892
Epoch 9805/10000 - train 0.001593 - val 0.040697
Epoch 9806/10000 - train 0.001782 - val 0.041095
Epoch 9807/10000 - train 0.001732 - val 0.040755
Epoch 9808/10000 - train 0.001912 - val 0.040684
Epoch 9809/10000 - train 0.001536 - val 0.040478
Epoch 9810/10000 - train 0.001546 - val 0.040799
Epoch 9811/10000 - train 0.001856 - val 0.040595
Epoch 9812/10000 - train 0.001720 - val 0.040545
Epoch 9813/10000 - train 0.005200 - val 0.046067
Epoch 9814/10000 - train 0.003725 - val 0.040789
Epoch 9815/10000 - train 0.002254 - val 0.040423
Epoch 9816/10000 - train 0.001504 - val 0.040143
Epoch 9817/10000 - train 0.001616 - val 0.040398
Epoch 9818/10000 - train 0.001417 - val 0.040324
Epoch 9819/10000 - train 0.001485 - val 0.041314
Epoch 9820/10000 - train 0.001596 - val 0.040368
Epoch 9821/10000 - train 0.001417 - val 0.040524
Epoch 9822/10000 - train 0.001680 - val 0.040342
Epoch 9823/10000 - train 0.001451 - val 0.040528
Epoch 9824/10000 - train 0.001533 - val 0.040491
Epoch 9825/10000 - train 0.001946 - val 0.040784
Epoch 9826/10000 - train 0.001559 - val 0.040702
Epoch 9827/10000 - train 0.001505 - val 0.041305
Epoch 9828/10000 - train 0.001576 - val 0.041899
Epoch 9829/10000 - train 0.001778 - val 0.040400
Epoch 9830/10000 - train 0.001555 - val 0.040658
Epoch 9831/10000 - train 0.001829 - val 0.041135
Epoch 9832/10000 - train 0.001670 - val 0.040648
Epoch 9833/10000 - train 0.001616 - val 0.040644
Epoch 9834/10000 - train 0.002964 - val 0.041520
Epoch 9835/10000 - train 0.002237 - val 0.040690
Epoch 9836/10000 - train 0.001986 - val 0.040526
Epoch 9837/10000 - train 0.001546 - val 0.040428
Epoch 9838/10000 - train 0.001675 - val 0.040855
Epoch 9839/10000 - train 0.001474 - val 0.040593
Epoch 9840/10000 - train 0.001730 - val 0.040543
Epoch 9841/10000 - train 0.001640 - val 0.040559
Epoch 9842/10000 - train 0.001876 - val 0.040570
Epoch 9843/10000 - train 0.001730 - val 0.041046
Epoch 9844/10000 - train 0.001794 - val 0.042246
Epoch 9845/10000 - train 0.001854 - val 0.040603
Epoch 9846/10000 - train 0.001644 - val 0.041752
Epoch 9847/10000 - train 0.001877 - val 0.040840
Epoch 9848/10000 - train 0.002300 - val 0.040692
Epoch 9849/10000 - train 0.001660 - val 0.040728
Epoch 9850/10000 - train 0.001521 - val 0.040769
Epoch 9851/10000 - train 0.002177 - val 0.042343
Epoch 9852/10000 - train 0.002269 - val 0.041053
Epoch 9853/10000 - train 0.002211 - val 0.040421
Epoch 9854/10000 - train 0.001886 - val 0.040888
Epoch 9855/10000 - train 0.001904 - val 0.040892
Epoch 9856/10000 - train 0.001710 - val 0.040431
Epoch 9857/10000 - train 0.001616 - val 0.040395
Epoch 9858/10000 - train 0.001723 - val 0.040614
Epoch 9859/10000 - train 0.001844 - val 0.040671
Epoch 9860/10000 - train 0.001632 - val 0.040473
Epoch 9861/10000 - train 0.001514 - val 0.041213
Epoch 9862/10000 - train 0.002081 - val 0.042464
Epoch 9863/10000 - train 0.002240 - val 0.041142
Epoch 9864/10000 - train 0.001651 - val 0.040474
Epoch 9865/10000 - train 0.001757 - val 0.040717
Epoch 9866/10000 - train 0.001675 - val 0.040570
Epoch 9867/10000 - train 0.001893 - val 0.040635
Epoch 9868/10000 - train 0.001692 - val 0.041157
Epoch 9869/10000 - train 0.013519 - val 0.072565
Epoch 9870/10000 - train 0.032475 - val 0.045269
Epoch 9871/10000 - train 0.006826 - val 0.042080
Epoch 9872/10000 - train 0.003368 - val 0.040735
Epoch 9873/10000 - train 0.002290 - val 0.040465
Epoch 9874/10000 - train 0.001822 - val 0.040249
Epoch 9875/10000 - train 0.001655 - val 0.040214
Epoch 9876/10000 - train 0.001539 - val 0.040078
Epoch 9877/10000 - train 0.001480 - val 0.040200
Epoch 9878/10000 - train 0.001435 - val 0.040169
Epoch 9879/10000 - train 0.001457 - val 0.040166
Epoch 9880/10000 - train 0.001361 - val 0.040196
Epoch 9881/10000 - train 0.001511 - val 0.040148
Epoch 9882/10000 - train 0.001320 - val 0.040295
Epoch 9883/10000 - train 0.001457 - val 0.040533
Epoch 9884/10000 - train 0.001366 - val 0.040308
Epoch 9885/10000 - train 0.001380 - val 0.041274
Epoch 9886/10000 - train 0.001474 - val 0.040336
Epoch 9887/10000 - train 0.001393 - val 0.040426
Epoch 9888/10000 - train 0.001544 - val 0.040604
Epoch 9889/10000 - train 0.001498 - val 0.040699
Epoch 9890/10000 - train 0.001538 - val 0.040671
Epoch 9891/10000 - train 0.001627 - val 0.040732
Epoch 9892/10000 - train 0.001436 - val 0.040352
Epoch 9893/10000 - train 0.001518 - val 0.040616
Epoch 9894/10000 - train 0.001507 - val 0.041057
Epoch 9895/10000 - train 0.001613 - val 0.040523
Epoch 9896/10000 - train 0.001493 - val 0.040862
Epoch 9897/10000 - train 0.001733 - val 0.041000
Epoch 9898/10000 - train 0.001495 - val 0.040703
Epoch 9899/10000 - train 0.001662 - val 0.040713
Epoch 9900/10000 - train 0.001601 - val 0.040326
Epoch 9901/10000 - train 0.001429 - val 0.040646
Epoch 9902/10000 - train 0.001752 - val 0.040905
Epoch 9903/10000 - train 0.001497 - val 0.040443
Epoch 9904/10000 - train 0.001553 - val 0.041075
Epoch 9905/10000 - train 0.001555 - val 0.041106
Epoch 9906/10000 - train 0.001660 - val 0.040586
Epoch 9907/10000 - train 0.001696 - val 0.041686
Epoch 9908/10000 - train 0.001632 - val 0.040705
Epoch 9909/10000 - train 0.001628 - val 0.040860
Epoch 9910/10000 - train 0.001692 - val 0.040968
Epoch 9911/10000 - train 0.001715 - val 0.040756
Epoch 9912/10000 - train 0.001612 - val 0.040404
Epoch 9913/10000 - train 0.001863 - val 0.040516
Epoch 9914/10000 - train 0.001751 - val 0.040939
Epoch 9915/10000 - train 0.001850 - val 0.041137
Epoch 9916/10000 - train 0.001765 - val 0.040480
Epoch 9917/10000 - train 0.001639 - val 0.040869
Epoch 9918/10000 - train 0.003009 - val 0.042198
Epoch 9919/10000 - train 0.002086 - val 0.040735
Epoch 9920/10000 - train 0.001851 - val 0.040899
Epoch 9921/10000 - train 0.001496 - val 0.040877
Epoch 9922/10000 - train 0.001614 - val 0.041078
Epoch 9923/10000 - train 0.001540 - val 0.040643
Epoch 9924/10000 - train 0.001738 - val 0.040739
Epoch 9925/10000 - train 0.001481 - val 0.040758
Epoch 9926/10000 - train 0.001776 - val 0.041153
Epoch 9927/10000 - train 0.001732 - val 0.040383
Epoch 9928/10000 - train 0.001587 - val 0.040874
Epoch 9929/10000 - train 0.001767 - val 0.041116
Epoch 9930/10000 - train 0.002297 - val 0.041858
Epoch 9931/10000 - train 0.001841 - val 0.042961
Epoch 9932/10000 - train 0.001922 - val 0.040743
Epoch 9933/10000 - train 0.001528 - val 0.041271
Epoch 9934/10000 - train 0.001662 - val 0.041016
Epoch 9935/10000 - train 0.001680 - val 0.040388
Epoch 9936/10000 - train 0.001625 - val 0.040297
Epoch 9937/10000 - train 0.001878 - val 0.040670
Epoch 9938/10000 - train 0.001845 - val 0.043838
Epoch 9939/10000 - train 0.004067 - val 0.043088
Epoch 9940/10000 - train 0.002860 - val 0.040831
Epoch 9941/10000 - train 0.002310 - val 0.041078
Epoch 9942/10000 - train 0.001583 - val 0.040289
Epoch 9943/10000 - train 0.001380 - val 0.040467
Epoch 9944/10000 - train 0.001556 - val 0.040867
Epoch 9945/10000 - train 0.001406 - val 0.040460
Epoch 9946/10000 - train 0.001659 - val 0.040777
Epoch 9947/10000 - train 0.001430 - val 0.040471
Epoch 9948/10000 - train 0.001511 - val 0.041043
Epoch 9949/10000 - train 0.001714 - val 0.040567
Epoch 9950/10000 - train 0.001610 - val 0.041298
Epoch 9951/10000 - train 0.001668 - val 0.040643
Epoch 9952/10000 - train 0.001577 - val 0.040943
Epoch 9953/10000 - train 0.001943 - val 0.040923
Epoch 9954/10000 - train 0.001602 - val 0.041310
Epoch 9955/10000 - train 0.001607 - val 0.041284
Epoch 9956/10000 - train 0.002108 - val 0.041020
Epoch 9957/10000 - train 0.002372 - val 0.041492
Epoch 9958/10000 - train 0.001838 - val 0.040742
Epoch 9959/10000 - train 0.001673 - val 0.040644
Epoch 9960/10000 - train 0.001755 - val 0.041600
Epoch 9961/10000 - train 0.001670 - val 0.040742
Epoch 9962/10000 - train 0.001609 - val 0.040775
Epoch 9963/10000 - train 0.002426 - val 0.041274
Epoch 9964/10000 - train 0.002362 - val 0.042204
Epoch 9965/10000 - train 0.002162 - val 0.041005
Epoch 9966/10000 - train 0.001625 - val 0.040977
Epoch 9967/10000 - train 0.001711 - val 0.040680
Epoch 9968/10000 - train 0.001452 - val 0.040987
Epoch 9969/10000 - train 0.001595 - val 0.040595
Epoch 9970/10000 - train 0.001492 - val 0.041192
Epoch 9971/10000 - train 0.001623 - val 0.041402
Epoch 9972/10000 - train 0.001926 - val 0.042046
Epoch 9973/10000 - train 0.025949 - val 0.058028
Epoch 9974/10000 - train 0.013084 - val 0.042965
Epoch 9975/10000 - train 0.003321 - val 0.040155
Epoch 9976/10000 - train 0.001924 - val 0.040172
Epoch 9977/10000 - train 0.001597 - val 0.040495
Epoch 9978/10000 - train 0.001466 - val 0.040212
Epoch 9979/10000 - train 0.001386 - val 0.040088
Epoch 9980/10000 - train 0.001323 - val 0.040170
Epoch 9981/10000 - train 0.001330 - val 0.040326
Epoch 9982/10000 - train 0.001351 - val 0.040264
Epoch 9983/10000 - train 0.001287 - val 0.040326
Epoch 9984/10000 - train 0.001314 - val 0.040258
Epoch 9985/10000 - train 0.001440 - val 0.040263
Epoch 9986/10000 - train 0.001289 - val 0.040536
Epoch 9987/10000 - train 0.001356 - val 0.040980
Epoch 9988/10000 - train 0.001468 - val 0.040602
Epoch 9989/10000 - train 0.001353 - val 0.040408
Epoch 9990/10000 - train 0.001656 - val 0.040859
Epoch 9991/10000 - train 0.001344 - val 0.040642
Epoch 9992/10000 - train 0.001450 - val 0.040505
Epoch 9993/10000 - train 0.001663 - val 0.040409
Epoch 9994/10000 - train 0.001377 - val 0.040658
Epoch 9995/10000 - train 0.001676 - val 0.040460
Epoch 9996/10000 - train 0.001595 - val 0.040665
Epoch 9997/10000 - train 0.001589 - val 0.040942
Epoch 9998/10000 - train 0.001521 - val 0.040743
Epoch 9999/10000 - train 0.001458 - val 0.040767
Epoch 10000/10000 - train 0.001615 - val 0.040992
Saved model to /scratch/network/ak9088/NASA-RL-Wavefront-Control/RL/jobs/20251128_011553/exp-fc1-zscore-ep10000-bs2048-lr1e-3-s42-h512-256-128-images/fc1_best.pth
