y: [[ 1.4737128e-01 -5.2826858e-01 -5.9572980e-02 ...  2.3424248e-01
   5.4818604e-02  8.9432319e-07]
 [-4.8629618e-01  2.6364341e-01 -2.2419289e-01 ...  1.3839225e-02
   3.1395294e-02  8.9432314e-07]
 [ 3.9444056e-01 -2.4929941e-01 -4.2328644e-01 ... -8.4329573e-03
   3.7989888e-02  8.9432319e-07]
 ...
 [ 4.0643263e-01  2.5561450e-02  2.9501474e-02 ... -4.8372775e-02
  -2.5916392e-01  8.9432314e-07]
 [-1.1370528e-01  9.0434819e-02 -1.6034497e-01 ...  6.5192819e-02
  -5.1309083e-02  8.9432314e-07]
 [-6.1227042e-02 -4.7240168e-01 -1.2251172e-01 ... -3.9844096e-02
  -1.7289096e-02  8.9432314e-07]]
Dataset loaded: N=100000 (original 100000), C=3, H=28, W=28, y_dim=26
using device: cpu
Epoch 1/5000 - train 0.633308 - val 0.542689
Epoch 2/5000 - train 0.519401 - val 0.507792
Epoch 3/5000 - train 0.487973 - val 0.490094
Epoch 4/5000 - train 0.468183 - val 0.481563
Epoch 5/5000 - train 0.455398 - val 0.472734
Epoch 6/5000 - train 0.443601 - val 0.469236
Epoch 7/5000 - train 0.435797 - val 0.465826
Epoch 8/5000 - train 0.427195 - val 0.462434
Epoch 9/5000 - train 0.420995 - val 0.464344
Epoch 10/5000 - train 0.415161 - val 0.463742
Epoch 11/5000 - train 0.410285 - val 0.465622
Epoch 12/5000 - train 0.406641 - val 0.464541
Epoch 13/5000 - train 0.401276 - val 0.463879
Epoch 14/5000 - train 0.397064 - val 0.467665
Epoch 15/5000 - train 0.394966 - val 0.464196
Epoch 16/5000 - train 0.389287 - val 0.464867
Epoch 17/5000 - train 0.386084 - val 0.467640
Epoch 18/5000 - train 0.383473 - val 0.466665
Epoch 19/5000 - train 0.379130 - val 0.470725
Epoch 20/5000 - train 0.377305 - val 0.469849
Epoch 21/5000 - train 0.374025 - val 0.472188
Epoch 22/5000 - train 0.372629 - val 0.473247
Epoch 23/5000 - train 0.369503 - val 0.472713
Epoch 24/5000 - train 0.367304 - val 0.474432
Epoch 25/5000 - train 0.363988 - val 0.476867
Epoch 26/5000 - train 0.363141 - val 0.476951
Epoch 27/5000 - train 0.360417 - val 0.478097
Epoch 28/5000 - train 0.357286 - val 0.481077
Epoch 29/5000 - train 0.355319 - val 0.481943
Epoch 30/5000 - train 0.352686 - val 0.482413
Epoch 31/5000 - train 0.350555 - val 0.486291
Epoch 32/5000 - train 0.349089 - val 0.485841
Epoch 33/5000 - train 0.346225 - val 0.488404
Epoch 34/5000 - train 0.345402 - val 0.487431
Epoch 35/5000 - train 0.343313 - val 0.487802
Epoch 36/5000 - train 0.340564 - val 0.493653
Epoch 37/5000 - train 0.340365 - val 0.488686
Epoch 38/5000 - train 0.337022 - val 0.492415
Epoch 39/5000 - train 0.334694 - val 0.495011
Epoch 40/5000 - train 0.334541 - val 0.494327
Epoch 41/5000 - train 0.331427 - val 0.497402
Epoch 42/5000 - train 0.330858 - val 0.495471
Epoch 43/5000 - train 0.327650 - val 0.497511
Epoch 44/5000 - train 0.326627 - val 0.498681
Epoch 45/5000 - train 0.325644 - val 0.499273
Epoch 46/5000 - train 0.323539 - val 0.500127
Epoch 47/5000 - train 0.322761 - val 0.501581
Epoch 48/5000 - train 0.321491 - val 0.504490
Epoch 49/5000 - train 0.320375 - val 0.503137
Epoch 50/5000 - train 0.317810 - val 0.504853
Epoch 51/5000 - train 0.316390 - val 0.509478
Epoch 52/5000 - train 0.314958 - val 0.505955
Epoch 53/5000 - train 0.313737 - val 0.509040
Epoch 54/5000 - train 0.313583 - val 0.509026
Epoch 55/5000 - train 0.312241 - val 0.511213
Epoch 56/5000 - train 0.309834 - val 0.509645
Epoch 57/5000 - train 0.307854 - val 0.510189
Epoch 58/5000 - train 0.308331 - val 0.512438
Epoch 59/5000 - train 0.307473 - val 0.513826
Epoch 60/5000 - train 0.306974 - val 0.516808
Epoch 61/5000 - train 0.305162 - val 0.516010
Epoch 62/5000 - train 0.303735 - val 0.516639
Epoch 63/5000 - train 0.302686 - val 0.525221
Epoch 64/5000 - train 0.303327 - val 0.522087
Epoch 65/5000 - train 0.302333 - val 0.518448
Epoch 66/5000 - train 0.299566 - val 0.521675
Epoch 67/5000 - train 0.299909 - val 0.526275
Epoch 68/5000 - train 0.298709 - val 0.522844
Epoch 69/5000 - train 0.298069 - val 0.520335
Epoch 70/5000 - train 0.296293 - val 0.520706
Epoch 71/5000 - train 0.294628 - val 0.522371
Epoch 72/5000 - train 0.293923 - val 0.526399
Epoch 73/5000 - train 0.293735 - val 0.524966
Epoch 74/5000 - train 0.294415 - val 0.522938
Epoch 75/5000 - train 0.291482 - val 0.523244
Epoch 76/5000 - train 0.292408 - val 0.524659
Epoch 77/5000 - train 0.291129 - val 0.526063
Epoch 78/5000 - train 0.290155 - val 0.523194
Epoch 79/5000 - train 0.289781 - val 0.531270
Epoch 80/5000 - train 0.290529 - val 0.527420
Epoch 81/5000 - train 0.288822 - val 0.529609
Epoch 82/5000 - train 0.288040 - val 0.528315
Epoch 83/5000 - train 0.286863 - val 0.528607
Epoch 84/5000 - train 0.285641 - val 0.527756
Epoch 85/5000 - train 0.285838 - val 0.532218
Epoch 86/5000 - train 0.285744 - val 0.531660
Epoch 87/5000 - train 0.284570 - val 0.531837
Epoch 88/5000 - train 0.282285 - val 0.530218
Epoch 89/5000 - train 0.282164 - val 0.535528
Epoch 90/5000 - train 0.282930 - val 0.532523
Epoch 91/5000 - train 0.286553 - val 0.539061
Epoch 92/5000 - train 0.285694 - val 0.534790
Epoch 93/5000 - train 0.282536 - val 0.532232
Epoch 94/5000 - train 0.280134 - val 0.536429
Epoch 95/5000 - train 0.281107 - val 0.535456
Epoch 96/5000 - train 0.277791 - val 0.536119
Epoch 97/5000 - train 0.280986 - val 0.535112
Epoch 98/5000 - train 0.277593 - val 0.539032
Epoch 99/5000 - train 0.280187 - val 0.536392
Epoch 100/5000 - train 0.278086 - val 0.540048
Epoch 101/5000 - train 0.278862 - val 0.536900
Epoch 102/5000 - train 0.277700 - val 0.535831
Epoch 103/5000 - train 0.276225 - val 0.538712
Epoch 104/5000 - train 0.275004 - val 0.537678
Epoch 105/5000 - train 0.274051 - val 0.539380
Epoch 106/5000 - train 0.275306 - val 0.538803
Epoch 107/5000 - train 0.273639 - val 0.539351
Epoch 108/5000 - train 0.274626 - val 0.538850
Epoch 109/5000 - train 0.272875 - val 0.542470
Epoch 110/5000 - train 0.272787 - val 0.540153
Epoch 111/5000 - train 0.272653 - val 0.543671
Epoch 112/5000 - train 0.273291 - val 0.544262
Epoch 113/5000 - train 0.274939 - val 0.541451
Epoch 114/5000 - train 0.272187 - val 0.544201
Epoch 115/5000 - train 0.271556 - val 0.540383
Epoch 116/5000 - train 0.270754 - val 0.541932
Epoch 117/5000 - train 0.270578 - val 0.547937
Epoch 118/5000 - train 0.271875 - val 0.542580
Epoch 119/5000 - train 0.269963 - val 0.550604
Epoch 120/5000 - train 0.271649 - val 0.541392
Epoch 121/5000 - train 0.269537 - val 0.544978
Epoch 122/5000 - train 0.268665 - val 0.542688
Epoch 123/5000 - train 0.267969 - val 0.547464
Epoch 124/5000 - train 0.269939 - val 0.545766
Epoch 125/5000 - train 0.268456 - val 0.544515
Epoch 126/5000 - train 0.267670 - val 0.546562
Epoch 127/5000 - train 0.268737 - val 0.546733
Epoch 128/5000 - train 0.267300 - val 0.548404
Epoch 129/5000 - train 0.267796 - val 0.547414
Epoch 130/5000 - train 0.267367 - val 0.546018
Epoch 131/5000 - train 0.266905 - val 0.548709
Epoch 132/5000 - train 0.267233 - val 0.546270
Epoch 133/5000 - train 0.265312 - val 0.548203
Epoch 134/5000 - train 0.266940 - val 0.545183
Epoch 135/5000 - train 0.266543 - val 0.546400
Epoch 136/5000 - train 0.265749 - val 0.551899
Epoch 137/5000 - train 0.267540 - val 0.549388
Epoch 138/5000 - train 0.264486 - val 0.548588
Epoch 139/5000 - train 0.264476 - val 0.550524
Epoch 140/5000 - train 0.263815 - val 0.548781
Epoch 141/5000 - train 0.263376 - val 0.550832
Epoch 142/5000 - train 0.263966 - val 0.548124
Epoch 143/5000 - train 0.263013 - val 0.552926
Epoch 144/5000 - train 0.264591 - val 0.551567
Epoch 145/5000 - train 0.262806 - val 0.549934
Epoch 146/5000 - train 0.263082 - val 0.552684
Epoch 147/5000 - train 0.263532 - val 0.548772
Epoch 148/5000 - train 0.261261 - val 0.549271
Epoch 149/5000 - train 0.261450 - val 0.555601
Epoch 150/5000 - train 0.263058 - val 0.550724
Epoch 151/5000 - train 0.260694 - val 0.554821
Epoch 152/5000 - train 0.262211 - val 0.552293
Epoch 153/5000 - train 0.260569 - val 0.552211
Epoch 154/5000 - train 0.261040 - val 0.553686
Epoch 155/5000 - train 0.262775 - val 0.560175
Epoch 156/5000 - train 0.261997 - val 0.551873
Epoch 157/5000 - train 0.261013 - val 0.551965
Epoch 158/5000 - train 0.259293 - val 0.553427
Epoch 159/5000 - train 0.260174 - val 0.551630
Epoch 160/5000 - train 0.259448 - val 0.553735
Epoch 161/5000 - train 0.259001 - val 0.553338
Epoch 162/5000 - train 0.259780 - val 0.559861
Epoch 163/5000 - train 0.262980 - val 0.554314
Epoch 164/5000 - train 0.260574 - val 0.555698
Epoch 165/5000 - train 0.257632 - val 0.557784
Epoch 166/5000 - train 0.258921 - val 0.555323
Epoch 167/5000 - train 0.259468 - val 0.555168
Epoch 168/5000 - train 0.258153 - val 0.556247
Epoch 169/5000 - train 0.257548 - val 0.554475
Epoch 170/5000 - train 0.256874 - val 0.556347
Epoch 171/5000 - train 0.257064 - val 0.557213
Epoch 172/5000 - train 0.259111 - val 0.555673
Epoch 173/5000 - train 0.256217 - val 0.556988
Epoch 174/5000 - train 0.257161 - val 0.557436
Epoch 175/5000 - train 0.256451 - val 0.555798
Epoch 176/5000 - train 0.256062 - val 0.558258
Epoch 177/5000 - train 0.255571 - val 0.559110
Epoch 178/5000 - train 0.257013 - val 0.558244
Epoch 179/5000 - train 0.256028 - val 0.558309
Epoch 180/5000 - train 0.255816 - val 0.558140
Epoch 181/5000 - train 0.256922 - val 0.562339
Epoch 182/5000 - train 0.257600 - val 0.556655
Epoch 183/5000 - train 0.255438 - val 0.558844
Epoch 184/5000 - train 0.256080 - val 0.559328
Epoch 185/5000 - train 0.255084 - val 0.560140
Epoch 186/5000 - train 0.255535 - val 0.557763
Epoch 187/5000 - train 0.253856 - val 0.564570
Epoch 188/5000 - train 0.255693 - val 0.564144
Epoch 189/5000 - train 0.257029 - val 0.559720
Epoch 190/5000 - train 0.255041 - val 0.558208
Epoch 191/5000 - train 0.253226 - val 0.558802
Epoch 192/5000 - train 0.253472 - val 0.560570
Epoch 193/5000 - train 0.254349 - val 0.560339
Epoch 194/5000 - train 0.253251 - val 0.562523
Epoch 195/5000 - train 0.253670 - val 0.559881
Epoch 196/5000 - train 0.253841 - val 0.560448
Epoch 197/5000 - train 0.252141 - val 0.560922
Epoch 198/5000 - train 0.253313 - val 0.561528
Epoch 199/5000 - train 0.251286 - val 0.560391
Epoch 200/5000 - train 0.253146 - val 0.563530
Epoch 201/5000 - train 0.252966 - val 0.562567
Epoch 202/5000 - train 0.253958 - val 0.560571
Epoch 203/5000 - train 0.253425 - val 0.562560
Epoch 204/5000 - train 0.252955 - val 0.563489
Epoch 205/5000 - train 0.253190 - val 0.560507
Epoch 206/5000 - train 0.252003 - val 0.562472
Epoch 207/5000 - train 0.251294 - val 0.562411
Epoch 208/5000 - train 0.251592 - val 0.561341
Epoch 209/5000 - train 0.251389 - val 0.561383
Epoch 210/5000 - train 0.251278 - val 0.564010
Epoch 211/5000 - train 0.252214 - val 0.561153
Epoch 212/5000 - train 0.250911 - val 0.560961
Epoch 213/5000 - train 0.251099 - val 0.563942
Epoch 214/5000 - train 0.250091 - val 0.560878
Epoch 215/5000 - train 0.249678 - val 0.566594
Epoch 216/5000 - train 0.250466 - val 0.563327
Epoch 217/5000 - train 0.250158 - val 0.564336
Epoch 218/5000 - train 0.250040 - val 0.564047
Epoch 219/5000 - train 0.249943 - val 0.569533
Epoch 220/5000 - train 0.252055 - val 0.564968
Epoch 221/5000 - train 0.250490 - val 0.564220
Epoch 222/5000 - train 0.250557 - val 0.564572
Epoch 223/5000 - train 0.249930 - val 0.563581
Epoch 224/5000 - train 0.249547 - val 0.563815
Epoch 225/5000 - train 0.249525 - val 0.565048
Epoch 226/5000 - train 0.248799 - val 0.564504
Epoch 227/5000 - train 0.248810 - val 0.565888
Epoch 228/5000 - train 0.248150 - val 0.562657
Epoch 229/5000 - train 0.248388 - val 0.565633
Epoch 230/5000 - train 0.248886 - val 0.567574
Epoch 231/5000 - train 0.250244 - val 0.563270
Epoch 232/5000 - train 0.248655 - val 0.564598
Epoch 233/5000 - train 0.248380 - val 0.565125
Epoch 234/5000 - train 0.248687 - val 0.566906
Epoch 235/5000 - train 0.250371 - val 0.564674
Epoch 236/5000 - train 0.248348 - val 0.564519
Epoch 237/5000 - train 0.247807 - val 0.565224
Epoch 238/5000 - train 0.245760 - val 0.566697
Epoch 239/5000 - train 0.246584 - val 0.566235
Epoch 240/5000 - train 0.249280 - val 0.566240
Epoch 241/5000 - train 0.247519 - val 0.569285
Epoch 242/5000 - train 0.249523 - val 0.567069
Epoch 243/5000 - train 0.248658 - val 0.565608
Epoch 244/5000 - train 0.247378 - val 0.568002
Epoch 245/5000 - train 0.248849 - val 0.564647
Epoch 246/5000 - train 0.248145 - val 0.565164
Epoch 247/5000 - train 0.246468 - val 0.569946
Epoch 248/5000 - train 0.248015 - val 0.566170
Epoch 249/5000 - train 0.246000 - val 0.570189
Epoch 250/5000 - train 0.247523 - val 0.565625
Epoch 251/5000 - train 0.247170 - val 0.567178
Epoch 252/5000 - train 0.247215 - val 0.567100
Epoch 253/5000 - train 0.246299 - val 0.569814
Epoch 254/5000 - train 0.246576 - val 0.569156
Epoch 255/5000 - train 0.245537 - val 0.568940
Epoch 256/5000 - train 0.246621 - val 0.568491
Epoch 257/5000 - train 0.246698 - val 0.566780
Epoch 258/5000 - train 0.246958 - val 0.567284
Epoch 259/5000 - train 0.244346 - val 0.567471
Epoch 260/5000 - train 0.245841 - val 0.568586
Epoch 261/5000 - train 0.244713 - val 0.570383
Epoch 262/5000 - train 0.245909 - val 0.567567
Epoch 263/5000 - train 0.244511 - val 0.568884
Epoch 264/5000 - train 0.245798 - val 0.572297
Epoch 265/5000 - train 0.247249 - val 0.569303
Epoch 266/5000 - train 0.244725 - val 0.570243
Epoch 267/5000 - train 0.244307 - val 0.570531
Epoch 268/5000 - train 0.245685 - val 0.570213
Epoch 269/5000 - train 0.244332 - val 0.574307
Epoch 270/5000 - train 0.245172 - val 0.569953
Epoch 271/5000 - train 0.245980 - val 0.570138
Epoch 272/5000 - train 0.243239 - val 0.567587
Epoch 273/5000 - train 0.244195 - val 0.569078
Epoch 274/5000 - train 0.243973 - val 0.569270
Epoch 275/5000 - train 0.243960 - val 0.569507
Epoch 276/5000 - train 0.244811 - val 0.569307
Epoch 277/5000 - train 0.243105 - val 0.569993
Epoch 278/5000 - train 0.243648 - val 0.569744
Epoch 279/5000 - train 0.243655 - val 0.569117
Epoch 280/5000 - train 0.242813 - val 0.571592
Epoch 281/5000 - train 0.245752 - val 0.569900
Epoch 282/5000 - train 0.243213 - val 0.569665
Epoch 283/5000 - train 0.242890 - val 0.571624
Epoch 284/5000 - train 0.243077 - val 0.569889
Epoch 285/5000 - train 0.242119 - val 0.571047
Epoch 286/5000 - train 0.243543 - val 0.570879
Epoch 287/5000 - train 0.245644 - val 0.572994
Epoch 288/5000 - train 0.243469 - val 0.572417
Epoch 289/5000 - train 0.243085 - val 0.571877
Epoch 290/5000 - train 0.243781 - val 0.572066
Epoch 291/5000 - train 0.243219 - val 0.573417
Epoch 292/5000 - train 0.243944 - val 0.569223
Epoch 293/5000 - train 0.243037 - val 0.569923
Epoch 294/5000 - train 0.242497 - val 0.570822
Epoch 295/5000 - train 0.241734 - val 0.571914
Epoch 296/5000 - train 0.244091 - val 0.570717
Epoch 297/5000 - train 0.241381 - val 0.570645
Epoch 298/5000 - train 0.242268 - val 0.574345
Epoch 299/5000 - train 0.243672 - val 0.573858
Epoch 300/5000 - train 0.242570 - val 0.573492
Epoch 301/5000 - train 0.241668 - val 0.572590
Epoch 302/5000 - train 0.241258 - val 0.572375
Epoch 303/5000 - train 0.243147 - val 0.573763
Epoch 304/5000 - train 0.241701 - val 0.571234
Epoch 305/5000 - train 0.241076 - val 0.574231
Epoch 306/5000 - train 0.240850 - val 0.571815
Epoch 307/5000 - train 0.240590 - val 0.571578
Epoch 308/5000 - train 0.241210 - val 0.572578
Epoch 309/5000 - train 0.240713 - val 0.574599
Epoch 310/5000 - train 0.243746 - val 0.573839
Epoch 311/5000 - train 0.240959 - val 0.572272
Epoch 312/5000 - train 0.240367 - val 0.574088
Epoch 313/5000 - train 0.239959 - val 0.573838
Epoch 314/5000 - train 0.240192 - val 0.573459
Epoch 315/5000 - train 0.240836 - val 0.572079
Epoch 316/5000 - train 0.240659 - val 0.575359
Epoch 317/5000 - train 0.240308 - val 0.571375
Epoch 318/5000 - train 0.241093 - val 0.572887
Epoch 319/5000 - train 0.240444 - val 0.574545
Epoch 320/5000 - train 0.240525 - val 0.576805
Epoch 321/5000 - train 0.239487 - val 0.576760
Epoch 322/5000 - train 0.241373 - val 0.574554
Epoch 323/5000 - train 0.241260 - val 0.572968
Epoch 324/5000 - train 0.241295 - val 0.574405
Epoch 325/5000 - train 0.239936 - val 0.573105
Epoch 326/5000 - train 0.239648 - val 0.573922
Epoch 327/5000 - train 0.239849 - val 0.575098
Epoch 328/5000 - train 0.240734 - val 0.575554
Epoch 329/5000 - train 0.240058 - val 0.575671
Epoch 330/5000 - train 0.241028 - val 0.574340
Epoch 331/5000 - train 0.240802 - val 0.577285
Epoch 332/5000 - train 0.242751 - val 0.575506
Epoch 333/5000 - train 0.240459 - val 0.576235
Epoch 334/5000 - train 0.240372 - val 0.573378
Epoch 335/5000 - train 0.238365 - val 0.576666
Epoch 336/5000 - train 0.239375 - val 0.575590
Epoch 337/5000 - train 0.239087 - val 0.575318
Epoch 338/5000 - train 0.239736 - val 0.575136
Epoch 339/5000 - train 0.239029 - val 0.574900
Epoch 340/5000 - train 0.238599 - val 0.574354
Epoch 341/5000 - train 0.239190 - val 0.575990
Epoch 342/5000 - train 0.238526 - val 0.577940
Epoch 343/5000 - train 0.239565 - val 0.574793
Epoch 344/5000 - train 0.238601 - val 0.573665
Epoch 345/5000 - train 0.238070 - val 0.578139
Epoch 346/5000 - train 0.237880 - val 0.576890
Epoch 347/5000 - train 0.238703 - val 0.577498
Epoch 348/5000 - train 0.239895 - val 0.576285
Epoch 349/5000 - train 0.238202 - val 0.577173
Epoch 350/5000 - train 0.238805 - val 0.577178
Epoch 351/5000 - train 0.238438 - val 0.578093
Epoch 352/5000 - train 0.237499 - val 0.578994
Epoch 353/5000 - train 0.238757 - val 0.579509
Epoch 354/5000 - train 0.237660 - val 0.578124
Epoch 355/5000 - train 0.239894 - val 0.575573
Epoch 356/5000 - train 0.238187 - val 0.578055
Epoch 357/5000 - train 0.239449 - val 0.578077
Epoch 358/5000 - train 0.239577 - val 0.577484
Epoch 359/5000 - train 0.237217 - val 0.579861
Epoch 360/5000 - train 0.238256 - val 0.577639
Epoch 361/5000 - train 0.237541 - val 0.577705
Epoch 362/5000 - train 0.237675 - val 0.578615
Epoch 363/5000 - train 0.236906 - val 0.578468
Epoch 364/5000 - train 0.239014 - val 0.579388
Epoch 365/5000 - train 0.237493 - val 0.576787
Epoch 366/5000 - train 0.237223 - val 0.578810
Epoch 367/5000 - train 0.238445 - val 0.576361
Epoch 368/5000 - train 0.236570 - val 0.576147
Epoch 369/5000 - train 0.236386 - val 0.581851
Epoch 370/5000 - train 0.239723 - val 0.575602
Epoch 371/5000 - train 0.237228 - val 0.578802
Epoch 372/5000 - train 0.237405 - val 0.578921
Epoch 373/5000 - train 0.236054 - val 0.577602
Epoch 374/5000 - train 0.236644 - val 0.577832
Epoch 375/5000 - train 0.236531 - val 0.577395
Epoch 376/5000 - train 0.235766 - val 0.578123
Epoch 377/5000 - train 0.236350 - val 0.579201
Epoch 378/5000 - train 0.237065 - val 0.578014
Epoch 379/5000 - train 0.237807 - val 0.577568
Epoch 380/5000 - train 0.237104 - val 0.579304
Epoch 381/5000 - train 0.236616 - val 0.580154
Epoch 382/5000 - train 0.237773 - val 0.579568
Epoch 383/5000 - train 0.236206 - val 0.579090
Epoch 384/5000 - train 0.237449 - val 0.578876
Epoch 385/5000 - train 0.235745 - val 0.579185
Epoch 386/5000 - train 0.238344 - val 0.578711
Epoch 387/5000 - train 0.236184 - val 0.579530
Epoch 388/5000 - train 0.235836 - val 0.577624
Epoch 389/5000 - train 0.235877 - val 0.580093
Epoch 390/5000 - train 0.236031 - val 0.579546
Epoch 391/5000 - train 0.236078 - val 0.577967
Epoch 392/5000 - train 0.235701 - val 0.580227
Epoch 393/5000 - train 0.235706 - val 0.579578
Epoch 394/5000 - train 0.235833 - val 0.579137
Epoch 395/5000 - train 0.235782 - val 0.579175
Epoch 396/5000 - train 0.235406 - val 0.581000
Epoch 397/5000 - train 0.236384 - val 0.579377
Epoch 398/5000 - train 0.235411 - val 0.579749
Epoch 399/5000 - train 0.235616 - val 0.581719
Epoch 400/5000 - train 0.235903 - val 0.581479
Epoch 401/5000 - train 0.235802 - val 0.582678
Epoch 402/5000 - train 0.236106 - val 0.581230
Epoch 403/5000 - train 0.234617 - val 0.579264
Epoch 404/5000 - train 0.235771 - val 0.580869
Epoch 405/5000 - train 0.236369 - val 0.578987
Epoch 406/5000 - train 0.235075 - val 0.581151
Epoch 407/5000 - train 0.235333 - val 0.580310
Epoch 408/5000 - train 0.235728 - val 0.579967
Epoch 409/5000 - train 0.236014 - val 0.581531
Epoch 410/5000 - train 0.234198 - val 0.580527
Epoch 411/5000 - train 0.235067 - val 0.581721
Epoch 412/5000 - train 0.235123 - val 0.581843
Epoch 413/5000 - train 0.234623 - val 0.580846
Epoch 414/5000 - train 0.234654 - val 0.580998
Epoch 415/5000 - train 0.235292 - val 0.581453
Epoch 416/5000 - train 0.233534 - val 0.581246
Epoch 417/5000 - train 0.234358 - val 0.582104
Epoch 418/5000 - train 0.234205 - val 0.582447
Epoch 419/5000 - train 0.234257 - val 0.581304
Epoch 420/5000 - train 0.233610 - val 0.581992
Epoch 421/5000 - train 0.233542 - val 0.580972
Epoch 422/5000 - train 0.233700 - val 0.583409
Epoch 423/5000 - train 0.235142 - val 0.581150
Epoch 424/5000 - train 0.235017 - val 0.580017
Epoch 425/5000 - train 0.234612 - val 0.585643
Epoch 426/5000 - train 0.235133 - val 0.582770
Epoch 427/5000 - train 0.235100 - val 0.580237
Epoch 428/5000 - train 0.233744 - val 0.581573
Epoch 429/5000 - train 0.234094 - val 0.583311
Epoch 430/5000 - train 0.234970 - val 0.582791
Epoch 431/5000 - train 0.234021 - val 0.584424
Epoch 432/5000 - train 0.233549 - val 0.583914
Epoch 433/5000 - train 0.234679 - val 0.582679
Epoch 434/5000 - train 0.234469 - val 0.582609
Epoch 435/5000 - train 0.233824 - val 0.584104
Epoch 436/5000 - train 0.235636 - val 0.583203
Epoch 437/5000 - train 0.236507 - val 0.580574
Epoch 438/5000 - train 0.233903 - val 0.581064
Epoch 439/5000 - train 0.232660 - val 0.582352
Epoch 440/5000 - train 0.232507 - val 0.581570
Epoch 441/5000 - train 0.231699 - val 0.582163
Epoch 442/5000 - train 0.232876 - val 0.582074
Epoch 443/5000 - train 0.233655 - val 0.582912
Epoch 444/5000 - train 0.234310 - val 0.583078
Epoch 445/5000 - train 0.234476 - val 0.582933
Epoch 446/5000 - train 0.233620 - val 0.581991
Epoch 447/5000 - train 0.232494 - val 0.584531
Epoch 448/5000 - train 0.232983 - val 0.582885
Epoch 449/5000 - train 0.231618 - val 0.583650
Epoch 450/5000 - train 0.232045 - val 0.584529
Epoch 451/5000 - train 0.232901 - val 0.585137
Epoch 452/5000 - train 0.232546 - val 0.585149
Epoch 453/5000 - train 0.232112 - val 0.583513
Epoch 454/5000 - train 0.232532 - val 0.582353
Epoch 455/5000 - train 0.231348 - val 0.583920
Epoch 456/5000 - train 0.233743 - val 0.582711
Epoch 457/5000 - train 0.232855 - val 0.583014
Epoch 458/5000 - train 0.231653 - val 0.585961
Epoch 459/5000 - train 0.232334 - val 0.586084
Epoch 460/5000 - train 0.233430 - val 0.585186
Epoch 461/5000 - train 0.234490 - val 0.581282
Epoch 462/5000 - train 0.231860 - val 0.584278
Epoch 463/5000 - train 0.232917 - val 0.584267
Epoch 464/5000 - train 0.231600 - val 0.583664
Epoch 465/5000 - train 0.231708 - val 0.583940
Epoch 466/5000 - train 0.232884 - val 0.585221
Epoch 467/5000 - train 0.233088 - val 0.585939
Epoch 468/5000 - train 0.231640 - val 0.586039
Epoch 469/5000 - train 0.233272 - val 0.581528
Epoch 470/5000 - train 0.235644 - val 0.585605
Epoch 471/5000 - train 0.233276 - val 0.582321
Epoch 472/5000 - train 0.231670 - val 0.583656
Epoch 473/5000 - train 0.230953 - val 0.584738
Epoch 474/5000 - train 0.231512 - val 0.588236
Epoch 475/5000 - train 0.233151 - val 0.582687
Epoch 476/5000 - train 0.231997 - val 0.584167
Epoch 477/5000 - train 0.231757 - val 0.587766
Epoch 478/5000 - train 0.234356 - val 0.585176
Epoch 479/5000 - train 0.231586 - val 0.583795
Epoch 480/5000 - train 0.231196 - val 0.584187
Epoch 481/5000 - train 0.230542 - val 0.583854
Epoch 482/5000 - train 0.231058 - val 0.584817
Epoch 483/5000 - train 0.230931 - val 0.587451
Epoch 484/5000 - train 0.232110 - val 0.589227
Epoch 485/5000 - train 0.234998 - val 0.584934
Epoch 486/5000 - train 0.231386 - val 0.585516
Epoch 487/5000 - train 0.233606 - val 0.583630
Epoch 488/5000 - train 0.231792 - val 0.585495
Epoch 489/5000 - train 0.230858 - val 0.583543
Epoch 490/5000 - train 0.230898 - val 0.585611
Epoch 491/5000 - train 0.231686 - val 0.585576
Epoch 492/5000 - train 0.230103 - val 0.585335
Epoch 493/5000 - train 0.230324 - val 0.585141
Epoch 494/5000 - train 0.230163 - val 0.586087
Epoch 495/5000 - train 0.231075 - val 0.585172
Epoch 496/5000 - train 0.230496 - val 0.586116
Epoch 497/5000 - train 0.231200 - val 0.587152
Epoch 498/5000 - train 0.230383 - val 0.586001
Epoch 499/5000 - train 0.230058 - val 0.586916
Epoch 500/5000 - train 0.229539 - val 0.587359
Epoch 501/5000 - train 0.230181 - val 0.586479
Epoch 502/5000 - train 0.230228 - val 0.586395
Epoch 503/5000 - train 0.230041 - val 0.587447
Epoch 504/5000 - train 0.229702 - val 0.586203
Epoch 505/5000 - train 0.230386 - val 0.585108
Epoch 506/5000 - train 0.230197 - val 0.586839
Epoch 507/5000 - train 0.229962 - val 0.587120
Epoch 508/5000 - train 0.230851 - val 0.587313
Epoch 509/5000 - train 0.229885 - val 0.587724
Epoch 510/5000 - train 0.230458 - val 0.586926
Epoch 511/5000 - train 0.230272 - val 0.589607
Epoch 512/5000 - train 0.230401 - val 0.588366
Epoch 513/5000 - train 0.230781 - val 0.588069
Epoch 514/5000 - train 0.230697 - val 0.587040
Epoch 515/5000 - train 0.232257 - val 0.585697
Epoch 516/5000 - train 0.230635 - val 0.587980
Epoch 517/5000 - train 0.231070 - val 0.587729
Epoch 518/5000 - train 0.230478 - val 0.587819
Epoch 519/5000 - train 0.229666 - val 0.587225
Epoch 520/5000 - train 0.229209 - val 0.587245
Epoch 521/5000 - train 0.229641 - val 0.588235
Epoch 522/5000 - train 0.230874 - val 0.587706
Epoch 523/5000 - train 0.230132 - val 0.588472
Epoch 524/5000 - train 0.230133 - val 0.586749
Epoch 525/5000 - train 0.229705 - val 0.586589
Epoch 526/5000 - train 0.228850 - val 0.588667
Epoch 527/5000 - train 0.230459 - val 0.588874
Epoch 528/5000 - train 0.229488 - val 0.588180
Epoch 529/5000 - train 0.230117 - val 0.586727
Epoch 530/5000 - train 0.229963 - val 0.587179
Epoch 531/5000 - train 0.230173 - val 0.585681
Epoch 532/5000 - train 0.230034 - val 0.585890
Epoch 533/5000 - train 0.230187 - val 0.587209
Epoch 534/5000 - train 0.229394 - val 0.587788
Epoch 535/5000 - train 0.229550 - val 0.586768
Epoch 536/5000 - train 0.229298 - val 0.586761
Epoch 537/5000 - train 0.229672 - val 0.588627
Epoch 538/5000 - train 0.230183 - val 0.588206
Epoch 539/5000 - train 0.229178 - val 0.588512
Epoch 540/5000 - train 0.230853 - val 0.585103
Epoch 541/5000 - train 0.228647 - val 0.587199
Epoch 542/5000 - train 0.229829 - val 0.586638
Epoch 543/5000 - train 0.229643 - val 0.589354
Epoch 544/5000 - train 0.228244 - val 0.587265
Epoch 545/5000 - train 0.229580 - val 0.587998
Epoch 546/5000 - train 0.228898 - val 0.589058
Epoch 547/5000 - train 0.229199 - val 0.589603
Epoch 548/5000 - train 0.230050 - val 0.588938
Epoch 549/5000 - train 0.230789 - val 0.587172
Epoch 550/5000 - train 0.228764 - val 0.588162
Epoch 551/5000 - train 0.228270 - val 0.588499
Epoch 552/5000 - train 0.228161 - val 0.587804
Epoch 553/5000 - train 0.228460 - val 0.591065
Epoch 554/5000 - train 0.228648 - val 0.589086
Epoch 555/5000 - train 0.228777 - val 0.591569
Epoch 556/5000 - train 0.228905 - val 0.588984
Epoch 557/5000 - train 0.229167 - val 0.589343
Epoch 558/5000 - train 0.227643 - val 0.589233
Epoch 559/5000 - train 0.228432 - val 0.586712
Epoch 560/5000 - train 0.228783 - val 0.588647
Epoch 561/5000 - train 0.227767 - val 0.588434
Epoch 562/5000 - train 0.228872 - val 0.588564
Epoch 563/5000 - train 0.228707 - val 0.587844
Epoch 564/5000 - train 0.228714 - val 0.589690
Epoch 565/5000 - train 0.229660 - val 0.587553
Epoch 566/5000 - train 0.228962 - val 0.588638
Epoch 567/5000 - train 0.227539 - val 0.588951
Epoch 568/5000 - train 0.228466 - val 0.590634
Epoch 569/5000 - train 0.229095 - val 0.588771
Epoch 570/5000 - train 0.228097 - val 0.589087
Epoch 571/5000 - train 0.227698 - val 0.590816
Epoch 572/5000 - train 0.228091 - val 0.589270
Epoch 573/5000 - train 0.228333 - val 0.588775
Epoch 574/5000 - train 0.227506 - val 0.590137
Epoch 575/5000 - train 0.228097 - val 0.590695
Epoch 576/5000 - train 0.228186 - val 0.591425
Epoch 577/5000 - train 0.228877 - val 0.590603
Epoch 578/5000 - train 0.227981 - val 0.591700
Epoch 579/5000 - train 0.228885 - val 0.588945
Epoch 580/5000 - train 0.227990 - val 0.590421
Epoch 581/5000 - train 0.228159 - val 0.588905
Epoch 582/5000 - train 0.227639 - val 0.590750
Epoch 583/5000 - train 0.228821 - val 0.591655
Epoch 584/5000 - train 0.229211 - val 0.588962
Epoch 585/5000 - train 0.227462 - val 0.589670
Epoch 586/5000 - train 0.227175 - val 0.589130
Epoch 587/5000 - train 0.228684 - val 0.590526
Epoch 588/5000 - train 0.227638 - val 0.590769
Epoch 589/5000 - train 0.229165 - val 0.588405
Epoch 590/5000 - train 0.227720 - val 0.589676
Epoch 591/5000 - train 0.228216 - val 0.589859
Epoch 592/5000 - train 0.227437 - val 0.590083
Epoch 593/5000 - train 0.227394 - val 0.590997
Epoch 594/5000 - train 0.227532 - val 0.590877
Epoch 595/5000 - train 0.227772 - val 0.590370
Epoch 596/5000 - train 0.227441 - val 0.589940
Epoch 597/5000 - train 0.228459 - val 0.589951
Epoch 598/5000 - train 0.227891 - val 0.590627
Epoch 599/5000 - train 0.227828 - val 0.589269
Epoch 600/5000 - train 0.226785 - val 0.590299
Epoch 601/5000 - train 0.226177 - val 0.589927
Epoch 602/5000 - train 0.226833 - val 0.590793
Epoch 603/5000 - train 0.227151 - val 0.590998
Epoch 604/5000 - train 0.229545 - val 0.591017
Epoch 605/5000 - train 0.228014 - val 0.588895
Epoch 606/5000 - train 0.226982 - val 0.589681
Epoch 607/5000 - train 0.227270 - val 0.590814
Epoch 608/5000 - train 0.226915 - val 0.590983
Epoch 609/5000 - train 0.226733 - val 0.593894
Epoch 610/5000 - train 0.228826 - val 0.590471
Epoch 611/5000 - train 0.227669 - val 0.589221
Epoch 612/5000 - train 0.227060 - val 0.590792
Epoch 613/5000 - train 0.226384 - val 0.590311
Epoch 614/5000 - train 0.227184 - val 0.589846
Epoch 615/5000 - train 0.226956 - val 0.590464
Epoch 616/5000 - train 0.226853 - val 0.593487
Epoch 617/5000 - train 0.226422 - val 0.592130
Epoch 618/5000 - train 0.226416 - val 0.591064
Epoch 619/5000 - train 0.226752 - val 0.589279
Epoch 620/5000 - train 0.227652 - val 0.591619
Epoch 621/5000 - train 0.228146 - val 0.591877
Epoch 622/5000 - train 0.226601 - val 0.592023
Epoch 623/5000 - train 0.226813 - val 0.591323
Epoch 624/5000 - train 0.226104 - val 0.591424
Epoch 625/5000 - train 0.226263 - val 0.591929
Epoch 626/5000 - train 0.226943 - val 0.591481
Epoch 627/5000 - train 0.225373 - val 0.591079
Epoch 628/5000 - train 0.225861 - val 0.593283
Epoch 629/5000 - train 0.226734 - val 0.591809
Epoch 630/5000 - train 0.227064 - val 0.590814
Epoch 631/5000 - train 0.227057 - val 0.591448
Epoch 632/5000 - train 0.225041 - val 0.591300
Epoch 633/5000 - train 0.225555 - val 0.590934
Epoch 634/5000 - train 0.226695 - val 0.593935
Epoch 635/5000 - train 0.228137 - val 0.591833
Epoch 636/5000 - train 0.226662 - val 0.592708
Epoch 637/5000 - train 0.226055 - val 0.594081
Epoch 638/5000 - train 0.225408 - val 0.592006
Epoch 639/5000 - train 0.225708 - val 0.594056
Epoch 640/5000 - train 0.226936 - val 0.591621
Epoch 641/5000 - train 0.225152 - val 0.592757
Epoch 642/5000 - train 0.226629 - val 0.593331
Epoch 643/5000 - train 0.225702 - val 0.591741
Epoch 644/5000 - train 0.225752 - val 0.593692
Epoch 645/5000 - train 0.225245 - val 0.590977
Epoch 646/5000 - train 0.225193 - val 0.590055
Epoch 647/5000 - train 0.225168 - val 0.592994
Epoch 648/5000 - train 0.225213 - val 0.594312
Epoch 649/5000 - train 0.227620 - val 0.592136
Epoch 650/5000 - train 0.227024 - val 0.592667
Epoch 651/5000 - train 0.226013 - val 0.593816
Epoch 652/5000 - train 0.227101 - val 0.593720
Epoch 653/5000 - train 0.227066 - val 0.594248
Epoch 654/5000 - train 0.225822 - val 0.592886
Epoch 655/5000 - train 0.224802 - val 0.596293
Epoch 656/5000 - train 0.229361 - val 0.591423
Epoch 657/5000 - train 0.225691 - val 0.592514
Epoch 658/5000 - train 0.224688 - val 0.593086
Epoch 659/5000 - train 0.224387 - val 0.593103
Epoch 660/5000 - train 0.225055 - val 0.592977
Epoch 661/5000 - train 0.226089 - val 0.593093
Epoch 662/5000 - train 0.226968 - val 0.593524
Epoch 663/5000 - train 0.225732 - val 0.592342
Epoch 664/5000 - train 0.224839 - val 0.594738
Epoch 665/5000 - train 0.225075 - val 0.593563
Epoch 666/5000 - train 0.225712 - val 0.593522
Epoch 667/5000 - train 0.225127 - val 0.592624
Epoch 668/5000 - train 0.224526 - val 0.592741
Epoch 669/5000 - train 0.224401 - val 0.593572
Epoch 670/5000 - train 0.224840 - val 0.593186
Epoch 671/5000 - train 0.224333 - val 0.592281
Epoch 672/5000 - train 0.224738 - val 0.594505
Epoch 673/5000 - train 0.225642 - val 0.593841
Epoch 674/5000 - train 0.224439 - val 0.593849
Epoch 675/5000 - train 0.223945 - val 0.594214
Epoch 676/5000 - train 0.224685 - val 0.593351
Epoch 677/5000 - train 0.225004 - val 0.593505
Epoch 678/5000 - train 0.225808 - val 0.594618
Epoch 679/5000 - train 0.228344 - val 0.592089
Epoch 680/5000 - train 0.226025 - val 0.593577
Epoch 681/5000 - train 0.225031 - val 0.592318
Epoch 682/5000 - train 0.224947 - val 0.593676
Epoch 683/5000 - train 0.224741 - val 0.593187
Epoch 684/5000 - train 0.225263 - val 0.592688
Epoch 685/5000 - train 0.224581 - val 0.593218
Epoch 686/5000 - train 0.224857 - val 0.593860
Epoch 687/5000 - train 0.225744 - val 0.594884
Epoch 688/5000 - train 0.224935 - val 0.594027
Epoch 689/5000 - train 0.224136 - val 0.592932
Epoch 690/5000 - train 0.223575 - val 0.594428
Epoch 691/5000 - train 0.224766 - val 0.596018
Epoch 692/5000 - train 0.224380 - val 0.592393
Epoch 693/5000 - train 0.224693 - val 0.593083
Epoch 694/5000 - train 0.226208 - val 0.593500
Epoch 695/5000 - train 0.224140 - val 0.595129
Epoch 696/5000 - train 0.223509 - val 0.595516
Epoch 697/5000 - train 0.223524 - val 0.595269
Epoch 698/5000 - train 0.224301 - val 0.594097
Epoch 699/5000 - train 0.224683 - val 0.594185
Epoch 700/5000 - train 0.224689 - val 0.594321
Epoch 701/5000 - train 0.224292 - val 0.592969
Epoch 702/5000 - train 0.224252 - val 0.594854
Epoch 703/5000 - train 0.224049 - val 0.594003
Epoch 704/5000 - train 0.224683 - val 0.594641
Epoch 705/5000 - train 0.224527 - val 0.595292
Epoch 706/5000 - train 0.224295 - val 0.592961
Epoch 707/5000 - train 0.223717 - val 0.596105
Epoch 708/5000 - train 0.224753 - val 0.594832
Epoch 709/5000 - train 0.225301 - val 0.595371
Epoch 710/5000 - train 0.225064 - val 0.594785
Epoch 711/5000 - train 0.224808 - val 0.594195
Epoch 712/5000 - train 0.224522 - val 0.596917
Epoch 713/5000 - train 0.227652 - val 0.592991
Epoch 714/5000 - train 0.225168 - val 0.596027
Epoch 715/5000 - train 0.223226 - val 0.594701
Epoch 716/5000 - train 0.223546 - val 0.596196
Epoch 717/5000 - train 0.224660 - val 0.594515
Epoch 718/5000 - train 0.223569 - val 0.594435
Epoch 719/5000 - train 0.222928 - val 0.595544
Epoch 720/5000 - train 0.223253 - val 0.595954
Epoch 721/5000 - train 0.223782 - val 0.593375
Epoch 722/5000 - train 0.224197 - val 0.595727
Epoch 723/5000 - train 0.223396 - val 0.593532
Epoch 724/5000 - train 0.223738 - val 0.595047
Epoch 725/5000 - train 0.223704 - val 0.595299
Epoch 726/5000 - train 0.223211 - val 0.595654
Epoch 727/5000 - train 0.223308 - val 0.593531
Epoch 728/5000 - train 0.223677 - val 0.595882
Epoch 729/5000 - train 0.224294 - val 0.595911
Epoch 730/5000 - train 0.224160 - val 0.595435
Epoch 731/5000 - train 0.223239 - val 0.594725
Epoch 732/5000 - train 0.223473 - val 0.596785
Epoch 733/5000 - train 0.224885 - val 0.596672
Epoch 734/5000 - train 0.224109 - val 0.594872
Epoch 735/5000 - train 0.224030 - val 0.593928
Epoch 736/5000 - train 0.223494 - val 0.595264
Epoch 737/5000 - train 0.223294 - val 0.594218
Epoch 738/5000 - train 0.223547 - val 0.596859
Epoch 739/5000 - train 0.227473 - val 0.592600
Epoch 740/5000 - train 0.224338 - val 0.592956
Epoch 741/5000 - train 0.223394 - val 0.594492
Epoch 742/5000 - train 0.222468 - val 0.595117
Epoch 743/5000 - train 0.222392 - val 0.594782
Epoch 744/5000 - train 0.222307 - val 0.595699
Epoch 745/5000 - train 0.221870 - val 0.596457
Epoch 746/5000 - train 0.222872 - val 0.596802
Epoch 747/5000 - train 0.223703 - val 0.595189
Epoch 748/5000 - train 0.223923 - val 0.593794
Epoch 749/5000 - train 0.224776 - val 0.594828
Epoch 750/5000 - train 0.222910 - val 0.596858
Epoch 751/5000 - train 0.223041 - val 0.595894
Epoch 752/5000 - train 0.222744 - val 0.594753
Epoch 753/5000 - train 0.222936 - val 0.596774
Epoch 754/5000 - train 0.223526 - val 0.596215
Epoch 755/5000 - train 0.222359 - val 0.595633
Epoch 756/5000 - train 0.222548 - val 0.596231
Epoch 757/5000 - train 0.222277 - val 0.596408
Epoch 758/5000 - train 0.223215 - val 0.595703
Epoch 759/5000 - train 0.222822 - val 0.595703
Epoch 760/5000 - train 0.221241 - val 0.597318
Epoch 761/5000 - train 0.222566 - val 0.594923
Epoch 762/5000 - train 0.222706 - val 0.597530
Epoch 763/5000 - train 0.222992 - val 0.595038
Epoch 764/5000 - train 0.222243 - val 0.596084
Epoch 765/5000 - train 0.223299 - val 0.597365
Epoch 766/5000 - train 0.223904 - val 0.595205
Epoch 767/5000 - train 0.223429 - val 0.598028
Epoch 768/5000 - train 0.222861 - val 0.596058
Epoch 769/5000 - train 0.222519 - val 0.596613
Epoch 770/5000 - train 0.222379 - val 0.597069
Epoch 771/5000 - train 0.224089 - val 0.596601
Epoch 772/5000 - train 0.222374 - val 0.598357
Epoch 773/5000 - train 0.222642 - val 0.596423
Epoch 774/5000 - train 0.223014 - val 0.597966
Epoch 775/5000 - train 0.223869 - val 0.597263
Epoch 776/5000 - train 0.223815 - val 0.598158
Epoch 777/5000 - train 0.223499 - val 0.596326
Epoch 778/5000 - train 0.222248 - val 0.595442
Epoch 779/5000 - train 0.221961 - val 0.597164
Epoch 780/5000 - train 0.222526 - val 0.597287
Epoch 781/5000 - train 0.223094 - val 0.595978
Epoch 782/5000 - train 0.224212 - val 0.595277
Epoch 783/5000 - train 0.222511 - val 0.595618
Epoch 784/5000 - train 0.221750 - val 0.598151
Epoch 785/5000 - train 0.223065 - val 0.595853
Epoch 786/5000 - train 0.223668 - val 0.596512
Epoch 787/5000 - train 0.222932 - val 0.597544
Epoch 788/5000 - train 0.222461 - val 0.598100
Epoch 789/5000 - train 0.221776 - val 0.594814
Epoch 790/5000 - train 0.222066 - val 0.597163
Epoch 791/5000 - train 0.221997 - val 0.595580
Epoch 792/5000 - train 0.222621 - val 0.596006
Epoch 793/5000 - train 0.221540 - val 0.597163
Epoch 794/5000 - train 0.221784 - val 0.597288
Epoch 795/5000 - train 0.222294 - val 0.598197
Epoch 796/5000 - train 0.223553 - val 0.596414
Epoch 797/5000 - train 0.222564 - val 0.596998
Epoch 798/5000 - train 0.221669 - val 0.595954
Epoch 799/5000 - train 0.221625 - val 0.599151
Epoch 800/5000 - train 0.221319 - val 0.597754
Epoch 801/5000 - train 0.221896 - val 0.599442
Epoch 802/5000 - train 0.222312 - val 0.597672
Epoch 803/5000 - train 0.221565 - val 0.596794
Epoch 804/5000 - train 0.221476 - val 0.597713
Epoch 805/5000 - train 0.222571 - val 0.598175
Epoch 806/5000 - train 0.221375 - val 0.598082
Epoch 807/5000 - train 0.221493 - val 0.597827
Epoch 808/5000 - train 0.221437 - val 0.601214
Epoch 809/5000 - train 0.221891 - val 0.597151
Epoch 810/5000 - train 0.222357 - val 0.597254
Epoch 811/5000 - train 0.221667 - val 0.598156
Epoch 812/5000 - train 0.223000 - val 0.598579
Epoch 813/5000 - train 0.222821 - val 0.597000
Epoch 814/5000 - train 0.222496 - val 0.597054
Epoch 815/5000 - train 0.221535 - val 0.597084
Epoch 816/5000 - train 0.221813 - val 0.597898
Epoch 817/5000 - train 0.222127 - val 0.597524
Epoch 818/5000 - train 0.221843 - val 0.597271
Epoch 819/5000 - train 0.221739 - val 0.599805
Epoch 820/5000 - train 0.221896 - val 0.597875
Epoch 821/5000 - train 0.221838 - val 0.596576
Epoch 822/5000 - train 0.221974 - val 0.597888
Epoch 823/5000 - train 0.220916 - val 0.599634
Epoch 824/5000 - train 0.222155 - val 0.597487
Epoch 825/5000 - train 0.221641 - val 0.599872
Epoch 826/5000 - train 0.222829 - val 0.596960
Epoch 827/5000 - train 0.221800 - val 0.597221
Epoch 828/5000 - train 0.222258 - val 0.596754
Epoch 829/5000 - train 0.221564 - val 0.597508
Epoch 830/5000 - train 0.221210 - val 0.600109
Epoch 831/5000 - train 0.220922 - val 0.599775
Epoch 832/5000 - train 0.221131 - val 0.597623
Epoch 833/5000 - train 0.221997 - val 0.598134
Epoch 834/5000 - train 0.221129 - val 0.600389
Epoch 835/5000 - train 0.223440 - val 0.595598
Epoch 836/5000 - train 0.221355 - val 0.599615
Epoch 837/5000 - train 0.222764 - val 0.596468
Epoch 838/5000 - train 0.220623 - val 0.601597
Epoch 839/5000 - train 0.222962 - val 0.597252
Epoch 840/5000 - train 0.221272 - val 0.600075
Epoch 841/5000 - train 0.220918 - val 0.598252
Epoch 842/5000 - train 0.220682 - val 0.598756
Epoch 843/5000 - train 0.220867 - val 0.597617
Epoch 844/5000 - train 0.220671 - val 0.600703
Epoch 845/5000 - train 0.220591 - val 0.599085
Epoch 846/5000 - train 0.220284 - val 0.598329
Epoch 847/5000 - train 0.220516 - val 0.600017
Epoch 848/5000 - train 0.220609 - val 0.599513
Epoch 849/5000 - train 0.221453 - val 0.600969
Epoch 850/5000 - train 0.222697 - val 0.597753
Epoch 851/5000 - train 0.221049 - val 0.598236
Epoch 852/5000 - train 0.221346 - val 0.598518
Epoch 853/5000 - train 0.220247 - val 0.598614
Epoch 854/5000 - train 0.221249 - val 0.598825
Epoch 855/5000 - train 0.221444 - val 0.597933
Epoch 856/5000 - train 0.220129 - val 0.598397
Epoch 857/5000 - train 0.220902 - val 0.599967
Epoch 858/5000 - train 0.221333 - val 0.600187
Epoch 859/5000 - train 0.221419 - val 0.599964
Epoch 860/5000 - train 0.220235 - val 0.600544
Epoch 861/5000 - train 0.221314 - val 0.599479
Epoch 862/5000 - train 0.220619 - val 0.599506
Epoch 863/5000 - train 0.221062 - val 0.600293
Epoch 864/5000 - train 0.221049 - val 0.599524
Epoch 865/5000 - train 0.221148 - val 0.600685
Epoch 866/5000 - train 0.221928 - val 0.598622
Epoch 867/5000 - train 0.220703 - val 0.598887
Epoch 868/5000 - train 0.220478 - val 0.599154
Epoch 869/5000 - train 0.220083 - val 0.600031
Epoch 870/5000 - train 0.219985 - val 0.600194
Epoch 871/5000 - train 0.219573 - val 0.599295
Epoch 872/5000 - train 0.221354 - val 0.598801
Epoch 873/5000 - train 0.221301 - val 0.598310
Epoch 874/5000 - train 0.220966 - val 0.600010
Epoch 875/5000 - train 0.220183 - val 0.598748
Epoch 876/5000 - train 0.220058 - val 0.599769
Epoch 877/5000 - train 0.220895 - val 0.599213
Epoch 878/5000 - train 0.221146 - val 0.599652
Epoch 879/5000 - train 0.220537 - val 0.599296
Epoch 880/5000 - train 0.219311 - val 0.601139
Epoch 881/5000 - train 0.220543 - val 0.599674
Epoch 882/5000 - train 0.220351 - val 0.599269
Epoch 883/5000 - train 0.220230 - val 0.600016
Epoch 884/5000 - train 0.220034 - val 0.600976
Epoch 885/5000 - train 0.220513 - val 0.599789
Epoch 886/5000 - train 0.222710 - val 0.602288
Epoch 887/5000 - train 0.222716 - val 0.597548
Epoch 888/5000 - train 0.220350 - val 0.599042
Epoch 889/5000 - train 0.219793 - val 0.600645
Epoch 890/5000 - train 0.219732 - val 0.599478
Epoch 891/5000 - train 0.219735 - val 0.599577
Epoch 892/5000 - train 0.220618 - val 0.598962
Epoch 893/5000 - train 0.219723 - val 0.599769
Epoch 894/5000 - train 0.219635 - val 0.600373
Epoch 895/5000 - train 0.220383 - val 0.600651
Epoch 896/5000 - train 0.220250 - val 0.600941
Epoch 897/5000 - train 0.220588 - val 0.599725
Epoch 898/5000 - train 0.221056 - val 0.601225
Epoch 899/5000 - train 0.222306 - val 0.599708
Epoch 900/5000 - train 0.220409 - val 0.601141
Epoch 901/5000 - train 0.220398 - val 0.599944
Epoch 902/5000 - train 0.219908 - val 0.599701
Epoch 903/5000 - train 0.219955 - val 0.600362
Epoch 904/5000 - train 0.219711 - val 0.598554
Epoch 905/5000 - train 0.218924 - val 0.600385
Epoch 906/5000 - train 0.219709 - val 0.600683
Epoch 907/5000 - train 0.219817 - val 0.599752
Epoch 908/5000 - train 0.219744 - val 0.600212
Epoch 909/5000 - train 0.219456 - val 0.600379
Epoch 910/5000 - train 0.219142 - val 0.599785
Epoch 911/5000 - train 0.219638 - val 0.602484
Epoch 912/5000 - train 0.220563 - val 0.600919
Epoch 913/5000 - train 0.221596 - val 0.600655
Epoch 914/5000 - train 0.219912 - val 0.600944
Epoch 915/5000 - train 0.221318 - val 0.600682
Epoch 916/5000 - train 0.221028 - val 0.598781
Epoch 917/5000 - train 0.219086 - val 0.602744
Epoch 918/5000 - train 0.219599 - val 0.601416
Epoch 919/5000 - train 0.218704 - val 0.601849
Epoch 920/5000 - train 0.218441 - val 0.601967
Epoch 921/5000 - train 0.218411 - val 0.602859
Epoch 922/5000 - train 0.220923 - val 0.601106
Epoch 923/5000 - train 0.219847 - val 0.602510
Epoch 924/5000 - train 0.219504 - val 0.599337
Epoch 925/5000 - train 0.220199 - val 0.602177
Epoch 926/5000 - train 0.220167 - val 0.600738
Epoch 927/5000 - train 0.218986 - val 0.601211
Epoch 928/5000 - train 0.219771 - val 0.602820
Epoch 929/5000 - train 0.222151 - val 0.601319
Epoch 930/5000 - train 0.220840 - val 0.599945
Epoch 931/5000 - train 0.219097 - val 0.600084
Epoch 932/5000 - train 0.219722 - val 0.603303
Epoch 933/5000 - train 0.219591 - val 0.600025
Epoch 934/5000 - train 0.220613 - val 0.601404
Epoch 935/5000 - train 0.218847 - val 0.601313
Epoch 936/5000 - train 0.218764 - val 0.602216
Epoch 937/5000 - train 0.218982 - val 0.601444
Epoch 938/5000 - train 0.218931 - val 0.602198
Epoch 939/5000 - train 0.219506 - val 0.600112
Epoch 940/5000 - train 0.219358 - val 0.599401
Epoch 941/5000 - train 0.219759 - val 0.601929
Epoch 942/5000 - train 0.220088 - val 0.602510
Epoch 943/5000 - train 0.219607 - val 0.602312
Epoch 944/5000 - train 0.219272 - val 0.600385
Epoch 945/5000 - train 0.218904 - val 0.602587
Epoch 946/5000 - train 0.219369 - val 0.601306
Epoch 947/5000 - train 0.219361 - val 0.602806
Epoch 948/5000 - train 0.218958 - val 0.600777
Epoch 949/5000 - train 0.219426 - val 0.602088
Epoch 950/5000 - train 0.220090 - val 0.602379
Epoch 951/5000 - train 0.219465 - val 0.601652
Epoch 952/5000 - train 0.220045 - val 0.599735
Epoch 953/5000 - train 0.219151 - val 0.601305
Epoch 954/5000 - train 0.219274 - val 0.601059
Epoch 955/5000 - train 0.218598 - val 0.602166
Epoch 956/5000 - train 0.219164 - val 0.601251
Epoch 957/5000 - train 0.219108 - val 0.601997
Epoch 958/5000 - train 0.218928 - val 0.604059
Epoch 959/5000 - train 0.219650 - val 0.601699
Epoch 960/5000 - train 0.218722 - val 0.601926
Epoch 961/5000 - train 0.219390 - val 0.603001
Epoch 962/5000 - train 0.219140 - val 0.601392
Epoch 963/5000 - train 0.219338 - val 0.601335
Epoch 964/5000 - train 0.219000 - val 0.602946
Epoch 965/5000 - train 0.219049 - val 0.601429
Epoch 966/5000 - train 0.218677 - val 0.603402
Epoch 967/5000 - train 0.219014 - val 0.602002
Epoch 968/5000 - train 0.219494 - val 0.602615
Epoch 969/5000 - train 0.218257 - val 0.602142
Epoch 970/5000 - train 0.218912 - val 0.603589
Epoch 971/5000 - train 0.220266 - val 0.599871
Epoch 972/5000 - train 0.219481 - val 0.601719
Epoch 973/5000 - train 0.218752 - val 0.602373
Epoch 974/5000 - train 0.218266 - val 0.603336
Epoch 975/5000 - train 0.218979 - val 0.601000
Epoch 976/5000 - train 0.218717 - val 0.602037
Epoch 977/5000 - train 0.218922 - val 0.602565
Epoch 978/5000 - train 0.218749 - val 0.601946
Epoch 979/5000 - train 0.218275 - val 0.602668
Epoch 980/5000 - train 0.218596 - val 0.602282
Epoch 981/5000 - train 0.218665 - val 0.603710
Epoch 982/5000 - train 0.218742 - val 0.603613
Epoch 983/5000 - train 0.218885 - val 0.602075
Epoch 984/5000 - train 0.218407 - val 0.602713
Epoch 985/5000 - train 0.218677 - val 0.601435
Epoch 986/5000 - train 0.219370 - val 0.601621
Epoch 987/5000 - train 0.219418 - val 0.601731
Epoch 988/5000 - train 0.218627 - val 0.601776
Epoch 989/5000 - train 0.218554 - val 0.603029
Epoch 990/5000 - train 0.219005 - val 0.603310
Epoch 991/5000 - train 0.219949 - val 0.603857
Epoch 992/5000 - train 0.218870 - val 0.602772
Epoch 993/5000 - train 0.218561 - val 0.603358
Epoch 994/5000 - train 0.219529 - val 0.603511
Epoch 995/5000 - train 0.218857 - val 0.602976
Epoch 996/5000 - train 0.218819 - val 0.601216
Epoch 997/5000 - train 0.218311 - val 0.603232
Epoch 998/5000 - train 0.218318 - val 0.602602
Epoch 999/5000 - train 0.218199 - val 0.604107
Epoch 1000/5000 - train 0.218014 - val 0.603963
Epoch 1001/5000 - train 0.218465 - val 0.604969
Epoch 1002/5000 - train 0.220089 - val 0.602292
Epoch 1003/5000 - train 0.218928 - val 0.604047
Epoch 1004/5000 - train 0.219276 - val 0.601863
Epoch 1005/5000 - train 0.219203 - val 0.604335
Epoch 1006/5000 - train 0.218265 - val 0.602607
Epoch 1007/5000 - train 0.217989 - val 0.602709
Epoch 1008/5000 - train 0.219325 - val 0.601607
Epoch 1009/5000 - train 0.218408 - val 0.602916
Epoch 1010/5000 - train 0.219018 - val 0.604095
Epoch 1011/5000 - train 0.217963 - val 0.602190
Epoch 1012/5000 - train 0.218231 - val 0.602598
Epoch 1013/5000 - train 0.218152 - val 0.603383
Epoch 1014/5000 - train 0.217887 - val 0.602889
Epoch 1015/5000 - train 0.217483 - val 0.602564
Epoch 1016/5000 - train 0.217497 - val 0.602757
Epoch 1017/5000 - train 0.217530 - val 0.603217
Epoch 1018/5000 - train 0.218055 - val 0.603211
Epoch 1019/5000 - train 0.217510 - val 0.603214
Epoch 1020/5000 - train 0.217403 - val 0.604881
Epoch 1021/5000 - train 0.217961 - val 0.603326
Epoch 1022/5000 - train 0.218139 - val 0.605429
Epoch 1023/5000 - train 0.218446 - val 0.602754
Epoch 1024/5000 - train 0.217415 - val 0.605513
Epoch 1025/5000 - train 0.218223 - val 0.603985
Epoch 1026/5000 - train 0.217562 - val 0.603237
Epoch 1027/5000 - train 0.218445 - val 0.602645
Epoch 1028/5000 - train 0.219074 - val 0.603708
Epoch 1029/5000 - train 0.219409 - val 0.603992
Epoch 1030/5000 - train 0.218384 - val 0.604063
Epoch 1031/5000 - train 0.218173 - val 0.603134
Epoch 1032/5000 - train 0.217496 - val 0.602174
Epoch 1033/5000 - train 0.217335 - val 0.603694
Epoch 1034/5000 - train 0.218524 - val 0.603529
Epoch 1035/5000 - train 0.217907 - val 0.603509
Epoch 1036/5000 - train 0.217344 - val 0.603660
Epoch 1037/5000 - train 0.217616 - val 0.603930
Epoch 1038/5000 - train 0.218428 - val 0.603233
Epoch 1039/5000 - train 0.217425 - val 0.603514
Epoch 1040/5000 - train 0.217164 - val 0.604753
Epoch 1041/5000 - train 0.217197 - val 0.603990
Epoch 1042/5000 - train 0.218070 - val 0.605887
Epoch 1043/5000 - train 0.218116 - val 0.603865
Epoch 1044/5000 - train 0.218213 - val 0.602629
Epoch 1045/5000 - train 0.217301 - val 0.604477
Epoch 1046/5000 - train 0.217123 - val 0.603397
Epoch 1047/5000 - train 0.218715 - val 0.603980
Epoch 1048/5000 - train 0.217912 - val 0.604051
Epoch 1049/5000 - train 0.217784 - val 0.603729
Epoch 1050/5000 - train 0.218145 - val 0.605123
Epoch 1051/5000 - train 0.217901 - val 0.604308
Epoch 1052/5000 - train 0.217787 - val 0.604701
Epoch 1053/5000 - train 0.217655 - val 0.604232
Epoch 1054/5000 - train 0.217250 - val 0.604887
Epoch 1055/5000 - train 0.217181 - val 0.605932
Epoch 1056/5000 - train 0.218587 - val 0.604281
Epoch 1057/5000 - train 0.217745 - val 0.603266
Epoch 1058/5000 - train 0.217742 - val 0.604304
Epoch 1059/5000 - train 0.217676 - val 0.605368
Epoch 1060/5000 - train 0.217769 - val 0.604916
Epoch 1061/5000 - train 0.217145 - val 0.605077
Epoch 1062/5000 - train 0.217567 - val 0.604408
Epoch 1063/5000 - train 0.216840 - val 0.605317
Epoch 1064/5000 - train 0.217312 - val 0.603793
Epoch 1065/5000 - train 0.218023 - val 0.604216
Epoch 1066/5000 - train 0.217014 - val 0.605687
Epoch 1067/5000 - train 0.218055 - val 0.604270
Epoch 1068/5000 - train 0.217183 - val 0.603609
Epoch 1069/5000 - train 0.217256 - val 0.604654
Epoch 1070/5000 - train 0.218110 - val 0.604761
Epoch 1071/5000 - train 0.217737 - val 0.603784
Epoch 1072/5000 - train 0.217823 - val 0.601951
Epoch 1073/5000 - train 0.217782 - val 0.604681
Epoch 1074/5000 - train 0.216965 - val 0.605913
Epoch 1075/5000 - train 0.217598 - val 0.604254
Epoch 1076/5000 - train 0.216405 - val 0.603981
Epoch 1077/5000 - train 0.217090 - val 0.606028
Epoch 1078/5000 - train 0.217569 - val 0.605410
Epoch 1079/5000 - train 0.217860 - val 0.604829
Epoch 1080/5000 - train 0.218363 - val 0.603327
Epoch 1081/5000 - train 0.216937 - val 0.603853
Epoch 1082/5000 - train 0.217547 - val 0.605083
Epoch 1083/5000 - train 0.217455 - val 0.605000
Epoch 1084/5000 - train 0.216834 - val 0.604428
Epoch 1085/5000 - train 0.216804 - val 0.607846
Epoch 1086/5000 - train 0.218996 - val 0.606030
Epoch 1087/5000 - train 0.218007 - val 0.604599
Epoch 1088/5000 - train 0.216723 - val 0.606048
Epoch 1089/5000 - train 0.216703 - val 0.604739
Epoch 1090/5000 - train 0.216889 - val 0.604042
Epoch 1091/5000 - train 0.216574 - val 0.606402
Epoch 1092/5000 - train 0.216950 - val 0.605233
Epoch 1093/5000 - train 0.216916 - val 0.604927
Epoch 1094/5000 - train 0.216158 - val 0.604754
Epoch 1095/5000 - train 0.217003 - val 0.603671
Epoch 1096/5000 - train 0.216796 - val 0.605496
Epoch 1097/5000 - train 0.216430 - val 0.604882
Epoch 1098/5000 - train 0.216637 - val 0.605298
Epoch 1099/5000 - train 0.216825 - val 0.606036
Epoch 1100/5000 - train 0.216821 - val 0.604274
Epoch 1101/5000 - train 0.216344 - val 0.605328
Epoch 1102/5000 - train 0.216698 - val 0.605675
Epoch 1103/5000 - train 0.216236 - val 0.605303
Epoch 1104/5000 - train 0.217678 - val 0.603918
Epoch 1105/5000 - train 0.217122 - val 0.605477
Epoch 1106/5000 - train 0.217193 - val 0.604972
Epoch 1107/5000 - train 0.216757 - val 0.607762
Epoch 1108/5000 - train 0.217999 - val 0.605297
Epoch 1109/5000 - train 0.216453 - val 0.606310
Epoch 1110/5000 - train 0.216115 - val 0.605219
Epoch 1111/5000 - train 0.216127 - val 0.606621
Epoch 1112/5000 - train 0.216659 - val 0.605206
Epoch 1113/5000 - train 0.216509 - val 0.606404
Epoch 1114/5000 - train 0.216728 - val 0.606740
Epoch 1115/5000 - train 0.217962 - val 0.606540
Epoch 1116/5000 - train 0.216405 - val 0.605361
Epoch 1117/5000 - train 0.217814 - val 0.605357
Epoch 1118/5000 - train 0.216784 - val 0.606638
Epoch 1119/5000 - train 0.216714 - val 0.605012
Epoch 1120/5000 - train 0.216426 - val 0.606082
Epoch 1121/5000 - train 0.217131 - val 0.606563
Epoch 1122/5000 - train 0.217032 - val 0.607333
Epoch 1123/5000 - train 0.216934 - val 0.605490
Epoch 1124/5000 - train 0.216699 - val 0.605850
Epoch 1125/5000 - train 0.216182 - val 0.605768
Epoch 1126/5000 - train 0.216271 - val 0.606636
Epoch 1127/5000 - train 0.216053 - val 0.607417
Epoch 1128/5000 - train 0.216968 - val 0.607591
Epoch 1129/5000 - train 0.218095 - val 0.606156
Epoch 1130/5000 - train 0.217495 - val 0.604573
Epoch 1131/5000 - train 0.216731 - val 0.605659
Epoch 1132/5000 - train 0.216191 - val 0.605895
Epoch 1133/5000 - train 0.215940 - val 0.606422
Epoch 1134/5000 - train 0.216140 - val 0.606405
Epoch 1135/5000 - train 0.215780 - val 0.605664
Epoch 1136/5000 - train 0.215978 - val 0.607324
Epoch 1137/5000 - train 0.217050 - val 0.604963
Epoch 1138/5000 - train 0.216233 - val 0.605274
Epoch 1139/5000 - train 0.216302 - val 0.607083
Epoch 1140/5000 - train 0.215395 - val 0.607022
Epoch 1141/5000 - train 0.216301 - val 0.607452
Epoch 1142/5000 - train 0.216561 - val 0.605873
Epoch 1143/5000 - train 0.216194 - val 0.607109
Epoch 1144/5000 - train 0.216707 - val 0.606362
Epoch 1145/5000 - train 0.219950 - val 0.605798
Epoch 1146/5000 - train 0.216941 - val 0.605748
Epoch 1147/5000 - train 0.217480 - val 0.605470
Epoch 1148/5000 - train 0.216739 - val 0.605133
Epoch 1149/5000 - train 0.215849 - val 0.607236
Epoch 1150/5000 - train 0.216054 - val 0.606714
Epoch 1151/5000 - train 0.216373 - val 0.605079
Epoch 1152/5000 - train 0.216214 - val 0.607060
Epoch 1153/5000 - train 0.217156 - val 0.604954
Epoch 1154/5000 - train 0.216630 - val 0.606262
Epoch 1155/5000 - train 0.216318 - val 0.606195
Epoch 1156/5000 - train 0.216080 - val 0.606474
Epoch 1157/5000 - train 0.216249 - val 0.605507
Epoch 1158/5000 - train 0.216079 - val 0.606880
Epoch 1159/5000 - train 0.215591 - val 0.605494
Epoch 1160/5000 - train 0.216201 - val 0.607616
Epoch 1161/5000 - train 0.216666 - val 0.605779
Epoch 1162/5000 - train 0.216782 - val 0.606112
Epoch 1163/5000 - train 0.217116 - val 0.607022
Epoch 1164/5000 - train 0.215720 - val 0.607579
Epoch 1165/5000 - train 0.215902 - val 0.607601
Epoch 1166/5000 - train 0.216719 - val 0.605862
Epoch 1167/5000 - train 0.215986 - val 0.607171
Epoch 1168/5000 - train 0.215834 - val 0.605640
Epoch 1169/5000 - train 0.215510 - val 0.606632
Epoch 1170/5000 - train 0.215940 - val 0.606025
Epoch 1171/5000 - train 0.215982 - val 0.607301
Epoch 1172/5000 - train 0.216075 - val 0.605951
Epoch 1173/5000 - train 0.215718 - val 0.606726
Epoch 1174/5000 - train 0.215070 - val 0.606000
Epoch 1175/5000 - train 0.215643 - val 0.606740
Epoch 1176/5000 - train 0.215693 - val 0.607014
Epoch 1177/5000 - train 0.215592 - val 0.606905
Epoch 1178/5000 - train 0.215719 - val 0.606009
Epoch 1179/5000 - train 0.216226 - val 0.606971
Epoch 1180/5000 - train 0.216338 - val 0.607778
Epoch 1181/5000 - train 0.216224 - val 0.607117
Epoch 1182/5000 - train 0.215315 - val 0.605714
Epoch 1183/5000 - train 0.215200 - val 0.607439
Epoch 1184/5000 - train 0.216757 - val 0.607009
Epoch 1185/5000 - train 0.215923 - val 0.607168
Epoch 1186/5000 - train 0.215272 - val 0.608155
Epoch 1187/5000 - train 0.215853 - val 0.606512
Epoch 1188/5000 - train 0.215294 - val 0.607754
Epoch 1189/5000 - train 0.215459 - val 0.607892
Epoch 1190/5000 - train 0.215961 - val 0.606368
Epoch 1191/5000 - train 0.215328 - val 0.606440
Epoch 1192/5000 - train 0.215322 - val 0.606589
Epoch 1193/5000 - train 0.215303 - val 0.607229
Epoch 1194/5000 - train 0.215937 - val 0.606934
Epoch 1195/5000 - train 0.215996 - val 0.607858
Epoch 1196/5000 - train 0.216160 - val 0.607616
Epoch 1197/5000 - train 0.215812 - val 0.606643
Epoch 1198/5000 - train 0.216041 - val 0.607181
Epoch 1199/5000 - train 0.216053 - val 0.607446
Epoch 1200/5000 - train 0.215360 - val 0.607219
Epoch 1201/5000 - train 0.215319 - val 0.608689
Epoch 1202/5000 - train 0.215774 - val 0.607934
Epoch 1203/5000 - train 0.216317 - val 0.606812
Epoch 1204/5000 - train 0.215087 - val 0.606670
Epoch 1205/5000 - train 0.214817 - val 0.606443
Epoch 1206/5000 - train 0.215348 - val 0.606233
Epoch 1207/5000 - train 0.215243 - val 0.607872
Epoch 1208/5000 - train 0.216230 - val 0.607021
Epoch 1209/5000 - train 0.215848 - val 0.606394
Epoch 1210/5000 - train 0.215695 - val 0.609033
Epoch 1211/5000 - train 0.215317 - val 0.608029
Epoch 1212/5000 - train 0.215955 - val 0.606295
Epoch 1213/5000 - train 0.216309 - val 0.606772
Epoch 1214/5000 - train 0.216226 - val 0.606714
Epoch 1215/5000 - train 0.215376 - val 0.608363
Epoch 1216/5000 - train 0.215804 - val 0.607584
Epoch 1217/5000 - train 0.215459 - val 0.608436
Epoch 1218/5000 - train 0.215403 - val 0.608410
Epoch 1219/5000 - train 0.215845 - val 0.608538
Epoch 1220/5000 - train 0.215753 - val 0.606808
Epoch 1221/5000 - train 0.216350 - val 0.606681
Epoch 1222/5000 - train 0.215451 - val 0.607586
Epoch 1223/5000 - train 0.215124 - val 0.608497
Epoch 1224/5000 - train 0.215555 - val 0.606905
Epoch 1225/5000 - train 0.215539 - val 0.608014
Epoch 1226/5000 - train 0.215983 - val 0.608805
Epoch 1227/5000 - train 0.215046 - val 0.607975
Epoch 1228/5000 - train 0.214667 - val 0.607301
Epoch 1229/5000 - train 0.215643 - val 0.607906
Epoch 1230/5000 - train 0.215972 - val 0.608801
Epoch 1231/5000 - train 0.215763 - val 0.606120
Epoch 1232/5000 - train 0.215019 - val 0.608177
Epoch 1233/5000 - train 0.215694 - val 0.606368
Epoch 1234/5000 - train 0.215166 - val 0.609516
Epoch 1235/5000 - train 0.216007 - val 0.609379
Epoch 1236/5000 - train 0.215576 - val 0.606583
Epoch 1237/5000 - train 0.215412 - val 0.606727
Epoch 1238/5000 - train 0.215041 - val 0.608356
Epoch 1239/5000 - train 0.214350 - val 0.607467
Epoch 1240/5000 - train 0.214640 - val 0.609173
Epoch 1241/5000 - train 0.215756 - val 0.608553
Epoch 1242/5000 - train 0.215667 - val 0.608011
Epoch 1243/5000 - train 0.215077 - val 0.608100
Epoch 1244/5000 - train 0.215607 - val 0.606698
Epoch 1245/5000 - train 0.215069 - val 0.606950
Epoch 1246/5000 - train 0.214426 - val 0.607149
Epoch 1247/5000 - train 0.216950 - val 0.606894
Epoch 1248/5000 - train 0.216370 - val 0.608721
Epoch 1249/5000 - train 0.215861 - val 0.608842
Epoch 1250/5000 - train 0.214633 - val 0.608525
Epoch 1251/5000 - train 0.214189 - val 0.608381
Epoch 1252/5000 - train 0.214423 - val 0.607114
Epoch 1253/5000 - train 0.214491 - val 0.608201
Epoch 1254/5000 - train 0.214481 - val 0.609043
Epoch 1255/5000 - train 0.215251 - val 0.608870
Epoch 1256/5000 - train 0.214635 - val 0.608152
Epoch 1257/5000 - train 0.214061 - val 0.608381
Epoch 1258/5000 - train 0.215016 - val 0.610939
Epoch 1259/5000 - train 0.215621 - val 0.608317
Epoch 1260/5000 - train 0.214981 - val 0.608242
Epoch 1261/5000 - train 0.214995 - val 0.608477
Epoch 1262/5000 - train 0.214922 - val 0.608490
Epoch 1263/5000 - train 0.214444 - val 0.607123
Epoch 1264/5000 - train 0.214722 - val 0.609455
Epoch 1265/5000 - train 0.214863 - val 0.609501
Epoch 1266/5000 - train 0.214135 - val 0.609580
Epoch 1267/5000 - train 0.214814 - val 0.607643
Epoch 1268/5000 - train 0.214197 - val 0.610020
Epoch 1269/5000 - train 0.215252 - val 0.607813
Epoch 1270/5000 - train 0.214494 - val 0.608129
Epoch 1271/5000 - train 0.214102 - val 0.610399
Epoch 1272/5000 - train 0.215711 - val 0.607779
Epoch 1273/5000 - train 0.214660 - val 0.608512
Epoch 1274/5000 - train 0.214680 - val 0.608009
Epoch 1275/5000 - train 0.214541 - val 0.608437
Epoch 1276/5000 - train 0.214489 - val 0.609038
Epoch 1277/5000 - train 0.214862 - val 0.608833
Epoch 1278/5000 - train 0.215237 - val 0.608323
Epoch 1279/5000 - train 0.214626 - val 0.608510
Epoch 1280/5000 - train 0.214513 - val 0.607960
Epoch 1281/5000 - train 0.215534 - val 0.609829
Epoch 1282/5000 - train 0.215977 - val 0.607455
Epoch 1283/5000 - train 0.214810 - val 0.608324
Epoch 1284/5000 - train 0.215323 - val 0.608040
Epoch 1285/5000 - train 0.215920 - val 0.607567
Epoch 1286/5000 - train 0.215851 - val 0.608518
Epoch 1287/5000 - train 0.214669 - val 0.608908
Epoch 1288/5000 - train 0.214409 - val 0.608386
Epoch 1289/5000 - train 0.213713 - val 0.608793
Epoch 1290/5000 - train 0.213551 - val 0.608768
Epoch 1291/5000 - train 0.214158 - val 0.609142
Epoch 1292/5000 - train 0.214764 - val 0.609282
Epoch 1293/5000 - train 0.215209 - val 0.609904
Epoch 1294/5000 - train 0.215568 - val 0.609097
Epoch 1295/5000 - train 0.214406 - val 0.608783
Epoch 1296/5000 - train 0.213916 - val 0.607548
Epoch 1297/5000 - train 0.213673 - val 0.609515
Epoch 1298/5000 - train 0.214014 - val 0.607974
Epoch 1299/5000 - train 0.213861 - val 0.609274
Epoch 1300/5000 - train 0.213576 - val 0.608537
Epoch 1301/5000 - train 0.213980 - val 0.611204
Epoch 1302/5000 - train 0.214671 - val 0.608015
Epoch 1303/5000 - train 0.214779 - val 0.608888
Epoch 1304/5000 - train 0.213730 - val 0.609513
Epoch 1305/5000 - train 0.214521 - val 0.609304
Epoch 1306/5000 - train 0.213777 - val 0.608919
Epoch 1307/5000 - train 0.214738 - val 0.610347
Epoch 1308/5000 - train 0.215004 - val 0.610171
Epoch 1309/5000 - train 0.214277 - val 0.608923
Epoch 1310/5000 - train 0.214769 - val 0.609759
Epoch 1311/5000 - train 0.214456 - val 0.609885
Epoch 1312/5000 - train 0.214036 - val 0.609125
Epoch 1313/5000 - train 0.213685 - val 0.609867
Epoch 1314/5000 - train 0.213771 - val 0.609779
Epoch 1315/5000 - train 0.214238 - val 0.610329
Epoch 1316/5000 - train 0.214471 - val 0.609865
Epoch 1317/5000 - train 0.214870 - val 0.610642
Epoch 1318/5000 - train 0.214731 - val 0.610411
Epoch 1319/5000 - train 0.215176 - val 0.608269
Epoch 1320/5000 - train 0.213612 - val 0.610847
Epoch 1321/5000 - train 0.213847 - val 0.609602
Epoch 1322/5000 - train 0.213749 - val 0.610266
Epoch 1323/5000 - train 0.214590 - val 0.609700
Epoch 1324/5000 - train 0.214617 - val 0.609656
Epoch 1325/5000 - train 0.214355 - val 0.610091
Epoch 1326/5000 - train 0.213845 - val 0.609191
Epoch 1327/5000 - train 0.214327 - val 0.610333
Epoch 1328/5000 - train 0.214034 - val 0.609159
Epoch 1329/5000 - train 0.213622 - val 0.610562
Epoch 1330/5000 - train 0.213962 - val 0.610802
Epoch 1331/5000 - train 0.215536 - val 0.609133
Epoch 1332/5000 - train 0.214146 - val 0.610125
Epoch 1333/5000 - train 0.213647 - val 0.610654
Epoch 1334/5000 - train 0.213925 - val 0.609417
Epoch 1335/5000 - train 0.213651 - val 0.612846
Epoch 1336/5000 - train 0.215036 - val 0.611549
Epoch 1337/5000 - train 0.214212 - val 0.611397
Epoch 1338/5000 - train 0.214837 - val 0.610092
Epoch 1339/5000 - train 0.214450 - val 0.609018
Epoch 1340/5000 - train 0.214198 - val 0.609534
Epoch 1341/5000 - train 0.214116 - val 0.610269
Epoch 1342/5000 - train 0.213775 - val 0.609913
Epoch 1343/5000 - train 0.213849 - val 0.610952
Epoch 1344/5000 - train 0.213588 - val 0.609075
Epoch 1345/5000 - train 0.214331 - val 0.610589
Epoch 1346/5000 - train 0.214813 - val 0.610166
Epoch 1347/5000 - train 0.213759 - val 0.608753
Epoch 1348/5000 - train 0.215382 - val 0.610598
Epoch 1349/5000 - train 0.214544 - val 0.609278
Epoch 1350/5000 - train 0.213818 - val 0.610536
Epoch 1351/5000 - train 0.214641 - val 0.610376
Epoch 1352/5000 - train 0.213647 - val 0.610019
Epoch 1353/5000 - train 0.213353 - val 0.610533
Epoch 1354/5000 - train 0.213662 - val 0.610474
Epoch 1355/5000 - train 0.213524 - val 0.611736
Epoch 1356/5000 - train 0.213326 - val 0.610487
Epoch 1357/5000 - train 0.213398 - val 0.611250
Epoch 1358/5000 - train 0.213987 - val 0.610021
Epoch 1359/5000 - train 0.213371 - val 0.610509
Epoch 1360/5000 - train 0.213642 - val 0.611208
Epoch 1361/5000 - train 0.214247 - val 0.609610
Epoch 1362/5000 - train 0.213908 - val 0.611142
Epoch 1363/5000 - train 0.213456 - val 0.609101
Epoch 1364/5000 - train 0.214718 - val 0.609989
Epoch 1365/5000 - train 0.213695 - val 0.609042
Epoch 1366/5000 - train 0.213812 - val 0.609324
Epoch 1367/5000 - train 0.213628 - val 0.612493
Epoch 1368/5000 - train 0.214009 - val 0.609819
Epoch 1369/5000 - train 0.213648 - val 0.610971
Epoch 1370/5000 - train 0.214422 - val 0.610258
Epoch 1371/5000 - train 0.214287 - val 0.610109
Epoch 1372/5000 - train 0.214018 - val 0.609613
Epoch 1373/5000 - train 0.213590 - val 0.610304
Epoch 1374/5000 - train 0.213325 - val 0.609248
Epoch 1375/5000 - train 0.213915 - val 0.610812
Epoch 1376/5000 - train 0.213432 - val 0.611929
Epoch 1377/5000 - train 0.213596 - val 0.611643
Epoch 1378/5000 - train 0.213452 - val 0.610240
Epoch 1379/5000 - train 0.213199 - val 0.610313
Epoch 1380/5000 - train 0.213259 - val 0.609702
Epoch 1381/5000 - train 0.213379 - val 0.610416
Epoch 1382/5000 - train 0.213957 - val 0.609544
Epoch 1383/5000 - train 0.213479 - val 0.610869
Epoch 1384/5000 - train 0.213142 - val 0.610568
Epoch 1385/5000 - train 0.213116 - val 0.610152
Epoch 1386/5000 - train 0.213391 - val 0.611081
Epoch 1387/5000 - train 0.213744 - val 0.611293
Epoch 1388/5000 - train 0.212960 - val 0.611077
Epoch 1389/5000 - train 0.213205 - val 0.609740
Epoch 1390/5000 - train 0.213701 - val 0.611835
Epoch 1391/5000 - train 0.213708 - val 0.610669
Epoch 1392/5000 - train 0.213736 - val 0.612556
Epoch 1393/5000 - train 0.213253 - val 0.611343
Epoch 1394/5000 - train 0.214131 - val 0.610671
Epoch 1395/5000 - train 0.212968 - val 0.611251
Epoch 1396/5000 - train 0.212709 - val 0.610600
Epoch 1397/5000 - train 0.213161 - val 0.610105
Epoch 1398/5000 - train 0.213359 - val 0.609741
Epoch 1399/5000 - train 0.214078 - val 0.611446
Epoch 1400/5000 - train 0.213566 - val 0.612793
Epoch 1401/5000 - train 0.213636 - val 0.611121
Epoch 1402/5000 - train 0.213210 - val 0.609965
Epoch 1403/5000 - train 0.212975 - val 0.611750
Epoch 1404/5000 - train 0.213362 - val 0.611862
Epoch 1405/5000 - train 0.213495 - val 0.611031
Epoch 1406/5000 - train 0.214019 - val 0.611228
Epoch 1407/5000 - train 0.214843 - val 0.610295
Epoch 1408/5000 - train 0.213109 - val 0.610487
Epoch 1409/5000 - train 0.212494 - val 0.609777
Epoch 1410/5000 - train 0.213055 - val 0.611466
Epoch 1411/5000 - train 0.213524 - val 0.610381
Epoch 1412/5000 - train 0.213162 - val 0.613783
Epoch 1413/5000 - train 0.213736 - val 0.610134
Epoch 1414/5000 - train 0.213421 - val 0.612169
Epoch 1415/5000 - train 0.213866 - val 0.611663
Epoch 1416/5000 - train 0.213780 - val 0.612504
Epoch 1417/5000 - train 0.213824 - val 0.611130
Epoch 1418/5000 - train 0.212858 - val 0.610243
Epoch 1419/5000 - train 0.212234 - val 0.611388
Epoch 1420/5000 - train 0.213297 - val 0.611134
Epoch 1421/5000 - train 0.213094 - val 0.610771
Epoch 1422/5000 - train 0.213681 - val 0.611578
Epoch 1423/5000 - train 0.213438 - val 0.610155
Epoch 1424/5000 - train 0.213529 - val 0.610865
Epoch 1425/5000 - train 0.213448 - val 0.611999
Epoch 1426/5000 - train 0.212637 - val 0.611560
Epoch 1427/5000 - train 0.213604 - val 0.611264
Epoch 1428/5000 - train 0.213336 - val 0.612501
Epoch 1429/5000 - train 0.212963 - val 0.609926
Epoch 1430/5000 - train 0.212919 - val 0.610732
Epoch 1431/5000 - train 0.212823 - val 0.611680
Epoch 1432/5000 - train 0.213406 - val 0.610901
Epoch 1433/5000 - train 0.214560 - val 0.612172
Epoch 1434/5000 - train 0.213681 - val 0.610782
Epoch 1435/5000 - train 0.212169 - val 0.612164
Epoch 1436/5000 - train 0.213285 - val 0.610651
Epoch 1437/5000 - train 0.212576 - val 0.612235
Epoch 1438/5000 - train 0.213127 - val 0.612600
Epoch 1439/5000 - train 0.213217 - val 0.610875
Epoch 1440/5000 - train 0.212997 - val 0.613131
Epoch 1441/5000 - train 0.213187 - val 0.613956
Epoch 1442/5000 - train 0.214790 - val 0.610970
Epoch 1443/5000 - train 0.212852 - val 0.612219
Epoch 1444/5000 - train 0.212375 - val 0.612849
Epoch 1445/5000 - train 0.212994 - val 0.612517
Epoch 1446/5000 - train 0.212409 - val 0.611935
Epoch 1447/5000 - train 0.212520 - val 0.612174
Epoch 1448/5000 - train 0.212135 - val 0.613296
Epoch 1449/5000 - train 0.212936 - val 0.611127
Epoch 1450/5000 - train 0.212292 - val 0.613773
Epoch 1451/5000 - train 0.214357 - val 0.612131
Epoch 1452/5000 - train 0.213272 - val 0.611307
Epoch 1453/5000 - train 0.212568 - val 0.612326
Epoch 1454/5000 - train 0.212884 - val 0.612473
Epoch 1455/5000 - train 0.213553 - val 0.610784
Epoch 1456/5000 - train 0.212894 - val 0.611167
Epoch 1457/5000 - train 0.211803 - val 0.611808
Epoch 1458/5000 - train 0.213240 - val 0.611689
Epoch 1459/5000 - train 0.212922 - val 0.612951
Epoch 1460/5000 - train 0.213065 - val 0.613177
Epoch 1461/5000 - train 0.213098 - val 0.611254
Epoch 1462/5000 - train 0.212725 - val 0.612512
Epoch 1463/5000 - train 0.211918 - val 0.611978
Epoch 1464/5000 - train 0.212999 - val 0.612399
Epoch 1465/5000 - train 0.213379 - val 0.612098
Epoch 1466/5000 - train 0.213832 - val 0.610502
Epoch 1467/5000 - train 0.213440 - val 0.612613
Epoch 1468/5000 - train 0.213305 - val 0.612032
Epoch 1469/5000 - train 0.212103 - val 0.610804
Epoch 1470/5000 - train 0.212746 - val 0.611894
Epoch 1471/5000 - train 0.212290 - val 0.612213
Epoch 1472/5000 - train 0.212578 - val 0.611586
Epoch 1473/5000 - train 0.212363 - val 0.612872
Epoch 1474/5000 - train 0.212547 - val 0.612674
Epoch 1475/5000 - train 0.212572 - val 0.612497
Epoch 1476/5000 - train 0.212572 - val 0.611637
Epoch 1477/5000 - train 0.212521 - val 0.611455
Epoch 1478/5000 - train 0.213105 - val 0.612102
Epoch 1479/5000 - train 0.213008 - val 0.613096
Epoch 1480/5000 - train 0.212725 - val 0.612833
Epoch 1481/5000 - train 0.212648 - val 0.613018
Epoch 1482/5000 - train 0.212596 - val 0.611349
Epoch 1483/5000 - train 0.212263 - val 0.613498
Epoch 1484/5000 - train 0.212148 - val 0.613068
Epoch 1485/5000 - train 0.211797 - val 0.613213
Epoch 1486/5000 - train 0.212436 - val 0.614056
Epoch 1487/5000 - train 0.212769 - val 0.611855
Epoch 1488/5000 - train 0.213258 - val 0.613288
Epoch 1489/5000 - train 0.212721 - val 0.612720
Epoch 1490/5000 - train 0.212425 - val 0.612859
Epoch 1491/5000 - train 0.212097 - val 0.612709
Epoch 1492/5000 - train 0.212324 - val 0.613312
Epoch 1493/5000 - train 0.213153 - val 0.612520
Epoch 1494/5000 - train 0.212064 - val 0.612298
Epoch 1495/5000 - train 0.212364 - val 0.612959
Epoch 1496/5000 - train 0.212306 - val 0.611992
Epoch 1497/5000 - train 0.212499 - val 0.613850
Epoch 1498/5000 - train 0.212859 - val 0.612874
Epoch 1499/5000 - train 0.211925 - val 0.612458
Epoch 1500/5000 - train 0.211985 - val 0.612054
Epoch 1501/5000 - train 0.212243 - val 0.612378
Epoch 1502/5000 - train 0.212060 - val 0.611836
Epoch 1503/5000 - train 0.212196 - val 0.612602
Epoch 1504/5000 - train 0.212013 - val 0.612345
Epoch 1505/5000 - train 0.212494 - val 0.612839
Epoch 1506/5000 - train 0.213048 - val 0.613496
Epoch 1507/5000 - train 0.213620 - val 0.611796
Epoch 1508/5000 - train 0.212733 - val 0.612022
Epoch 1509/5000 - train 0.211852 - val 0.612581
Epoch 1510/5000 - train 0.212341 - val 0.612414
Epoch 1511/5000 - train 0.212616 - val 0.612533
Epoch 1512/5000 - train 0.212301 - val 0.612903
Epoch 1513/5000 - train 0.212468 - val 0.613171
Epoch 1514/5000 - train 0.212343 - val 0.613043
Epoch 1515/5000 - train 0.212447 - val 0.613322
Epoch 1516/5000 - train 0.212317 - val 0.612310
Epoch 1517/5000 - train 0.212760 - val 0.611994
Epoch 1518/5000 - train 0.212178 - val 0.612722
Epoch 1519/5000 - train 0.212052 - val 0.611621
Epoch 1520/5000 - train 0.212914 - val 0.613736
Epoch 1521/5000 - train 0.213242 - val 0.612228
Epoch 1522/5000 - train 0.213191 - val 0.612543
Epoch 1523/5000 - train 0.213397 - val 0.612242
Epoch 1524/5000 - train 0.212084 - val 0.612693
Epoch 1525/5000 - train 0.212187 - val 0.613932
Epoch 1526/5000 - train 0.212459 - val 0.612446
Epoch 1527/5000 - train 0.212944 - val 0.612233
Epoch 1528/5000 - train 0.211907 - val 0.613802
Epoch 1529/5000 - train 0.212218 - val 0.613010
Epoch 1530/5000 - train 0.212150 - val 0.611862
Epoch 1531/5000 - train 0.212188 - val 0.612721
Epoch 1532/5000 - train 0.212184 - val 0.613213
Epoch 1533/5000 - train 0.212570 - val 0.614438
Epoch 1534/5000 - train 0.215341 - val 0.611457
Epoch 1535/5000 - train 0.211974 - val 0.613400
Epoch 1536/5000 - train 0.212450 - val 0.613008
Epoch 1537/5000 - train 0.211167 - val 0.613447
Epoch 1538/5000 - train 0.211396 - val 0.614162
Epoch 1539/5000 - train 0.212582 - val 0.613423
Epoch 1540/5000 - train 0.212153 - val 0.612360
Epoch 1541/5000 - train 0.212700 - val 0.613586
Epoch 1542/5000 - train 0.212222 - val 0.613011
Epoch 1543/5000 - train 0.211192 - val 0.611387
Epoch 1544/5000 - train 0.213120 - val 0.614200
Epoch 1545/5000 - train 0.213100 - val 0.612624
Epoch 1546/5000 - train 0.211839 - val 0.614001
Epoch 1547/5000 - train 0.212248 - val 0.613531
Epoch 1548/5000 - train 0.212702 - val 0.612101
Epoch 1549/5000 - train 0.211923 - val 0.613016
Epoch 1550/5000 - train 0.211128 - val 0.614615
Epoch 1551/5000 - train 0.211865 - val 0.613074
Epoch 1552/5000 - train 0.211751 - val 0.613995
Epoch 1553/5000 - train 0.212959 - val 0.613582
Epoch 1554/5000 - train 0.212398 - val 0.614173
Epoch 1555/5000 - train 0.212044 - val 0.613385
Epoch 1556/5000 - train 0.211896 - val 0.612246
Epoch 1557/5000 - train 0.211821 - val 0.612440
Epoch 1558/5000 - train 0.211930 - val 0.615279
Epoch 1559/5000 - train 0.211776 - val 0.614550
Epoch 1560/5000 - train 0.211562 - val 0.614732
Epoch 1561/5000 - train 0.211921 - val 0.613869
Epoch 1562/5000 - train 0.212000 - val 0.614509
Epoch 1563/5000 - train 0.211835 - val 0.614952
Epoch 1564/5000 - train 0.211882 - val 0.613160
Epoch 1565/5000 - train 0.211794 - val 0.614023
Epoch 1566/5000 - train 0.212930 - val 0.615122
Epoch 1567/5000 - train 0.214908 - val 0.612204
Epoch 1568/5000 - train 0.211522 - val 0.612466
Epoch 1569/5000 - train 0.210959 - val 0.614757
Epoch 1570/5000 - train 0.211130 - val 0.613092
Epoch 1571/5000 - train 0.211215 - val 0.615090
Epoch 1572/5000 - train 0.211790 - val 0.613603
Epoch 1573/5000 - train 0.212176 - val 0.614245
Epoch 1574/5000 - train 0.212194 - val 0.612320
Epoch 1575/5000 - train 0.211159 - val 0.615395
Epoch 1576/5000 - train 0.210969 - val 0.615148
Epoch 1577/5000 - train 0.211387 - val 0.614077
Epoch 1578/5000 - train 0.212290 - val 0.612673
Epoch 1579/5000 - train 0.211293 - val 0.613530
Epoch 1580/5000 - train 0.211204 - val 0.614965
Epoch 1581/5000 - train 0.211944 - val 0.613752
Epoch 1582/5000 - train 0.212280 - val 0.613967
Epoch 1583/5000 - train 0.211239 - val 0.613510
Epoch 1584/5000 - train 0.211708 - val 0.614879
Epoch 1585/5000 - train 0.211080 - val 0.615575
Epoch 1586/5000 - train 0.212344 - val 0.613962
Epoch 1587/5000 - train 0.211886 - val 0.613946
Epoch 1588/5000 - train 0.211759 - val 0.614852
Epoch 1589/5000 - train 0.212831 - val 0.612640
Epoch 1590/5000 - train 0.211743 - val 0.613859
Epoch 1591/5000 - train 0.211100 - val 0.613968
Epoch 1592/5000 - train 0.211526 - val 0.613216
Epoch 1593/5000 - train 0.210879 - val 0.614220
Epoch 1594/5000 - train 0.211435 - val 0.613913
Epoch 1595/5000 - train 0.211313 - val 0.613891
Epoch 1596/5000 - train 0.210832 - val 0.614184
Epoch 1597/5000 - train 0.211483 - val 0.614576
Epoch 1598/5000 - train 0.211402 - val 0.614954
Epoch 1599/5000 - train 0.211422 - val 0.613861
Epoch 1600/5000 - train 0.211003 - val 0.615153
Epoch 1601/5000 - train 0.211711 - val 0.613256
Epoch 1602/5000 - train 0.211174 - val 0.613932
Epoch 1603/5000 - train 0.211266 - val 0.614489
Epoch 1604/5000 - train 0.211810 - val 0.614339
Epoch 1605/5000 - train 0.212160 - val 0.614530
Epoch 1606/5000 - train 0.211535 - val 0.613758
Epoch 1607/5000 - train 0.211929 - val 0.613570
Epoch 1608/5000 - train 0.210846 - val 0.614987
Epoch 1609/5000 - train 0.211290 - val 0.613985
Epoch 1610/5000 - train 0.211065 - val 0.613971
Epoch 1611/5000 - train 0.211490 - val 0.612764
Epoch 1612/5000 - train 0.211240 - val 0.614897
Epoch 1613/5000 - train 0.211012 - val 0.613877
Epoch 1614/5000 - train 0.210870 - val 0.614946
Epoch 1615/5000 - train 0.211293 - val 0.615033
Epoch 1616/5000 - train 0.211464 - val 0.613236
Epoch 1617/5000 - train 0.211595 - val 0.614816
Epoch 1618/5000 - train 0.210974 - val 0.614766
Epoch 1619/5000 - train 0.211656 - val 0.614849
Epoch 1620/5000 - train 0.211988 - val 0.613969
Epoch 1621/5000 - train 0.210821 - val 0.616612
Epoch 1622/5000 - train 0.211370 - val 0.613973
Epoch 1623/5000 - train 0.211330 - val 0.614687
Epoch 1624/5000 - train 0.212077 - val 0.615747
Epoch 1625/5000 - train 0.212935 - val 0.613500
Epoch 1626/5000 - train 0.211241 - val 0.615157
Epoch 1627/5000 - train 0.211839 - val 0.614772
Epoch 1628/5000 - train 0.211511 - val 0.615219
Epoch 1629/5000 - train 0.212482 - val 0.614899
Epoch 1630/5000 - train 0.212665 - val 0.613751
Epoch 1631/5000 - train 0.211027 - val 0.612928
Epoch 1632/5000 - train 0.210752 - val 0.615090
Epoch 1633/5000 - train 0.210642 - val 0.615662
Epoch 1634/5000 - train 0.210924 - val 0.614355
Epoch 1635/5000 - train 0.211029 - val 0.614626
Epoch 1636/5000 - train 0.211017 - val 0.615769
Epoch 1637/5000 - train 0.212011 - val 0.613051
Epoch 1638/5000 - train 0.212358 - val 0.613908
Epoch 1639/5000 - train 0.212250 - val 0.612921
Epoch 1640/5000 - train 0.211093 - val 0.614468
Epoch 1641/5000 - train 0.211975 - val 0.615159
Epoch 1642/5000 - train 0.211472 - val 0.614987
Epoch 1643/5000 - train 0.210522 - val 0.613957
Epoch 1644/5000 - train 0.211551 - val 0.615155
Epoch 1645/5000 - train 0.210736 - val 0.613597
Epoch 1646/5000 - train 0.210287 - val 0.614214
Epoch 1647/5000 - train 0.210992 - val 0.614885
Epoch 1648/5000 - train 0.210974 - val 0.616460
Epoch 1649/5000 - train 0.211155 - val 0.616272
Epoch 1650/5000 - train 0.211559 - val 0.614490
Epoch 1651/5000 - train 0.211052 - val 0.615024
Epoch 1652/5000 - train 0.212117 - val 0.613460
Epoch 1653/5000 - train 0.211726 - val 0.614657
Epoch 1654/5000 - train 0.211556 - val 0.616516
Epoch 1655/5000 - train 0.211176 - val 0.615138
Epoch 1656/5000 - train 0.210903 - val 0.615269
Epoch 1657/5000 - train 0.210670 - val 0.615861
Epoch 1658/5000 - train 0.211676 - val 0.614039
Epoch 1659/5000 - train 0.211274 - val 0.615978
Epoch 1660/5000 - train 0.211467 - val 0.615066
Epoch 1661/5000 - train 0.210749 - val 0.614687
Epoch 1662/5000 - train 0.211484 - val 0.614283
Epoch 1663/5000 - train 0.211081 - val 0.614904
Epoch 1664/5000 - train 0.210799 - val 0.615133
Epoch 1665/5000 - train 0.210868 - val 0.614607
Epoch 1666/5000 - train 0.210448 - val 0.615699
Epoch 1667/5000 - train 0.210693 - val 0.615974
Epoch 1668/5000 - train 0.211024 - val 0.615313
Epoch 1669/5000 - train 0.211612 - val 0.615472
Epoch 1670/5000 - train 0.211113 - val 0.615063
Epoch 1671/5000 - train 0.210746 - val 0.615073
Epoch 1672/5000 - train 0.210823 - val 0.615177
Epoch 1673/5000 - train 0.210861 - val 0.616391
Epoch 1674/5000 - train 0.211177 - val 0.615255
Epoch 1675/5000 - train 0.210658 - val 0.615577
Epoch 1676/5000 - train 0.210881 - val 0.614286
Epoch 1677/5000 - train 0.211329 - val 0.617211
Epoch 1678/5000 - train 0.210479 - val 0.614617
Epoch 1679/5000 - train 0.211206 - val 0.614500
Epoch 1680/5000 - train 0.211011 - val 0.617777
Epoch 1681/5000 - train 0.212034 - val 0.615955
Epoch 1682/5000 - train 0.211197 - val 0.614380
Epoch 1683/5000 - train 0.210631 - val 0.617436
Epoch 1684/5000 - train 0.210923 - val 0.616890
Epoch 1685/5000 - train 0.210900 - val 0.615174
Epoch 1686/5000 - train 0.210887 - val 0.615486
Epoch 1687/5000 - train 0.210853 - val 0.615941
Epoch 1688/5000 - train 0.211206 - val 0.615194
Epoch 1689/5000 - train 0.210614 - val 0.614732
Epoch 1690/5000 - train 0.210695 - val 0.616325
Epoch 1691/5000 - train 0.210838 - val 0.615070
Epoch 1692/5000 - train 0.210273 - val 0.616172
Epoch 1693/5000 - train 0.210452 - val 0.614744
Epoch 1694/5000 - train 0.210833 - val 0.615484
Epoch 1695/5000 - train 0.211095 - val 0.614744
Epoch 1696/5000 - train 0.211462 - val 0.614817
Epoch 1697/5000 - train 0.210825 - val 0.614175
Epoch 1698/5000 - train 0.211193 - val 0.615909
Epoch 1699/5000 - train 0.210161 - val 0.614127
Epoch 1700/5000 - train 0.210136 - val 0.616103
Epoch 1701/5000 - train 0.210862 - val 0.616550
Epoch 1702/5000 - train 0.210706 - val 0.613996
Epoch 1703/5000 - train 0.210162 - val 0.615115
Epoch 1704/5000 - train 0.211041 - val 0.614865
Epoch 1705/5000 - train 0.210766 - val 0.615976
Epoch 1706/5000 - train 0.210737 - val 0.615623
Epoch 1707/5000 - train 0.209919 - val 0.615357
Epoch 1708/5000 - train 0.209939 - val 0.616535
Epoch 1709/5000 - train 0.211637 - val 0.616849
Epoch 1710/5000 - train 0.211604 - val 0.617007
Epoch 1711/5000 - train 0.210571 - val 0.616019
Epoch 1712/5000 - train 0.211085 - val 0.615847
Epoch 1713/5000 - train 0.210326 - val 0.613825
Epoch 1714/5000 - train 0.210347 - val 0.616282
Epoch 1715/5000 - train 0.210578 - val 0.615596
Epoch 1716/5000 - train 0.210263 - val 0.616381
Epoch 1717/5000 - train 0.210428 - val 0.614709
Epoch 1718/5000 - train 0.210761 - val 0.614601
Epoch 1719/5000 - train 0.210811 - val 0.615581
Epoch 1720/5000 - train 0.210345 - val 0.616678
Epoch 1721/5000 - train 0.210711 - val 0.615336
Epoch 1722/5000 - train 0.210889 - val 0.617920
Epoch 1723/5000 - train 0.211584 - val 0.615629
Epoch 1724/5000 - train 0.210677 - val 0.616197
Epoch 1725/5000 - train 0.210445 - val 0.615942
Epoch 1726/5000 - train 0.210378 - val 0.614791
Epoch 1727/5000 - train 0.210510 - val 0.615722
Epoch 1728/5000 - train 0.210298 - val 0.616245
Epoch 1729/5000 - train 0.210507 - val 0.616644
Epoch 1730/5000 - train 0.211304 - val 0.615160
Epoch 1731/5000 - train 0.210343 - val 0.616524
Epoch 1732/5000 - train 0.210658 - val 0.616192
Epoch 1733/5000 - train 0.211251 - val 0.615825
Epoch 1734/5000 - train 0.211595 - val 0.615290
Epoch 1735/5000 - train 0.210443 - val 0.616540
Epoch 1736/5000 - train 0.210707 - val 0.616690
Epoch 1737/5000 - train 0.210619 - val 0.616610
Epoch 1738/5000 - train 0.210618 - val 0.614089
Epoch 1739/5000 - train 0.211129 - val 0.615416
Epoch 1740/5000 - train 0.210880 - val 0.615379
Epoch 1741/5000 - train 0.210587 - val 0.616704
Epoch 1742/5000 - train 0.210000 - val 0.615827
Epoch 1743/5000 - train 0.209927 - val 0.616281
Epoch 1744/5000 - train 0.209796 - val 0.616347
Epoch 1745/5000 - train 0.210264 - val 0.617385
Epoch 1746/5000 - train 0.209812 - val 0.615803
Epoch 1747/5000 - train 0.210787 - val 0.616497
Epoch 1748/5000 - train 0.210448 - val 0.615370
Epoch 1749/5000 - train 0.210125 - val 0.617580
Epoch 1750/5000 - train 0.210916 - val 0.615163
Epoch 1751/5000 - train 0.209276 - val 0.616597
Epoch 1752/5000 - train 0.209871 - val 0.616737
Epoch 1753/5000 - train 0.210838 - val 0.617825
Epoch 1754/5000 - train 0.211684 - val 0.617000
Epoch 1755/5000 - train 0.212179 - val 0.615664
Epoch 1756/5000 - train 0.210565 - val 0.616343
Epoch 1757/5000 - train 0.210199 - val 0.616134
Epoch 1758/5000 - train 0.210018 - val 0.616443
Epoch 1759/5000 - train 0.209632 - val 0.615806
Epoch 1760/5000 - train 0.210188 - val 0.617324
Epoch 1761/5000 - train 0.210262 - val 0.615466
Epoch 1762/5000 - train 0.209797 - val 0.615670
Epoch 1763/5000 - train 0.209892 - val 0.618232
Epoch 1764/5000 - train 0.210098 - val 0.616851
Epoch 1765/5000 - train 0.210509 - val 0.615803
Epoch 1766/5000 - train 0.210663 - val 0.616243
Epoch 1767/5000 - train 0.210466 - val 0.616850
Epoch 1768/5000 - train 0.210141 - val 0.616663
Epoch 1769/5000 - train 0.210138 - val 0.616008
Epoch 1770/5000 - train 0.209898 - val 0.617603
Epoch 1771/5000 - train 0.210972 - val 0.617227
Epoch 1772/5000 - train 0.210497 - val 0.615523
Epoch 1773/5000 - train 0.210408 - val 0.615519
Epoch 1774/5000 - train 0.210037 - val 0.617264
Epoch 1775/5000 - train 0.210579 - val 0.615688
Epoch 1776/5000 - train 0.209984 - val 0.616867
Epoch 1777/5000 - train 0.209928 - val 0.616068
Epoch 1778/5000 - train 0.210057 - val 0.617998
Epoch 1779/5000 - train 0.210571 - val 0.616041
Epoch 1780/5000 - train 0.210077 - val 0.616319
Epoch 1781/5000 - train 0.210787 - val 0.615818
Epoch 1782/5000 - train 0.209819 - val 0.615371
Epoch 1783/5000 - train 0.209888 - val 0.618251
Epoch 1784/5000 - train 0.210401 - val 0.616444
Epoch 1785/5000 - train 0.209559 - val 0.616338
Epoch 1786/5000 - train 0.209571 - val 0.616609
Epoch 1787/5000 - train 0.210053 - val 0.616342
Epoch 1788/5000 - train 0.210608 - val 0.617546
Epoch 1789/5000 - train 0.209875 - val 0.615723
Epoch 1790/5000 - train 0.209888 - val 0.617043
Epoch 1791/5000 - train 0.210335 - val 0.616502
Epoch 1792/5000 - train 0.209833 - val 0.616332
Epoch 1793/5000 - train 0.209373 - val 0.615840
Epoch 1794/5000 - train 0.209388 - val 0.617534
Epoch 1795/5000 - train 0.210548 - val 0.616567
Epoch 1796/5000 - train 0.209819 - val 0.616834
Epoch 1797/5000 - train 0.209616 - val 0.616562
Epoch 1798/5000 - train 0.210163 - val 0.616309
Epoch 1799/5000 - train 0.210277 - val 0.616809
Epoch 1800/5000 - train 0.210250 - val 0.617337
Epoch 1801/5000 - train 0.209901 - val 0.617142
Epoch 1802/5000 - train 0.210200 - val 0.615517
Epoch 1803/5000 - train 0.210391 - val 0.617457
Epoch 1804/5000 - train 0.210255 - val 0.618049
Epoch 1805/5000 - train 0.210314 - val 0.616855
Epoch 1806/5000 - train 0.209746 - val 0.615952
Epoch 1807/5000 - train 0.210383 - val 0.616415
Epoch 1808/5000 - train 0.210455 - val 0.617511
Epoch 1809/5000 - train 0.209544 - val 0.617686
Epoch 1810/5000 - train 0.210270 - val 0.615780
Epoch 1811/5000 - train 0.210199 - val 0.617428
Epoch 1812/5000 - train 0.209623 - val 0.617611
Epoch 1813/5000 - train 0.210139 - val 0.616641
Epoch 1814/5000 - train 0.210368 - val 0.616905
Epoch 1815/5000 - train 0.209671 - val 0.618051
Epoch 1816/5000 - train 0.209489 - val 0.616973
Epoch 1817/5000 - train 0.209271 - val 0.617906
Epoch 1818/5000 - train 0.210137 - val 0.617186
Epoch 1819/5000 - train 0.209568 - val 0.615722
Epoch 1820/5000 - train 0.209969 - val 0.616810
Epoch 1821/5000 - train 0.210261 - val 0.618094
Epoch 1822/5000 - train 0.209969 - val 0.615925
Epoch 1823/5000 - train 0.209641 - val 0.617787
Epoch 1824/5000 - train 0.210659 - val 0.616652
Epoch 1825/5000 - train 0.209537 - val 0.617930
Epoch 1826/5000 - train 0.209498 - val 0.617413
Epoch 1827/5000 - train 0.209380 - val 0.617821
Epoch 1828/5000 - train 0.211058 - val 0.616265
Epoch 1829/5000 - train 0.210743 - val 0.616872
Epoch 1830/5000 - train 0.209945 - val 0.616865
Epoch 1831/5000 - train 0.210292 - val 0.616164
Epoch 1832/5000 - train 0.210462 - val 0.616013
Epoch 1833/5000 - train 0.210123 - val 0.616797
Epoch 1834/5000 - train 0.209603 - val 0.617977
Epoch 1835/5000 - train 0.209962 - val 0.617462
Epoch 1836/5000 - train 0.210029 - val 0.616274
Epoch 1837/5000 - train 0.210817 - val 0.616399
Epoch 1838/5000 - train 0.209203 - val 0.616504
Epoch 1839/5000 - train 0.209782 - val 0.616543
Epoch 1840/5000 - train 0.209570 - val 0.617377
Epoch 1841/5000 - train 0.210064 - val 0.617081
Epoch 1842/5000 - train 0.209684 - val 0.616549
Epoch 1843/5000 - train 0.208990 - val 0.617545
Epoch 1844/5000 - train 0.209005 - val 0.617766
Epoch 1845/5000 - train 0.209113 - val 0.618498
Epoch 1846/5000 - train 0.209644 - val 0.618438
Epoch 1847/5000 - train 0.209548 - val 0.618342
Epoch 1848/5000 - train 0.209404 - val 0.616835
Epoch 1849/5000 - train 0.209610 - val 0.618437
Epoch 1850/5000 - train 0.210058 - val 0.619112
Epoch 1851/5000 - train 0.209989 - val 0.616850
Epoch 1852/5000 - train 0.210062 - val 0.617652
Epoch 1853/5000 - train 0.210789 - val 0.618530
Epoch 1854/5000 - train 0.210056 - val 0.617393
Epoch 1855/5000 - train 0.209477 - val 0.617506
Epoch 1856/5000 - train 0.209064 - val 0.618068
Epoch 1857/5000 - train 0.209120 - val 0.618700
Epoch 1858/5000 - train 0.210305 - val 0.618457
Epoch 1859/5000 - train 0.209442 - val 0.617086
Epoch 1860/5000 - train 0.209212 - val 0.617360
Epoch 1861/5000 - train 0.209120 - val 0.616749
Epoch 1862/5000 - train 0.209652 - val 0.617895
Epoch 1863/5000 - train 0.209295 - val 0.617212
Epoch 1864/5000 - train 0.209830 - val 0.619125
Epoch 1865/5000 - train 0.210396 - val 0.617032
Epoch 1866/5000 - train 0.209633 - val 0.618192
Epoch 1867/5000 - train 0.210053 - val 0.617552
Epoch 1868/5000 - train 0.209780 - val 0.618050
Epoch 1869/5000 - train 0.209596 - val 0.616673
Epoch 1870/5000 - train 0.209265 - val 0.617455
Epoch 1871/5000 - train 0.209204 - val 0.618765
Epoch 1872/5000 - train 0.209085 - val 0.617810
Epoch 1873/5000 - train 0.209497 - val 0.617430
Epoch 1874/5000 - train 0.209475 - val 0.617802
Epoch 1875/5000 - train 0.209844 - val 0.618366
Epoch 1876/5000 - train 0.209542 - val 0.617616
Epoch 1877/5000 - train 0.209830 - val 0.619583
Epoch 1878/5000 - train 0.209712 - val 0.617882
Epoch 1879/5000 - train 0.210412 - val 0.616156
Epoch 1880/5000 - train 0.209989 - val 0.618017
Epoch 1881/5000 - train 0.210270 - val 0.617443
Epoch 1882/5000 - train 0.209866 - val 0.617567
Epoch 1883/5000 - train 0.209064 - val 0.617695
Epoch 1884/5000 - train 0.209413 - val 0.616741
Epoch 1885/5000 - train 0.209396 - val 0.619797
Epoch 1886/5000 - train 0.209527 - val 0.617670
Epoch 1887/5000 - train 0.209033 - val 0.618589
Epoch 1888/5000 - train 0.209298 - val 0.618021
Epoch 1889/5000 - train 0.209777 - val 0.617723
Epoch 1890/5000 - train 0.209941 - val 0.618115
Epoch 1891/5000 - train 0.209301 - val 0.617239
Epoch 1892/5000 - train 0.209346 - val 0.616814
Epoch 1893/5000 - train 0.209088 - val 0.618482
Epoch 1894/5000 - train 0.209483 - val 0.617049
Epoch 1895/5000 - train 0.209228 - val 0.618369
Epoch 1896/5000 - train 0.209109 - val 0.617529
Epoch 1897/5000 - train 0.209274 - val 0.618736
Epoch 1898/5000 - train 0.209776 - val 0.618624
Epoch 1899/5000 - train 0.209541 - val 0.617071
Epoch 1900/5000 - train 0.209208 - val 0.618243
Epoch 1901/5000 - train 0.209105 - val 0.618340
Epoch 1902/5000 - train 0.209716 - val 0.618209
Epoch 1903/5000 - train 0.209203 - val 0.619591
Epoch 1904/5000 - train 0.209748 - val 0.616823
Epoch 1905/5000 - train 0.209526 - val 0.617914
Epoch 1906/5000 - train 0.209360 - val 0.617469
Epoch 1907/5000 - train 0.208546 - val 0.618537
Epoch 1908/5000 - train 0.208954 - val 0.618174
Epoch 1909/5000 - train 0.208998 - val 0.617765
Epoch 1910/5000 - train 0.209538 - val 0.616454
Epoch 1911/5000 - train 0.209258 - val 0.618517
Epoch 1912/5000 - train 0.209316 - val 0.618848
Epoch 1913/5000 - train 0.208996 - val 0.618950
Epoch 1914/5000 - train 0.209361 - val 0.616654
Epoch 1915/5000 - train 0.209563 - val 0.619797
Epoch 1916/5000 - train 0.209611 - val 0.617711
Epoch 1917/5000 - train 0.210175 - val 0.617553
Epoch 1918/5000 - train 0.209631 - val 0.617415
Epoch 1919/5000 - train 0.209090 - val 0.617352
Epoch 1920/5000 - train 0.208622 - val 0.618470
Epoch 1921/5000 - train 0.208949 - val 0.619189
Epoch 1922/5000 - train 0.209106 - val 0.619491
Epoch 1923/5000 - train 0.209643 - val 0.619532
Epoch 1924/5000 - train 0.209844 - val 0.618215
Epoch 1925/5000 - train 0.209348 - val 0.617860
Epoch 1926/5000 - train 0.209279 - val 0.617810
Epoch 1927/5000 - train 0.209262 - val 0.619243
Epoch 1928/5000 - train 0.209832 - val 0.618440
Epoch 1929/5000 - train 0.209302 - val 0.619223
Epoch 1930/5000 - train 0.208680 - val 0.617688
Epoch 1931/5000 - train 0.208554 - val 0.618656
Epoch 1932/5000 - train 0.208851 - val 0.617652
Epoch 1933/5000 - train 0.209011 - val 0.617334
Epoch 1934/5000 - train 0.208800 - val 0.617834
Epoch 1935/5000 - train 0.208937 - val 0.618536
Epoch 1936/5000 - train 0.209947 - val 0.617365
Epoch 1937/5000 - train 0.209123 - val 0.619304
Epoch 1938/5000 - train 0.209202 - val 0.618999
Epoch 1939/5000 - train 0.209029 - val 0.619330
Epoch 1940/5000 - train 0.208960 - val 0.618273
Epoch 1941/5000 - train 0.209294 - val 0.619016
Epoch 1942/5000 - train 0.209456 - val 0.618925
Epoch 1943/5000 - train 0.209208 - val 0.617490
Epoch 1944/5000 - train 0.208920 - val 0.619133
Epoch 1945/5000 - train 0.210688 - val 0.617311
Epoch 1946/5000 - train 0.209337 - val 0.617805
Epoch 1947/5000 - train 0.208597 - val 0.618221
Epoch 1948/5000 - train 0.209251 - val 0.618365
Epoch 1949/5000 - train 0.209462 - val 0.619148
Epoch 1950/5000 - train 0.208811 - val 0.619166
Epoch 1951/5000 - train 0.209065 - val 0.619578
Epoch 1952/5000 - train 0.209251 - val 0.618685
Epoch 1953/5000 - train 0.209393 - val 0.618055
Epoch 1954/5000 - train 0.208917 - val 0.618452
Epoch 1955/5000 - train 0.209410 - val 0.619136
Epoch 1956/5000 - train 0.209405 - val 0.617873
Epoch 1957/5000 - train 0.208984 - val 0.618236
Epoch 1958/5000 - train 0.209010 - val 0.617730
Epoch 1959/5000 - train 0.209406 - val 0.617286
Epoch 1960/5000 - train 0.209275 - val 0.618816
Epoch 1961/5000 - train 0.209247 - val 0.619822
Epoch 1962/5000 - train 0.208786 - val 0.618111
Epoch 1963/5000 - train 0.208688 - val 0.619853
Epoch 1964/5000 - train 0.208756 - val 0.617778
Epoch 1965/5000 - train 0.208314 - val 0.617666
Epoch 1966/5000 - train 0.208494 - val 0.619017
Epoch 1967/5000 - train 0.208662 - val 0.618351
Epoch 1968/5000 - train 0.209372 - val 0.618568
Epoch 1969/5000 - train 0.208995 - val 0.618051
Epoch 1970/5000 - train 0.209104 - val 0.619281
Epoch 1971/5000 - train 0.208615 - val 0.618019
Epoch 1972/5000 - train 0.208508 - val 0.618595
Epoch 1973/5000 - train 0.208564 - val 0.619169
Epoch 1974/5000 - train 0.208384 - val 0.620232
Epoch 1975/5000 - train 0.208582 - val 0.620490
Epoch 1976/5000 - train 0.208582 - val 0.618493
Epoch 1977/5000 - train 0.209224 - val 0.619271
Epoch 1978/5000 - train 0.208816 - val 0.619173
Epoch 1979/5000 - train 0.208606 - val 0.620242
Epoch 1980/5000 - train 0.209803 - val 0.619043
Epoch 1981/5000 - train 0.208894 - val 0.619055
Epoch 1982/5000 - train 0.208751 - val 0.618797
Epoch 1983/5000 - train 0.208928 - val 0.619204
Epoch 1984/5000 - train 0.209275 - val 0.618957
Epoch 1985/5000 - train 0.209224 - val 0.618454
Epoch 1986/5000 - train 0.209051 - val 0.619863
Epoch 1987/5000 - train 0.208900 - val 0.619219
Epoch 1988/5000 - train 0.209678 - val 0.617438
Epoch 1989/5000 - train 0.209217 - val 0.618674
Epoch 1990/5000 - train 0.208290 - val 0.618959
Epoch 1991/5000 - train 0.208818 - val 0.619031
Epoch 1992/5000 - train 0.208507 - val 0.618312
Epoch 1993/5000 - train 0.208195 - val 0.619701
Epoch 1994/5000 - train 0.208114 - val 0.619216
Epoch 1995/5000 - train 0.208407 - val 0.620667
Epoch 1996/5000 - train 0.208769 - val 0.619623
Epoch 1997/5000 - train 0.209036 - val 0.618466
Epoch 1998/5000 - train 0.208313 - val 0.618286
Epoch 1999/5000 - train 0.208363 - val 0.618683
Epoch 2000/5000 - train 0.209068 - val 0.620194
Epoch 2001/5000 - train 0.208652 - val 0.618654
Epoch 2002/5000 - train 0.208868 - val 0.619285
Epoch 2003/5000 - train 0.208418 - val 0.620128
Epoch 2004/5000 - train 0.208318 - val 0.620060
Epoch 2005/5000 - train 0.208277 - val 0.618635
Epoch 2006/5000 - train 0.208310 - val 0.619602
Epoch 2007/5000 - train 0.208547 - val 0.619588
Epoch 2008/5000 - train 0.208831 - val 0.618542
Epoch 2009/5000 - train 0.208546 - val 0.619822
Epoch 2010/5000 - train 0.209579 - val 0.620307
Epoch 2011/5000 - train 0.208842 - val 0.618143
Epoch 2012/5000 - train 0.208408 - val 0.619596
Epoch 2013/5000 - train 0.209528 - val 0.618470
Epoch 2014/5000 - train 0.208995 - val 0.619391
Epoch 2015/5000 - train 0.208725 - val 0.619807
Epoch 2016/5000 - train 0.209489 - val 0.620040
Epoch 2017/5000 - train 0.208652 - val 0.621100
Epoch 2018/5000 - train 0.209358 - val 0.619021
Epoch 2019/5000 - train 0.208445 - val 0.618827
Epoch 2020/5000 - train 0.208169 - val 0.620104
Epoch 2021/5000 - train 0.208254 - val 0.619454
Epoch 2022/5000 - train 0.208343 - val 0.620518
Epoch 2023/5000 - train 0.209141 - val 0.620320
Epoch 2024/5000 - train 0.209077 - val 0.619491
Epoch 2025/5000 - train 0.208813 - val 0.620734
Epoch 2026/5000 - train 0.209428 - val 0.618510
Epoch 2027/5000 - train 0.209302 - val 0.618947
Epoch 2028/5000 - train 0.208153 - val 0.619456
Epoch 2029/5000 - train 0.208152 - val 0.617777
Epoch 2030/5000 - train 0.207514 - val 0.618807
Epoch 2031/5000 - train 0.208650 - val 0.619270
Epoch 2032/5000 - train 0.208000 - val 0.620501
Epoch 2033/5000 - train 0.208683 - val 0.619491
Epoch 2034/5000 - train 0.208742 - val 0.619814
Epoch 2035/5000 - train 0.208578 - val 0.619061
Epoch 2036/5000 - train 0.208390 - val 0.620558
Epoch 2037/5000 - train 0.208693 - val 0.618576
Epoch 2038/5000 - train 0.207873 - val 0.620394
Epoch 2039/5000 - train 0.207991 - val 0.619759
Epoch 2040/5000 - train 0.208304 - val 0.618585
Epoch 2041/5000 - train 0.208627 - val 0.620661
Epoch 2042/5000 - train 0.208610 - val 0.619645
Epoch 2043/5000 - train 0.208319 - val 0.619818
Epoch 2044/5000 - train 0.208547 - val 0.620160
Epoch 2045/5000 - train 0.208397 - val 0.620111
Epoch 2046/5000 - train 0.209233 - val 0.619567
Epoch 2047/5000 - train 0.208560 - val 0.620747
Epoch 2048/5000 - train 0.208719 - val 0.619084
Epoch 2049/5000 - train 0.208955 - val 0.619566
Epoch 2050/5000 - train 0.208668 - val 0.619491
Epoch 2051/5000 - train 0.208885 - val 0.618700
Epoch 2052/5000 - train 0.208389 - val 0.621038
Epoch 2053/5000 - train 0.208443 - val 0.619679
Epoch 2054/5000 - train 0.207882 - val 0.619957
Epoch 2055/5000 - train 0.208332 - val 0.619394
Epoch 2056/5000 - train 0.208414 - val 0.619741
Epoch 2057/5000 - train 0.208679 - val 0.619894
Epoch 2058/5000 - train 0.209070 - val 0.620334
Epoch 2059/5000 - train 0.208021 - val 0.618754
Epoch 2060/5000 - train 0.208383 - val 0.620971
Epoch 2061/5000 - train 0.208978 - val 0.618302
Epoch 2062/5000 - train 0.209335 - val 0.619247
Epoch 2063/5000 - train 0.208579 - val 0.620937
Epoch 2064/5000 - train 0.209358 - val 0.620519
Epoch 2065/5000 - train 0.208593 - val 0.619575
Epoch 2066/5000 - train 0.207684 - val 0.619623
Epoch 2067/5000 - train 0.207745 - val 0.620875
Epoch 2068/5000 - train 0.208123 - val 0.619077
Epoch 2069/5000 - train 0.208251 - val 0.620919
Epoch 2070/5000 - train 0.208786 - val 0.618775
Epoch 2071/5000 - train 0.208517 - val 0.620470
Epoch 2072/5000 - train 0.208592 - val 0.621161
Epoch 2073/5000 - train 0.207686 - val 0.619686
Epoch 2074/5000 - train 0.207614 - val 0.619237
Epoch 2075/5000 - train 0.207707 - val 0.620831
Epoch 2076/5000 - train 0.207844 - val 0.621188
Epoch 2077/5000 - train 0.207723 - val 0.621407
Epoch 2078/5000 - train 0.208128 - val 0.621941
Epoch 2079/5000 - train 0.208524 - val 0.621105
Epoch 2080/5000 - train 0.208230 - val 0.621667
Epoch 2081/5000 - train 0.208547 - val 0.619563
Epoch 2082/5000 - train 0.208035 - val 0.621853
Epoch 2083/5000 - train 0.208684 - val 0.620470
Epoch 2084/5000 - train 0.208474 - val 0.619999
Epoch 2085/5000 - train 0.208410 - val 0.620144
Epoch 2086/5000 - train 0.208383 - val 0.620338
Epoch 2087/5000 - train 0.208231 - val 0.620856
Epoch 2088/5000 - train 0.208132 - val 0.619464
Epoch 2089/5000 - train 0.208495 - val 0.620871
Epoch 2090/5000 - train 0.209342 - val 0.620185
Epoch 2091/5000 - train 0.208799 - val 0.620289
Epoch 2092/5000 - train 0.208111 - val 0.620015
Epoch 2093/5000 - train 0.208064 - val 0.620347
Epoch 2094/5000 - train 0.208015 - val 0.619544
Epoch 2095/5000 - train 0.207641 - val 0.620885
Epoch 2096/5000 - train 0.208551 - val 0.619641
Epoch 2097/5000 - train 0.207930 - val 0.620942
Epoch 2098/5000 - train 0.208537 - val 0.619182
Epoch 2099/5000 - train 0.208184 - val 0.620490
Epoch 2100/5000 - train 0.208195 - val 0.620396
Epoch 2101/5000 - train 0.207435 - val 0.619581
Epoch 2102/5000 - train 0.207841 - val 0.620391
Epoch 2103/5000 - train 0.208460 - val 0.620787
Epoch 2104/5000 - train 0.207984 - val 0.619424
Epoch 2105/5000 - train 0.207921 - val 0.620952
Epoch 2106/5000 - train 0.207915 - val 0.621181
Epoch 2107/5000 - train 0.209327 - val 0.620769
Epoch 2108/5000 - train 0.207615 - val 0.619197
Epoch 2109/5000 - train 0.207960 - val 0.620045
Epoch 2110/5000 - train 0.208083 - val 0.620700
Epoch 2111/5000 - train 0.208497 - val 0.620288
Epoch 2112/5000 - train 0.208402 - val 0.619826
Epoch 2113/5000 - train 0.208271 - val 0.620443
Epoch 2114/5000 - train 0.207733 - val 0.620788
Epoch 2115/5000 - train 0.207961 - val 0.620431
Epoch 2116/5000 - train 0.207666 - val 0.620128
Epoch 2117/5000 - train 0.207809 - val 0.619433
Epoch 2118/5000 - train 0.207532 - val 0.620727
Epoch 2119/5000 - train 0.208521 - val 0.620885
Epoch 2120/5000 - train 0.208923 - val 0.622223
Epoch 2121/5000 - train 0.208248 - val 0.620715
Epoch 2122/5000 - train 0.207675 - val 0.620825
Epoch 2123/5000 - train 0.207566 - val 0.620760
Epoch 2124/5000 - train 0.207462 - val 0.620538
Epoch 2125/5000 - train 0.207590 - val 0.621815
Epoch 2126/5000 - train 0.207901 - val 0.621197
Epoch 2127/5000 - train 0.207892 - val 0.620854
Epoch 2128/5000 - train 0.207998 - val 0.621158
Epoch 2129/5000 - train 0.207907 - val 0.621602
Epoch 2130/5000 - train 0.207585 - val 0.620963
Epoch 2131/5000 - train 0.207986 - val 0.620016
Epoch 2132/5000 - train 0.208193 - val 0.620340
Epoch 2133/5000 - train 0.208240 - val 0.621105
Epoch 2134/5000 - train 0.208103 - val 0.619341
Epoch 2135/5000 - train 0.207823 - val 0.620672
Epoch 2136/5000 - train 0.208170 - val 0.621964
Epoch 2137/5000 - train 0.208681 - val 0.620315
Epoch 2138/5000 - train 0.208064 - val 0.620272
Epoch 2139/5000 - train 0.207549 - val 0.621347
Epoch 2140/5000 - train 0.208290 - val 0.620162
Epoch 2141/5000 - train 0.207697 - val 0.621076
Epoch 2142/5000 - train 0.207694 - val 0.621655
Epoch 2143/5000 - train 0.208040 - val 0.620981
Epoch 2144/5000 - train 0.207654 - val 0.620634
Epoch 2145/5000 - train 0.208834 - val 0.621999
Epoch 2146/5000 - train 0.208568 - val 0.621007
Epoch 2147/5000 - train 0.209090 - val 0.621164
Epoch 2148/5000 - train 0.208160 - val 0.620647
Epoch 2149/5000 - train 0.207361 - val 0.620470
Epoch 2150/5000 - train 0.207818 - val 0.620326
Epoch 2151/5000 - train 0.207666 - val 0.618559
Epoch 2152/5000 - train 0.207684 - val 0.620549
Epoch 2153/5000 - train 0.208284 - val 0.620316
Epoch 2154/5000 - train 0.207898 - val 0.621990
Epoch 2155/5000 - train 0.207942 - val 0.623346
Epoch 2156/5000 - train 0.208562 - val 0.620338
Epoch 2157/5000 - train 0.207607 - val 0.620751
Epoch 2158/5000 - train 0.207586 - val 0.621347
Epoch 2159/5000 - train 0.207732 - val 0.619932
Epoch 2160/5000 - train 0.207726 - val 0.620426
Epoch 2161/5000 - train 0.207434 - val 0.620734
Epoch 2162/5000 - train 0.207930 - val 0.620299
Epoch 2163/5000 - train 0.207236 - val 0.623938
Epoch 2164/5000 - train 0.207680 - val 0.620224
Epoch 2165/5000 - train 0.208309 - val 0.619619
Epoch 2166/5000 - train 0.208977 - val 0.619964
Epoch 2167/5000 - train 0.208555 - val 0.620126
Epoch 2168/5000 - train 0.207820 - val 0.619808
Epoch 2169/5000 - train 0.207628 - val 0.621188
Epoch 2170/5000 - train 0.207677 - val 0.621203
Epoch 2171/5000 - train 0.209498 - val 0.620909
Epoch 2172/5000 - train 0.208860 - val 0.619661
Epoch 2173/5000 - train 0.207730 - val 0.622213
Epoch 2174/5000 - train 0.207416 - val 0.620723
Epoch 2175/5000 - train 0.207826 - val 0.621238
Epoch 2176/5000 - train 0.207291 - val 0.622311
Epoch 2177/5000 - train 0.207303 - val 0.621616
Epoch 2178/5000 - train 0.207584 - val 0.620642
Epoch 2179/5000 - train 0.207127 - val 0.621820
Epoch 2180/5000 - train 0.208381 - val 0.622235
Epoch 2181/5000 - train 0.207868 - val 0.620875
Epoch 2182/5000 - train 0.208042 - val 0.621221
Epoch 2183/5000 - train 0.207865 - val 0.620255
Epoch 2184/5000 - train 0.207401 - val 0.620722
Epoch 2185/5000 - train 0.207301 - val 0.621397
Epoch 2186/5000 - train 0.206930 - val 0.620619
Epoch 2187/5000 - train 0.207252 - val 0.621433
Epoch 2188/5000 - train 0.207145 - val 0.621120
Epoch 2189/5000 - train 0.207461 - val 0.621682
Epoch 2190/5000 - train 0.207698 - val 0.621584
Epoch 2191/5000 - train 0.207266 - val 0.622012
Epoch 2192/5000 - train 0.208687 - val 0.620131
Epoch 2193/5000 - train 0.208440 - val 0.620152
Epoch 2194/5000 - train 0.207092 - val 0.621507
Epoch 2195/5000 - train 0.208109 - val 0.621971
Epoch 2196/5000 - train 0.210211 - val 0.621148
Epoch 2197/5000 - train 0.207902 - val 0.620964
Epoch 2198/5000 - train 0.207670 - val 0.621648
Epoch 2199/5000 - train 0.207185 - val 0.620769
Epoch 2200/5000 - train 0.207719 - val 0.620632
Epoch 2201/5000 - train 0.206979 - val 0.620243
Epoch 2202/5000 - train 0.207107 - val 0.621601
Epoch 2203/5000 - train 0.207039 - val 0.621700
Epoch 2204/5000 - train 0.207089 - val 0.622151
Epoch 2205/5000 - train 0.207588 - val 0.620189
Epoch 2206/5000 - train 0.206956 - val 0.621997
Epoch 2207/5000 - train 0.207320 - val 0.620749
Epoch 2208/5000 - train 0.207072 - val 0.620734
Epoch 2209/5000 - train 0.207423 - val 0.619878
Epoch 2210/5000 - train 0.206924 - val 0.621931
Epoch 2211/5000 - train 0.207502 - val 0.621709
Epoch 2212/5000 - train 0.207199 - val 0.622054
Epoch 2213/5000 - train 0.208059 - val 0.621482
Epoch 2214/5000 - train 0.207942 - val 0.621579
Epoch 2215/5000 - train 0.208210 - val 0.622676
Epoch 2216/5000 - train 0.207641 - val 0.621141
Epoch 2217/5000 - train 0.207395 - val 0.622521
Epoch 2218/5000 - train 0.208586 - val 0.621970
Epoch 2219/5000 - train 0.207746 - val 0.622107
Epoch 2220/5000 - train 0.207900 - val 0.621370
Epoch 2221/5000 - train 0.207486 - val 0.622218
Epoch 2222/5000 - train 0.207518 - val 0.620702
Epoch 2223/5000 - train 0.207723 - val 0.620744
Epoch 2224/5000 - train 0.207647 - val 0.621601
Epoch 2225/5000 - train 0.208236 - val 0.622016
Epoch 2226/5000 - train 0.208338 - val 0.621577
Epoch 2227/5000 - train 0.208009 - val 0.620421
Epoch 2228/5000 - train 0.208302 - val 0.620990
Epoch 2229/5000 - train 0.208542 - val 0.620026
Epoch 2230/5000 - train 0.206721 - val 0.621637
Epoch 2231/5000 - train 0.206875 - val 0.620515
Epoch 2232/5000 - train 0.206449 - val 0.622169
Epoch 2233/5000 - train 0.207128 - val 0.622092
Epoch 2234/5000 - train 0.207211 - val 0.622529
Epoch 2235/5000 - train 0.207772 - val 0.621370
Epoch 2236/5000 - train 0.206698 - val 0.621655
Epoch 2237/5000 - train 0.206936 - val 0.622213
Epoch 2238/5000 - train 0.207254 - val 0.622402
Epoch 2239/5000 - train 0.208212 - val 0.620579
Epoch 2240/5000 - train 0.207812 - val 0.621707
Epoch 2241/5000 - train 0.207721 - val 0.622395
Epoch 2242/5000 - train 0.207351 - val 0.622612
Epoch 2243/5000 - train 0.207074 - val 0.622259
Epoch 2244/5000 - train 0.207454 - val 0.621486
Epoch 2245/5000 - train 0.206953 - val 0.622102
Epoch 2246/5000 - train 0.207894 - val 0.621139
Epoch 2247/5000 - train 0.207886 - val 0.620476
Epoch 2248/5000 - train 0.207767 - val 0.623095
Epoch 2249/5000 - train 0.207073 - val 0.620954
Epoch 2250/5000 - train 0.207906 - val 0.622096
Epoch 2251/5000 - train 0.207449 - val 0.621246
Epoch 2252/5000 - train 0.207403 - val 0.620844
Epoch 2253/5000 - train 0.207702 - val 0.621217
Epoch 2254/5000 - train 0.207780 - val 0.622105
Epoch 2255/5000 - train 0.207300 - val 0.621274
Epoch 2256/5000 - train 0.207009 - val 0.621314
Epoch 2257/5000 - train 0.207067 - val 0.620321
Epoch 2258/5000 - train 0.207095 - val 0.622224
Epoch 2259/5000 - train 0.207336 - val 0.621261
Epoch 2260/5000 - train 0.206841 - val 0.620901
Epoch 2261/5000 - train 0.207122 - val 0.621995
Epoch 2262/5000 - train 0.207857 - val 0.621560
Epoch 2263/5000 - train 0.207477 - val 0.621330
Epoch 2264/5000 - train 0.206823 - val 0.621327
Epoch 2265/5000 - train 0.206990 - val 0.621941
Epoch 2266/5000 - train 0.207805 - val 0.620902
Epoch 2267/5000 - train 0.207938 - val 0.622638
Epoch 2268/5000 - train 0.207327 - val 0.621793
Epoch 2269/5000 - train 0.207133 - val 0.622298
Epoch 2270/5000 - train 0.207912 - val 0.620626
Epoch 2271/5000 - train 0.207464 - val 0.622959
Epoch 2272/5000 - train 0.207398 - val 0.620841
Epoch 2273/5000 - train 0.207582 - val 0.621899
Epoch 2274/5000 - train 0.207433 - val 0.622365
Epoch 2275/5000 - train 0.207466 - val 0.622499
Epoch 2276/5000 - train 0.207276 - val 0.621816
Epoch 2277/5000 - train 0.207271 - val 0.622359
Epoch 2278/5000 - train 0.207543 - val 0.621782
Epoch 2279/5000 - train 0.207052 - val 0.623303
Epoch 2280/5000 - train 0.206887 - val 0.622640
Epoch 2281/5000 - train 0.207493 - val 0.622972
Epoch 2282/5000 - train 0.208154 - val 0.622011
Epoch 2283/5000 - train 0.207451 - val 0.620888
Epoch 2284/5000 - train 0.207279 - val 0.621340
Epoch 2285/5000 - train 0.206629 - val 0.621779
Epoch 2286/5000 - train 0.206955 - val 0.622360
Epoch 2287/5000 - train 0.206758 - val 0.623148
Epoch 2288/5000 - train 0.207085 - val 0.622882
Epoch 2289/5000 - train 0.207925 - val 0.621699
Epoch 2290/5000 - train 0.207387 - val 0.621368
Epoch 2291/5000 - train 0.207083 - val 0.622579
Epoch 2292/5000 - train 0.206772 - val 0.622156
Epoch 2293/5000 - train 0.206975 - val 0.621515
Epoch 2294/5000 - train 0.207486 - val 0.622714
Epoch 2295/5000 - train 0.207296 - val 0.622505
Epoch 2296/5000 - train 0.206417 - val 0.621847
Epoch 2297/5000 - train 0.206734 - val 0.621386
Epoch 2298/5000 - train 0.207324 - val 0.622442
Epoch 2299/5000 - train 0.206530 - val 0.623553
Epoch 2300/5000 - train 0.207398 - val 0.623561
Epoch 2301/5000 - train 0.209045 - val 0.622206
Epoch 2302/5000 - train 0.209781 - val 0.620804
Epoch 2303/5000 - train 0.207526 - val 0.621607
Epoch 2304/5000 - train 0.207162 - val 0.622390
Epoch 2305/5000 - train 0.207001 - val 0.622414
Epoch 2306/5000 - train 0.207712 - val 0.621721
Epoch 2307/5000 - train 0.206714 - val 0.622403
Epoch 2308/5000 - train 0.206766 - val 0.622113
Epoch 2309/5000 - train 0.206474 - val 0.622599
Epoch 2310/5000 - train 0.206852 - val 0.622120
Epoch 2311/5000 - train 0.207075 - val 0.621243
Epoch 2312/5000 - train 0.207047 - val 0.622643
Epoch 2313/5000 - train 0.206428 - val 0.622117
Epoch 2314/5000 - train 0.207093 - val 0.621736
Epoch 2315/5000 - train 0.207329 - val 0.621719
Epoch 2316/5000 - train 0.206935 - val 0.622182
Epoch 2317/5000 - train 0.207391 - val 0.622205
Epoch 2318/5000 - train 0.206402 - val 0.622392
Epoch 2319/5000 - train 0.206278 - val 0.622508
Epoch 2320/5000 - train 0.206845 - val 0.621644
Epoch 2321/5000 - train 0.207705 - val 0.621722
Epoch 2322/5000 - train 0.206672 - val 0.623271
Epoch 2323/5000 - train 0.206832 - val 0.622205
Epoch 2324/5000 - train 0.206584 - val 0.622249
Epoch 2325/5000 - train 0.206617 - val 0.623300
Epoch 2326/5000 - train 0.207179 - val 0.622032
Epoch 2327/5000 - train 0.207709 - val 0.621366
Epoch 2328/5000 - train 0.207142 - val 0.622006
Epoch 2329/5000 - train 0.207194 - val 0.621888
Epoch 2330/5000 - train 0.206588 - val 0.622391
Epoch 2331/5000 - train 0.206825 - val 0.621416
Epoch 2332/5000 - train 0.206792 - val 0.621692
Epoch 2333/5000 - train 0.206889 - val 0.622607
Epoch 2334/5000 - train 0.206759 - val 0.623977
Epoch 2335/5000 - train 0.207071 - val 0.623938
Epoch 2336/5000 - train 0.206774 - val 0.621838
Epoch 2337/5000 - train 0.206619 - val 0.622388
Epoch 2338/5000 - train 0.207363 - val 0.622706
Epoch 2339/5000 - train 0.206742 - val 0.622364
Epoch 2340/5000 - train 0.206856 - val 0.622983
Epoch 2341/5000 - train 0.206675 - val 0.622596
Epoch 2342/5000 - train 0.207235 - val 0.622775
Epoch 2343/5000 - train 0.207083 - val 0.623812
Epoch 2344/5000 - train 0.207012 - val 0.622843
Epoch 2345/5000 - train 0.207476 - val 0.622388
Epoch 2346/5000 - train 0.206945 - val 0.621828
Epoch 2347/5000 - train 0.206987 - val 0.623092
Epoch 2348/5000 - train 0.207247 - val 0.622612
Epoch 2349/5000 - train 0.206314 - val 0.623235
Epoch 2350/5000 - train 0.207372 - val 0.622676
Epoch 2351/5000 - train 0.206633 - val 0.622210
Epoch 2352/5000 - train 0.207126 - val 0.623077
Epoch 2353/5000 - train 0.206793 - val 0.621858
Epoch 2354/5000 - train 0.206372 - val 0.622894
Epoch 2355/5000 - train 0.208586 - val 0.621109
Epoch 2356/5000 - train 0.207602 - val 0.622123
Epoch 2357/5000 - train 0.206584 - val 0.622412
Epoch 2358/5000 - train 0.205932 - val 0.622582
Epoch 2359/5000 - train 0.206651 - val 0.622411
Epoch 2360/5000 - train 0.206479 - val 0.622656
Epoch 2361/5000 - train 0.206501 - val 0.623343
Epoch 2362/5000 - train 0.206441 - val 0.622384
Epoch 2363/5000 - train 0.206387 - val 0.621592
Epoch 2364/5000 - train 0.206845 - val 0.623005
Epoch 2365/5000 - train 0.206920 - val 0.622450
Epoch 2366/5000 - train 0.207440 - val 0.622998
Epoch 2367/5000 - train 0.206401 - val 0.623528
Epoch 2368/5000 - train 0.206390 - val 0.622723
Epoch 2369/5000 - train 0.206421 - val 0.622724
Epoch 2370/5000 - train 0.206192 - val 0.623498
Epoch 2371/5000 - train 0.206721 - val 0.623149
Epoch 2372/5000 - train 0.206437 - val 0.622216
Epoch 2373/5000 - train 0.206809 - val 0.624358
Epoch 2374/5000 - train 0.206719 - val 0.623659
Epoch 2375/5000 - train 0.207513 - val 0.623152
Epoch 2376/5000 - train 0.207120 - val 0.623088
Epoch 2377/5000 - train 0.206373 - val 0.623189
Epoch 2378/5000 - train 0.206527 - val 0.622081
Epoch 2379/5000 - train 0.206842 - val 0.623115
Epoch 2380/5000 - train 0.206549 - val 0.622514
Epoch 2381/5000 - train 0.206327 - val 0.622210
Epoch 2382/5000 - train 0.206668 - val 0.623003
Epoch 2383/5000 - train 0.206984 - val 0.623290
Epoch 2384/5000 - train 0.207244 - val 0.622738
Epoch 2385/5000 - train 0.206926 - val 0.622957
Epoch 2386/5000 - train 0.206231 - val 0.623517
Epoch 2387/5000 - train 0.206708 - val 0.623310
Epoch 2388/5000 - train 0.206668 - val 0.622846
Epoch 2389/5000 - train 0.206614 - val 0.622093
Epoch 2390/5000 - train 0.207325 - val 0.623724
Epoch 2391/5000 - train 0.207290 - val 0.622482
Epoch 2392/5000 - train 0.206436 - val 0.622697
Epoch 2393/5000 - train 0.206633 - val 0.623972
Epoch 2394/5000 - train 0.206211 - val 0.623203
Epoch 2395/5000 - train 0.206658 - val 0.621679
Epoch 2396/5000 - train 0.206473 - val 0.623387
Epoch 2397/5000 - train 0.206149 - val 0.623305
Epoch 2398/5000 - train 0.206633 - val 0.623752
Epoch 2399/5000 - train 0.206182 - val 0.623112
Epoch 2400/5000 - train 0.206381 - val 0.623444
Epoch 2401/5000 - train 0.206643 - val 0.623305
Epoch 2402/5000 - train 0.206813 - val 0.623090
Epoch 2403/5000 - train 0.206982 - val 0.623710
Epoch 2404/5000 - train 0.206769 - val 0.622539
Epoch 2405/5000 - train 0.206420 - val 0.623691
Epoch 2406/5000 - train 0.207060 - val 0.623941
Epoch 2407/5000 - train 0.207072 - val 0.624114
Epoch 2408/5000 - train 0.208009 - val 0.623133
Epoch 2409/5000 - train 0.206942 - val 0.622992
Epoch 2410/5000 - train 0.206231 - val 0.623531
Epoch 2411/5000 - train 0.206540 - val 0.623443
Epoch 2412/5000 - train 0.206520 - val 0.622471
Epoch 2413/5000 - train 0.206431 - val 0.622947
Epoch 2414/5000 - train 0.206605 - val 0.623479
Epoch 2415/5000 - train 0.206397 - val 0.622720
Epoch 2416/5000 - train 0.206932 - val 0.623154
Epoch 2417/5000 - train 0.205909 - val 0.622453
Epoch 2418/5000 - train 0.206564 - val 0.624731
Epoch 2419/5000 - train 0.207187 - val 0.623704
Epoch 2420/5000 - train 0.206690 - val 0.622896
Epoch 2421/5000 - train 0.206226 - val 0.622313
Epoch 2422/5000 - train 0.206382 - val 0.623073
Epoch 2423/5000 - train 0.206287 - val 0.624081
Epoch 2424/5000 - train 0.206883 - val 0.623024
Epoch 2425/5000 - train 0.206244 - val 0.623922
Epoch 2426/5000 - train 0.206437 - val 0.623136
Epoch 2427/5000 - train 0.205732 - val 0.623613
Epoch 2428/5000 - train 0.206633 - val 0.624361
Epoch 2429/5000 - train 0.206880 - val 0.623360
Epoch 2430/5000 - train 0.206938 - val 0.623205
Epoch 2431/5000 - train 0.206531 - val 0.622842
Epoch 2432/5000 - train 0.207708 - val 0.623576
Epoch 2433/5000 - train 0.207054 - val 0.622049
Epoch 2434/5000 - train 0.206674 - val 0.622042
Epoch 2435/5000 - train 0.206328 - val 0.623448
Epoch 2436/5000 - train 0.206344 - val 0.624376
Epoch 2437/5000 - train 0.206262 - val 0.621964
Epoch 2438/5000 - train 0.206003 - val 0.623873
Epoch 2439/5000 - train 0.206664 - val 0.623096
Epoch 2440/5000 - train 0.205928 - val 0.623970
Epoch 2441/5000 - train 0.206686 - val 0.623504
Epoch 2442/5000 - train 0.206335 - val 0.624328
Epoch 2443/5000 - train 0.207980 - val 0.622702
Epoch 2444/5000 - train 0.207048 - val 0.622980
Epoch 2445/5000 - train 0.206625 - val 0.623360
Epoch 2446/5000 - train 0.207013 - val 0.621180
Epoch 2447/5000 - train 0.206651 - val 0.623266
Epoch 2448/5000 - train 0.206568 - val 0.623572
Epoch 2449/5000 - train 0.206163 - val 0.624282
Epoch 2450/5000 - train 0.206878 - val 0.622944
Epoch 2451/5000 - train 0.206348 - val 0.623862
Epoch 2452/5000 - train 0.206506 - val 0.623571
Epoch 2453/5000 - train 0.207046 - val 0.623855
Epoch 2454/5000 - train 0.207012 - val 0.623931
Epoch 2455/5000 - train 0.206572 - val 0.622474
Epoch 2456/5000 - train 0.206050 - val 0.624684
Epoch 2457/5000 - train 0.205914 - val 0.623789
Epoch 2458/5000 - train 0.205631 - val 0.623187
Epoch 2459/5000 - train 0.206186 - val 0.623160
Epoch 2460/5000 - train 0.206013 - val 0.624873
Epoch 2461/5000 - train 0.206472 - val 0.624040
Epoch 2462/5000 - train 0.206126 - val 0.624955
Epoch 2463/5000 - train 0.206271 - val 0.623906
Epoch 2464/5000 - train 0.205919 - val 0.625333
Epoch 2465/5000 - train 0.206196 - val 0.623388
Epoch 2466/5000 - train 0.206235 - val 0.623443
Epoch 2467/5000 - train 0.206229 - val 0.623590
Epoch 2468/5000 - train 0.206568 - val 0.624307
Epoch 2469/5000 - train 0.206183 - val 0.622263
Epoch 2470/5000 - train 0.205964 - val 0.623591
Epoch 2471/5000 - train 0.206315 - val 0.622533
Epoch 2472/5000 - train 0.206560 - val 0.624066
Epoch 2473/5000 - train 0.206270 - val 0.623585
Epoch 2474/5000 - train 0.206904 - val 0.623070
Epoch 2475/5000 - train 0.206782 - val 0.621783
Epoch 2476/5000 - train 0.206404 - val 0.623192
Epoch 2477/5000 - train 0.207077 - val 0.623099
Epoch 2478/5000 - train 0.206961 - val 0.622286
Epoch 2479/5000 - train 0.205747 - val 0.623348
Epoch 2480/5000 - train 0.206417 - val 0.623919
Epoch 2481/5000 - train 0.206049 - val 0.624404
Epoch 2482/5000 - train 0.205955 - val 0.622546
Epoch 2483/5000 - train 0.206739 - val 0.624939
Epoch 2484/5000 - train 0.206866 - val 0.622680
Epoch 2485/5000 - train 0.206549 - val 0.624247
Epoch 2486/5000 - train 0.206251 - val 0.624734
Epoch 2487/5000 - train 0.206727 - val 0.622861
Epoch 2488/5000 - train 0.205644 - val 0.623811
Epoch 2489/5000 - train 0.206312 - val 0.623464
Epoch 2490/5000 - train 0.206391 - val 0.623761
Epoch 2491/5000 - train 0.206454 - val 0.623277
Epoch 2492/5000 - train 0.206483 - val 0.623810
Epoch 2493/5000 - train 0.206088 - val 0.622981
Epoch 2494/5000 - train 0.206091 - val 0.623946
Epoch 2495/5000 - train 0.206114 - val 0.623538
Epoch 2496/5000 - train 0.206497 - val 0.623032
Epoch 2497/5000 - train 0.206243 - val 0.623456
Epoch 2498/5000 - train 0.205785 - val 0.623346
Epoch 2499/5000 - train 0.205739 - val 0.623915
Epoch 2500/5000 - train 0.206229 - val 0.624647
Epoch 2501/5000 - train 0.206421 - val 0.624060
Epoch 2502/5000 - train 0.206075 - val 0.624076
Epoch 2503/5000 - train 0.205932 - val 0.623524
Epoch 2504/5000 - train 0.206267 - val 0.623905
Epoch 2505/5000 - train 0.206244 - val 0.623685
Epoch 2506/5000 - train 0.205868 - val 0.624329
Epoch 2507/5000 - train 0.206586 - val 0.623232
Epoch 2508/5000 - train 0.206393 - val 0.625507
Epoch 2509/5000 - train 0.207271 - val 0.623981
Epoch 2510/5000 - train 0.206649 - val 0.624165
Epoch 2511/5000 - train 0.206492 - val 0.625980
Epoch 2512/5000 - train 0.209153 - val 0.624271
Epoch 2513/5000 - train 0.207270 - val 0.623295
Epoch 2514/5000 - train 0.206446 - val 0.623651
Epoch 2515/5000 - train 0.206037 - val 0.624033
Epoch 2516/5000 - train 0.206205 - val 0.623792
Epoch 2517/5000 - train 0.206261 - val 0.623234
Epoch 2518/5000 - train 0.205621 - val 0.624691
Epoch 2519/5000 - train 0.205804 - val 0.624592
Epoch 2520/5000 - train 0.206073 - val 0.623868
Epoch 2521/5000 - train 0.205776 - val 0.624935
Epoch 2522/5000 - train 0.205903 - val 0.624129
Epoch 2523/5000 - train 0.205963 - val 0.624894
Epoch 2524/5000 - train 0.206537 - val 0.623931
Epoch 2525/5000 - train 0.206376 - val 0.624483
Epoch 2526/5000 - train 0.205955 - val 0.624047
Epoch 2527/5000 - train 0.206375 - val 0.623635
Epoch 2528/5000 - train 0.206504 - val 0.622962
Epoch 2529/5000 - train 0.206111 - val 0.624215
Epoch 2530/5000 - train 0.205406 - val 0.623564
Epoch 2531/5000 - train 0.205612 - val 0.623184
Epoch 2532/5000 - train 0.205728 - val 0.623681
Epoch 2533/5000 - train 0.206542 - val 0.624187
Epoch 2534/5000 - train 0.206249 - val 0.623977
Epoch 2535/5000 - train 0.206214 - val 0.624344
Epoch 2536/5000 - train 0.206259 - val 0.624459
Epoch 2537/5000 - train 0.206211 - val 0.624359
Epoch 2538/5000 - train 0.205891 - val 0.623532
Epoch 2539/5000 - train 0.205875 - val 0.625874
Epoch 2540/5000 - train 0.206743 - val 0.623967
Epoch 2541/5000 - train 0.206657 - val 0.623320
Epoch 2542/5000 - train 0.205671 - val 0.623607
Epoch 2543/5000 - train 0.205961 - val 0.623717
Epoch 2544/5000 - train 0.206028 - val 0.624508
Epoch 2545/5000 - train 0.206117 - val 0.623594
Epoch 2546/5000 - train 0.206525 - val 0.624593
Epoch 2547/5000 - train 0.205444 - val 0.624887
Epoch 2548/5000 - train 0.205788 - val 0.624512
Epoch 2549/5000 - train 0.206594 - val 0.624142
Epoch 2550/5000 - train 0.206074 - val 0.624513
Epoch 2551/5000 - train 0.205817 - val 0.624406
Epoch 2552/5000 - train 0.205584 - val 0.623943
Epoch 2553/5000 - train 0.206257 - val 0.625032
Epoch 2554/5000 - train 0.206123 - val 0.624412
Epoch 2555/5000 - train 0.205867 - val 0.625336
Epoch 2556/5000 - train 0.205427 - val 0.624710
Epoch 2557/5000 - train 0.205911 - val 0.624040
Epoch 2558/5000 - train 0.205974 - val 0.624319
Epoch 2559/5000 - train 0.205657 - val 0.623319
Epoch 2560/5000 - train 0.205613 - val 0.625030
Epoch 2561/5000 - train 0.206153 - val 0.624506
Epoch 2562/5000 - train 0.205737 - val 0.625625
Epoch 2563/5000 - train 0.206193 - val 0.623953
Epoch 2564/5000 - train 0.205866 - val 0.624687
Epoch 2565/5000 - train 0.205786 - val 0.622513
Epoch 2566/5000 - train 0.205121 - val 0.625151
Epoch 2567/5000 - train 0.205333 - val 0.623998
Epoch 2568/5000 - train 0.205020 - val 0.624599
Epoch 2569/5000 - train 0.205875 - val 0.624938
Epoch 2570/5000 - train 0.206187 - val 0.624532
Epoch 2571/5000 - train 0.205650 - val 0.623398
Epoch 2572/5000 - train 0.206693 - val 0.624391
Epoch 2573/5000 - train 0.206535 - val 0.624955
Epoch 2574/5000 - train 0.206232 - val 0.624986
Epoch 2575/5000 - train 0.206455 - val 0.624420
Epoch 2576/5000 - train 0.205632 - val 0.624477
Epoch 2577/5000 - train 0.205623 - val 0.624320
Epoch 2578/5000 - train 0.206204 - val 0.624177
Epoch 2579/5000 - train 0.206108 - val 0.625281
Epoch 2580/5000 - train 0.206280 - val 0.625717
Epoch 2581/5000 - train 0.206042 - val 0.624276
Epoch 2582/5000 - train 0.205502 - val 0.624340
Epoch 2583/5000 - train 0.205318 - val 0.624269
Epoch 2584/5000 - train 0.205111 - val 0.624480
Epoch 2585/5000 - train 0.205567 - val 0.624014
Epoch 2586/5000 - train 0.206287 - val 0.624149
Epoch 2587/5000 - train 0.205521 - val 0.624667
Epoch 2588/5000 - train 0.206102 - val 0.623482
Epoch 2589/5000 - train 0.205677 - val 0.623746
Epoch 2590/5000 - train 0.205472 - val 0.624677
Epoch 2591/5000 - train 0.206073 - val 0.625783
Epoch 2592/5000 - train 0.206688 - val 0.626120
Epoch 2593/5000 - train 0.205905 - val 0.624731
Epoch 2594/5000 - train 0.205384 - val 0.624662
Epoch 2595/5000 - train 0.205614 - val 0.624010
Epoch 2596/5000 - train 0.205755 - val 0.626125
Epoch 2597/5000 - train 0.206550 - val 0.624437
Epoch 2598/5000 - train 0.206398 - val 0.623861
Epoch 2599/5000 - train 0.206084 - val 0.623872
Epoch 2600/5000 - train 0.206139 - val 0.625990
Epoch 2601/5000 - train 0.206615 - val 0.627464
Epoch 2602/5000 - train 0.206095 - val 0.623179
Epoch 2603/5000 - train 0.205602 - val 0.623626
Epoch 2604/5000 - train 0.205685 - val 0.624073
Epoch 2605/5000 - train 0.205884 - val 0.624139
Epoch 2606/5000 - train 0.205715 - val 0.625147
Epoch 2607/5000 - train 0.205467 - val 0.626284
Epoch 2608/5000 - train 0.205672 - val 0.625621
Epoch 2609/5000 - train 0.205739 - val 0.624592
Epoch 2610/5000 - train 0.206474 - val 0.624105
Epoch 2611/5000 - train 0.206035 - val 0.624239
Epoch 2612/5000 - train 0.206150 - val 0.624083
Epoch 2613/5000 - train 0.206016 - val 0.624847
Epoch 2614/5000 - train 0.206002 - val 0.624228
Epoch 2615/5000 - train 0.206222 - val 0.625020
Epoch 2616/5000 - train 0.205546 - val 0.624362
Epoch 2617/5000 - train 0.205619 - val 0.623384
Epoch 2618/5000 - train 0.204933 - val 0.625715
Epoch 2619/5000 - train 0.205131 - val 0.624546
Epoch 2620/5000 - train 0.205306 - val 0.624378
Epoch 2621/5000 - train 0.205311 - val 0.624248
Epoch 2622/5000 - train 0.205224 - val 0.625730
Epoch 2623/5000 - train 0.205636 - val 0.626225
Epoch 2624/5000 - train 0.206034 - val 0.624576
Epoch 2625/5000 - train 0.205946 - val 0.625519
Epoch 2626/5000 - train 0.206306 - val 0.623137
Epoch 2627/5000 - train 0.205811 - val 0.627174
Epoch 2628/5000 - train 0.205960 - val 0.623087
Epoch 2629/5000 - train 0.206231 - val 0.624801
Epoch 2630/5000 - train 0.205645 - val 0.625241
Epoch 2631/5000 - train 0.205707 - val 0.624495
Epoch 2632/5000 - train 0.205782 - val 0.624835
Epoch 2633/5000 - train 0.205589 - val 0.625788
Epoch 2634/5000 - train 0.205713 - val 0.625220
Epoch 2635/5000 - train 0.205891 - val 0.624320
Epoch 2636/5000 - train 0.205701 - val 0.624267
Epoch 2637/5000 - train 0.206067 - val 0.624254
Epoch 2638/5000 - train 0.205207 - val 0.624209
Epoch 2639/5000 - train 0.205369 - val 0.624847
Epoch 2640/5000 - train 0.205471 - val 0.625011
Epoch 2641/5000 - train 0.205323 - val 0.625708
Epoch 2642/5000 - train 0.205813 - val 0.625118
Epoch 2643/5000 - train 0.207297 - val 0.624535
Epoch 2644/5000 - train 0.206429 - val 0.625681
Epoch 2645/5000 - train 0.205707 - val 0.624899
Epoch 2646/5000 - train 0.205718 - val 0.625200
Epoch 2647/5000 - train 0.204815 - val 0.624852
Epoch 2648/5000 - train 0.205463 - val 0.624110
Epoch 2649/5000 - train 0.205511 - val 0.625995
Epoch 2650/5000 - train 0.205076 - val 0.625193
Epoch 2651/5000 - train 0.205406 - val 0.625514
Epoch 2652/5000 - train 0.205438 - val 0.625805
Epoch 2653/5000 - train 0.204945 - val 0.625251
Epoch 2654/5000 - train 0.205897 - val 0.623808
Epoch 2655/5000 - train 0.205753 - val 0.624589
Epoch 2656/5000 - train 0.205867 - val 0.624727
Epoch 2657/5000 - train 0.205269 - val 0.625546
Epoch 2658/5000 - train 0.205667 - val 0.623879
Epoch 2659/5000 - train 0.204994 - val 0.625201
Epoch 2660/5000 - train 0.205117 - val 0.625122
Epoch 2661/5000 - train 0.204940 - val 0.625220
Epoch 2662/5000 - train 0.205749 - val 0.624250
Epoch 2663/5000 - train 0.205560 - val 0.627479
Epoch 2664/5000 - train 0.206918 - val 0.624696
Epoch 2665/5000 - train 0.205640 - val 0.626277
Epoch 2666/5000 - train 0.205435 - val 0.626036
Epoch 2667/5000 - train 0.204902 - val 0.626561
Epoch 2668/5000 - train 0.205215 - val 0.626122
Epoch 2669/5000 - train 0.205488 - val 0.625107
Epoch 2670/5000 - train 0.206102 - val 0.625636
Epoch 2671/5000 - train 0.205035 - val 0.625358
Epoch 2672/5000 - train 0.205175 - val 0.626031
Epoch 2673/5000 - train 0.205140 - val 0.624897
Epoch 2674/5000 - train 0.205645 - val 0.624664
Epoch 2675/5000 - train 0.206134 - val 0.624777
Epoch 2676/5000 - train 0.205764 - val 0.624325
Epoch 2677/5000 - train 0.205416 - val 0.624934
Epoch 2678/5000 - train 0.205302 - val 0.625370
Epoch 2679/5000 - train 0.204977 - val 0.625769
Epoch 2680/5000 - train 0.205515 - val 0.626307
Epoch 2681/5000 - train 0.205922 - val 0.626236
Epoch 2682/5000 - train 0.206565 - val 0.625172
Epoch 2683/5000 - train 0.206171 - val 0.625455
Epoch 2684/5000 - train 0.205383 - val 0.624689
Epoch 2685/5000 - train 0.205803 - val 0.625559
Epoch 2686/5000 - train 0.205830 - val 0.625120
Epoch 2687/5000 - train 0.206307 - val 0.623691
Epoch 2688/5000 - train 0.205230 - val 0.625870
Epoch 2689/5000 - train 0.204847 - val 0.625288
Epoch 2690/5000 - train 0.205224 - val 0.626022
Epoch 2691/5000 - train 0.205025 - val 0.626457
Epoch 2692/5000 - train 0.205551 - val 0.625547
Epoch 2693/5000 - train 0.205229 - val 0.625732
Epoch 2694/5000 - train 0.205024 - val 0.625511
Epoch 2695/5000 - train 0.205082 - val 0.625085
Epoch 2696/5000 - train 0.204805 - val 0.625477
Epoch 2697/5000 - train 0.204736 - val 0.625429
Epoch 2698/5000 - train 0.205241 - val 0.625253
Epoch 2699/5000 - train 0.205702 - val 0.625677
Epoch 2700/5000 - train 0.205599 - val 0.625156
Epoch 2701/5000 - train 0.205223 - val 0.625130
Epoch 2702/5000 - train 0.205708 - val 0.624548
Epoch 2703/5000 - train 0.205675 - val 0.626608
Epoch 2704/5000 - train 0.205714 - val 0.626670
Epoch 2705/5000 - train 0.205580 - val 0.625656
Epoch 2706/5000 - train 0.205386 - val 0.624828
Epoch 2707/5000 - train 0.204590 - val 0.626527
Epoch 2708/5000 - train 0.205618 - val 0.626003
Epoch 2709/5000 - train 0.206016 - val 0.625461
Epoch 2710/5000 - train 0.206383 - val 0.626373
Epoch 2711/5000 - train 0.205154 - val 0.624495
Epoch 2712/5000 - train 0.205119 - val 0.625053
Epoch 2713/5000 - train 0.205520 - val 0.625865
Epoch 2714/5000 - train 0.205745 - val 0.625341
Epoch 2715/5000 - train 0.205970 - val 0.625658
Epoch 2716/5000 - train 0.206445 - val 0.625321
Epoch 2717/5000 - train 0.205273 - val 0.625100
Epoch 2718/5000 - train 0.205214 - val 0.625144
Epoch 2719/5000 - train 0.205101 - val 0.625745
Epoch 2720/5000 - train 0.204962 - val 0.625061
Epoch 2721/5000 - train 0.204558 - val 0.625823
Epoch 2722/5000 - train 0.204604 - val 0.625288
Epoch 2723/5000 - train 0.205363 - val 0.626115
Epoch 2724/5000 - train 0.205207 - val 0.625562
Epoch 2725/5000 - train 0.205423 - val 0.625752
Epoch 2726/5000 - train 0.205109 - val 0.625792
Epoch 2727/5000 - train 0.205290 - val 0.626550
Epoch 2728/5000 - train 0.205921 - val 0.624699
Epoch 2729/5000 - train 0.205487 - val 0.625913
Epoch 2730/5000 - train 0.205069 - val 0.625923
Epoch 2731/5000 - train 0.205260 - val 0.625468
Epoch 2732/5000 - train 0.205207 - val 0.626230
Epoch 2733/5000 - train 0.205372 - val 0.624508
Epoch 2734/5000 - train 0.205825 - val 0.624548
Epoch 2735/5000 - train 0.205181 - val 0.625542
Epoch 2736/5000 - train 0.205178 - val 0.625813
Epoch 2737/5000 - train 0.205558 - val 0.626451
Epoch 2738/5000 - train 0.204842 - val 0.625488
Epoch 2739/5000 - train 0.206015 - val 0.625581
Epoch 2740/5000 - train 0.205140 - val 0.625478
Epoch 2741/5000 - train 0.205237 - val 0.625223
Epoch 2742/5000 - train 0.205287 - val 0.627438
Epoch 2743/5000 - train 0.206053 - val 0.626215
Epoch 2744/5000 - train 0.205697 - val 0.625592
Epoch 2745/5000 - train 0.206335 - val 0.624968
Epoch 2746/5000 - train 0.204832 - val 0.624840
Epoch 2747/5000 - train 0.204964 - val 0.626010
Epoch 2748/5000 - train 0.205059 - val 0.625801
Epoch 2749/5000 - train 0.206037 - val 0.625783
Epoch 2750/5000 - train 0.205256 - val 0.626016
Epoch 2751/5000 - train 0.205571 - val 0.624965
Epoch 2752/5000 - train 0.205011 - val 0.625688
Epoch 2753/5000 - train 0.204507 - val 0.625695
Epoch 2754/5000 - train 0.204396 - val 0.626145
Epoch 2755/5000 - train 0.204650 - val 0.626416
Epoch 2756/5000 - train 0.205161 - val 0.625826
Epoch 2757/5000 - train 0.205008 - val 0.625649
Epoch 2758/5000 - train 0.205072 - val 0.625924
Epoch 2759/5000 - train 0.205162 - val 0.626337
Epoch 2760/5000 - train 0.205196 - val 0.626549
Epoch 2761/5000 - train 0.205205 - val 0.625293
Epoch 2762/5000 - train 0.204963 - val 0.625681
Epoch 2763/5000 - train 0.204962 - val 0.625250
Epoch 2764/5000 - train 0.204972 - val 0.626336
Epoch 2765/5000 - train 0.205648 - val 0.626610
Epoch 2766/5000 - train 0.205476 - val 0.626370
Epoch 2767/5000 - train 0.205240 - val 0.626746
Epoch 2768/5000 - train 0.205181 - val 0.626615
Epoch 2769/5000 - train 0.205216 - val 0.625161
Epoch 2770/5000 - train 0.204971 - val 0.626005
Epoch 2771/5000 - train 0.204847 - val 0.626478
Epoch 2772/5000 - train 0.205418 - val 0.626860
Epoch 2773/5000 - train 0.205427 - val 0.624619
Epoch 2774/5000 - train 0.205169 - val 0.626776
Epoch 2775/5000 - train 0.204632 - val 0.626140
Epoch 2776/5000 - train 0.205029 - val 0.625539
Epoch 2777/5000 - train 0.204989 - val 0.627480
Epoch 2778/5000 - train 0.204995 - val 0.627150
Epoch 2779/5000 - train 0.205097 - val 0.628003
Epoch 2780/5000 - train 0.205023 - val 0.625911
Epoch 2781/5000 - train 0.204651 - val 0.626187
Epoch 2782/5000 - train 0.205330 - val 0.627025
Epoch 2783/5000 - train 0.205049 - val 0.625679
Epoch 2784/5000 - train 0.205059 - val 0.626391
Epoch 2785/5000 - train 0.204821 - val 0.626831
Epoch 2786/5000 - train 0.205111 - val 0.626953
Epoch 2787/5000 - train 0.205434 - val 0.626816
Epoch 2788/5000 - train 0.205182 - val 0.627186
Epoch 2789/5000 - train 0.205832 - val 0.625523
Epoch 2790/5000 - train 0.205055 - val 0.626544
Epoch 2791/5000 - train 0.204499 - val 0.624812
Epoch 2792/5000 - train 0.204821 - val 0.625961
Epoch 2793/5000 - train 0.204649 - val 0.626028
Epoch 2794/5000 - train 0.205590 - val 0.626315
Epoch 2795/5000 - train 0.205131 - val 0.626362
Epoch 2796/5000 - train 0.205358 - val 0.626331
Epoch 2797/5000 - train 0.204544 - val 0.626831
Epoch 2798/5000 - train 0.204660 - val 0.625978
Epoch 2799/5000 - train 0.204483 - val 0.626301
Epoch 2800/5000 - train 0.204824 - val 0.627422
Epoch 2801/5000 - train 0.205178 - val 0.625905
Epoch 2802/5000 - train 0.205061 - val 0.627266
Epoch 2803/5000 - train 0.204916 - val 0.626247
Epoch 2804/5000 - train 0.205216 - val 0.625950
Epoch 2805/5000 - train 0.205147 - val 0.625881
Epoch 2806/5000 - train 0.204696 - val 0.626712
Epoch 2807/5000 - train 0.204473 - val 0.625803
Epoch 2808/5000 - train 0.204885 - val 0.626579
Epoch 2809/5000 - train 0.204756 - val 0.624930
Epoch 2810/5000 - train 0.205909 - val 0.627457
Epoch 2811/5000 - train 0.205619 - val 0.626464
Epoch 2812/5000 - train 0.205088 - val 0.625772
Epoch 2813/5000 - train 0.204807 - val 0.625985
Epoch 2814/5000 - train 0.204871 - val 0.626391
Epoch 2815/5000 - train 0.204435 - val 0.626908
Epoch 2816/5000 - train 0.204504 - val 0.625295
Epoch 2817/5000 - train 0.205409 - val 0.625707
Epoch 2818/5000 - train 0.205077 - val 0.625867
Epoch 2819/5000 - train 0.204975 - val 0.626341
Epoch 2820/5000 - train 0.205152 - val 0.626588
Epoch 2821/5000 - train 0.205309 - val 0.625975
Epoch 2822/5000 - train 0.205242 - val 0.626516
Epoch 2823/5000 - train 0.204410 - val 0.627392
Epoch 2824/5000 - train 0.204568 - val 0.627139
Epoch 2825/5000 - train 0.205706 - val 0.627740
Epoch 2826/5000 - train 0.206282 - val 0.624950
Epoch 2827/5000 - train 0.205029 - val 0.626232
Epoch 2828/5000 - train 0.204695 - val 0.626105
Epoch 2829/5000 - train 0.204905 - val 0.626220
Epoch 2830/5000 - train 0.205233 - val 0.625797
Epoch 2831/5000 - train 0.204931 - val 0.626251
Epoch 2832/5000 - train 0.204845 - val 0.625494
Epoch 2833/5000 - train 0.205232 - val 0.625259
Epoch 2834/5000 - train 0.204761 - val 0.626800
Epoch 2835/5000 - train 0.204323 - val 0.626589
Epoch 2836/5000 - train 0.205271 - val 0.625464
Epoch 2837/5000 - train 0.206439 - val 0.624888
Epoch 2838/5000 - train 0.204887 - val 0.625976
Epoch 2839/5000 - train 0.205178 - val 0.625983
Epoch 2840/5000 - train 0.205213 - val 0.626393
Epoch 2841/5000 - train 0.205309 - val 0.626325
Epoch 2842/5000 - train 0.205224 - val 0.626169
Epoch 2843/5000 - train 0.204898 - val 0.625813
Epoch 2844/5000 - train 0.204911 - val 0.626493
Epoch 2845/5000 - train 0.204564 - val 0.627254
Epoch 2846/5000 - train 0.204897 - val 0.627666
Epoch 2847/5000 - train 0.205087 - val 0.627725
Epoch 2848/5000 - train 0.205511 - val 0.626177
Epoch 2849/5000 - train 0.204634 - val 0.625879
Epoch 2850/5000 - train 0.204594 - val 0.625413
Epoch 2851/5000 - train 0.204627 - val 0.626069
Epoch 2852/5000 - train 0.205120 - val 0.626182
Epoch 2853/5000 - train 0.204578 - val 0.627346
Epoch 2854/5000 - train 0.204757 - val 0.626784
Epoch 2855/5000 - train 0.205104 - val 0.626707
Epoch 2856/5000 - train 0.204987 - val 0.626712
Epoch 2857/5000 - train 0.204610 - val 0.625672
Epoch 2858/5000 - train 0.204536 - val 0.626534
Epoch 2859/5000 - train 0.204921 - val 0.627337
Epoch 2860/5000 - train 0.205383 - val 0.627463
Epoch 2861/5000 - train 0.204569 - val 0.627037
Epoch 2862/5000 - train 0.205125 - val 0.625879
Epoch 2863/5000 - train 0.205242 - val 0.626596
Epoch 2864/5000 - train 0.204861 - val 0.626690
Epoch 2865/5000 - train 0.204935 - val 0.627211
Epoch 2866/5000 - train 0.204723 - val 0.626979
Epoch 2867/5000 - train 0.204777 - val 0.626120
Epoch 2868/5000 - train 0.204292 - val 0.627141
Epoch 2869/5000 - train 0.204711 - val 0.626723
Epoch 2870/5000 - train 0.204943 - val 0.626360
Epoch 2871/5000 - train 0.204867 - val 0.627591
Epoch 2872/5000 - train 0.204451 - val 0.626368
Epoch 2873/5000 - train 0.204661 - val 0.626057
Epoch 2874/5000 - train 0.204752 - val 0.627447
Epoch 2875/5000 - train 0.205169 - val 0.625895
Epoch 2876/5000 - train 0.204859 - val 0.627045
Epoch 2877/5000 - train 0.204106 - val 0.628111
Epoch 2878/5000 - train 0.204668 - val 0.626461
Epoch 2879/5000 - train 0.205872 - val 0.627004
Epoch 2880/5000 - train 0.204581 - val 0.626706
Epoch 2881/5000 - train 0.204846 - val 0.626373
Epoch 2882/5000 - train 0.204737 - val 0.627647
Epoch 2883/5000 - train 0.204854 - val 0.626403
Epoch 2884/5000 - train 0.205371 - val 0.626578
Epoch 2885/5000 - train 0.205302 - val 0.626380
Epoch 2886/5000 - train 0.205186 - val 0.626361
Epoch 2887/5000 - train 0.204835 - val 0.626783
Epoch 2888/5000 - train 0.204532 - val 0.626681
Epoch 2889/5000 - train 0.204511 - val 0.626264
Epoch 2890/5000 - train 0.204422 - val 0.627142
Epoch 2891/5000 - train 0.205572 - val 0.626139
Epoch 2892/5000 - train 0.205258 - val 0.627153
Epoch 2893/5000 - train 0.204629 - val 0.626521
Epoch 2894/5000 - train 0.204436 - val 0.625804
Epoch 2895/5000 - train 0.204457 - val 0.626175
Epoch 2896/5000 - train 0.204332 - val 0.626758
Epoch 2897/5000 - train 0.204546 - val 0.626857
Epoch 2898/5000 - train 0.204601 - val 0.627128
Epoch 2899/5000 - train 0.205078 - val 0.626565
Epoch 2900/5000 - train 0.204372 - val 0.626085
Epoch 2901/5000 - train 0.205085 - val 0.625440
Epoch 2902/5000 - train 0.204833 - val 0.627193
Epoch 2903/5000 - train 0.205294 - val 0.626774
Epoch 2904/5000 - train 0.203943 - val 0.626436
Epoch 2905/5000 - train 0.204023 - val 0.627809
Epoch 2906/5000 - train 0.203998 - val 0.627401
Epoch 2907/5000 - train 0.204222 - val 0.626737
Epoch 2908/5000 - train 0.204276 - val 0.627324
Epoch 2909/5000 - train 0.204471 - val 0.627060
Epoch 2910/5000 - train 0.204695 - val 0.627959
Epoch 2911/5000 - train 0.204645 - val 0.626656
Epoch 2912/5000 - train 0.204304 - val 0.625547
Epoch 2913/5000 - train 0.204347 - val 0.628188
Epoch 2914/5000 - train 0.204596 - val 0.627529
Epoch 2915/5000 - train 0.204297 - val 0.627576
Epoch 2916/5000 - train 0.204370 - val 0.626910
Epoch 2917/5000 - train 0.205315 - val 0.627248
Epoch 2918/5000 - train 0.205244 - val 0.627552
Epoch 2919/5000 - train 0.204729 - val 0.626558
Epoch 2920/5000 - train 0.204695 - val 0.626986
Epoch 2921/5000 - train 0.204439 - val 0.626298
Epoch 2922/5000 - train 0.204149 - val 0.626396
Epoch 2923/5000 - train 0.204503 - val 0.626981
Epoch 2924/5000 - train 0.204080 - val 0.627243
Epoch 2925/5000 - train 0.205429 - val 0.627992
Epoch 2926/5000 - train 0.204913 - val 0.627047
Epoch 2927/5000 - train 0.204721 - val 0.627050
Epoch 2928/5000 - train 0.204821 - val 0.627343
Epoch 2929/5000 - train 0.204454 - val 0.627246
Epoch 2930/5000 - train 0.204627 - val 0.625864
Epoch 2931/5000 - train 0.204085 - val 0.626907
Epoch 2932/5000 - train 0.204656 - val 0.626995
Epoch 2933/5000 - train 0.204153 - val 0.628648
Epoch 2934/5000 - train 0.204611 - val 0.627295
Epoch 2935/5000 - train 0.204040 - val 0.628067
Epoch 2936/5000 - train 0.204327 - val 0.627351
Epoch 2937/5000 - train 0.205017 - val 0.627902
Epoch 2938/5000 - train 0.204500 - val 0.626964
Epoch 2939/5000 - train 0.204323 - val 0.627443
Epoch 2940/5000 - train 0.204949 - val 0.628481
Epoch 2941/5000 - train 0.204506 - val 0.627806
Epoch 2942/5000 - train 0.203856 - val 0.627253
Epoch 2943/5000 - train 0.204822 - val 0.627196
Epoch 2944/5000 - train 0.204673 - val 0.627538
Epoch 2945/5000 - train 0.205129 - val 0.626404
Epoch 2946/5000 - train 0.204812 - val 0.628890
Epoch 2947/5000 - train 0.204222 - val 0.628575
Epoch 2948/5000 - train 0.204059 - val 0.628096
Epoch 2949/5000 - train 0.204521 - val 0.627283
Epoch 2950/5000 - train 0.203913 - val 0.627756
Epoch 2951/5000 - train 0.204418 - val 0.627835
Epoch 2952/5000 - train 0.204398 - val 0.626284
Epoch 2953/5000 - train 0.204560 - val 0.626318
Epoch 2954/5000 - train 0.204579 - val 0.627850
Epoch 2955/5000 - train 0.204217 - val 0.628286
Epoch 2956/5000 - train 0.204968 - val 0.627791
Epoch 2957/5000 - train 0.205046 - val 0.626846
Epoch 2958/5000 - train 0.204499 - val 0.627393
Epoch 2959/5000 - train 0.204492 - val 0.626701
Epoch 2960/5000 - train 0.204718 - val 0.627202
Epoch 2961/5000 - train 0.204837 - val 0.628275
Epoch 2962/5000 - train 0.204772 - val 0.627265
Epoch 2963/5000 - train 0.204501 - val 0.626443
Epoch 2964/5000 - train 0.204952 - val 0.626314
Epoch 2965/5000 - train 0.204596 - val 0.627492
Epoch 2966/5000 - train 0.204833 - val 0.627014
Epoch 2967/5000 - train 0.204670 - val 0.626247
Epoch 2968/5000 - train 0.204291 - val 0.628044
Epoch 2969/5000 - train 0.204542 - val 0.628982
Epoch 2970/5000 - train 0.205785 - val 0.626754
Epoch 2971/5000 - train 0.204774 - val 0.626923
Epoch 2972/5000 - train 0.204243 - val 0.627085
Epoch 2973/5000 - train 0.204277 - val 0.626395
Epoch 2974/5000 - train 0.204401 - val 0.627425
Epoch 2975/5000 - train 0.203791 - val 0.626147
Epoch 2976/5000 - train 0.203918 - val 0.628907
Epoch 2977/5000 - train 0.204760 - val 0.627977
Epoch 2978/5000 - train 0.204315 - val 0.628137
Epoch 2979/5000 - train 0.204560 - val 0.626853
Epoch 2980/5000 - train 0.205593 - val 0.627170
Epoch 2981/5000 - train 0.204464 - val 0.626338
Epoch 2982/5000 - train 0.204142 - val 0.627492
Epoch 2983/5000 - train 0.204237 - val 0.627246
Epoch 2984/5000 - train 0.204338 - val 0.627926
Epoch 2985/5000 - train 0.204754 - val 0.626867
Epoch 2986/5000 - train 0.205108 - val 0.628055
Epoch 2987/5000 - train 0.204465 - val 0.627623
Epoch 2988/5000 - train 0.204223 - val 0.626576
Epoch 2989/5000 - train 0.204597 - val 0.627546
Epoch 2990/5000 - train 0.204278 - val 0.627774
Epoch 2991/5000 - train 0.203951 - val 0.627541
Epoch 2992/5000 - train 0.204163 - val 0.628370
Epoch 2993/5000 - train 0.204759 - val 0.629077
Epoch 2994/5000 - train 0.204249 - val 0.627495
Epoch 2995/5000 - train 0.204887 - val 0.626537
Epoch 2996/5000 - train 0.204681 - val 0.627321
Epoch 2997/5000 - train 0.204117 - val 0.626256
Epoch 2998/5000 - train 0.203862 - val 0.627407
Epoch 2999/5000 - train 0.203552 - val 0.629176
Epoch 3000/5000 - train 0.204710 - val 0.626719
Epoch 3001/5000 - train 0.204699 - val 0.627860
Epoch 3002/5000 - train 0.203866 - val 0.627079
Epoch 3003/5000 - train 0.205045 - val 0.626158
Epoch 3004/5000 - train 0.203991 - val 0.627338
Epoch 3005/5000 - train 0.204131 - val 0.627083
Epoch 3006/5000 - train 0.204631 - val 0.627999
Epoch 3007/5000 - train 0.203999 - val 0.627419
Epoch 3008/5000 - train 0.205250 - val 0.626705
Epoch 3009/5000 - train 0.204548 - val 0.627942
Epoch 3010/5000 - train 0.205073 - val 0.626181
Epoch 3011/5000 - train 0.204656 - val 0.626953
Epoch 3012/5000 - train 0.203975 - val 0.628229
Epoch 3013/5000 - train 0.204707 - val 0.628071
Epoch 3014/5000 - train 0.204460 - val 0.626978
Epoch 3015/5000 - train 0.204580 - val 0.628469
Epoch 3016/5000 - train 0.204436 - val 0.626872
Epoch 3017/5000 - train 0.203738 - val 0.628042
Epoch 3018/5000 - train 0.203829 - val 0.628037
Epoch 3019/5000 - train 0.204432 - val 0.626878
Epoch 3020/5000 - train 0.204036 - val 0.628156
Epoch 3021/5000 - train 0.204048 - val 0.630105
Epoch 3022/5000 - train 0.204499 - val 0.627204
Epoch 3023/5000 - train 0.204200 - val 0.627830
Epoch 3024/5000 - train 0.204152 - val 0.627771
Epoch 3025/5000 - train 0.204460 - val 0.628732
Epoch 3026/5000 - train 0.204346 - val 0.628224
Epoch 3027/5000 - train 0.204617 - val 0.626293
Epoch 3028/5000 - train 0.204340 - val 0.627544
Epoch 3029/5000 - train 0.204102 - val 0.628713
Epoch 3030/5000 - train 0.205634 - val 0.627160
Epoch 3031/5000 - train 0.204065 - val 0.627332
Epoch 3032/5000 - train 0.204406 - val 0.627957
Epoch 3033/5000 - train 0.204280 - val 0.628067
Epoch 3034/5000 - train 0.203937 - val 0.627751
Epoch 3035/5000 - train 0.203562 - val 0.627353
Epoch 3036/5000 - train 0.203936 - val 0.626522
Epoch 3037/5000 - train 0.204043 - val 0.629370
Epoch 3038/5000 - train 0.203870 - val 0.628281
Epoch 3039/5000 - train 0.203638 - val 0.629169
Epoch 3040/5000 - train 0.203698 - val 0.627420
Epoch 3041/5000 - train 0.204908 - val 0.628513
Epoch 3042/5000 - train 0.205177 - val 0.627546
Epoch 3043/5000 - train 0.204476 - val 0.626700
Epoch 3044/5000 - train 0.204113 - val 0.627425
Epoch 3045/5000 - train 0.204123 - val 0.628814
Epoch 3046/5000 - train 0.205343 - val 0.627957
Epoch 3047/5000 - train 0.205318 - val 0.626787
Epoch 3048/5000 - train 0.204015 - val 0.628418
Epoch 3049/5000 - train 0.204153 - val 0.626885
Epoch 3050/5000 - train 0.203590 - val 0.627908
Epoch 3051/5000 - train 0.204049 - val 0.627656
Epoch 3052/5000 - train 0.204423 - val 0.627656
Epoch 3053/5000 - train 0.203919 - val 0.628407
Epoch 3054/5000 - train 0.203639 - val 0.626958
Epoch 3055/5000 - train 0.203637 - val 0.628352
Epoch 3056/5000 - train 0.203992 - val 0.629233
Epoch 3057/5000 - train 0.203800 - val 0.628591
Epoch 3058/5000 - train 0.204289 - val 0.628491
Epoch 3059/5000 - train 0.203809 - val 0.627984
Epoch 3060/5000 - train 0.204505 - val 0.629550
Epoch 3061/5000 - train 0.203838 - val 0.627872
Epoch 3062/5000 - train 0.204413 - val 0.628266
Epoch 3063/5000 - train 0.204125 - val 0.628379
Epoch 3064/5000 - train 0.203623 - val 0.628954
Epoch 3065/5000 - train 0.204162 - val 0.627970
Epoch 3066/5000 - train 0.204579 - val 0.627301
Epoch 3067/5000 - train 0.204271 - val 0.626818
Epoch 3068/5000 - train 0.204110 - val 0.628996
Epoch 3069/5000 - train 0.204013 - val 0.627745
Epoch 3070/5000 - train 0.205151 - val 0.629607
Epoch 3071/5000 - train 0.204193 - val 0.627491
Epoch 3072/5000 - train 0.204216 - val 0.627228
Epoch 3073/5000 - train 0.203993 - val 0.629237
Epoch 3074/5000 - train 0.203773 - val 0.626849
Epoch 3075/5000 - train 0.203792 - val 0.628768
Epoch 3076/5000 - train 0.204332 - val 0.627576
Epoch 3077/5000 - train 0.203957 - val 0.627487
Epoch 3078/5000 - train 0.203854 - val 0.629522
Epoch 3079/5000 - train 0.204033 - val 0.628135
Epoch 3080/5000 - train 0.203669 - val 0.630619
Epoch 3081/5000 - train 0.203999 - val 0.629190
Epoch 3082/5000 - train 0.204019 - val 0.627262
Epoch 3083/5000 - train 0.204405 - val 0.628498
Epoch 3084/5000 - train 0.204288 - val 0.628300
Epoch 3085/5000 - train 0.203655 - val 0.627768
Epoch 3086/5000 - train 0.203921 - val 0.629255
Epoch 3087/5000 - train 0.203629 - val 0.629827
Epoch 3088/5000 - train 0.203978 - val 0.628478
Epoch 3089/5000 - train 0.204128 - val 0.628749
Epoch 3090/5000 - train 0.203557 - val 0.628291
Epoch 3091/5000 - train 0.203977 - val 0.628009
Epoch 3092/5000 - train 0.204270 - val 0.628574
Epoch 3093/5000 - train 0.203907 - val 0.627338
Epoch 3094/5000 - train 0.203580 - val 0.628712
Epoch 3095/5000 - train 0.204524 - val 0.628457
Epoch 3096/5000 - train 0.204712 - val 0.628633
Epoch 3097/5000 - train 0.204516 - val 0.629837
Epoch 3098/5000 - train 0.204158 - val 0.627321
Epoch 3099/5000 - train 0.203845 - val 0.628132
Epoch 3100/5000 - train 0.204461 - val 0.629092
Epoch 3101/5000 - train 0.203886 - val 0.627949
Epoch 3102/5000 - train 0.204631 - val 0.627709
Epoch 3103/5000 - train 0.204549 - val 0.627612
Epoch 3104/5000 - train 0.204075 - val 0.628231
Epoch 3105/5000 - train 0.203762 - val 0.628719
Epoch 3106/5000 - train 0.203770 - val 0.629766
Epoch 3107/5000 - train 0.204142 - val 0.628212
Epoch 3108/5000 - train 0.203897 - val 0.628850
Epoch 3109/5000 - train 0.203794 - val 0.628672
Epoch 3110/5000 - train 0.203988 - val 0.628085
Epoch 3111/5000 - train 0.203511 - val 0.628225
Epoch 3112/5000 - train 0.204629 - val 0.627435
Epoch 3113/5000 - train 0.204426 - val 0.627624
Epoch 3114/5000 - train 0.204216 - val 0.627943
Epoch 3115/5000 - train 0.204052 - val 0.629057
Epoch 3116/5000 - train 0.203934 - val 0.628242
Epoch 3117/5000 - train 0.203542 - val 0.629738
Epoch 3118/5000 - train 0.204142 - val 0.628341
Epoch 3119/5000 - train 0.204052 - val 0.628488
Epoch 3120/5000 - train 0.204502 - val 0.628863
Epoch 3121/5000 - train 0.203677 - val 0.628227
Epoch 3122/5000 - train 0.203836 - val 0.628913
Epoch 3123/5000 - train 0.203980 - val 0.628666
Epoch 3124/5000 - train 0.203233 - val 0.628232
Epoch 3125/5000 - train 0.203561 - val 0.628115
Epoch 3126/5000 - train 0.203450 - val 0.628145
Epoch 3127/5000 - train 0.204186 - val 0.629108
Epoch 3128/5000 - train 0.204988 - val 0.628046
Epoch 3129/5000 - train 0.204050 - val 0.628408
Epoch 3130/5000 - train 0.203453 - val 0.628056
Epoch 3131/5000 - train 0.203869 - val 0.629007
Epoch 3132/5000 - train 0.204154 - val 0.628459
Epoch 3133/5000 - train 0.203935 - val 0.628011
Epoch 3134/5000 - train 0.203402 - val 0.629389
Epoch 3135/5000 - train 0.203987 - val 0.628620
Epoch 3136/5000 - train 0.204425 - val 0.629140
Epoch 3137/5000 - train 0.204851 - val 0.628867
Epoch 3138/5000 - train 0.204843 - val 0.628214
Epoch 3139/5000 - train 0.203660 - val 0.628254
Epoch 3140/5000 - train 0.204226 - val 0.627683
Epoch 3141/5000 - train 0.203460 - val 0.628007
Epoch 3142/5000 - train 0.203804 - val 0.628842
Epoch 3143/5000 - train 0.203455 - val 0.628989
Epoch 3144/5000 - train 0.204420 - val 0.629731
Epoch 3145/5000 - train 0.204441 - val 0.628137
Epoch 3146/5000 - train 0.203939 - val 0.629346
Epoch 3147/5000 - train 0.203660 - val 0.627974
Epoch 3148/5000 - train 0.204052 - val 0.628586
Epoch 3149/5000 - train 0.203698 - val 0.629809
Epoch 3150/5000 - train 0.204139 - val 0.629220
Epoch 3151/5000 - train 0.204135 - val 0.628551
Epoch 3152/5000 - train 0.203773 - val 0.628467
Epoch 3153/5000 - train 0.203766 - val 0.628276
Epoch 3154/5000 - train 0.203819 - val 0.627617
Epoch 3155/5000 - train 0.204372 - val 0.628904
Epoch 3156/5000 - train 0.204436 - val 0.628366
Epoch 3157/5000 - train 0.204324 - val 0.628621
Epoch 3158/5000 - train 0.203648 - val 0.629074
Epoch 3159/5000 - train 0.203887 - val 0.629996
Epoch 3160/5000 - train 0.203431 - val 0.628699
Epoch 3161/5000 - train 0.203708 - val 0.629370
Epoch 3162/5000 - train 0.203402 - val 0.627894
Epoch 3163/5000 - train 0.203706 - val 0.628178
Epoch 3164/5000 - train 0.203970 - val 0.629450
Epoch 3165/5000 - train 0.203795 - val 0.628213
Epoch 3166/5000 - train 0.203353 - val 0.628835
Epoch 3167/5000 - train 0.203162 - val 0.628986
Epoch 3168/5000 - train 0.203644 - val 0.627319
Epoch 3169/5000 - train 0.203875 - val 0.631776
Epoch 3170/5000 - train 0.203938 - val 0.629615
Epoch 3171/5000 - train 0.204354 - val 0.629628
Epoch 3172/5000 - train 0.203879 - val 0.628586
Epoch 3173/5000 - train 0.203105 - val 0.628743
Epoch 3174/5000 - train 0.203242 - val 0.629109
Epoch 3175/5000 - train 0.204163 - val 0.629235
Epoch 3176/5000 - train 0.203809 - val 0.630411
Epoch 3177/5000 - train 0.203987 - val 0.629353
Epoch 3178/5000 - train 0.203664 - val 0.629391
Epoch 3179/5000 - train 0.204229 - val 0.627381
Epoch 3180/5000 - train 0.203505 - val 0.628940
Epoch 3181/5000 - train 0.203446 - val 0.629781
Epoch 3182/5000 - train 0.203366 - val 0.629175
Epoch 3183/5000 - train 0.203439 - val 0.629860
Epoch 3184/5000 - train 0.204228 - val 0.629320
Epoch 3185/5000 - train 0.203667 - val 0.628685
Epoch 3186/5000 - train 0.203502 - val 0.630151
Epoch 3187/5000 - train 0.203606 - val 0.629406
Epoch 3188/5000 - train 0.203619 - val 0.629658
Epoch 3189/5000 - train 0.203684 - val 0.628119
Epoch 3190/5000 - train 0.203985 - val 0.629461
Epoch 3191/5000 - train 0.204180 - val 0.629927
Epoch 3192/5000 - train 0.204739 - val 0.627531
Epoch 3193/5000 - train 0.204119 - val 0.627731
Epoch 3194/5000 - train 0.203906 - val 0.628402
Epoch 3195/5000 - train 0.203410 - val 0.628229
Epoch 3196/5000 - train 0.203769 - val 0.629770
Epoch 3197/5000 - train 0.203661 - val 0.629227
Epoch 3198/5000 - train 0.204163 - val 0.627769
Epoch 3199/5000 - train 0.203948 - val 0.629107
Epoch 3200/5000 - train 0.203138 - val 0.628932
Epoch 3201/5000 - train 0.203583 - val 0.629033
Epoch 3202/5000 - train 0.203503 - val 0.629025
Epoch 3203/5000 - train 0.203142 - val 0.630599
Epoch 3204/5000 - train 0.204340 - val 0.627717
Epoch 3205/5000 - train 0.203345 - val 0.627483
Epoch 3206/5000 - train 0.203218 - val 0.629557
Epoch 3207/5000 - train 0.203685 - val 0.628408
Epoch 3208/5000 - train 0.203565 - val 0.629584
Epoch 3209/5000 - train 0.203941 - val 0.628300
Epoch 3210/5000 - train 0.203565 - val 0.632318
Epoch 3211/5000 - train 0.204428 - val 0.629761
Epoch 3212/5000 - train 0.203455 - val 0.628692
Epoch 3213/5000 - train 0.203760 - val 0.629094
Epoch 3214/5000 - train 0.204050 - val 0.629955
Epoch 3215/5000 - train 0.203440 - val 0.628937
Epoch 3216/5000 - train 0.203546 - val 0.627956
Epoch 3217/5000 - train 0.204725 - val 0.629450
Epoch 3218/5000 - train 0.203518 - val 0.629655
Epoch 3219/5000 - train 0.203847 - val 0.628224
Epoch 3220/5000 - train 0.203951 - val 0.628031
Epoch 3221/5000 - train 0.203773 - val 0.629243
Epoch 3222/5000 - train 0.203574 - val 0.629095
Epoch 3223/5000 - train 0.203460 - val 0.629473
Epoch 3224/5000 - train 0.203639 - val 0.629116
Epoch 3225/5000 - train 0.203117 - val 0.627808
Epoch 3226/5000 - train 0.203814 - val 0.629325
Epoch 3227/5000 - train 0.203976 - val 0.629586
Epoch 3228/5000 - train 0.203683 - val 0.629426
Epoch 3229/5000 - train 0.204053 - val 0.629178
Epoch 3230/5000 - train 0.203837 - val 0.627931
Epoch 3231/5000 - train 0.203643 - val 0.630278
Epoch 3232/5000 - train 0.205161 - val 0.628260
Epoch 3233/5000 - train 0.204317 - val 0.628353
Epoch 3234/5000 - train 0.204412 - val 0.628511
Epoch 3235/5000 - train 0.203217 - val 0.630059
Epoch 3236/5000 - train 0.204001 - val 0.627942
Epoch 3237/5000 - train 0.203579 - val 0.629405
Epoch 3238/5000 - train 0.203369 - val 0.628500
Epoch 3239/5000 - train 0.203037 - val 0.628860
Epoch 3240/5000 - train 0.203342 - val 0.629458
Epoch 3241/5000 - train 0.203495 - val 0.628304
Epoch 3242/5000 - train 0.202775 - val 0.629598
Epoch 3243/5000 - train 0.202836 - val 0.629226
Epoch 3244/5000 - train 0.203268 - val 0.629428
Epoch 3245/5000 - train 0.203118 - val 0.629076
Epoch 3246/5000 - train 0.203372 - val 0.629025
Epoch 3247/5000 - train 0.203530 - val 0.629359
Epoch 3248/5000 - train 0.203833 - val 0.629746
Epoch 3249/5000 - train 0.203946 - val 0.631607
Epoch 3250/5000 - train 0.203612 - val 0.629817
Epoch 3251/5000 - train 0.203771 - val 0.628280
Epoch 3252/5000 - train 0.203414 - val 0.629092
Epoch 3253/5000 - train 0.202908 - val 0.630188
Epoch 3254/5000 - train 0.202527 - val 0.630142
Epoch 3255/5000 - train 0.203909 - val 0.629402
Epoch 3256/5000 - train 0.203210 - val 0.629397
Epoch 3257/5000 - train 0.203356 - val 0.629775
Epoch 3258/5000 - train 0.203568 - val 0.629313
Epoch 3259/5000 - train 0.203211 - val 0.630048
Epoch 3260/5000 - train 0.203987 - val 0.629839
Epoch 3261/5000 - train 0.203787 - val 0.629451
Epoch 3262/5000 - train 0.204064 - val 0.629212
Epoch 3263/5000 - train 0.203276 - val 0.629805
Epoch 3264/5000 - train 0.203365 - val 0.628947
Epoch 3265/5000 - train 0.203594 - val 0.629999
Epoch 3266/5000 - train 0.203426 - val 0.629412
Epoch 3267/5000 - train 0.203146 - val 0.629055
Epoch 3268/5000 - train 0.203695 - val 0.629074
Epoch 3269/5000 - train 0.203808 - val 0.629545
Epoch 3270/5000 - train 0.203612 - val 0.629114
Epoch 3271/5000 - train 0.203215 - val 0.629006
Epoch 3272/5000 - train 0.203453 - val 0.629838
Epoch 3273/5000 - train 0.203379 - val 0.629795
Epoch 3274/5000 - train 0.203787 - val 0.629658
Epoch 3275/5000 - train 0.204471 - val 0.629592
Epoch 3276/5000 - train 0.203907 - val 0.628029
Epoch 3277/5000 - train 0.203250 - val 0.628900
Epoch 3278/5000 - train 0.203016 - val 0.629192
Epoch 3279/5000 - train 0.203261 - val 0.629252
Epoch 3280/5000 - train 0.203395 - val 0.628380
Epoch 3281/5000 - train 0.203163 - val 0.629875
Epoch 3282/5000 - train 0.203946 - val 0.629637
Epoch 3283/5000 - train 0.203306 - val 0.628803
Epoch 3284/5000 - train 0.203635 - val 0.629155
Epoch 3285/5000 - train 0.204167 - val 0.629172
Epoch 3286/5000 - train 0.203767 - val 0.629156
Epoch 3287/5000 - train 0.203485 - val 0.629986
Epoch 3288/5000 - train 0.203162 - val 0.629378
Epoch 3289/5000 - train 0.203226 - val 0.628925
Epoch 3290/5000 - train 0.203427 - val 0.629059
Epoch 3291/5000 - train 0.203611 - val 0.630347
Epoch 3292/5000 - train 0.203411 - val 0.630197
Epoch 3293/5000 - train 0.203659 - val 0.629203
Epoch 3294/5000 - train 0.203820 - val 0.629762
Epoch 3295/5000 - train 0.204150 - val 0.628220
Epoch 3296/5000 - train 0.203692 - val 0.629566
Epoch 3297/5000 - train 0.203100 - val 0.628873
Epoch 3298/5000 - train 0.203587 - val 0.629567
Epoch 3299/5000 - train 0.203984 - val 0.628516
Epoch 3300/5000 - train 0.203894 - val 0.630479
Epoch 3301/5000 - train 0.203624 - val 0.628671
Epoch 3302/5000 - train 0.202705 - val 0.629887
Epoch 3303/5000 - train 0.203482 - val 0.629106
Epoch 3304/5000 - train 0.203211 - val 0.632004
Epoch 3305/5000 - train 0.203212 - val 0.628943
Epoch 3306/5000 - train 0.203505 - val 0.629850
Epoch 3307/5000 - train 0.203237 - val 0.629560
Epoch 3308/5000 - train 0.203746 - val 0.630346
Epoch 3309/5000 - train 0.203923 - val 0.629075
Epoch 3310/5000 - train 0.203230 - val 0.630658
Epoch 3311/5000 - train 0.203320 - val 0.630567
Epoch 3312/5000 - train 0.203328 - val 0.629727
Epoch 3313/5000 - train 0.203317 - val 0.628691
Epoch 3314/5000 - train 0.203272 - val 0.628666
Epoch 3315/5000 - train 0.203052 - val 0.630028
Epoch 3316/5000 - train 0.203241 - val 0.630322
Epoch 3317/5000 - train 0.203199 - val 0.630642
Epoch 3318/5000 - train 0.203146 - val 0.630847
Epoch 3319/5000 - train 0.202898 - val 0.630499
Epoch 3320/5000 - train 0.203182 - val 0.629829
Epoch 3321/5000 - train 0.203883 - val 0.630745
Epoch 3322/5000 - train 0.203641 - val 0.631185
Epoch 3323/5000 - train 0.203877 - val 0.630228
Epoch 3324/5000 - train 0.203282 - val 0.629556
Epoch 3325/5000 - train 0.203640 - val 0.629923
Epoch 3326/5000 - train 0.203083 - val 0.629627
Epoch 3327/5000 - train 0.202878 - val 0.629912
Epoch 3328/5000 - train 0.203182 - val 0.629798
Epoch 3329/5000 - train 0.203095 - val 0.631702
Epoch 3330/5000 - train 0.203673 - val 0.630605
Epoch 3331/5000 - train 0.203173 - val 0.629925
Epoch 3332/5000 - train 0.202957 - val 0.629642
Epoch 3333/5000 - train 0.203136 - val 0.629578
Epoch 3334/5000 - train 0.203196 - val 0.628973
Epoch 3335/5000 - train 0.203359 - val 0.629560
Epoch 3336/5000 - train 0.204024 - val 0.629374
Epoch 3337/5000 - train 0.203975 - val 0.629802
Epoch 3338/5000 - train 0.203021 - val 0.630443
Epoch 3339/5000 - train 0.202466 - val 0.630149
Epoch 3340/5000 - train 0.202846 - val 0.630523
Epoch 3341/5000 - train 0.203703 - val 0.629489
Epoch 3342/5000 - train 0.203449 - val 0.629212
Epoch 3343/5000 - train 0.203128 - val 0.630165
Epoch 3344/5000 - train 0.203507 - val 0.629680
Epoch 3345/5000 - train 0.203119 - val 0.629755
Epoch 3346/5000 - train 0.202987 - val 0.630460
Epoch 3347/5000 - train 0.203063 - val 0.629387
Epoch 3348/5000 - train 0.203183 - val 0.632286
Epoch 3349/5000 - train 0.204133 - val 0.630053
Epoch 3350/5000 - train 0.203652 - val 0.628972
Epoch 3351/5000 - train 0.203766 - val 0.629058
Epoch 3352/5000 - train 0.203049 - val 0.631420
Epoch 3353/5000 - train 0.203357 - val 0.629797
Epoch 3354/5000 - train 0.203385 - val 0.628853
Epoch 3355/5000 - train 0.203743 - val 0.629257
Epoch 3356/5000 - train 0.203371 - val 0.628815
Epoch 3357/5000 - train 0.203158 - val 0.629809
Epoch 3358/5000 - train 0.203258 - val 0.630849
Epoch 3359/5000 - train 0.202698 - val 0.629703
Epoch 3360/5000 - train 0.203123 - val 0.629975
Epoch 3361/5000 - train 0.203451 - val 0.630805
Epoch 3362/5000 - train 0.203159 - val 0.629867
Epoch 3363/5000 - train 0.203273 - val 0.629766
Epoch 3364/5000 - train 0.203790 - val 0.628742
Epoch 3365/5000 - train 0.203623 - val 0.629102
Epoch 3366/5000 - train 0.203534 - val 0.630919
Epoch 3367/5000 - train 0.203825 - val 0.629683
Epoch 3368/5000 - train 0.204312 - val 0.628587
Epoch 3369/5000 - train 0.203154 - val 0.629086
Epoch 3370/5000 - train 0.203088 - val 0.629600
Epoch 3371/5000 - train 0.202956 - val 0.630420
Epoch 3372/5000 - train 0.203829 - val 0.630775
Epoch 3373/5000 - train 0.203890 - val 0.630789
Epoch 3374/5000 - train 0.203612 - val 0.630231
Epoch 3375/5000 - train 0.203121 - val 0.630006
Epoch 3376/5000 - train 0.203071 - val 0.630991
Epoch 3377/5000 - train 0.203080 - val 0.629590
Epoch 3378/5000 - train 0.203211 - val 0.630153
Epoch 3379/5000 - train 0.204138 - val 0.630753
Epoch 3380/5000 - train 0.203294 - val 0.630749
Epoch 3381/5000 - train 0.202473 - val 0.629547
Epoch 3382/5000 - train 0.202858 - val 0.631037
Epoch 3383/5000 - train 0.202762 - val 0.630473
Epoch 3384/5000 - train 0.202453 - val 0.630328
Epoch 3385/5000 - train 0.203067 - val 0.630544
Epoch 3386/5000 - train 0.203135 - val 0.630200
Epoch 3387/5000 - train 0.203018 - val 0.630744
Epoch 3388/5000 - train 0.202712 - val 0.630171
Epoch 3389/5000 - train 0.203035 - val 0.630594
Epoch 3390/5000 - train 0.202901 - val 0.630016
Epoch 3391/5000 - train 0.203937 - val 0.629684
Epoch 3392/5000 - train 0.204110 - val 0.629484
Epoch 3393/5000 - train 0.203173 - val 0.629981
Epoch 3394/5000 - train 0.202969 - val 0.630005
Epoch 3395/5000 - train 0.203436 - val 0.629051
Epoch 3396/5000 - train 0.203264 - val 0.630422
Epoch 3397/5000 - train 0.203302 - val 0.631493
Epoch 3398/5000 - train 0.202966 - val 0.631639
Epoch 3399/5000 - train 0.203426 - val 0.629413
Epoch 3400/5000 - train 0.202903 - val 0.629917
Epoch 3401/5000 - train 0.202883 - val 0.631798
Epoch 3402/5000 - train 0.203162 - val 0.629748
Epoch 3403/5000 - train 0.202912 - val 0.630442
Epoch 3404/5000 - train 0.202660 - val 0.630594
Epoch 3405/5000 - train 0.202758 - val 0.630168
Epoch 3406/5000 - train 0.202646 - val 0.630621
Epoch 3407/5000 - train 0.203021 - val 0.630659
Epoch 3408/5000 - train 0.202862 - val 0.630938
Epoch 3409/5000 - train 0.202943 - val 0.630363
Epoch 3410/5000 - train 0.203094 - val 0.630193
Epoch 3411/5000 - train 0.202909 - val 0.629436
Epoch 3412/5000 - train 0.202841 - val 0.630491
Epoch 3413/5000 - train 0.202949 - val 0.630242
Epoch 3414/5000 - train 0.202751 - val 0.629801
Epoch 3415/5000 - train 0.203030 - val 0.631624
Epoch 3416/5000 - train 0.203141 - val 0.630082
Epoch 3417/5000 - train 0.203693 - val 0.630167
Epoch 3418/5000 - train 0.203102 - val 0.631514
Epoch 3419/5000 - train 0.202880 - val 0.630763
Epoch 3420/5000 - train 0.203671 - val 0.633925
Epoch 3421/5000 - train 0.203831 - val 0.630580
Epoch 3422/5000 - train 0.203615 - val 0.630295
Epoch 3423/5000 - train 0.203242 - val 0.630220
Epoch 3424/5000 - train 0.202799 - val 0.631608
Epoch 3425/5000 - train 0.202779 - val 0.628751
Epoch 3426/5000 - train 0.203158 - val 0.630482
Epoch 3427/5000 - train 0.204241 - val 0.629695
Epoch 3428/5000 - train 0.203103 - val 0.629166
Epoch 3429/5000 - train 0.203104 - val 0.630610
Epoch 3430/5000 - train 0.203015 - val 0.630087
Epoch 3431/5000 - train 0.203546 - val 0.630014
Epoch 3432/5000 - train 0.202834 - val 0.630271
Epoch 3433/5000 - train 0.203222 - val 0.630282
Epoch 3434/5000 - train 0.202758 - val 0.630909
Epoch 3435/5000 - train 0.203139 - val 0.630313
Epoch 3436/5000 - train 0.202584 - val 0.630565
Epoch 3437/5000 - train 0.202907 - val 0.630392
Epoch 3438/5000 - train 0.203257 - val 0.631960
Epoch 3439/5000 - train 0.203109 - val 0.629646
Epoch 3440/5000 - train 0.203563 - val 0.630890
Epoch 3441/5000 - train 0.203126 - val 0.630889
Epoch 3442/5000 - train 0.202883 - val 0.630532
Epoch 3443/5000 - train 0.202590 - val 0.629348
Epoch 3444/5000 - train 0.203044 - val 0.629181
Epoch 3445/5000 - train 0.202804 - val 0.630700
Epoch 3446/5000 - train 0.203391 - val 0.631408
Epoch 3447/5000 - train 0.204089 - val 0.629641
Epoch 3448/5000 - train 0.202896 - val 0.629276
Epoch 3449/5000 - train 0.202936 - val 0.630621
Epoch 3450/5000 - train 0.202988 - val 0.630349
Epoch 3451/5000 - train 0.203355 - val 0.629412
Epoch 3452/5000 - train 0.202910 - val 0.630723
Epoch 3453/5000 - train 0.202870 - val 0.630217
Epoch 3454/5000 - train 0.204016 - val 0.630298
Epoch 3455/5000 - train 0.203339 - val 0.630022
Epoch 3456/5000 - train 0.203597 - val 0.630115
Epoch 3457/5000 - train 0.202539 - val 0.629776
Epoch 3458/5000 - train 0.202869 - val 0.629791
Epoch 3459/5000 - train 0.202972 - val 0.629065
Epoch 3460/5000 - train 0.202705 - val 0.629390
Epoch 3461/5000 - train 0.202942 - val 0.630458
Epoch 3462/5000 - train 0.203253 - val 0.630513
Epoch 3463/5000 - train 0.202692 - val 0.629996
Epoch 3464/5000 - train 0.202106 - val 0.632313
Epoch 3465/5000 - train 0.202296 - val 0.631165
Epoch 3466/5000 - train 0.202411 - val 0.630902
Epoch 3467/5000 - train 0.202713 - val 0.630240
Epoch 3468/5000 - train 0.202780 - val 0.631403
Epoch 3469/5000 - train 0.203768 - val 0.632708
Epoch 3470/5000 - train 0.203268 - val 0.631200
Epoch 3471/5000 - train 0.202688 - val 0.630937
Epoch 3472/5000 - train 0.202472 - val 0.630164
Epoch 3473/5000 - train 0.202845 - val 0.630270
Epoch 3474/5000 - train 0.202623 - val 0.630669
Epoch 3475/5000 - train 0.202728 - val 0.631272
Epoch 3476/5000 - train 0.203257 - val 0.629832
Epoch 3477/5000 - train 0.202548 - val 0.631867
Epoch 3478/5000 - train 0.202330 - val 0.630730
Epoch 3479/5000 - train 0.203112 - val 0.631479
Epoch 3480/5000 - train 0.202744 - val 0.630608
Epoch 3481/5000 - train 0.203543 - val 0.630546
Epoch 3482/5000 - train 0.203303 - val 0.630475
Epoch 3483/5000 - train 0.202850 - val 0.629721
Epoch 3484/5000 - train 0.203195 - val 0.631156
Epoch 3485/5000 - train 0.203424 - val 0.630033
Epoch 3486/5000 - train 0.203099 - val 0.630084
Epoch 3487/5000 - train 0.202568 - val 0.630638
Epoch 3488/5000 - train 0.203174 - val 0.631027
Epoch 3489/5000 - train 0.203059 - val 0.630732
Epoch 3490/5000 - train 0.203088 - val 0.631017
Epoch 3491/5000 - train 0.202729 - val 0.630373
Epoch 3492/5000 - train 0.202549 - val 0.631161
Epoch 3493/5000 - train 0.203118 - val 0.630367
Epoch 3494/5000 - train 0.203253 - val 0.630241
Epoch 3495/5000 - train 0.202639 - val 0.631557
Epoch 3496/5000 - train 0.202604 - val 0.631797
Epoch 3497/5000 - train 0.202854 - val 0.631666
Epoch 3498/5000 - train 0.202277 - val 0.631346
Epoch 3499/5000 - train 0.203344 - val 0.630106
Epoch 3500/5000 - train 0.203280 - val 0.630083
Epoch 3501/5000 - train 0.202751 - val 0.630919
Epoch 3502/5000 - train 0.202612 - val 0.630244
Epoch 3503/5000 - train 0.203104 - val 0.631035
Epoch 3504/5000 - train 0.202924 - val 0.630187
Epoch 3505/5000 - train 0.202492 - val 0.631228
Epoch 3506/5000 - train 0.203319 - val 0.631061
Epoch 3507/5000 - train 0.203382 - val 0.631809
Epoch 3508/5000 - train 0.203115 - val 0.630743
Epoch 3509/5000 - train 0.202704 - val 0.631463
Epoch 3510/5000 - train 0.203080 - val 0.630821
Epoch 3511/5000 - train 0.202873 - val 0.631387
Epoch 3512/5000 - train 0.202605 - val 0.629475
Epoch 3513/5000 - train 0.202601 - val 0.631257
Epoch 3514/5000 - train 0.202982 - val 0.631345
Epoch 3515/5000 - train 0.203603 - val 0.630057
Epoch 3516/5000 - train 0.204081 - val 0.630559
Epoch 3517/5000 - train 0.202973 - val 0.630769
Epoch 3518/5000 - train 0.202628 - val 0.630576
Epoch 3519/5000 - train 0.202305 - val 0.631303
Epoch 3520/5000 - train 0.202738 - val 0.633319
Epoch 3521/5000 - train 0.203065 - val 0.631303
Epoch 3522/5000 - train 0.202799 - val 0.630399
Epoch 3523/5000 - train 0.202809 - val 0.630641
Epoch 3524/5000 - train 0.203168 - val 0.629454
Epoch 3525/5000 - train 0.202236 - val 0.631776
Epoch 3526/5000 - train 0.203087 - val 0.630743
Epoch 3527/5000 - train 0.202896 - val 0.631111
Epoch 3528/5000 - train 0.202852 - val 0.630592
Epoch 3529/5000 - train 0.202788 - val 0.630775
Epoch 3530/5000 - train 0.202592 - val 0.630515
Epoch 3531/5000 - train 0.202176 - val 0.631418
Epoch 3532/5000 - train 0.203378 - val 0.629956
Epoch 3533/5000 - train 0.202601 - val 0.631224
Epoch 3534/5000 - train 0.202606 - val 0.631117
Epoch 3535/5000 - train 0.203397 - val 0.631784
Epoch 3536/5000 - train 0.203071 - val 0.630285
Epoch 3537/5000 - train 0.203141 - val 0.630534
Epoch 3538/5000 - train 0.203274 - val 0.629501
Epoch 3539/5000 - train 0.202484 - val 0.630527
Epoch 3540/5000 - train 0.202377 - val 0.630076
Epoch 3541/5000 - train 0.202319 - val 0.630863
Epoch 3542/5000 - train 0.202718 - val 0.633210
Epoch 3543/5000 - train 0.202640 - val 0.632308
Epoch 3544/5000 - train 0.202381 - val 0.631537
Epoch 3545/5000 - train 0.202189 - val 0.630471
Epoch 3546/5000 - train 0.202508 - val 0.631198
Epoch 3547/5000 - train 0.202719 - val 0.632683
Epoch 3548/5000 - train 0.202321 - val 0.631381
Epoch 3549/5000 - train 0.202634 - val 0.631366
Epoch 3550/5000 - train 0.202910 - val 0.630729
Epoch 3551/5000 - train 0.202300 - val 0.631629
Epoch 3552/5000 - train 0.202350 - val 0.631546
Epoch 3553/5000 - train 0.202615 - val 0.631261
Epoch 3554/5000 - train 0.202545 - val 0.631295
Epoch 3555/5000 - train 0.203811 - val 0.631683
Epoch 3556/5000 - train 0.202882 - val 0.630606
Epoch 3557/5000 - train 0.202628 - val 0.631215
Epoch 3558/5000 - train 0.202146 - val 0.630569
Epoch 3559/5000 - train 0.202943 - val 0.631599
Epoch 3560/5000 - train 0.202831 - val 0.630874
Epoch 3561/5000 - train 0.202760 - val 0.631225
Epoch 3562/5000 - train 0.202703 - val 0.632723
Epoch 3563/5000 - train 0.202716 - val 0.630355
Epoch 3564/5000 - train 0.202312 - val 0.630920
Epoch 3565/5000 - train 0.202652 - val 0.630734
Epoch 3566/5000 - train 0.202225 - val 0.630731
Epoch 3567/5000 - train 0.202302 - val 0.630631
Epoch 3568/5000 - train 0.202714 - val 0.632310
Epoch 3569/5000 - train 0.202928 - val 0.630494
Epoch 3570/5000 - train 0.202454 - val 0.629896
Epoch 3571/5000 - train 0.202439 - val 0.629868
Epoch 3572/5000 - train 0.202762 - val 0.629721
Epoch 3573/5000 - train 0.203029 - val 0.634727
Epoch 3574/5000 - train 0.203262 - val 0.630868
Epoch 3575/5000 - train 0.203314 - val 0.630403
Epoch 3576/5000 - train 0.203055 - val 0.631415
Epoch 3577/5000 - train 0.202487 - val 0.631081
Epoch 3578/5000 - train 0.202500 - val 0.631731
Epoch 3579/5000 - train 0.202556 - val 0.631029
Epoch 3580/5000 - train 0.202903 - val 0.631410
Epoch 3581/5000 - train 0.202256 - val 0.632220
Epoch 3582/5000 - train 0.202833 - val 0.632616
Epoch 3583/5000 - train 0.202794 - val 0.631790
Epoch 3584/5000 - train 0.202305 - val 0.632956
Epoch 3585/5000 - train 0.203475 - val 0.631243
Epoch 3586/5000 - train 0.202464 - val 0.631079
Epoch 3587/5000 - train 0.202224 - val 0.630894
Epoch 3588/5000 - train 0.202685 - val 0.630239
Epoch 3589/5000 - train 0.203003 - val 0.632280
Epoch 3590/5000 - train 0.203921 - val 0.630687
Epoch 3591/5000 - train 0.202704 - val 0.631457
Epoch 3592/5000 - train 0.202388 - val 0.631654
Epoch 3593/5000 - train 0.202438 - val 0.630914
Epoch 3594/5000 - train 0.202189 - val 0.632308
Epoch 3595/5000 - train 0.202520 - val 0.631937
Epoch 3596/5000 - train 0.202803 - val 0.630701
Epoch 3597/5000 - train 0.203063 - val 0.630842
Epoch 3598/5000 - train 0.202360 - val 0.630610
Epoch 3599/5000 - train 0.203108 - val 0.631054
Epoch 3600/5000 - train 0.202620 - val 0.631093
Epoch 3601/5000 - train 0.203086 - val 0.631796
Epoch 3602/5000 - train 0.202728 - val 0.631236
Epoch 3603/5000 - train 0.203337 - val 0.631236
Epoch 3604/5000 - train 0.202401 - val 0.631267
Epoch 3605/5000 - train 0.202023 - val 0.631289
Epoch 3606/5000 - train 0.202689 - val 0.630913
Epoch 3607/5000 - train 0.202208 - val 0.631838
Epoch 3608/5000 - train 0.202233 - val 0.632650
Epoch 3609/5000 - train 0.203658 - val 0.631356
Epoch 3610/5000 - train 0.202515 - val 0.631425
Epoch 3611/5000 - train 0.203017 - val 0.632155
Epoch 3612/5000 - train 0.202676 - val 0.631408
Epoch 3613/5000 - train 0.202304 - val 0.631649
Epoch 3614/5000 - train 0.203012 - val 0.630143
Epoch 3615/5000 - train 0.202904 - val 0.632007
Epoch 3616/5000 - train 0.202389 - val 0.631421
Epoch 3617/5000 - train 0.202450 - val 0.631193
Epoch 3618/5000 - train 0.202292 - val 0.631714
Epoch 3619/5000 - train 0.202903 - val 0.630649
Epoch 3620/5000 - train 0.202587 - val 0.631448
Epoch 3621/5000 - train 0.203228 - val 0.631122
Epoch 3622/5000 - train 0.202759 - val 0.630982
Epoch 3623/5000 - train 0.202557 - val 0.631315
Epoch 3624/5000 - train 0.202235 - val 0.631989
Epoch 3625/5000 - train 0.202529 - val 0.630942
Epoch 3626/5000 - train 0.202550 - val 0.631682
Epoch 3627/5000 - train 0.201894 - val 0.631301
Epoch 3628/5000 - train 0.203919 - val 0.631750
Epoch 3629/5000 - train 0.202777 - val 0.632329
Epoch 3630/5000 - train 0.202782 - val 0.630572
Epoch 3631/5000 - train 0.202418 - val 0.630659
Epoch 3632/5000 - train 0.202132 - val 0.630685
Epoch 3633/5000 - train 0.202335 - val 0.631791
Epoch 3634/5000 - train 0.202733 - val 0.631663
Epoch 3635/5000 - train 0.202720 - val 0.630773
Epoch 3636/5000 - train 0.203736 - val 0.631788
Epoch 3637/5000 - train 0.202637 - val 0.632434
Epoch 3638/5000 - train 0.202356 - val 0.630990
Epoch 3639/5000 - train 0.202290 - val 0.631231
Epoch 3640/5000 - train 0.202548 - val 0.631720
Epoch 3641/5000 - train 0.202837 - val 0.631520
Epoch 3642/5000 - train 0.202231 - val 0.631293
Epoch 3643/5000 - train 0.202598 - val 0.631263
Epoch 3644/5000 - train 0.202433 - val 0.636808
Epoch 3645/5000 - train 0.203039 - val 0.631157
Epoch 3646/5000 - train 0.202062 - val 0.631292
Epoch 3647/5000 - train 0.202547 - val 0.632736
Epoch 3648/5000 - train 0.203181 - val 0.630618
Epoch 3649/5000 - train 0.202082 - val 0.630660
Epoch 3650/5000 - train 0.202060 - val 0.631388
Epoch 3651/5000 - train 0.202013 - val 0.631820
Epoch 3652/5000 - train 0.202028 - val 0.631799
Epoch 3653/5000 - train 0.202391 - val 0.631975
Epoch 3654/5000 - train 0.202657 - val 0.632149
Epoch 3655/5000 - train 0.202656 - val 0.631193
Epoch 3656/5000 - train 0.202184 - val 0.631799
Epoch 3657/5000 - train 0.202584 - val 0.631640
Epoch 3658/5000 - train 0.202086 - val 0.631932
Epoch 3659/5000 - train 0.203058 - val 0.632139
Epoch 3660/5000 - train 0.202322 - val 0.631723
Epoch 3661/5000 - train 0.202195 - val 0.631166
Epoch 3662/5000 - train 0.202291 - val 0.630826
Epoch 3663/5000 - train 0.202291 - val 0.632995
Epoch 3664/5000 - train 0.203784 - val 0.630753
Epoch 3665/5000 - train 0.202786 - val 0.630580
Epoch 3666/5000 - train 0.202082 - val 0.632225
Epoch 3667/5000 - train 0.202594 - val 0.631052
Epoch 3668/5000 - train 0.202549 - val 0.630708
Epoch 3669/5000 - train 0.202926 - val 0.633147
Epoch 3670/5000 - train 0.202685 - val 0.630887
Epoch 3671/5000 - train 0.202386 - val 0.632083
Epoch 3672/5000 - train 0.202716 - val 0.632512
Epoch 3673/5000 - train 0.202849 - val 0.631426
Epoch 3674/5000 - train 0.202168 - val 0.632263
Epoch 3675/5000 - train 0.201942 - val 0.632237
Epoch 3676/5000 - train 0.202544 - val 0.631618
Epoch 3677/5000 - train 0.203081 - val 0.631285
Epoch 3678/5000 - train 0.202308 - val 0.631767
Epoch 3679/5000 - train 0.202676 - val 0.631123
Epoch 3680/5000 - train 0.202161 - val 0.631618
Epoch 3681/5000 - train 0.202155 - val 0.631022
Epoch 3682/5000 - train 0.202643 - val 0.631678
Epoch 3683/5000 - train 0.202663 - val 0.634640
Epoch 3684/5000 - train 0.202343 - val 0.632847
Epoch 3685/5000 - train 0.202026 - val 0.631457
Epoch 3686/5000 - train 0.202081 - val 0.631881
Epoch 3687/5000 - train 0.201984 - val 0.632348
Epoch 3688/5000 - train 0.202400 - val 0.631898
Epoch 3689/5000 - train 0.202035 - val 0.631332
Epoch 3690/5000 - train 0.202546 - val 0.632472
Epoch 3691/5000 - train 0.203065 - val 0.630762
Epoch 3692/5000 - train 0.202369 - val 0.631186
Epoch 3693/5000 - train 0.202629 - val 0.631836
Epoch 3694/5000 - train 0.202100 - val 0.631918
Epoch 3695/5000 - train 0.202755 - val 0.631308
Epoch 3696/5000 - train 0.202118 - val 0.632898
Epoch 3697/5000 - train 0.201751 - val 0.632128
Epoch 3698/5000 - train 0.202615 - val 0.631926
Epoch 3699/5000 - train 0.201784 - val 0.631574
Epoch 3700/5000 - train 0.202194 - val 0.631547
Epoch 3701/5000 - train 0.202686 - val 0.631156
Epoch 3702/5000 - train 0.202148 - val 0.631609
Epoch 3703/5000 - train 0.202947 - val 0.632541
Epoch 3704/5000 - train 0.201996 - val 0.631958
Epoch 3705/5000 - train 0.202916 - val 0.631458
Epoch 3706/5000 - train 0.202476 - val 0.631171
Epoch 3707/5000 - train 0.202304 - val 0.631006
Epoch 3708/5000 - train 0.202341 - val 0.631161
Epoch 3709/5000 - train 0.202202 - val 0.632713
Epoch 3710/5000 - train 0.202260 - val 0.631822
Epoch 3711/5000 - train 0.202362 - val 0.631854
Epoch 3712/5000 - train 0.202182 - val 0.632888
Epoch 3713/5000 - train 0.202979 - val 0.631948
Epoch 3714/5000 - train 0.202362 - val 0.632043
Epoch 3715/5000 - train 0.202426 - val 0.632431
Epoch 3716/5000 - train 0.202100 - val 0.631733
Epoch 3717/5000 - train 0.202612 - val 0.631967
Epoch 3718/5000 - train 0.202720 - val 0.631880
Epoch 3719/5000 - train 0.202572 - val 0.632302
Epoch 3720/5000 - train 0.202873 - val 0.631205
Epoch 3721/5000 - train 0.202129 - val 0.631527
Epoch 3722/5000 - train 0.202716 - val 0.632173
Epoch 3723/5000 - train 0.202327 - val 0.631013
Epoch 3724/5000 - train 0.202190 - val 0.632841
Epoch 3725/5000 - train 0.202154 - val 0.632553
Epoch 3726/5000 - train 0.202111 - val 0.632544
Epoch 3727/5000 - train 0.202918 - val 0.634378
Epoch 3728/5000 - train 0.202517 - val 0.632408
Epoch 3729/5000 - train 0.201707 - val 0.631529
Epoch 3730/5000 - train 0.202065 - val 0.631856
Epoch 3731/5000 - train 0.202731 - val 0.631531
Epoch 3732/5000 - train 0.202181 - val 0.632584
Epoch 3733/5000 - train 0.202275 - val 0.631727
Epoch 3734/5000 - train 0.201790 - val 0.631764
Epoch 3735/5000 - train 0.201972 - val 0.632925
Epoch 3736/5000 - train 0.202406 - val 0.632362
Epoch 3737/5000 - train 0.202492 - val 0.632550
Epoch 3738/5000 - train 0.202216 - val 0.632217
Epoch 3739/5000 - train 0.202571 - val 0.631717
Epoch 3740/5000 - train 0.202164 - val 0.631756
Epoch 3741/5000 - train 0.202424 - val 0.633244
Epoch 3742/5000 - train 0.202358 - val 0.632015
Epoch 3743/5000 - train 0.202375 - val 0.632304
Epoch 3744/5000 - train 0.201824 - val 0.632418
Epoch 3745/5000 - train 0.202207 - val 0.632061
Epoch 3746/5000 - train 0.201908 - val 0.632428
Epoch 3747/5000 - train 0.202149 - val 0.632485
Epoch 3748/5000 - train 0.202219 - val 0.631686
Epoch 3749/5000 - train 0.202372 - val 0.632358
Epoch 3750/5000 - train 0.201891 - val 0.632623
Epoch 3751/5000 - train 0.203191 - val 0.631313
Epoch 3752/5000 - train 0.202495 - val 0.631883
Epoch 3753/5000 - train 0.202072 - val 0.632432
Epoch 3754/5000 - train 0.202180 - val 0.632591
Epoch 3755/5000 - train 0.202189 - val 0.630705
Epoch 3756/5000 - train 0.202625 - val 0.631784
Epoch 3757/5000 - train 0.202693 - val 0.632859
Epoch 3758/5000 - train 0.202930 - val 0.632414
Epoch 3759/5000 - train 0.202411 - val 0.630590
Epoch 3760/5000 - train 0.201863 - val 0.630709
Epoch 3761/5000 - train 0.201929 - val 0.632075
Epoch 3762/5000 - train 0.202768 - val 0.632442
Epoch 3763/5000 - train 0.201740 - val 0.631782
Epoch 3764/5000 - train 0.202038 - val 0.632231
Epoch 3765/5000 - train 0.202587 - val 0.632366
Epoch 3766/5000 - train 0.202268 - val 0.631839
Epoch 3767/5000 - train 0.202622 - val 0.632359
Epoch 3768/5000 - train 0.202304 - val 0.630988
Epoch 3769/5000 - train 0.202165 - val 0.631608
Epoch 3770/5000 - train 0.201729 - val 0.632137
Epoch 3771/5000 - train 0.201746 - val 0.632449
Epoch 3772/5000 - train 0.202263 - val 0.632478
Epoch 3773/5000 - train 0.202112 - val 0.632205
Epoch 3774/5000 - train 0.202049 - val 0.632926
Epoch 3775/5000 - train 0.202681 - val 0.632812
Epoch 3776/5000 - train 0.202341 - val 0.633199
Epoch 3777/5000 - train 0.202278 - val 0.632511
Epoch 3778/5000 - train 0.202037 - val 0.631394
Epoch 3779/5000 - train 0.201709 - val 0.631835
Epoch 3780/5000 - train 0.202122 - val 0.633078
Epoch 3781/5000 - train 0.202237 - val 0.632419
Epoch 3782/5000 - train 0.202218 - val 0.633028
Epoch 3783/5000 - train 0.202108 - val 0.632027
Epoch 3784/5000 - train 0.202327 - val 0.634101
Epoch 3785/5000 - train 0.202062 - val 0.633023
Epoch 3786/5000 - train 0.202222 - val 0.632355
Epoch 3787/5000 - train 0.202040 - val 0.632980
Epoch 3788/5000 - train 0.202188 - val 0.633451
Epoch 3789/5000 - train 0.202365 - val 0.632507
Epoch 3790/5000 - train 0.201828 - val 0.631958
Epoch 3791/5000 - train 0.202701 - val 0.634571
Epoch 3792/5000 - train 0.202414 - val 0.632145
Epoch 3793/5000 - train 0.202352 - val 0.632178
Epoch 3794/5000 - train 0.202118 - val 0.632876
Epoch 3795/5000 - train 0.202095 - val 0.631700
Epoch 3796/5000 - train 0.202069 - val 0.631889
Epoch 3797/5000 - train 0.202331 - val 0.631281
Epoch 3798/5000 - train 0.202139 - val 0.634351
Epoch 3799/5000 - train 0.202288 - val 0.632080
Epoch 3800/5000 - train 0.202607 - val 0.632057
Epoch 3801/5000 - train 0.202378 - val 0.631951
Epoch 3802/5000 - train 0.202058 - val 0.632719
Epoch 3803/5000 - train 0.202614 - val 0.633269
Epoch 3804/5000 - train 0.201645 - val 0.633190
Epoch 3805/5000 - train 0.202239 - val 0.633005
Epoch 3806/5000 - train 0.202062 - val 0.631735
Epoch 3807/5000 - train 0.201663 - val 0.632496
Epoch 3808/5000 - train 0.201673 - val 0.631819
Epoch 3809/5000 - train 0.202892 - val 0.632918
Epoch 3810/5000 - train 0.201943 - val 0.631961
Epoch 3811/5000 - train 0.202078 - val 0.632656
Epoch 3812/5000 - train 0.202461 - val 0.632108
Epoch 3813/5000 - train 0.202303 - val 0.631938
Epoch 3814/5000 - train 0.202213 - val 0.632917
Epoch 3815/5000 - train 0.201726 - val 0.632270
Epoch 3816/5000 - train 0.201875 - val 0.632075
Epoch 3817/5000 - train 0.201598 - val 0.633143
Epoch 3818/5000 - train 0.202491 - val 0.632193
Epoch 3819/5000 - train 0.202474 - val 0.632784
Epoch 3820/5000 - train 0.201830 - val 0.633556
Epoch 3821/5000 - train 0.202624 - val 0.632255
Epoch 3822/5000 - train 0.202707 - val 0.633032
Epoch 3823/5000 - train 0.202152 - val 0.632950
Epoch 3824/5000 - train 0.202471 - val 0.632303
Epoch 3825/5000 - train 0.201975 - val 0.631457
Epoch 3826/5000 - train 0.201875 - val 0.633822
Epoch 3827/5000 - train 0.202517 - val 0.631930
Epoch 3828/5000 - train 0.202284 - val 0.632642
Epoch 3829/5000 - train 0.202474 - val 0.631731
Epoch 3830/5000 - train 0.202581 - val 0.634067
Epoch 3831/5000 - train 0.202051 - val 0.632247
Epoch 3832/5000 - train 0.201692 - val 0.633077
Epoch 3833/5000 - train 0.201865 - val 0.632769
Epoch 3834/5000 - train 0.201813 - val 0.631559
Epoch 3835/5000 - train 0.202185 - val 0.632256
Epoch 3836/5000 - train 0.201681 - val 0.631528
Epoch 3837/5000 - train 0.201970 - val 0.631886
Epoch 3838/5000 - train 0.201569 - val 0.631871
Epoch 3839/5000 - train 0.201503 - val 0.632592
Epoch 3840/5000 - train 0.202496 - val 0.632735
Epoch 3841/5000 - train 0.201875 - val 0.632611
Epoch 3842/5000 - train 0.201806 - val 0.632122
Epoch 3843/5000 - train 0.201803 - val 0.632680
Epoch 3844/5000 - train 0.202173 - val 0.632220
Epoch 3845/5000 - train 0.202181 - val 0.633350
Epoch 3846/5000 - train 0.202341 - val 0.632371
Epoch 3847/5000 - train 0.201712 - val 0.632143
Epoch 3848/5000 - train 0.201922 - val 0.633144
Epoch 3849/5000 - train 0.201597 - val 0.632616
Epoch 3850/5000 - train 0.202212 - val 0.633278
Epoch 3851/5000 - train 0.201734 - val 0.633235
Epoch 3852/5000 - train 0.201673 - val 0.633486
Epoch 3853/5000 - train 0.202023 - val 0.633465
Epoch 3854/5000 - train 0.201468 - val 0.633151
Epoch 3855/5000 - train 0.201761 - val 0.632698
Epoch 3856/5000 - train 0.201651 - val 0.632539
Epoch 3857/5000 - train 0.201664 - val 0.634290
Epoch 3858/5000 - train 0.202096 - val 0.632141
Epoch 3859/5000 - train 0.202043 - val 0.632431
Epoch 3860/5000 - train 0.201930 - val 0.633613
Epoch 3861/5000 - train 0.201749 - val 0.632333
Epoch 3862/5000 - train 0.202698 - val 0.632253
Epoch 3863/5000 - train 0.202276 - val 0.632835
Epoch 3864/5000 - train 0.201979 - val 0.632910
Epoch 3865/5000 - train 0.201880 - val 0.633234
Epoch 3866/5000 - train 0.202240 - val 0.632613
Epoch 3867/5000 - train 0.202250 - val 0.633291
Epoch 3868/5000 - train 0.202631 - val 0.632386
Epoch 3869/5000 - train 0.202089 - val 0.632983
Epoch 3870/5000 - train 0.202277 - val 0.631924
Epoch 3871/5000 - train 0.201809 - val 0.633225
Epoch 3872/5000 - train 0.201639 - val 0.632710
Epoch 3873/5000 - train 0.201247 - val 0.633579
Epoch 3874/5000 - train 0.201758 - val 0.633238
Epoch 3875/5000 - train 0.201661 - val 0.632318
Epoch 3876/5000 - train 0.201610 - val 0.633176
Epoch 3877/5000 - train 0.201486 - val 0.633034
Epoch 3878/5000 - train 0.201610 - val 0.632633
Epoch 3879/5000 - train 0.202564 - val 0.633072
Epoch 3880/5000 - train 0.202088 - val 0.631369
Epoch 3881/5000 - train 0.201492 - val 0.632472
Epoch 3882/5000 - train 0.201739 - val 0.632174
Epoch 3883/5000 - train 0.201385 - val 0.633645
Epoch 3884/5000 - train 0.201462 - val 0.632806
Epoch 3885/5000 - train 0.202202 - val 0.633775
Epoch 3886/5000 - train 0.202477 - val 0.632475
Epoch 3887/5000 - train 0.202248 - val 0.633760
Epoch 3888/5000 - train 0.202136 - val 0.632683
Epoch 3889/5000 - train 0.201530 - val 0.632071
Epoch 3890/5000 - train 0.201872 - val 0.632806
Epoch 3891/5000 - train 0.202087 - val 0.632761
Epoch 3892/5000 - train 0.202188 - val 0.633311
Epoch 3893/5000 - train 0.202088 - val 0.633735
Epoch 3894/5000 - train 0.202191 - val 0.632818
Epoch 3895/5000 - train 0.202170 - val 0.632758
Epoch 3896/5000 - train 0.201663 - val 0.632501
Epoch 3897/5000 - train 0.201824 - val 0.632079
Epoch 3898/5000 - train 0.202369 - val 0.632648
Epoch 3899/5000 - train 0.201783 - val 0.632918
Epoch 3900/5000 - train 0.202228 - val 0.633623
Epoch 3901/5000 - train 0.202228 - val 0.632672
Epoch 3902/5000 - train 0.201858 - val 0.631899
Epoch 3903/5000 - train 0.202305 - val 0.632644
Epoch 3904/5000 - train 0.201734 - val 0.633115
Epoch 3905/5000 - train 0.201649 - val 0.637384
Epoch 3906/5000 - train 0.202539 - val 0.633907
Epoch 3907/5000 - train 0.201549 - val 0.632679
Epoch 3908/5000 - train 0.202139 - val 0.631891
Epoch 3909/5000 - train 0.201657 - val 0.632818
Epoch 3910/5000 - train 0.201979 - val 0.633451
Epoch 3911/5000 - train 0.202463 - val 0.631627
Epoch 3912/5000 - train 0.201428 - val 0.633765
Epoch 3913/5000 - train 0.201603 - val 0.632265
Epoch 3914/5000 - train 0.201874 - val 0.632554
Epoch 3915/5000 - train 0.202189 - val 0.633677
Epoch 3916/5000 - train 0.201540 - val 0.632766
Epoch 3917/5000 - train 0.201571 - val 0.632772
Epoch 3918/5000 - train 0.201186 - val 0.632023
Epoch 3919/5000 - train 0.201456 - val 0.633307
Epoch 3920/5000 - train 0.201415 - val 0.632369
Epoch 3921/5000 - train 0.201475 - val 0.632887
Epoch 3922/5000 - train 0.201515 - val 0.633765
Epoch 3923/5000 - train 0.202294 - val 0.632865
Epoch 3924/5000 - train 0.201647 - val 0.632714
Epoch 3925/5000 - train 0.201338 - val 0.631594
Epoch 3926/5000 - train 0.201563 - val 0.632776
Epoch 3927/5000 - train 0.201811 - val 0.632542
Epoch 3928/5000 - train 0.201627 - val 0.632951
Epoch 3929/5000 - train 0.202318 - val 0.635369
Epoch 3930/5000 - train 0.201868 - val 0.632575
Epoch 3931/5000 - train 0.201536 - val 0.632780
Epoch 3932/5000 - train 0.202464 - val 0.632160
Epoch 3933/5000 - train 0.202351 - val 0.632081
Epoch 3934/5000 - train 0.201655 - val 0.631953
Epoch 3935/5000 - train 0.202250 - val 0.634016
Epoch 3936/5000 - train 0.201805 - val 0.632760
Epoch 3937/5000 - train 0.202061 - val 0.632978
Epoch 3938/5000 - train 0.201470 - val 0.633201
Epoch 3939/5000 - train 0.201729 - val 0.634279
Epoch 3940/5000 - train 0.201642 - val 0.632349
Epoch 3941/5000 - train 0.201894 - val 0.634429
Epoch 3942/5000 - train 0.202396 - val 0.633701
Epoch 3943/5000 - train 0.202063 - val 0.632880
Epoch 3944/5000 - train 0.201575 - val 0.633528
Epoch 3945/5000 - train 0.202081 - val 0.634376
Epoch 3946/5000 - train 0.201899 - val 0.633925
Epoch 3947/5000 - train 0.201829 - val 0.634013
Epoch 3948/5000 - train 0.201890 - val 0.633296
Epoch 3949/5000 - train 0.201817 - val 0.633626
Epoch 3950/5000 - train 0.201693 - val 0.633026
Epoch 3951/5000 - train 0.201665 - val 0.633040
Epoch 3952/5000 - train 0.202230 - val 0.633372
Epoch 3953/5000 - train 0.201342 - val 0.633342
Epoch 3954/5000 - train 0.201832 - val 0.633339
Epoch 3955/5000 - train 0.202435 - val 0.633161
Epoch 3956/5000 - train 0.201385 - val 0.635358
Epoch 3957/5000 - train 0.202582 - val 0.632363
Epoch 3958/5000 - train 0.201657 - val 0.632843
Epoch 3959/5000 - train 0.201064 - val 0.634165
Epoch 3960/5000 - train 0.201723 - val 0.633656
Epoch 3961/5000 - train 0.201792 - val 0.632956
Epoch 3962/5000 - train 0.201733 - val 0.633264
Epoch 3963/5000 - train 0.201699 - val 0.633303
Epoch 3964/5000 - train 0.201948 - val 0.633032
Epoch 3965/5000 - train 0.201347 - val 0.633639
Epoch 3966/5000 - train 0.201751 - val 0.633880
Epoch 3967/5000 - train 0.201466 - val 0.633402
Epoch 3968/5000 - train 0.201438 - val 0.634118
Epoch 3969/5000 - train 0.201885 - val 0.633697
Epoch 3970/5000 - train 0.201842 - val 0.633509
Epoch 3971/5000 - train 0.201205 - val 0.633789
Epoch 3972/5000 - train 0.201222 - val 0.634879
Epoch 3973/5000 - train 0.202065 - val 0.632115
Epoch 3974/5000 - train 0.201543 - val 0.633162
Epoch 3975/5000 - train 0.201860 - val 0.633190
Epoch 3976/5000 - train 0.202256 - val 0.633351
Epoch 3977/5000 - train 0.201543 - val 0.633357
Epoch 3978/5000 - train 0.201512 - val 0.634206
Epoch 3979/5000 - train 0.201469 - val 0.634703
Epoch 3980/5000 - train 0.201731 - val 0.633126
Epoch 3981/5000 - train 0.201818 - val 0.633549
Epoch 3982/5000 - train 0.201333 - val 0.633069
Epoch 3983/5000 - train 0.201261 - val 0.634076
Epoch 3984/5000 - train 0.202749 - val 0.633820
Epoch 3985/5000 - train 0.201777 - val 0.633451
Epoch 3986/5000 - train 0.201627 - val 0.633325
Epoch 3987/5000 - train 0.201512 - val 0.633690
Epoch 3988/5000 - train 0.201584 - val 0.633210
Epoch 3989/5000 - train 0.201674 - val 0.633547
Epoch 3990/5000 - train 0.201718 - val 0.633518
Epoch 3991/5000 - train 0.202108 - val 0.634084
Epoch 3992/5000 - train 0.202332 - val 0.632702
Epoch 3993/5000 - train 0.202844 - val 0.635413
Epoch 3994/5000 - train 0.201887 - val 0.632830
Epoch 3995/5000 - train 0.201908 - val 0.633446
Epoch 3996/5000 - train 0.201276 - val 0.632805
Epoch 3997/5000 - train 0.201370 - val 0.633167
Epoch 3998/5000 - train 0.201293 - val 0.634530
Epoch 3999/5000 - train 0.201629 - val 0.633231
Epoch 4000/5000 - train 0.202036 - val 0.633875
Epoch 4001/5000 - train 0.203559 - val 0.632545
Epoch 4002/5000 - train 0.202013 - val 0.633270
Epoch 4003/5000 - train 0.201647 - val 0.632739
Epoch 4004/5000 - train 0.201244 - val 0.633495
Epoch 4005/5000 - train 0.201690 - val 0.633886
Epoch 4006/5000 - train 0.202213 - val 0.634808
Epoch 4007/5000 - train 0.202392 - val 0.633820
Epoch 4008/5000 - train 0.201626 - val 0.634314
Epoch 4009/5000 - train 0.201415 - val 0.633525
Epoch 4010/5000 - train 0.201668 - val 0.633353
Epoch 4011/5000 - train 0.201282 - val 0.633767
Epoch 4012/5000 - train 0.201395 - val 0.633033
Epoch 4013/5000 - train 0.201604 - val 0.634802
Epoch 4014/5000 - train 0.201271 - val 0.633334
Epoch 4015/5000 - train 0.201508 - val 0.634013
Epoch 4016/5000 - train 0.201239 - val 0.633679
Epoch 4017/5000 - train 0.201877 - val 0.632353
Epoch 4018/5000 - train 0.201782 - val 0.633805
Epoch 4019/5000 - train 0.202020 - val 0.634256
Epoch 4020/5000 - train 0.202062 - val 0.633949
Epoch 4021/5000 - train 0.202189 - val 0.634975
Epoch 4022/5000 - train 0.202379 - val 0.633676
Epoch 4023/5000 - train 0.201342 - val 0.633487
Epoch 4024/5000 - train 0.201409 - val 0.632763
Epoch 4025/5000 - train 0.201378 - val 0.634978
Epoch 4026/5000 - train 0.201512 - val 0.634703
Epoch 4027/5000 - train 0.201915 - val 0.635314
Epoch 4028/5000 - train 0.201658 - val 0.633909
Epoch 4029/5000 - train 0.201559 - val 0.633221
Epoch 4030/5000 - train 0.201064 - val 0.632804
Epoch 4031/5000 - train 0.201559 - val 0.633134
Epoch 4032/5000 - train 0.201520 - val 0.634298
Epoch 4033/5000 - train 0.201258 - val 0.633508
Epoch 4034/5000 - train 0.201654 - val 0.634511
Epoch 4035/5000 - train 0.201327 - val 0.633684
Epoch 4036/5000 - train 0.201392 - val 0.634524
Epoch 4037/5000 - train 0.201423 - val 0.633796
Epoch 4038/5000 - train 0.202598 - val 0.634442
Epoch 4039/5000 - train 0.201292 - val 0.634003
Epoch 4040/5000 - train 0.202084 - val 0.634460
Epoch 4041/5000 - train 0.201965 - val 0.633505
Epoch 4042/5000 - train 0.201359 - val 0.633000
Epoch 4043/5000 - train 0.201171 - val 0.633806
Epoch 4044/5000 - train 0.200781 - val 0.633563
Epoch 4045/5000 - train 0.201154 - val 0.634849
Epoch 4046/5000 - train 0.201460 - val 0.635251
Epoch 4047/5000 - train 0.201905 - val 0.633690
Epoch 4048/5000 - train 0.201569 - val 0.633695
Epoch 4049/5000 - train 0.201493 - val 0.632704
Epoch 4050/5000 - train 0.201337 - val 0.633918
Epoch 4051/5000 - train 0.201717 - val 0.634523
Epoch 4052/5000 - train 0.201954 - val 0.633338
Epoch 4053/5000 - train 0.201180 - val 0.634452
Epoch 4054/5000 - train 0.202173 - val 0.634128
Epoch 4055/5000 - train 0.202367 - val 0.633742
Epoch 4056/5000 - train 0.201706 - val 0.634532
Epoch 4057/5000 - train 0.201298 - val 0.633023
Epoch 4058/5000 - train 0.201543 - val 0.634183
Epoch 4059/5000 - train 0.201525 - val 0.635475
Epoch 4060/5000 - train 0.202000 - val 0.634670
Epoch 4061/5000 - train 0.201570 - val 0.633341
Epoch 4062/5000 - train 0.201693 - val 0.634157
Epoch 4063/5000 - train 0.201682 - val 0.633776
Epoch 4064/5000 - train 0.201090 - val 0.633812
Epoch 4065/5000 - train 0.201314 - val 0.635918
Epoch 4066/5000 - train 0.202119 - val 0.633128
Epoch 4067/5000 - train 0.201494 - val 0.633893
Epoch 4068/5000 - train 0.201461 - val 0.634750
Epoch 4069/5000 - train 0.201256 - val 0.633254
Epoch 4070/5000 - train 0.201666 - val 0.633851
Epoch 4071/5000 - train 0.201316 - val 0.635469
Epoch 4072/5000 - train 0.201787 - val 0.633269
Epoch 4073/5000 - train 0.201553 - val 0.633150
Epoch 4074/5000 - train 0.202081 - val 0.633534
Epoch 4075/5000 - train 0.201852 - val 0.633754
Epoch 4076/5000 - train 0.202222 - val 0.635050
Epoch 4077/5000 - train 0.202044 - val 0.633877
Epoch 4078/5000 - train 0.201904 - val 0.632994
Epoch 4079/5000 - train 0.201657 - val 0.633117
Epoch 4080/5000 - train 0.201985 - val 0.633658
Epoch 4081/5000 - train 0.201837 - val 0.634775
Epoch 4082/5000 - train 0.201245 - val 0.634415
Epoch 4083/5000 - train 0.201717 - val 0.633232
Epoch 4084/5000 - train 0.201615 - val 0.633824
Epoch 4085/5000 - train 0.201662 - val 0.633474
Epoch 4086/5000 - train 0.201537 - val 0.634318
Epoch 4087/5000 - train 0.202030 - val 0.633845
Epoch 4088/5000 - train 0.201453 - val 0.635056
Epoch 4089/5000 - train 0.201685 - val 0.635024
Epoch 4090/5000 - train 0.201622 - val 0.633564
Epoch 4091/5000 - train 0.201572 - val 0.634947
Epoch 4092/5000 - train 0.201667 - val 0.632925
Epoch 4093/5000 - train 0.200816 - val 0.633743
Epoch 4094/5000 - train 0.201297 - val 0.634339
Epoch 4095/5000 - train 0.201087 - val 0.635043
Epoch 4096/5000 - train 0.201200 - val 0.634354
Epoch 4097/5000 - train 0.201991 - val 0.635737
Epoch 4098/5000 - train 0.202156 - val 0.633349
Epoch 4099/5000 - train 0.201412 - val 0.633802
Epoch 4100/5000 - train 0.201128 - val 0.634137
Epoch 4101/5000 - train 0.201810 - val 0.632765
Epoch 4102/5000 - train 0.201307 - val 0.634401
Epoch 4103/5000 - train 0.201596 - val 0.633689
Epoch 4104/5000 - train 0.201150 - val 0.633341
Epoch 4105/5000 - train 0.201233 - val 0.634584
Epoch 4106/5000 - train 0.201650 - val 0.636332
Epoch 4107/5000 - train 0.201037 - val 0.634076
Epoch 4108/5000 - train 0.201416 - val 0.633737
Epoch 4109/5000 - train 0.201509 - val 0.634177
Epoch 4110/5000 - train 0.201097 - val 0.634033
Epoch 4111/5000 - train 0.201361 - val 0.633754
Epoch 4112/5000 - train 0.201354 - val 0.634213
Epoch 4113/5000 - train 0.202095 - val 0.634589
Epoch 4114/5000 - train 0.202332 - val 0.635191
Epoch 4115/5000 - train 0.201363 - val 0.633556
Epoch 4116/5000 - train 0.201484 - val 0.634102
Epoch 4117/5000 - train 0.201045 - val 0.634640
Epoch 4118/5000 - train 0.201237 - val 0.634112
Epoch 4119/5000 - train 0.201033 - val 0.634013
Epoch 4120/5000 - train 0.201148 - val 0.633869
Epoch 4121/5000 - train 0.201297 - val 0.634308
Epoch 4122/5000 - train 0.201182 - val 0.632912
Epoch 4123/5000 - train 0.201686 - val 0.634165
Epoch 4124/5000 - train 0.201325 - val 0.633795
Epoch 4125/5000 - train 0.201328 - val 0.633769
Epoch 4126/5000 - train 0.201317 - val 0.633117
Epoch 4127/5000 - train 0.201013 - val 0.634704
Epoch 4128/5000 - train 0.201323 - val 0.633784
Epoch 4129/5000 - train 0.201560 - val 0.633933
Epoch 4130/5000 - train 0.201231 - val 0.633401
Epoch 4131/5000 - train 0.201104 - val 0.633560
Epoch 4132/5000 - train 0.201428 - val 0.633713
Epoch 4133/5000 - train 0.201398 - val 0.635027
Epoch 4134/5000 - train 0.201908 - val 0.634736
Epoch 4135/5000 - train 0.201269 - val 0.634392
Epoch 4136/5000 - train 0.201078 - val 0.633843
Epoch 4137/5000 - train 0.201985 - val 0.633353
Epoch 4138/5000 - train 0.201979 - val 0.634293
Epoch 4139/5000 - train 0.201614 - val 0.633741
Epoch 4140/5000 - train 0.201401 - val 0.634091
Epoch 4141/5000 - train 0.201148 - val 0.634982
Epoch 4142/5000 - train 0.200912 - val 0.633935
Epoch 4143/5000 - train 0.201064 - val 0.635611
Epoch 4144/5000 - train 0.201409 - val 0.635517
Epoch 4145/5000 - train 0.201459 - val 0.634516
Epoch 4146/5000 - train 0.202237 - val 0.634561
Epoch 4147/5000 - train 0.202449 - val 0.633464
Epoch 4148/5000 - train 0.201213 - val 0.632989
Epoch 4149/5000 - train 0.200801 - val 0.634980
Epoch 4150/5000 - train 0.200823 - val 0.634313
Epoch 4151/5000 - train 0.201992 - val 0.634877
Epoch 4152/5000 - train 0.201180 - val 0.633925
Epoch 4153/5000 - train 0.201051 - val 0.633955
Epoch 4154/5000 - train 0.201024 - val 0.633706
Epoch 4155/5000 - train 0.201103 - val 0.634586
Epoch 4156/5000 - train 0.201006 - val 0.634620
Epoch 4157/5000 - train 0.200671 - val 0.635183
Epoch 4158/5000 - train 0.201246 - val 0.633405
Epoch 4159/5000 - train 0.201293 - val 0.635219
Epoch 4160/5000 - train 0.201595 - val 0.634447
Epoch 4161/5000 - train 0.201608 - val 0.634401
Epoch 4162/5000 - train 0.200936 - val 0.634895
Epoch 4163/5000 - train 0.201647 - val 0.633770
Epoch 4164/5000 - train 0.201009 - val 0.635186
Epoch 4165/5000 - train 0.201191 - val 0.633794
Epoch 4166/5000 - train 0.201346 - val 0.635331
Epoch 4167/5000 - train 0.201627 - val 0.634301
Epoch 4168/5000 - train 0.201477 - val 0.635147
Epoch 4169/5000 - train 0.201887 - val 0.633084
Epoch 4170/5000 - train 0.201500 - val 0.633715
Epoch 4171/5000 - train 0.201853 - val 0.635889
Epoch 4172/5000 - train 0.200999 - val 0.634650
Epoch 4173/5000 - train 0.200838 - val 0.634190
Epoch 4174/5000 - train 0.200835 - val 0.634985
Epoch 4175/5000 - train 0.200779 - val 0.634630
Epoch 4176/5000 - train 0.200952 - val 0.635200
Epoch 4177/5000 - train 0.201343 - val 0.634585
Epoch 4178/5000 - train 0.201671 - val 0.633713
Epoch 4179/5000 - train 0.202322 - val 0.633973
Epoch 4180/5000 - train 0.201346 - val 0.633348
Epoch 4181/5000 - train 0.201021 - val 0.634848
Epoch 4182/5000 - train 0.200930 - val 0.633729
Epoch 4183/5000 - train 0.201077 - val 0.633991
Epoch 4184/5000 - train 0.200849 - val 0.634803
Epoch 4185/5000 - train 0.201339 - val 0.637930
Epoch 4186/5000 - train 0.201724 - val 0.633399
Epoch 4187/5000 - train 0.201079 - val 0.634116
Epoch 4188/5000 - train 0.201286 - val 0.635005
Epoch 4189/5000 - train 0.201299 - val 0.634225
Epoch 4190/5000 - train 0.201035 - val 0.635125
Epoch 4191/5000 - train 0.201349 - val 0.635739
Epoch 4192/5000 - train 0.201275 - val 0.634664
Epoch 4193/5000 - train 0.200989 - val 0.634464
Epoch 4194/5000 - train 0.200596 - val 0.635365
Epoch 4195/5000 - train 0.201235 - val 0.634466
Epoch 4196/5000 - train 0.201097 - val 0.634208
Epoch 4197/5000 - train 0.201025 - val 0.635644
Epoch 4198/5000 - train 0.201786 - val 0.635703
Epoch 4199/5000 - train 0.201091 - val 0.634995
Epoch 4200/5000 - train 0.201155 - val 0.634720
Epoch 4201/5000 - train 0.201209 - val 0.634378
Epoch 4202/5000 - train 0.200757 - val 0.635376
Epoch 4203/5000 - train 0.201014 - val 0.635151
Epoch 4204/5000 - train 0.202462 - val 0.634539
Epoch 4205/5000 - train 0.201659 - val 0.637250
Epoch 4206/5000 - train 0.202128 - val 0.633065
Epoch 4207/5000 - train 0.201077 - val 0.635211
Epoch 4208/5000 - train 0.200583 - val 0.635615
Epoch 4209/5000 - train 0.200873 - val 0.635047
Epoch 4210/5000 - train 0.201036 - val 0.635139
Epoch 4211/5000 - train 0.201205 - val 0.634565
Epoch 4212/5000 - train 0.201891 - val 0.634326
Epoch 4213/5000 - train 0.201965 - val 0.633661
Epoch 4214/5000 - train 0.202474 - val 0.634799
Epoch 4215/5000 - train 0.201454 - val 0.633236
Epoch 4216/5000 - train 0.201714 - val 0.634579
Epoch 4217/5000 - train 0.201483 - val 0.635108
Epoch 4218/5000 - train 0.200926 - val 0.633661
Epoch 4219/5000 - train 0.200698 - val 0.633776
Epoch 4220/5000 - train 0.200991 - val 0.634368
Epoch 4221/5000 - train 0.202225 - val 0.633808
Epoch 4222/5000 - train 0.201537 - val 0.635031
Epoch 4223/5000 - train 0.200756 - val 0.634157
Epoch 4224/5000 - train 0.201027 - val 0.634703
Epoch 4225/5000 - train 0.201098 - val 0.634952
Epoch 4226/5000 - train 0.200626 - val 0.634079
Epoch 4227/5000 - train 0.201112 - val 0.635730
Epoch 4228/5000 - train 0.201315 - val 0.635146
Epoch 4229/5000 - train 0.201014 - val 0.635851
Epoch 4230/5000 - train 0.200686 - val 0.634208
Epoch 4231/5000 - train 0.200764 - val 0.634972
Epoch 4232/5000 - train 0.200639 - val 0.633863
Epoch 4233/5000 - train 0.200987 - val 0.635831
Epoch 4234/5000 - train 0.202114 - val 0.635209
Epoch 4235/5000 - train 0.201248 - val 0.635268
Epoch 4236/5000 - train 0.201066 - val 0.635640
Epoch 4237/5000 - train 0.201112 - val 0.634947
Epoch 4238/5000 - train 0.200835 - val 0.634921
Epoch 4239/5000 - train 0.200885 - val 0.635493
Epoch 4240/5000 - train 0.201099 - val 0.634556
Epoch 4241/5000 - train 0.201700 - val 0.634421
Epoch 4242/5000 - train 0.202653 - val 0.635443
Epoch 4243/5000 - train 0.200808 - val 0.633495
Epoch 4244/5000 - train 0.200782 - val 0.634078
Epoch 4245/5000 - train 0.200640 - val 0.634673
Epoch 4246/5000 - train 0.200710 - val 0.634058
Epoch 4247/5000 - train 0.200686 - val 0.635258
Epoch 4248/5000 - train 0.200770 - val 0.634179
Epoch 4249/5000 - train 0.200981 - val 0.634663
Epoch 4250/5000 - train 0.200729 - val 0.635171
Epoch 4251/5000 - train 0.202088 - val 0.635457
Epoch 4252/5000 - train 0.201322 - val 0.634893
Epoch 4253/5000 - train 0.201313 - val 0.634200
Epoch 4254/5000 - train 0.201692 - val 0.633933
Epoch 4255/5000 - train 0.201764 - val 0.633813
Epoch 4256/5000 - train 0.200969 - val 0.634676
Epoch 4257/5000 - train 0.200909 - val 0.634903
Epoch 4258/5000 - train 0.200651 - val 0.634433
Epoch 4259/5000 - train 0.201695 - val 0.634936
Epoch 4260/5000 - train 0.201870 - val 0.634569
Epoch 4261/5000 - train 0.200843 - val 0.634782
Epoch 4262/5000 - train 0.200521 - val 0.634615
Epoch 4263/5000 - train 0.200566 - val 0.634934
Epoch 4264/5000 - train 0.201004 - val 0.634932
Epoch 4265/5000 - train 0.201523 - val 0.634728
Epoch 4266/5000 - train 0.201930 - val 0.636553
Epoch 4267/5000 - train 0.201369 - val 0.634088
Epoch 4268/5000 - train 0.201045 - val 0.635218
Epoch 4269/5000 - train 0.201071 - val 0.634531
Epoch 4270/5000 - train 0.201462 - val 0.634882
Epoch 4271/5000 - train 0.200619 - val 0.635079
Epoch 4272/5000 - train 0.200661 - val 0.635723
Epoch 4273/5000 - train 0.201879 - val 0.636004
Epoch 4274/5000 - train 0.201569 - val 0.635026
Epoch 4275/5000 - train 0.201017 - val 0.635658
Epoch 4276/5000 - train 0.201220 - val 0.636225
Epoch 4277/5000 - train 0.202071 - val 0.635572
Epoch 4278/5000 - train 0.201460 - val 0.633865
Epoch 4279/5000 - train 0.200778 - val 0.634221
Epoch 4280/5000 - train 0.200770 - val 0.635408
Epoch 4281/5000 - train 0.200625 - val 0.635000
Epoch 4282/5000 - train 0.200342 - val 0.635705
Epoch 4283/5000 - train 0.200455 - val 0.635977
Epoch 4284/5000 - train 0.201685 - val 0.635298
Epoch 4285/5000 - train 0.200916 - val 0.635838
Epoch 4286/5000 - train 0.200961 - val 0.634266
Epoch 4287/5000 - train 0.200715 - val 0.635552
Epoch 4288/5000 - train 0.200827 - val 0.635688
Epoch 4289/5000 - train 0.201251 - val 0.634138
Epoch 4290/5000 - train 0.201349 - val 0.636609
Epoch 4291/5000 - train 0.201126 - val 0.635298
Epoch 4292/5000 - train 0.200792 - val 0.636130
Epoch 4293/5000 - train 0.201172 - val 0.634310
Epoch 4294/5000 - train 0.200979 - val 0.634502
Epoch 4295/5000 - train 0.200630 - val 0.635863
Epoch 4296/5000 - train 0.201854 - val 0.634910
Epoch 4297/5000 - train 0.201563 - val 0.634483
Epoch 4298/5000 - train 0.200831 - val 0.634272
Epoch 4299/5000 - train 0.200836 - val 0.634899
Epoch 4300/5000 - train 0.200842 - val 0.634049
Epoch 4301/5000 - train 0.200988 - val 0.634583
Epoch 4302/5000 - train 0.200673 - val 0.635062
Epoch 4303/5000 - train 0.200913 - val 0.634143
Epoch 4304/5000 - train 0.201575 - val 0.636029
Epoch 4305/5000 - train 0.201031 - val 0.634846
Epoch 4306/5000 - train 0.200548 - val 0.635490
Epoch 4307/5000 - train 0.200681 - val 0.635286
Epoch 4308/5000 - train 0.200932 - val 0.635638
Epoch 4309/5000 - train 0.201022 - val 0.635414
Epoch 4310/5000 - train 0.201364 - val 0.635489
Epoch 4311/5000 - train 0.200726 - val 0.635437
Epoch 4312/5000 - train 0.200932 - val 0.634803
Epoch 4313/5000 - train 0.201530 - val 0.634998
Epoch 4314/5000 - train 0.201012 - val 0.635070
Epoch 4315/5000 - train 0.201357 - val 0.636805
Epoch 4316/5000 - train 0.200672 - val 0.635271
Epoch 4317/5000 - train 0.200697 - val 0.635034
Epoch 4318/5000 - train 0.200830 - val 0.634914
Epoch 4319/5000 - train 0.200440 - val 0.635757
Epoch 4320/5000 - train 0.200712 - val 0.634899
Epoch 4321/5000 - train 0.200847 - val 0.634752
Epoch 4322/5000 - train 0.201050 - val 0.636553
Epoch 4323/5000 - train 0.201492 - val 0.634097
Epoch 4324/5000 - train 0.201072 - val 0.635746
Epoch 4325/5000 - train 0.201273 - val 0.635086
Epoch 4326/5000 - train 0.200861 - val 0.635951
Epoch 4327/5000 - train 0.200817 - val 0.635049
Epoch 4328/5000 - train 0.201052 - val 0.634477
Epoch 4329/5000 - train 0.201442 - val 0.634585
Epoch 4330/5000 - train 0.201143 - val 0.635603
Epoch 4331/5000 - train 0.201284 - val 0.633786
Epoch 4332/5000 - train 0.201070 - val 0.634808
Epoch 4333/5000 - train 0.201079 - val 0.637053
Epoch 4334/5000 - train 0.201830 - val 0.635245
Epoch 4335/5000 - train 0.201472 - val 0.633347
Epoch 4336/5000 - train 0.200781 - val 0.634259
Epoch 4337/5000 - train 0.200712 - val 0.635309
Epoch 4338/5000 - train 0.201587 - val 0.634554
Epoch 4339/5000 - train 0.200738 - val 0.634860
Epoch 4340/5000 - train 0.200826 - val 0.634887
Epoch 4341/5000 - train 0.201263 - val 0.634856
Epoch 4342/5000 - train 0.201387 - val 0.634487
Epoch 4343/5000 - train 0.200952 - val 0.635935
Epoch 4344/5000 - train 0.201322 - val 0.635013
Epoch 4345/5000 - train 0.200857 - val 0.634264
Epoch 4346/5000 - train 0.200752 - val 0.634453
Epoch 4347/5000 - train 0.200763 - val 0.634280
Epoch 4348/5000 - train 0.201069 - val 0.634507
Epoch 4349/5000 - train 0.200727 - val 0.634649
Epoch 4350/5000 - train 0.201173 - val 0.637074
Epoch 4351/5000 - train 0.201935 - val 0.634987
Epoch 4352/5000 - train 0.200870 - val 0.634161
Epoch 4353/5000 - train 0.201235 - val 0.635005
Epoch 4354/5000 - train 0.200570 - val 0.635280
Epoch 4355/5000 - train 0.201114 - val 0.634971
Epoch 4356/5000 - train 0.200592 - val 0.635034
Epoch 4357/5000 - train 0.200929 - val 0.640674
Epoch 4358/5000 - train 0.202120 - val 0.635433
Epoch 4359/5000 - train 0.200505 - val 0.634738
Epoch 4360/5000 - train 0.200326 - val 0.635724
Epoch 4361/5000 - train 0.200434 - val 0.634680
Epoch 4362/5000 - train 0.200776 - val 0.636001
Epoch 4363/5000 - train 0.201228 - val 0.634331
Epoch 4364/5000 - train 0.200460 - val 0.635791
Epoch 4365/5000 - train 0.201505 - val 0.636076
Epoch 4366/5000 - train 0.200733 - val 0.634841
Epoch 4367/5000 - train 0.200640 - val 0.636186
Epoch 4368/5000 - train 0.201779 - val 0.635300
Epoch 4369/5000 - train 0.200416 - val 0.635950
Epoch 4370/5000 - train 0.200733 - val 0.635218
Epoch 4371/5000 - train 0.200792 - val 0.635728
Epoch 4372/5000 - train 0.200876 - val 0.635223
Epoch 4373/5000 - train 0.200901 - val 0.634193
Epoch 4374/5000 - train 0.201116 - val 0.635811
Epoch 4375/5000 - train 0.202045 - val 0.636414
Epoch 4376/5000 - train 0.200669 - val 0.634621
Epoch 4377/5000 - train 0.201252 - val 0.634822
Epoch 4378/5000 - train 0.200751 - val 0.635552
Epoch 4379/5000 - train 0.201086 - val 0.635587
Epoch 4380/5000 - train 0.201166 - val 0.636997
Epoch 4381/5000 - train 0.200979 - val 0.635366
Epoch 4382/5000 - train 0.200680 - val 0.635099
Epoch 4383/5000 - train 0.200723 - val 0.634890
Epoch 4384/5000 - train 0.200721 - val 0.634861
Epoch 4385/5000 - train 0.200856 - val 0.636114
Epoch 4386/5000 - train 0.201430 - val 0.636904
Epoch 4387/5000 - train 0.200783 - val 0.635727
Epoch 4388/5000 - train 0.200427 - val 0.636269
Epoch 4389/5000 - train 0.201201 - val 0.635591
Epoch 4390/5000 - train 0.200776 - val 0.635088
Epoch 4391/5000 - train 0.200907 - val 0.636267
Epoch 4392/5000 - train 0.201825 - val 0.636304
Epoch 4393/5000 - train 0.201726 - val 0.636621
Epoch 4394/5000 - train 0.201214 - val 0.635165
Epoch 4395/5000 - train 0.200407 - val 0.635001
Epoch 4396/5000 - train 0.200620 - val 0.636478
Epoch 4397/5000 - train 0.200994 - val 0.635708
Epoch 4398/5000 - train 0.200532 - val 0.635738
Epoch 4399/5000 - train 0.200550 - val 0.635670
Epoch 4400/5000 - train 0.202307 - val 0.635990
Epoch 4401/5000 - train 0.201687 - val 0.636142
Epoch 4402/5000 - train 0.201234 - val 0.634622
Epoch 4403/5000 - train 0.200872 - val 0.635366
Epoch 4404/5000 - train 0.200382 - val 0.635204
Epoch 4405/5000 - train 0.200504 - val 0.635036
Epoch 4406/5000 - train 0.200429 - val 0.635261
Epoch 4407/5000 - train 0.201141 - val 0.635988
Epoch 4408/5000 - train 0.201157 - val 0.634579
Epoch 4409/5000 - train 0.200584 - val 0.634635
Epoch 4410/5000 - train 0.200711 - val 0.635912
Epoch 4411/5000 - train 0.200743 - val 0.635026
Epoch 4412/5000 - train 0.200999 - val 0.635368
Epoch 4413/5000 - train 0.201638 - val 0.635413
Epoch 4414/5000 - train 0.200538 - val 0.635949
Epoch 4415/5000 - train 0.200564 - val 0.636700
Epoch 4416/5000 - train 0.200457 - val 0.635311
Epoch 4417/5000 - train 0.200447 - val 0.634726
Epoch 4418/5000 - train 0.200422 - val 0.635610
Epoch 4419/5000 - train 0.201473 - val 0.635831
Epoch 4420/5000 - train 0.201127 - val 0.636161
Epoch 4421/5000 - train 0.201233 - val 0.635391
Epoch 4422/5000 - train 0.200432 - val 0.636709
Epoch 4423/5000 - train 0.200680 - val 0.635481
Epoch 4424/5000 - train 0.200710 - val 0.634990
Epoch 4425/5000 - train 0.200537 - val 0.636112
Epoch 4426/5000 - train 0.200516 - val 0.635987
Epoch 4427/5000 - train 0.202123 - val 0.636163
Epoch 4428/5000 - train 0.200307 - val 0.636748
Epoch 4429/5000 - train 0.200694 - val 0.636163
Epoch 4430/5000 - train 0.200650 - val 0.635946
Epoch 4431/5000 - train 0.200473 - val 0.635517
Epoch 4432/5000 - train 0.200506 - val 0.635879
Epoch 4433/5000 - train 0.200921 - val 0.635835
Epoch 4434/5000 - train 0.200463 - val 0.635011
Epoch 4435/5000 - train 0.200421 - val 0.635306
Epoch 4436/5000 - train 0.200855 - val 0.635987
Epoch 4437/5000 - train 0.200876 - val 0.635237
Epoch 4438/5000 - train 0.201332 - val 0.636677
Epoch 4439/5000 - train 0.200763 - val 0.635419
Epoch 4440/5000 - train 0.200877 - val 0.635556
Epoch 4441/5000 - train 0.200584 - val 0.635211
Epoch 4442/5000 - train 0.200512 - val 0.635832
Epoch 4443/5000 - train 0.201417 - val 0.636019
Epoch 4444/5000 - train 0.200620 - val 0.635138
Epoch 4445/5000 - train 0.200390 - val 0.635286
Epoch 4446/5000 - train 0.200968 - val 0.636468
Epoch 4447/5000 - train 0.201252 - val 0.634923
Epoch 4448/5000 - train 0.201043 - val 0.636108
Epoch 4449/5000 - train 0.200707 - val 0.635332
Epoch 4450/5000 - train 0.201226 - val 0.636207
Epoch 4451/5000 - train 0.200454 - val 0.634524
Epoch 4452/5000 - train 0.201108 - val 0.635836
Epoch 4453/5000 - train 0.200545 - val 0.635711
Epoch 4454/5000 - train 0.200855 - val 0.635305
Epoch 4455/5000 - train 0.200550 - val 0.636137
Epoch 4456/5000 - train 0.201184 - val 0.635220
Epoch 4457/5000 - train 0.200421 - val 0.635900
Epoch 4458/5000 - train 0.200530 - val 0.636565
Epoch 4459/5000 - train 0.201001 - val 0.635746
Epoch 4460/5000 - train 0.201067 - val 0.636008
Epoch 4461/5000 - train 0.200890 - val 0.634739
Epoch 4462/5000 - train 0.200982 - val 0.635473
Epoch 4463/5000 - train 0.200515 - val 0.635038
Epoch 4464/5000 - train 0.200253 - val 0.636220
Epoch 4465/5000 - train 0.201492 - val 0.636337
Epoch 4466/5000 - train 0.200888 - val 0.635983
Epoch 4467/5000 - train 0.200462 - val 0.635719
Epoch 4468/5000 - train 0.200213 - val 0.635180
Epoch 4469/5000 - train 0.200930 - val 0.635770
Epoch 4470/5000 - train 0.200836 - val 0.635212
Epoch 4471/5000 - train 0.200601 - val 0.635919
Epoch 4472/5000 - train 0.201000 - val 0.635280
Epoch 4473/5000 - train 0.200499 - val 0.635683
Epoch 4474/5000 - train 0.200762 - val 0.636079
Epoch 4475/5000 - train 0.200778 - val 0.636086
Epoch 4476/5000 - train 0.200661 - val 0.636578
Epoch 4477/5000 - train 0.200823 - val 0.636125
Epoch 4478/5000 - train 0.200596 - val 0.635744
Epoch 4479/5000 - train 0.200478 - val 0.636337
Epoch 4480/5000 - train 0.201743 - val 0.636301
Epoch 4481/5000 - train 0.201292 - val 0.636021
Epoch 4482/5000 - train 0.200837 - val 0.635340
Epoch 4483/5000 - train 0.200471 - val 0.635826
Epoch 4484/5000 - train 0.200522 - val 0.634852
Epoch 4485/5000 - train 0.201091 - val 0.635189
Epoch 4486/5000 - train 0.201026 - val 0.634997
Epoch 4487/5000 - train 0.200636 - val 0.634898
Epoch 4488/5000 - train 0.200470 - val 0.635968
Epoch 4489/5000 - train 0.201669 - val 0.635608
Epoch 4490/5000 - train 0.200896 - val 0.636399
Epoch 4491/5000 - train 0.200434 - val 0.635361
Epoch 4492/5000 - train 0.200925 - val 0.635578
Epoch 4493/5000 - train 0.200788 - val 0.635572
Epoch 4494/5000 - train 0.201450 - val 0.635271
Epoch 4495/5000 - train 0.200333 - val 0.635341
Epoch 4496/5000 - train 0.199811 - val 0.636606
Epoch 4497/5000 - train 0.200165 - val 0.637485
Epoch 4498/5000 - train 0.200655 - val 0.634835
Epoch 4499/5000 - train 0.201903 - val 0.636101
Epoch 4500/5000 - train 0.200870 - val 0.635765
Epoch 4501/5000 - train 0.200443 - val 0.635923
Epoch 4502/5000 - train 0.200750 - val 0.636799
Epoch 4503/5000 - train 0.200658 - val 0.636983
Epoch 4504/5000 - train 0.200440 - val 0.638401
Epoch 4505/5000 - train 0.200480 - val 0.635926
Epoch 4506/5000 - train 0.200109 - val 0.636203
Epoch 4507/5000 - train 0.201593 - val 0.635229
Epoch 4508/5000 - train 0.200935 - val 0.637070
Epoch 4509/5000 - train 0.200551 - val 0.636450
Epoch 4510/5000 - train 0.200071 - val 0.635821
Epoch 4511/5000 - train 0.200043 - val 0.634565
Epoch 4512/5000 - train 0.200439 - val 0.636521
Epoch 4513/5000 - train 0.201248 - val 0.636639
Epoch 4514/5000 - train 0.200301 - val 0.635844
Epoch 4515/5000 - train 0.200080 - val 0.637210
Epoch 4516/5000 - train 0.200442 - val 0.636406
Epoch 4517/5000 - train 0.200704 - val 0.635738
Epoch 4518/5000 - train 0.200291 - val 0.635177
Epoch 4519/5000 - train 0.200382 - val 0.637493
Epoch 4520/5000 - train 0.201887 - val 0.636255
Epoch 4521/5000 - train 0.200246 - val 0.635867
Epoch 4522/5000 - train 0.200600 - val 0.636395
Epoch 4523/5000 - train 0.200689 - val 0.636025
Epoch 4524/5000 - train 0.200588 - val 0.636197
Epoch 4525/5000 - train 0.200412 - val 0.636262
Epoch 4526/5000 - train 0.200348 - val 0.635513
Epoch 4527/5000 - train 0.200756 - val 0.635890
Epoch 4528/5000 - train 0.200927 - val 0.635271
Epoch 4529/5000 - train 0.200335 - val 0.636463
Epoch 4530/5000 - train 0.200585 - val 0.636309
Epoch 4531/5000 - train 0.200349 - val 0.636072
Epoch 4532/5000 - train 0.200617 - val 0.637188
Epoch 4533/5000 - train 0.200947 - val 0.636172
Epoch 4534/5000 - train 0.200849 - val 0.635214
Epoch 4535/5000 - train 0.200497 - val 0.635635
Epoch 4536/5000 - train 0.201344 - val 0.637875
Epoch 4537/5000 - train 0.201263 - val 0.635840
Epoch 4538/5000 - train 0.200224 - val 0.635728
Epoch 4539/5000 - train 0.200570 - val 0.635435
Epoch 4540/5000 - train 0.200435 - val 0.636073
Epoch 4541/5000 - train 0.200202 - val 0.636037
Epoch 4542/5000 - train 0.201116 - val 0.636488
Epoch 4543/5000 - train 0.200567 - val 0.636993
Epoch 4544/5000 - train 0.200878 - val 0.635589
Epoch 4545/5000 - train 0.200795 - val 0.636282
Epoch 4546/5000 - train 0.200971 - val 0.636210
Epoch 4547/5000 - train 0.201019 - val 0.637122
Epoch 4548/5000 - train 0.201742 - val 0.635896
Epoch 4549/5000 - train 0.200631 - val 0.636621
Epoch 4550/5000 - train 0.200515 - val 0.635666
Epoch 4551/5000 - train 0.200391 - val 0.635398
Epoch 4552/5000 - train 0.200339 - val 0.635374
Epoch 4553/5000 - train 0.199906 - val 0.635572
Epoch 4554/5000 - train 0.200128 - val 0.637125
Epoch 4555/5000 - train 0.200984 - val 0.641240
Epoch 4556/5000 - train 0.200956 - val 0.636464
Epoch 4557/5000 - train 0.200249 - val 0.636319
Epoch 4558/5000 - train 0.200150 - val 0.637153
Epoch 4559/5000 - train 0.200598 - val 0.636661
Epoch 4560/5000 - train 0.200305 - val 0.635845
Epoch 4561/5000 - train 0.199944 - val 0.636799
Epoch 4562/5000 - train 0.200041 - val 0.636587
Epoch 4563/5000 - train 0.200037 - val 0.635386
Epoch 4564/5000 - train 0.200715 - val 0.637255
Epoch 4565/5000 - train 0.200460 - val 0.636568
Epoch 4566/5000 - train 0.200658 - val 0.635992
Epoch 4567/5000 - train 0.200356 - val 0.636280
Epoch 4568/5000 - train 0.200420 - val 0.635689
Epoch 4569/5000 - train 0.200604 - val 0.635771
Epoch 4570/5000 - train 0.201071 - val 0.635836
Epoch 4571/5000 - train 0.200391 - val 0.636103
Epoch 4572/5000 - train 0.201480 - val 0.635925
Epoch 4573/5000 - train 0.200497 - val 0.635485
Epoch 4574/5000 - train 0.200709 - val 0.636660
Epoch 4575/5000 - train 0.200876 - val 0.636663
Epoch 4576/5000 - train 0.200897 - val 0.636450
Epoch 4577/5000 - train 0.200806 - val 0.636068
Epoch 4578/5000 - train 0.200317 - val 0.637078
Epoch 4579/5000 - train 0.200643 - val 0.635814
Epoch 4580/5000 - train 0.200124 - val 0.635824
Epoch 4581/5000 - train 0.200835 - val 0.636150
Epoch 4582/5000 - train 0.200146 - val 0.636666
Epoch 4583/5000 - train 0.200194 - val 0.636198
Epoch 4584/5000 - train 0.200473 - val 0.636121
Epoch 4585/5000 - train 0.200185 - val 0.639228
Epoch 4586/5000 - train 0.200895 - val 0.637334
Epoch 4587/5000 - train 0.201168 - val 0.635293
Epoch 4588/5000 - train 0.200416 - val 0.635507
Epoch 4589/5000 - train 0.201141 - val 0.636389
Epoch 4590/5000 - train 0.200498 - val 0.635623
Epoch 4591/5000 - train 0.199748 - val 0.636280
Epoch 4592/5000 - train 0.200258 - val 0.636527
Epoch 4593/5000 - train 0.200358 - val 0.637474
Epoch 4594/5000 - train 0.199895 - val 0.636839
Epoch 4595/5000 - train 0.199997 - val 0.636100
Epoch 4596/5000 - train 0.200519 - val 0.636805
Epoch 4597/5000 - train 0.200392 - val 0.635780
Epoch 4598/5000 - train 0.200151 - val 0.638160
Epoch 4599/5000 - train 0.202169 - val 0.635983
Epoch 4600/5000 - train 0.200675 - val 0.635885
Epoch 4601/5000 - train 0.200286 - val 0.636391
Epoch 4602/5000 - train 0.200319 - val 0.635801
Epoch 4603/5000 - train 0.200449 - val 0.636384
Epoch 4604/5000 - train 0.200539 - val 0.639435
Epoch 4605/5000 - train 0.200616 - val 0.636149
Epoch 4606/5000 - train 0.200408 - val 0.636399
Epoch 4607/5000 - train 0.201018 - val 0.635702
Epoch 4608/5000 - train 0.200842 - val 0.635672
Epoch 4609/5000 - train 0.199911 - val 0.636164
Epoch 4610/5000 - train 0.201153 - val 0.636599
Epoch 4611/5000 - train 0.200453 - val 0.636762
Epoch 4612/5000 - train 0.200800 - val 0.635887
Epoch 4613/5000 - train 0.200587 - val 0.635948
Epoch 4614/5000 - train 0.200485 - val 0.636024
Epoch 4615/5000 - train 0.201027 - val 0.635439
Epoch 4616/5000 - train 0.200127 - val 0.636404
Epoch 4617/5000 - train 0.200148 - val 0.637496
Epoch 4618/5000 - train 0.200489 - val 0.635577
Epoch 4619/5000 - train 0.200151 - val 0.636756
Epoch 4620/5000 - train 0.201391 - val 0.637227
Epoch 4621/5000 - train 0.200697 - val 0.635951
Epoch 4622/5000 - train 0.201183 - val 0.636234
Epoch 4623/5000 - train 0.199958 - val 0.636647
Epoch 4624/5000 - train 0.200047 - val 0.636642
Epoch 4625/5000 - train 0.199929 - val 0.635634
Epoch 4626/5000 - train 0.201723 - val 0.635067
Epoch 4627/5000 - train 0.200419 - val 0.635274
Epoch 4628/5000 - train 0.199808 - val 0.636480
Epoch 4629/5000 - train 0.200631 - val 0.637303
Epoch 4630/5000 - train 0.200777 - val 0.636581
Epoch 4631/5000 - train 0.200484 - val 0.635789
Epoch 4632/5000 - train 0.200021 - val 0.636372
Epoch 4633/5000 - train 0.200170 - val 0.637343
Epoch 4634/5000 - train 0.200405 - val 0.636329
Epoch 4635/5000 - train 0.200381 - val 0.639059
Epoch 4636/5000 - train 0.200755 - val 0.637438
Epoch 4637/5000 - train 0.200458 - val 0.636262
Epoch 4638/5000 - train 0.200117 - val 0.636479
Epoch 4639/5000 - train 0.200820 - val 0.639355
Epoch 4640/5000 - train 0.200908 - val 0.636233
Epoch 4641/5000 - train 0.200569 - val 0.636427
Epoch 4642/5000 - train 0.200448 - val 0.636393
Epoch 4643/5000 - train 0.200976 - val 0.636414
Epoch 4644/5000 - train 0.200553 - val 0.636460
Epoch 4645/5000 - train 0.199910 - val 0.635634
Epoch 4646/5000 - train 0.199831 - val 0.636461
Epoch 4647/5000 - train 0.200842 - val 0.637932
Epoch 4648/5000 - train 0.200744 - val 0.638043
Epoch 4649/5000 - train 0.201329 - val 0.636800
Epoch 4650/5000 - train 0.200151 - val 0.636074
Epoch 4651/5000 - train 0.199967 - val 0.635737
Epoch 4652/5000 - train 0.200272 - val 0.636499
Epoch 4653/5000 - train 0.201470 - val 0.636009
Epoch 4654/5000 - train 0.200477 - val 0.636783
Epoch 4655/5000 - train 0.200039 - val 0.636304
Epoch 4656/5000 - train 0.199793 - val 0.636763
Epoch 4657/5000 - train 0.200081 - val 0.636633
Epoch 4658/5000 - train 0.200104 - val 0.637826
Epoch 4659/5000 - train 0.200776 - val 0.638162
Epoch 4660/5000 - train 0.200199 - val 0.635559
Epoch 4661/5000 - train 0.199809 - val 0.637135
Epoch 4662/5000 - train 0.199919 - val 0.637017
Epoch 4663/5000 - train 0.200240 - val 0.636582
Epoch 4664/5000 - train 0.199983 - val 0.638394
Epoch 4665/5000 - train 0.200871 - val 0.637557
Epoch 4666/5000 - train 0.201802 - val 0.635711
Epoch 4667/5000 - train 0.200879 - val 0.636881
Epoch 4668/5000 - train 0.200460 - val 0.636035
Epoch 4669/5000 - train 0.200456 - val 0.637442
Epoch 4670/5000 - train 0.200088 - val 0.637295
Epoch 4671/5000 - train 0.200173 - val 0.636623
Epoch 4672/5000 - train 0.200027 - val 0.640584
Epoch 4673/5000 - train 0.200877 - val 0.636070
Epoch 4674/5000 - train 0.200022 - val 0.636099
Epoch 4675/5000 - train 0.200279 - val 0.636235
Epoch 4676/5000 - train 0.199940 - val 0.635929
Epoch 4677/5000 - train 0.200136 - val 0.637326
Epoch 4678/5000 - train 0.200660 - val 0.637471
Epoch 4679/5000 - train 0.200711 - val 0.637138
Epoch 4680/5000 - train 0.200983 - val 0.636112
Epoch 4681/5000 - train 0.200238 - val 0.637377
Epoch 4682/5000 - train 0.200219 - val 0.637210
Epoch 4683/5000 - train 0.201384 - val 0.636190
Epoch 4684/5000 - train 0.200401 - val 0.637584
Epoch 4685/5000 - train 0.199837 - val 0.636373
Epoch 4686/5000 - train 0.200110 - val 0.638121
Epoch 4687/5000 - train 0.200645 - val 0.636033
Epoch 4688/5000 - train 0.200132 - val 0.636215
Epoch 4689/5000 - train 0.200591 - val 0.636904
Epoch 4690/5000 - train 0.200508 - val 0.636777
Epoch 4691/5000 - train 0.200032 - val 0.637862
Epoch 4692/5000 - train 0.200234 - val 0.637798
Epoch 4693/5000 - train 0.200153 - val 0.636399
Epoch 4694/5000 - train 0.200338 - val 0.637140
Epoch 4695/5000 - train 0.199860 - val 0.637115
Epoch 4696/5000 - train 0.200011 - val 0.637623
Epoch 4697/5000 - train 0.200043 - val 0.637314
Epoch 4698/5000 - train 0.200406 - val 0.636793
Epoch 4699/5000 - train 0.201478 - val 0.639074
Epoch 4700/5000 - train 0.200542 - val 0.635859
Epoch 4701/5000 - train 0.199808 - val 0.636443
Epoch 4702/5000 - train 0.199775 - val 0.636903
Epoch 4703/5000 - train 0.200359 - val 0.638038
Epoch 4704/5000 - train 0.200033 - val 0.636255
Epoch 4705/5000 - train 0.200066 - val 0.636446
Epoch 4706/5000 - train 0.200196 - val 0.636463
Epoch 4707/5000 - train 0.200425 - val 0.638123
Epoch 4708/5000 - train 0.200494 - val 0.637232
Epoch 4709/5000 - train 0.200459 - val 0.636129
Epoch 4710/5000 - train 0.200383 - val 0.636226
Epoch 4711/5000 - train 0.200192 - val 0.635598
Epoch 4712/5000 - train 0.200199 - val 0.636769
Epoch 4713/5000 - train 0.200346 - val 0.639553
Epoch 4714/5000 - train 0.201192 - val 0.636629
Epoch 4715/5000 - train 0.200061 - val 0.637012
Epoch 4716/5000 - train 0.199717 - val 0.636568
Epoch 4717/5000 - train 0.199995 - val 0.636827
Epoch 4718/5000 - train 0.200169 - val 0.636834
Epoch 4719/5000 - train 0.200012 - val 0.637451
Epoch 4720/5000 - train 0.200041 - val 0.637321
Epoch 4721/5000 - train 0.201424 - val 0.639211
Epoch 4722/5000 - train 0.200429 - val 0.636552
Epoch 4723/5000 - train 0.200288 - val 0.637232
Epoch 4724/5000 - train 0.199846 - val 0.636585
Epoch 4725/5000 - train 0.199887 - val 0.637216
Epoch 4726/5000 - train 0.200429 - val 0.637458
Epoch 4727/5000 - train 0.200147 - val 0.636905
Epoch 4728/5000 - train 0.199782 - val 0.636744
Epoch 4729/5000 - train 0.200268 - val 0.637042
Epoch 4730/5000 - train 0.200306 - val 0.637493
Epoch 4731/5000 - train 0.200905 - val 0.637585
Epoch 4732/5000 - train 0.199742 - val 0.636801
Epoch 4733/5000 - train 0.199786 - val 0.636985
Epoch 4734/5000 - train 0.200413 - val 0.636061
Epoch 4735/5000 - train 0.200771 - val 0.636790
Epoch 4736/5000 - train 0.200393 - val 0.637165
Epoch 4737/5000 - train 0.200436 - val 0.637581
Epoch 4738/5000 - train 0.201303 - val 0.636771
Epoch 4739/5000 - train 0.200468 - val 0.636017
Epoch 4740/5000 - train 0.200390 - val 0.636561
Epoch 4741/5000 - train 0.200654 - val 0.636960
Epoch 4742/5000 - train 0.200061 - val 0.636720
Epoch 4743/5000 - train 0.199868 - val 0.637056
Epoch 4744/5000 - train 0.200532 - val 0.635709
Epoch 4745/5000 - train 0.200326 - val 0.637558
Epoch 4746/5000 - train 0.200051 - val 0.638084
Epoch 4747/5000 - train 0.199826 - val 0.636728
Epoch 4748/5000 - train 0.199885 - val 0.635895
Epoch 4749/5000 - train 0.200054 - val 0.638798
Epoch 4750/5000 - train 0.200569 - val 0.637590
Epoch 4751/5000 - train 0.199820 - val 0.637857
Epoch 4752/5000 - train 0.200404 - val 0.636184
Epoch 4753/5000 - train 0.201327 - val 0.638112
Epoch 4754/5000 - train 0.200103 - val 0.636520
Epoch 4755/5000 - train 0.199781 - val 0.637240
Epoch 4756/5000 - train 0.199917 - val 0.636417
Epoch 4757/5000 - train 0.200542 - val 0.637932
Epoch 4758/5000 - train 0.200229 - val 0.637386
Epoch 4759/5000 - train 0.200668 - val 0.636578
Epoch 4760/5000 - train 0.200372 - val 0.637019
Epoch 4761/5000 - train 0.201077 - val 0.636721
Epoch 4762/5000 - train 0.200173 - val 0.636603
Epoch 4763/5000 - train 0.199744 - val 0.638328
Epoch 4764/5000 - train 0.200144 - val 0.637492
Epoch 4765/5000 - train 0.200085 - val 0.637605
Epoch 4766/5000 - train 0.200352 - val 0.637713
Epoch 4767/5000 - train 0.200788 - val 0.637222
Epoch 4768/5000 - train 0.200198 - val 0.637509
Epoch 4769/5000 - train 0.199862 - val 0.636754
Epoch 4770/5000 - train 0.199564 - val 0.637123
Epoch 4771/5000 - train 0.200398 - val 0.638901
Epoch 4772/5000 - train 0.200208 - val 0.636775
Epoch 4773/5000 - train 0.200148 - val 0.637185
Epoch 4774/5000 - train 0.199883 - val 0.636372
Epoch 4775/5000 - train 0.199685 - val 0.636838
Epoch 4776/5000 - train 0.200767 - val 0.636790
Epoch 4777/5000 - train 0.199922 - val 0.637762
Epoch 4778/5000 - train 0.200297 - val 0.637470
Epoch 4779/5000 - train 0.199804 - val 0.637922
Epoch 4780/5000 - train 0.200222 - val 0.637826
Epoch 4781/5000 - train 0.199971 - val 0.637518
Epoch 4782/5000 - train 0.199910 - val 0.637591
Epoch 4783/5000 - train 0.201618 - val 0.636671
Epoch 4784/5000 - train 0.200359 - val 0.637041
Epoch 4785/5000 - train 0.200396 - val 0.636572
Epoch 4786/5000 - train 0.199861 - val 0.637944
Epoch 4787/5000 - train 0.200117 - val 0.636365
Epoch 4788/5000 - train 0.200161 - val 0.637199
Epoch 4789/5000 - train 0.200062 - val 0.636783
Epoch 4790/5000 - train 0.200410 - val 0.638015
Epoch 4791/5000 - train 0.201025 - val 0.638073
Epoch 4792/5000 - train 0.200327 - val 0.636912
Epoch 4793/5000 - train 0.200044 - val 0.635871
Epoch 4794/5000 - train 0.200132 - val 0.637424
Epoch 4795/5000 - train 0.200347 - val 0.636584
Epoch 4796/5000 - train 0.200266 - val 0.636565
Epoch 4797/5000 - train 0.200149 - val 0.637679
Epoch 4798/5000 - train 0.199940 - val 0.637998
Epoch 4799/5000 - train 0.201141 - val 0.636845
Epoch 4800/5000 - train 0.200294 - val 0.637475
Epoch 4801/5000 - train 0.199962 - val 0.636917
Epoch 4802/5000 - train 0.200035 - val 0.637095
Epoch 4803/5000 - train 0.200415 - val 0.637006
Epoch 4804/5000 - train 0.199865 - val 0.636903
Epoch 4805/5000 - train 0.200130 - val 0.637465
Epoch 4806/5000 - train 0.199926 - val 0.637302
Epoch 4807/5000 - train 0.199747 - val 0.636896
Epoch 4808/5000 - train 0.199846 - val 0.636405
Epoch 4809/5000 - train 0.199839 - val 0.637553
Epoch 4810/5000 - train 0.200019 - val 0.636706
Epoch 4811/5000 - train 0.200443 - val 0.637194
Epoch 4812/5000 - train 0.199920 - val 0.638380
Epoch 4813/5000 - train 0.199793 - val 0.637491
Epoch 4814/5000 - train 0.200286 - val 0.639200
Epoch 4815/5000 - train 0.200692 - val 0.638621
Epoch 4816/5000 - train 0.200112 - val 0.637958
Epoch 4817/5000 - train 0.200050 - val 0.638482
Epoch 4818/5000 - train 0.200037 - val 0.636975
Epoch 4819/5000 - train 0.200052 - val 0.641203
Epoch 4820/5000 - train 0.200971 - val 0.636454
Epoch 4821/5000 - train 0.200138 - val 0.636952
Epoch 4822/5000 - train 0.199908 - val 0.637054
Epoch 4823/5000 - train 0.199662 - val 0.637397
Epoch 4824/5000 - train 0.199667 - val 0.637568
Epoch 4825/5000 - train 0.200090 - val 0.638175
Epoch 4826/5000 - train 0.200264 - val 0.638058
Epoch 4827/5000 - train 0.200750 - val 0.637065
Epoch 4828/5000 - train 0.199938 - val 0.637417
Epoch 4829/5000 - train 0.199732 - val 0.637458
Epoch 4830/5000 - train 0.199658 - val 0.637731
Epoch 4831/5000 - train 0.199852 - val 0.637741
Epoch 4832/5000 - train 0.200168 - val 0.637659
Epoch 4833/5000 - train 0.201271 - val 0.637678
Epoch 4834/5000 - train 0.200375 - val 0.636675
Epoch 4835/5000 - train 0.200159 - val 0.637205
Epoch 4836/5000 - train 0.200380 - val 0.637333
Epoch 4837/5000 - train 0.200035 - val 0.636141
Epoch 4838/5000 - train 0.200006 - val 0.637421
Epoch 4839/5000 - train 0.200470 - val 0.638401
Epoch 4840/5000 - train 0.200255 - val 0.637155
Epoch 4841/5000 - train 0.199988 - val 0.638463
Epoch 4842/5000 - train 0.200214 - val 0.637687
Epoch 4843/5000 - train 0.199999 - val 0.637313
Epoch 4844/5000 - train 0.200710 - val 0.637553
Epoch 4845/5000 - train 0.199744 - val 0.637341
Epoch 4846/5000 - train 0.200239 - val 0.637719
Epoch 4847/5000 - train 0.200562 - val 0.637863
Epoch 4848/5000 - train 0.199968 - val 0.636772
Epoch 4849/5000 - train 0.199426 - val 0.637058
Epoch 4850/5000 - train 0.199409 - val 0.638469
Epoch 4851/5000 - train 0.199619 - val 0.637236
Epoch 4852/5000 - train 0.199807 - val 0.637743
Epoch 4853/5000 - train 0.200555 - val 0.637083
Epoch 4854/5000 - train 0.200487 - val 0.636989
Epoch 4855/5000 - train 0.199742 - val 0.637720
Epoch 4856/5000 - train 0.199624 - val 0.638702
Epoch 4857/5000 - train 0.200401 - val 0.636761
Epoch 4858/5000 - train 0.199674 - val 0.637359
Epoch 4859/5000 - train 0.199874 - val 0.637613
Epoch 4860/5000 - train 0.200338 - val 0.639362
Epoch 4861/5000 - train 0.200237 - val 0.638515
Epoch 4862/5000 - train 0.199633 - val 0.638899
Epoch 4863/5000 - train 0.200351 - val 0.637530
Epoch 4864/5000 - train 0.200315 - val 0.637309
Epoch 4865/5000 - train 0.200329 - val 0.640388
Epoch 4866/5000 - train 0.200233 - val 0.636968
Epoch 4867/5000 - train 0.199961 - val 0.638530
Epoch 4868/5000 - train 0.199600 - val 0.637765
Epoch 4869/5000 - train 0.200197 - val 0.637142
Epoch 4870/5000 - train 0.199948 - val 0.638128
Epoch 4871/5000 - train 0.199646 - val 0.637435
Epoch 4872/5000 - train 0.200613 - val 0.638063
Epoch 4873/5000 - train 0.199865 - val 0.638116
Epoch 4874/5000 - train 0.200064 - val 0.637814
Epoch 4875/5000 - train 0.200053 - val 0.637311
Epoch 4876/5000 - train 0.199505 - val 0.638518
Epoch 4877/5000 - train 0.200127 - val 0.637727
Epoch 4878/5000 - train 0.200453 - val 0.638705
Epoch 4879/5000 - train 0.200117 - val 0.637065
Epoch 4880/5000 - train 0.199766 - val 0.638048
Epoch 4881/5000 - train 0.199851 - val 0.637768
Epoch 4882/5000 - train 0.200014 - val 0.639144
Epoch 4883/5000 - train 0.199755 - val 0.637152
Epoch 4884/5000 - train 0.200059 - val 0.637728
Epoch 4885/5000 - train 0.200009 - val 0.636756
Epoch 4886/5000 - train 0.199449 - val 0.638862
Epoch 4887/5000 - train 0.200390 - val 0.638628
Epoch 4888/5000 - train 0.200445 - val 0.637989
Epoch 4889/5000 - train 0.200096 - val 0.636683
Epoch 4890/5000 - train 0.200319 - val 0.637566
Epoch 4891/5000 - train 0.199955 - val 0.637194
Epoch 4892/5000 - train 0.199558 - val 0.637801
Epoch 4893/5000 - train 0.201521 - val 0.637682
Epoch 4894/5000 - train 0.200224 - val 0.636968
Epoch 4895/5000 - train 0.200197 - val 0.637446
Epoch 4896/5000 - train 0.199906 - val 0.636636
Epoch 4897/5000 - train 0.199751 - val 0.637249
Epoch 4898/5000 - train 0.200256 - val 0.638230
Epoch 4899/5000 - train 0.200449 - val 0.636767
Epoch 4900/5000 - train 0.199989 - val 0.636336
Epoch 4901/5000 - train 0.199770 - val 0.636983
Epoch 4902/5000 - train 0.200423 - val 0.639166
Epoch 4903/5000 - train 0.199745 - val 0.636953
Epoch 4904/5000 - train 0.200084 - val 0.636552
Epoch 4905/5000 - train 0.199870 - val 0.637327
Epoch 4906/5000 - train 0.199919 - val 0.637518
Epoch 4907/5000 - train 0.199769 - val 0.637026
Epoch 4908/5000 - train 0.199975 - val 0.639149
Epoch 4909/5000 - train 0.200272 - val 0.638122
Epoch 4910/5000 - train 0.199827 - val 0.637335
Epoch 4911/5000 - train 0.200114 - val 0.637867
Epoch 4912/5000 - train 0.200267 - val 0.637426
Epoch 4913/5000 - train 0.200020 - val 0.637607
Epoch 4914/5000 - train 0.199772 - val 0.637247
Epoch 4915/5000 - train 0.199886 - val 0.639022
Epoch 4916/5000 - train 0.200400 - val 0.637446
Epoch 4917/5000 - train 0.200374 - val 0.637296
Epoch 4918/5000 - train 0.200064 - val 0.637073
Epoch 4919/5000 - train 0.199902 - val 0.637175
Epoch 4920/5000 - train 0.200375 - val 0.636819
Epoch 4921/5000 - train 0.200067 - val 0.638395
Epoch 4922/5000 - train 0.200223 - val 0.637180
Epoch 4923/5000 - train 0.199633 - val 0.637300
Epoch 4924/5000 - train 0.200358 - val 0.637523
Epoch 4925/5000 - train 0.199650 - val 0.637357
Epoch 4926/5000 - train 0.200318 - val 0.637625
Epoch 4927/5000 - train 0.199632 - val 0.638123
Epoch 4928/5000 - train 0.200103 - val 0.637649
Epoch 4929/5000 - train 0.200311 - val 0.637508
Epoch 4930/5000 - train 0.199670 - val 0.637260
Epoch 4931/5000 - train 0.200077 - val 0.637567
Epoch 4932/5000 - train 0.199723 - val 0.637196
Epoch 4933/5000 - train 0.199661 - val 0.637193
Epoch 4934/5000 - train 0.200503 - val 0.637792
Epoch 4935/5000 - train 0.199708 - val 0.637177
Epoch 4936/5000 - train 0.199558 - val 0.637458
Epoch 4937/5000 - train 0.199965 - val 0.638052
Epoch 4938/5000 - train 0.199857 - val 0.637993
Epoch 4939/5000 - train 0.199937 - val 0.639825
Epoch 4940/5000 - train 0.199668 - val 0.637206
Epoch 4941/5000 - train 0.199282 - val 0.637968
Epoch 4942/5000 - train 0.199652 - val 0.638470
Epoch 4943/5000 - train 0.199714 - val 0.637740
Epoch 4944/5000 - train 0.199784 - val 0.639027
Epoch 4945/5000 - train 0.200422 - val 0.637369
Epoch 4946/5000 - train 0.199813 - val 0.638612
Epoch 4947/5000 - train 0.199779 - val 0.637753
Epoch 4948/5000 - train 0.199872 - val 0.637141
Epoch 4949/5000 - train 0.199641 - val 0.639220
Epoch 4950/5000 - train 0.200397 - val 0.637040
Epoch 4951/5000 - train 0.199728 - val 0.638097
Epoch 4952/5000 - train 0.199800 - val 0.637861
Epoch 4953/5000 - train 0.199604 - val 0.637803
Epoch 4954/5000 - train 0.199408 - val 0.637658
Epoch 4955/5000 - train 0.199710 - val 0.637956
Epoch 4956/5000 - train 0.199590 - val 0.637882
Epoch 4957/5000 - train 0.200049 - val 0.638947
Epoch 4958/5000 - train 0.199605 - val 0.637317
Epoch 4959/5000 - train 0.199608 - val 0.637352
Epoch 4960/5000 - train 0.199885 - val 0.638958
Epoch 4961/5000 - train 0.200330 - val 0.637452
Epoch 4962/5000 - train 0.199934 - val 0.637803
Epoch 4963/5000 - train 0.200275 - val 0.637600
Epoch 4964/5000 - train 0.200082 - val 0.637355
Epoch 4965/5000 - train 0.200114 - val 0.637373
Epoch 4966/5000 - train 0.199455 - val 0.637807
Epoch 4967/5000 - train 0.199480 - val 0.637190
Epoch 4968/5000 - train 0.200155 - val 0.637932
Epoch 4969/5000 - train 0.199575 - val 0.637417
Epoch 4970/5000 - train 0.199765 - val 0.638220
Epoch 4971/5000 - train 0.200155 - val 0.636823
Epoch 4972/5000 - train 0.199894 - val 0.637940
Epoch 4973/5000 - train 0.200652 - val 0.638649
Epoch 4974/5000 - train 0.199910 - val 0.637338
Epoch 4975/5000 - train 0.199924 - val 0.638436
Epoch 4976/5000 - train 0.199430 - val 0.639602
Epoch 4977/5000 - train 0.200733 - val 0.637986
Epoch 4978/5000 - train 0.200058 - val 0.637477
Epoch 4979/5000 - train 0.200064 - val 0.637979
Epoch 4980/5000 - train 0.199956 - val 0.638504
Epoch 4981/5000 - train 0.199744 - val 0.637955
Epoch 4982/5000 - train 0.199707 - val 0.637437
Epoch 4983/5000 - train 0.199215 - val 0.638121
Epoch 4984/5000 - train 0.199935 - val 0.639197
Epoch 4985/5000 - train 0.199529 - val 0.638473
Epoch 4986/5000 - train 0.200265 - val 0.637210
Epoch 4987/5000 - train 0.199686 - val 0.637762
Epoch 4988/5000 - train 0.199899 - val 0.638387
Epoch 4989/5000 - train 0.200004 - val 0.637516
Epoch 4990/5000 - train 0.200124 - val 0.638020
Epoch 4991/5000 - train 0.200918 - val 0.638330
Epoch 4992/5000 - train 0.200347 - val 0.637823
Epoch 4993/5000 - train 0.199851 - val 0.637293
Epoch 4994/5000 - train 0.199495 - val 0.637326
Epoch 4995/5000 - train 0.199564 - val 0.638149
Epoch 4996/5000 - train 0.199837 - val 0.637240
Epoch 4997/5000 - train 0.199610 - val 0.637927
Epoch 4998/5000 - train 0.200354 - val 0.638094
Epoch 4999/5000 - train 0.200183 - val 0.638048
Epoch 5000/5000 - train 0.199490 - val 0.638039
